"id_unidade";"codigo";"nome_unidade";"sigla";"email";"telefones";"municipio";"id_unidade_gestora";"unidade_gestora";"id_unidade_responsavel";"unidade_responsavel";"hierarquia";"data_criacao";"data_extincao";"classificacao_unidade";"nivel_organizacional";"ambiente_organizacional_unidade";"tipo_unidade_organizacional";"area_atuacao_unidade"
"3810";"21240301";"ABASTECIMENTO FARMACEUTICO";"AF/HUOL";"";"";"NATAL";"446";"HOSPITAL UNIVERSITARIO ONOFRE LOPES";"3806";"HUOL - SETOR DE FARMACIA";".605.446.416.1677.3806.3810.";"24/06/1974";"";"ADMINISTRATIVA";"OPERACIONAL";"CIÊNCIAS DA SAÚDE                                 ";"SETOR                                                       ";"FIM"
"8772";"11322903";"ADMINISTRACAO DA ESCOLA MULTICAMPI DE CIENCIAS MEDICAS DO RN";"ADMIN/EMCM-RN";"";"";"CAICÓ";"605";"UNIVERSIDADE FEDERAL DO RIO GRANDE DO NORTE";"7278";"ESCOLA MULTICAMPI DE CIENCIAS MEDICAS DO RIO GRANDE DO NORTE";".605.262.7278.8772.";"01/01/2013";"";"ADMINISTRATIVA";"ESTRATÉGICO";"ADMINISTRATIVO                                    ";"ASSESSORIA                                                  ";"FIM"
"61";"1804";"ADMINISTRACAO DO CERES - CAICO";"CERES/CAICO";"";"";"CAICÓ";"1482";"CENTRO DE  ENSINO SUPERIOR DO SERIDO";"1482";"CENTRO DE  ENSINO SUPERIOR DO SERIDO";".1482.61.";"24/06/1974";"";"ADMINISTRATIVA";"ESTRATÉGICO";"ADMINISTRATIVO                                    ";"SETOR                                                       ";"MEIO"
"62";"1806";"ADMINISTRACAO DO CERES - CURRAIS NOVOS";"CERES/CN";"";"";"CURRAIS NOVOS";"1482";"CENTRO DE  ENSINO SUPERIOR DO SERIDO";"1482";"CENTRO DE  ENSINO SUPERIOR DO SERIDO";".1482.62.";"01/01/2007";"";"ADMINISTRATIVA";"ESTRATÉGICO";"ADMINISTRATIVO                                    ";"SETOR                                                       ";"MEIO"
"2877";"160147";"ADMINISTRACAO DO NEPSA I - CCSA";"NEPSA-I/ADM";"";"";"NATAL";"443";"CENTRO DE CIENCIAS SOCIAIS APLICADAS";"156";"DIRECAO DO CCSA";".443.156.2877.";"24/06/1974";"";"ADMINISTRATIVA";"OPERACIONAL";"CIÊNCIAS HUMANAS, JURÍDICAS E ECONÔMICAS          ";"NÚCLEO                                                      ";"FIM"
"8349";"160035";"ADMINISTRACAO DO NEPSA II - CCSA";"NEPSA-2/ADM";"";"";"NATAL";"443";"CENTRO DE CIENCIAS SOCIAIS APLICADAS";"443";"CENTRO DE CIENCIAS SOCIAIS APLICADAS";".443.8349.";"06/03/2014";"";"ADMINISTRATIVA";"GERENCIAL";"ADMINISTRATIVO                                    ";"SETOR                                                       ";"FIM"
"3973";"112105";"ADMINISTRACAO REGIONAL DE SANTO ANTONIO";"ADMRST";"";"";"MACAU";"605";"UNIVERSIDADE FEDERAL DO RIO GRANDE DO NORTE";"3425";"COORDENACAO REGIONAL";".605.1450.3418.3425.3973.";"24/06/1974";"";"ADMINISTRATIVA";"OPERACIONAL";"ADMINISTRATIVO                                    ";"DEPARTAMENTO                                                ";"FIM"
"4524";"112412";"AGENCIA DE INOVACAO - AGIR";"AGIR/UFRN";"";"";"NATAL";"605";"UNIVERSIDADE FEDERAL DO RIO GRANDE DO NORTE";"4659";"REITORIA";".605.4659.4524.";"24/06/1974";"";"ÓRGÃO SUPLEMENTAR";"OPERACIONAL";"ADMINISTRATIVO                                    ";"AGÊNCIA                                                     ";"FIM"
"89";"1402";"ALMOXARIFADO";"ALMOX/CT";"";"3215.3709";"NATAL";"445";"CENTRO DE TECNOLOGIA";"445";"CENTRO DE TECNOLOGIA";".445.89.";"24/06/1974";"";"ADMINISTRATIVA";"OPERACIONAL";"ADMINISTRATIVO                                    ";"SETOR                                                       ";"MEIO"
"4381";"11210204";"ALMOXARIFADO/CAMPUS DE MACAU";"ACM";"";"";"MACAU";"605";"UNIVERSIDADE FEDERAL DO RIO GRANDE DO NORTE";"3430";"NUCLEO DE MACAU";".605.1450.3418.3425.3430.4381.";"24/06/1974";"";"ADMINISTRATIVA";"OPERACIONAL";"ADMINISTRATIVO                                    ";"SETOR                                                       ";"FIM"
"4226";"201206";"ALMOXARIFADO CENTRAL/MEJC";"almx";"";"";"NATAL";"447";"MATERNIDADE ESCOLA JANUARIO CICCO";"286";"DIRETORIA ADMINISTRATIVA - MEJC";".605.447.286.4226.";"24/06/1974";"";"ADMINISTRATIVA";"OPERACIONAL";"ADMINISTRATIVO                                    ";"SETOR                                                       ";"FIM"
"4570";"180402";"ALMOXARIFADO - CERES CAICO";"ALMOXARIFADO";"";"";"CAICÓ";"1482";"CENTRO DE  ENSINO SUPERIOR DO SERIDO";"61";"ADMINISTRACAO DO CERES - CAICO";".1482.61.4570.";"29/06/2007";"";"ADMINISTRATIVA";"OPERACIONAL";"ADMINISTRATIVO                                    ";"SETOR                                                       ";"MEIO"
"4107";"181408";"ALMOXARIFADO DO CERES - CURRAIS NOVOS";"ALMO";"";"";"CURRAIS NOVOS";"1482";"CENTRO DE  ENSINO SUPERIOR DO SERIDO";"236";"CERES - DEPTO CIENCIAS SOCIAIS E HUMANAS";".1482.236.4107.";"24/06/1974";"";"ADMINISTRATIVA";"OPERACIONAL";"ADMINISTRATIVO                                    ";"SETOR                                                       ";"MEIO"
"2476";"1738";"ALMOXARIFADO E PATRIMONIO";"CB/ALM";"";"";"NATAL";"440";"CENTRO DE BIOCIENCIAS";"440";"CENTRO DE BIOCIENCIAS";".440.2476.";"24/06/1974";"";"ADMINISTRATIVA";"OPERACIONAL";"ADMINISTRATIVO                                    ";"SETOR                                                       ";"MEIO"
"3665";"22320901";"ALMOXARIFADO/HOSPED";"ALMX/HOSPED";"";"";"NATAL";"1424";"HOSPED - HOSPITAL DE PEDIATRIA";"3660";"SETOR DE MATERIAL E PATRIMONIO/HOSPED";".1424.3640.3654.3660.3665.";"24/06/1974";"";"ADMINISTRATIVA";"OPERACIONAL";"ADMINISTRATIVO                                    ";"SETOR                                                       ";"MEIO"
"8186";"12880003";"ALMOXARIFADO/INSTITUTO DE QUIMICA";"ALMOXARIFADO";"";"";"NATAL";"439";"CENTRO DE CIENCIAS EXATAS E DA TERRA";"6025";"INSTITUTO DE QUIMICA";".439.6025.8186.";"02/01/2014";"";"ADMINISTRATIVA";"OPERACIONAL";"ADMINISTRATIVO                                    ";"SETOR                                                       ";"FIM"
"3447";"11210403";"ALMOXARIFADO/SANTA CRUZ";"ALMOX";"";"";"NOVA CRUZ";"605";"UNIVERSIDADE FEDERAL DO RIO GRANDE DO NORTE";"3444";"DIRECAO/SANTA CRUZ";".605.1450.3418.3425.3443.3444.3447.";"24/06/1974";"";"ADMINISTRATIVA";"OPERACIONAL";"ADMINISTRATIVO                                    ";"SETOR                                                       ";"MEIO"
"2746";"2047";"AMBULATORIO - MEJC";"AMBUL/MEJC";"";"";"NATAL";"447";"MATERNIDADE ESCOLA JANUARIO CICCO";"447";"MATERNIDADE ESCOLA JANUARIO CICCO";".605.447.2746.";"24/06/1974";"";"ADMINISTRATIVA";"OPERACIONAL";"CIÊNCIAS DA SAÚDE                                 ";"ASSESSORIA                                                  ";"FIM"
"11451";"3147";"AMBULATORIO - MEJC";"AMBUL/MEJC";"";"";"NATAL";"8194";"SUPERINTENDENCIA DO MEJC - EBSERH";"8194";"SUPERINTENDENCIA DO MEJC - EBSERH";".8517.8194.11451.";"24/06/1974";"";"ADMINISTRATIVA";"OPERACIONAL";"CIÊNCIAS DA SAÚDE                                 ";"ASSESSORIA                                                  ";"FIM"
"4331";"151913";"ANATOMIA E ESCULTURA DENTARIA";"AED";"";"";"NATAL";"441";"CENTRO DE CIENCIAS DA SAUDE";"195";"DEPARTAMENTO DE ODONTOLOGIA";".441.195.4331.";"24/06/1974";"";"ADMINISTRATIVA";"OPERACIONAL";"CIÊNCIAS DA SAÚDE                                 ";"SETOR                                                       ";"FIM"
"6440";"131324";"ANFITEATRO/DEART";"ANFITE";"";"";"NATAL";"442";"CENTRO DE CIENCIAS HUMANAS, LETRAS E ARTES";"139";"DEPARTAMENTO DE ARTES";".442.139.6440.";"18/11/2011";"";"ADMINISTRATIVA";"OPERACIONAL";"ARTES, COMUNICAÇAO E DIFUSAO                      ";"SETOR                                                       ";"FIM"
"4689";"8083";"ANP 23/00 - GEOLOGIA";"ANP-G";"";"";"NATAL";"4689";"ANP 23/00 - GEOLOGIA";"605";"UNIVERSIDADE FEDERAL DO RIO GRANDE DO NORTE";".605.4689.";"01/01/2008";"";"ADMINISTRATIVA";"OPERACIONAL";"ADMINISTRATIVO                                    ";"SETOR                                                       ";"FIM"
"4690";"8084";"ANP 28/00 - ENG. QUIMICA";"ANP-EQ";"";"";"NATAL";"4690";"ANP 28/00 - ENG. QUIMICA";"605";"UNIVERSIDADE FEDERAL DO RIO GRANDE DO NORTE";".605.4690.";"01/01/2008";"";"ADMINISTRATIVA";"OPERACIONAL";"ADMINISTRATIVO                                    ";"SETOR                                                       ";"FIM"
"4691";"8085";"ANP 30/00 - QUIMICA";"ANP-Q";"";"";"NATAL";"4691";"ANP 30/00 - QUIMICA";"605";"UNIVERSIDADE FEDERAL DO RIO GRANDE DO NORTE";".605.4691.";"01/01/2008";"";"ADMINISTRATIVA";"OPERACIONAL";"ADMINISTRATIVO                                    ";"SETOR                                                       ";"FIM"
"3448";"11210404";"APOIO ACADEMICO";"AACAD";"";"";"NOVA CRUZ";"605";"UNIVERSIDADE FEDERAL DO RIO GRANDE DO NORTE";"3444";"DIRECAO/SANTA CRUZ";".605.1450.3418.3425.3443.3444.3448.";"24/06/1974";"";"ADMINISTRATIVA";"OPERACIONAL";"ADMINISTRATIVO                                    ";"SETOR                                                       ";"MEIO"
"4199";"201303";"APOIO TECNICO";"at";"";"";"NATAL";"447";"MATERNIDADE ESCOLA JANUARIO CICCO";"2713";"DIRETORIA CLINICA/TECNICA - MEJC";".605.447.2713.4199.";"24/06/1974";"";"ADMINISTRATIVA";"OPERACIONAL";"ADMINISTRATIVO                                    ";"SETOR                                                       ";"MEIO"
"3363";"143112";"ARQUIVO DO CT";"ARQ";"";"3215.3710";"NATAL";"445";"CENTRO DE TECNOLOGIA";"87";"DIRECAO DO CENTRO DE TECNOLOGIA";".445.87.3363.";"24/06/1974";"";"ADMINISTRATIVA";"OPERACIONAL";"INFORMAÇÃO                                        ";"SETOR                                                       ";"MEIO"
"8189";"151940";"ARQUIVO/DOD";"ARQ/DOD";"";"";"NATAL";"441";"CENTRO DE CIENCIAS DA SAUDE";"195";"DEPARTAMENTO DE ODONTOLOGIA";".441.195.8189.";"02/01/2014";"";"ADMINISTRATIVA";"OPERACIONAL";"ADMINISTRATIVO                                    ";"SETOR                                                       ";"FIM"
"3279";"158202";"ASSESSORIA ACADEMICA";"ASSEACAD";"";"";"NATAL";"441";"CENTRO DE CIENCIAS DA SAUDE";"3277";"DIRECAO DO CCS";".441.3277.3279.";"24/06/1974";"";"ADMINISTRATIVA";"OPERACIONAL";"CIÊNCIAS DA SAÚDE                                 ";"CENTRO                                                      ";"FIM"
"3381";"170104";"ASSESSORIA ACADEMICA-CB";"ASSACADEM";"";"";"NATAL";"440";"CENTRO DE BIOCIENCIAS";"176";"ADMINISTRACAO DO CB";".440.176.3381.";"24/06/1974";"";"ADMINISTRATIVA";"OPERACIONAL";"ADMINISTRATIVO                                    ";"ASSESSORIA                                                  ";"FIM"
"10541";"190106";"ASSESSORIA ACADEMICA - CENTRO DE EDUCACAO";"ASCAD/CE";"";"";"NATAL";"5965";"CENTRO DE EDUCACAO";"5966";"ADMINISTRACAO DO CENTRO DE EDUCACAO";".5965.5966.10541.";"20/02/2017";"";"ACADÊMICA";"ESTRATÉGICO";"ADMINISTRATIVO                                    ";"ASSESSORIA                                                  ";"FIM"
"8351";"10320013";"ASSESSORIA ACADEMICA DA DIRETORIA ACADEMICA DA FACISA";"ASSE-ACAD-DIRACAD";"";"";"SANTA CRUZ";"605";"UNIVERSIDADE FEDERAL DO RIO GRANDE DO NORTE";"4890";"FACULDADE DE CIENCIAS DA SAUDE DO TRAIRI - FACISA";".605.4890.8351.";"06/03/2014";"";"ADMINISTRATIVA";"GERENCIAL";"ADMINISTRATIVO                                    ";"ASSESSORIA                                                  ";"FIM"
"32988";"19050004";"ASSESSORIA ACADEMICA - NEI";"ASSACADE/NEI";"direcao@nei.ufrn.br";"3342 2279";"NATAL";"5965";"CENTRO DE EDUCACAO";"1452";"NUCLEO DE EDUCACAO DA INFANCIA";".5965.1452.32988.";"02/12/2024";"";"ADMINISTRATIVA";"OPERACIONAL";"CIÊNCIAS HUMANAS, JURÍDICAS E ECONÔMICAS          ";"ASSESSORIA                                                  ";"FIM"
"2451";"1248";"ASSESSORIA ADMINISTRATIVA";"ASSESS/CCET";"";"";"NATAL";"439";"CENTRO DE CIENCIAS EXATAS E DA TERRA";"439";"CENTRO DE CIENCIAS EXATAS E DA TERRA";".439.2451.";"24/06/1974";"";"ADMINISTRATIVA";"TÁTICO";"ADMINISTRATIVO                                    ";"ASSESSORIA                                                  ";"MEIO"
"3362";"143111";"ASSESSORIA ADMINISTRATIVA (AS/CT)";"AS";"";"";"NATAL";"445";"CENTRO DE TECNOLOGIA";"87";"DIRECAO DO CENTRO DE TECNOLOGIA";".445.87.3362.";"24/06/1974";"";"ADMINISTRATIVA";"OPERACIONAL";"ADMINISTRATIVO                                    ";"ASSESSORIA                                                  ";"MEIO"
"3278";"158201";"ASSESSORIA ADMINISTRATIVA/CCS";"ASSEADM";"";"";"NATAL";"441";"CENTRO DE CIENCIAS DA SAUDE";"3277";"DIRECAO DO CCS";".441.3277.3278.";"24/06/1974";"";"ADMINISTRATIVA";"OPERACIONAL";"CIÊNCIAS DA SAÚDE                                 ";"ASSESSORIA                                                  ";"MEIO"
"1840";"130110";"ASSESSORIA ADMINISTRATIVA DO CCHLA";"ASSESSORIA";"";"";"NATAL";"442";"CENTRO DE CIENCIAS HUMANAS, LETRAS E ARTES";"135";"DIRECAO DO CCHLA";".442.135.1840.";"24/06/1974";"";"ADMINISTRATIVA";"OPERACIONAL";"ADMINISTRATIVO                                    ";"CENTRO                                                      ";"MEIO"
"3301";"1821";"ASSESSORIA ADMINISTRATIVA DO CERES";"ASSCERES";"";"";"CAICÓ";"1482";"CENTRO DE  ENSINO SUPERIOR DO SERIDO";"1482";"CENTRO DE  ENSINO SUPERIOR DO SERIDO";".1482.3301.";"24/06/1974";"";"ADMINISTRATIVA";"OPERACIONAL";"ADMINISTRATIVO                                    ";"CENTRO                                                      ";"MEIO"
"11313";"112408";"ASSESSORIA DE ACOMPANHAMENTO DAS ACOES DOS HOSPITAIS UNIVERSITARIOS";"AÇÕES/HUs";"";"";"NATAL";"605";"UNIVERSIDADE FEDERAL DO RIO GRANDE DO NORTE";"4659";"REITORIA";".605.4659.11313.";"16/03/2018";"";"COMPLEXO HOSPITALAR";"GERENCIAL";"CIÊNCIAS DA SAÚDE                                 ";"ASSESSORIA                                                  ";"FIM"
"8350";"160036";"ASSESSORIA DE COMUNICACAO - CCSA";"ASSCOM/CCSA";"";"";"NATAL";"443";"CENTRO DE CIENCIAS SOCIAIS APLICADAS";"443";"CENTRO DE CIENCIAS SOCIAIS APLICADAS";".443.8350.";"06/03/2014";"";"ADMINISTRATIVA";"GERENCIAL";"ADMINISTRATIVO                                    ";"ASSESSORIA                                                  ";"FIM"
"3361";"143110";"ASSESSORIA DE COMUNICACAO E EDITORACAO";"AIE";"";"";"NATAL";"445";"CENTRO DE TECNOLOGIA";"87";"DIRECAO DO CENTRO DE TECNOLOGIA";".445.87.3361.";"24/06/1974";"";"ADMINISTRATIVA";"OPERACIONAL";"ADMINISTRATIVO                                    ";"ASSESSORIA                                                  ";"MEIO"
"11063";"112403";"ASSESSORIA DE COMUNICACAO - REITORIA";"ASCOM/REITORIA";"";"";"NATAL";"605";"UNIVERSIDADE FEDERAL DO RIO GRANDE DO NORTE";"4659";"REITORIA";".605.4659.11063.";"14/08/2017";"";"ADMINISTRATIVA";"GERENCIAL";"INFORMAÇÃO                                        ";"ASSESSORIA                                                  ";"FIM"
"11104";"143119";"ASSESSORIA DE INFRAESTRUTURA - CT";"INFRA/CT";"manutencao@ct.ufrn.br";"992296457";"NATAL";"445";"CENTRO DE TECNOLOGIA";"87";"DIRECAO DO CENTRO DE TECNOLOGIA";".445.87.11104.";"18/10/2017";"";"ADMINISTRATIVA";"GERENCIAL";"INFRA ESTRUTURA                                   ";"ASSESSORIA                                                  ";"FIM"
"8168";"11690024";"ASSESSORIA DE PESQUISA E EXTENSAO";"APE/ES";"";"";"NATAL";"605";"UNIVERSIDADE FEDERAL DO RIO GRANDE DO NORTE";"205";"ESCOLA DE SAUDE";".605.205.8168.";"16/12/2013";"";"ACADÊMICA";"TÁTICO";"CIÊNCIAS DA SAÚDE                                 ";"COORDENAÇÃO                                                 ";"FIM"
"7758";"190104";"ASSESSORIA DE PLANEJAMENTO E ORCAMENTO";"ASSPLANO/CE";"";"";"NATAL";"5965";"CENTRO DE EDUCACAO";"5966";"ADMINISTRACAO DO CENTRO DE EDUCACAO";".5965.5966.7758.";"20/02/2017";"";"ACADÊMICA";"ESTRATÉGICO";"ADMINISTRATIVO                                    ";"ASSESSORIA                                                  ";"FIM"
"11103";"143118";"ASSESSORIA DE POLITICA ACADEMICA";"APA/CT";"academica@ct.ufrn.br";"999851119";"NATAL";"445";"CENTRO DE TECNOLOGIA";"87";"DIRECAO DO CENTRO DE TECNOLOGIA";".445.87.11103.";"18/10/2017";"";"ADMINISTRATIVA";"GERENCIAL";"ADMINISTRATIVO                                    ";"ASSESSORIA                                                  ";"FIM"
"11105";"143120";"ASSESSORIA DE PROJETOS E EMPREENDEDORISMO - CT";"APE/CT";"projetos@ct.ufrn.br";"992296454";"NATAL";"445";"CENTRO DE TECNOLOGIA";"87";"DIRECAO DO CENTRO DE TECNOLOGIA";".445.87.11105.";"18/10/2017";"";"ADMINISTRATIVA";"GERENCIAL";"ADMINISTRATIVO                                    ";"ASSESSORIA                                                  ";"FIM"
"8172";"160026";"ASSESSORIA DE QUALIDADE DE VIDA - QUALIVITA CCSA";"Qualivita/CCSA";"";"";"NATAL";"443";"CENTRO DE CIENCIAS SOCIAIS APLICADAS";"443";"CENTRO DE CIENCIAS SOCIAIS APLICADAS";".443.8172.";"18/12/2013";"";"ADMINISTRATIVA";"ESTRATÉGICO";"ADMINISTRATIVO                                    ";"ASSESSORIA                                                  ";"FIM"
"32941";"130139";"ASSESSORIA FINANCEIRA";"ASSFI";"";"";"NATAL";"442";"CENTRO DE CIENCIAS HUMANAS, LETRAS E ARTES";"135";"DIRECAO DO CCHLA";".442.135.32941.";"01/01/2013";"";"ADMINISTRATIVA";"GERENCIAL";"ADMINISTRATIVO                                    ";"ASSESSORIA                                                  ";"FIM"
"7153";"1100050201";"ASSESSORIA INSTITUCIONAL  IMD";"ASSINST-IMD";"";"";"NATAL";"605";"UNIVERSIDADE FEDERAL DO RIO GRANDE DO NORTE";"7147";"DIRETORIA GERAL - IMD";".605.6069.7147.7153.";"02/02/2017";"";"ACADÊMICA";"ESTRATÉGICO";"ADMINISTRATIVO                                    ";"ASSESSORIA                                                  ";"FIM"
"6878";"113227";"ASSESSORIA PARA GESTAO DOS HOSPITAIS UNIVERSITARIOS";"ASS/GHU";"";"";"NATAL";"605";"UNIVERSIDADE FEDERAL DO RIO GRANDE DO NORTE";"262";"GABINETE DO REITOR";".605.262.6878.";"01/01/2000";"";"ACADÊMICA";"ESTRATÉGICO";"ADMINISTRATIVO                                    ";"ASSESSORIA                                                  ";"FIM"
"11314";"112409";"ASSESSORIAS ESPECIAIS";"ASS/ESPECIAIS";"";"";"NATAL";"605";"UNIVERSIDADE FEDERAL DO RIO GRANDE DO NORTE";"4659";"REITORIA";".605.4659.11314.";"19/03/2018";"";"ADMINISTRATIVA";"ESTRATÉGICO";"ADMINISTRATIVO                                    ";"ASSESSORIA                                                  ";"FIM"
"10534";"11320103";"ASSESSORIA TECNICA - AUDITORIA";"ASSTEC/AUDIT";"";"";"NATAL";"605";"UNIVERSIDADE FEDERAL DO RIO GRANDE DO NORTE";"263";"AUDITORIA INTERNA";".605.262.263.10534.";"20/01/2017";"";"ACADÊMICA";"ESTRATÉGICO";"ADMINISTRATIVO                                    ";"ASSESSORIA                                                  ";"FIM"
"6050";"160002";"ASSESSORIA TECNICA - CCSA";"ASS/TEC/CCSA";"";"";"NATAL";"443";"CENTRO DE CIENCIAS SOCIAIS APLICADAS";"443";"CENTRO DE CIENCIAS SOCIAIS APLICADAS";".443.6050.";"29/04/2013";"";"ACADÊMICA";"ESTRATÉGICO";"ADMINISTRATIVO                                    ";"ASSESSORIA                                                  ";"FIM"
"4653";"112810";"ASSESSORIA TECNICA - COMUNICA";"ASTEC";"";"3248";"NATAL";"605";"UNIVERSIDADE FEDERAL DO RIO GRANDE DO NORTE";"19";"SUPERINTENDENCIA DE COMUNICACAO";".605.19.4653.";"24/06/1974";"";"ADMINISTRATIVA";"OPERACIONAL";"INFORMAÇÃO                                        ";"ASSESSORIA                                                  ";"MEIO"
"8352";"10320014";"ASSESSORIA TECNICA DA FACISA";"ASTEC-FACISA";"";"";"SANTA CRUZ";"605";"UNIVERSIDADE FEDERAL DO RIO GRANDE DO NORTE";"4890";"FACULDADE DE CIENCIAS DA SAUDE DO TRAIRI - FACISA";".605.4890.8352.";"06/03/2014";"";"ADMINISTRATIVA";"GERENCIAL";"ADMINISTRATIVO                                    ";"ASSESSORIA                                                  ";"FIM"
"8818";"11650001";"ASSESSORIA TECNICA DE ANALISE DE PROCESSOS";"ASSTEC/APROC";"";"";"NATAL";"605";"UNIVERSIDADE FEDERAL DO RIO GRANDE DO NORTE";"1421";"PRO-REITORIA DE GESTAO DE PESSOAS";".605.1421.8818.";"26/06/2014";"";"ADMINISTRATIVA";"OPERACIONAL";"ADMINISTRATIVO                                    ";"ASSESSORIA                                                  ";"MEIO"
"8819";"11650002";"ASSESSORIA TECNICA DE PROJETOS";"ASTEC/PROJETOS";"";"";"NATAL";"605";"UNIVERSIDADE FEDERAL DO RIO GRANDE DO NORTE";"1421";"PRO-REITORIA DE GESTAO DE PESSOAS";".605.1421.8819.";"26/06/2014";"";"ADMINISTRATIVA";"GERENCIAL";"ADMINISTRATIVO                                    ";"ASSESSORIA                                                  ";"FIM"
"10909";"10040007";"ASSESSORIA TECNICA - NAC";"ASSTEC/NAC";"";"";"NATAL";"605";"UNIVERSIDADE FEDERAL DO RIO GRANDE DO NORTE";"291";"NUCLEO DE ARTE E CULTURA";".605.291.10909.";"01/07/2017";"";"ACADÊMICA";"ESTRATÉGICO";"ADMINISTRATIVO                                    ";"ASSESSORIA                                                  ";"FIM"
"7202";"115718";"ASSESSORIA TECNICA/SEDIS";"ASTSED";"";"";"NATAL";"605";"UNIVERSIDADE FEDERAL DO RIO GRANDE DO NORTE";"1480";"SECRETARIA DE EDUCACAO A DISTANCIA";".605.1480.7202.";"31/10/2012";"";"ACADÊMICA";"ESTRATÉGICO";"ADMINISTRATIVO                                    ";"ASSESSORIA                                                  ";"FIM"
"11106";"11240601";"ASSESSORIA TECNICA - SGP";"ASTEC/SGP";"sgp@reitoria.ufrn.br";"3342-2258";"NATAL";"605";"UNIVERSIDADE FEDERAL DO RIO GRANDE DO NORTE";"10044";"SECRETARIA DE GESTAO DE PROJETOS";".605.4659.10044.11106.";"19/10/2017";"";"ADMINISTRATIVA";"OPERACIONAL";"ADMINISTRATIVO                                    ";"ASSESSORIA                                                  ";"FIM"
"10828";"113516";"ASSESSORIA TECNICA - SINFO";"ASSTEC/SINFO";"";"";"NATAL";"605";"UNIVERSIDADE FEDERAL DO RIO GRANDE DO NORTE";"2";"SUPERINTENDENCIA DE TECNOLOGIA DA INFORMACAO";".605.2.10828.";"30/08/2017";"";"ACADÊMICA";"ESTRATÉGICO";"ADMINISTRATIVO                                    ";"ASSESSORIA                                                  ";"FIM"
"4536";"141505";"ATELIER DE PROJETO DE ARQUITETURA E URBANISMO";"APAU";"";"";"NATAL";"445";"CENTRO DE TECNOLOGIA";"54";"DEPARTAMENTO DE ARQUITETURA";".445.54.4536.";"24/06/1974";"";"ACADÊMICA";"OPERACIONAL";"CIÊNCIAS EXATAS E DA NATUREZA                     ";"SETOR                                                       ";"FIM"
"8356";"210002";"ATENCAO A CRIANCA E AO ADOLESCENTE";"CRIADOLESCENTE";"";"";"NATAL";"446";"HOSPITAL UNIVERSITARIO ONOFRE LOPES";"446";"HOSPITAL UNIVERSITARIO ONOFRE LOPES";".605.446.8356.";"06/03/2014";"";"ACADÊMICA";"OPERACIONAL";"ADMINISTRATIVO                                    ";"SETOR                                                       ";"FIM"
"263";"113201";"AUDITORIA INTERNA";"AUDIN/UFRN";"contato@audin.ufrn.br";"3215-3109";"NATAL";"605";"UNIVERSIDADE FEDERAL DO RIO GRANDE DO NORTE";"262";"GABINETE DO REITOR";".605.262.263.";"29/05/1999";"";"ACADÊMICA";"TÁTICO";"ADMINISTRATIVO                                    ";"ASSESSORIA                                                  ";"MEIO"
"4293";"211009";"AUDITORIA MEDICA";"AM";"";"";"NATAL";"446";"HOSPITAL UNIVERSITARIO ONOFRE LOPES";"392";"HUOL - DIRETORIA MEDICA";".605.446.392.4293.";"24/06/1974";"";"ADMINISTRATIVA";"OPERACIONAL";"CIÊNCIAS DA SAÚDE                                 ";"SETOR                                                       ";"FIM"
"15536";"321009";"AUDITORIA MEDICA";"AM";"";"";"NATAL";"8193";"SUPERINTENDENCIA DO HUOL - EBSERH";"392";"HUOL - DIRETORIA MEDICA";".605.446.392.15536.";"24/06/1974";"";"ADMINISTRATIVA";"OPERACIONAL";"CIÊNCIAS DA SAÚDE                                 ";"SETOR                                                       ";"FIM"
"8782";"141833";"AUTOMACAO HOSPITALAR E BIOENGENHARIA";"AUTHOBIO";"";"";"NATAL";"445";"CENTRO DE TECNOLOGIA";"56";"DEPARTAMENTO DE ENGENHARIA DE COMPUTACAO E AUTOMACAO";".445.56.8782.";"18/06/2014";"";"ACADÊMICA";"OPERACIONAL";"CIÊNCIAS EXATAS E DA NATUREZA                     ";"LABORATÓRIO                                                 ";"FIM"
"2740";"2041";"BANCO DE LEITE/ALEITAMENTO MATERNO - MEJC";"BLAM/MEJC";"";"";"NATAL";"447";"MATERNIDADE ESCOLA JANUARIO CICCO";"447";"MATERNIDADE ESCOLA JANUARIO CICCO";".605.447.2740.";"24/06/1974";"";"ADMINISTRATIVA";"OPERACIONAL";"CIÊNCIAS DA SAÚDE                                 ";"ASSESSORIA                                                  ";"FIM"
"11097";"3141";"BANCO DE LEITE/ALEITAMENTO MATERNO - MEJC";"BLAM/MEJC";"";"";"NATAL";"8194";"SUPERINTENDENCIA DO MEJC - EBSERH";"8194";"SUPERINTENDENCIA DO MEJC - EBSERH";".8517.8194.11097.";"24/06/1974";"";"ADMINISTRATIVA";"OPERACIONAL";"CIÊNCIAS DA SAÚDE                                 ";"ASSESSORIA                                                  ";"FIM"
"6446";"150002";"BASE DE PESQUISA ""ESTUDOS EM SAUDE COLETIVA""";"BAPESTSACOL";"";"";"NATAL";"441";"CENTRO DE CIENCIAS DA SAUDE";"441";"CENTRO DE CIENCIAS DA SAUDE";".441.6446.";"23/11/2011";"";"ACADÊMICA";"OPERACIONAL";"CIÊNCIAS DA SAÚDE                                 ";"SETOR                                                       ";"FIM"
"8319";"150008";"BASE DE PESQUISA ""GESTAO, TRABALHO E EDUCACAO NA SAUDE""";"BPGESTEDUCSA";"";"";"NATAL";"441";"CENTRO DE CIENCIAS DA SAUDE";"441";"CENTRO DE CIENCIAS DA SAUDE";".441.8319.";"18/02/2014";"";"ACADÊMICA";"OPERACIONAL";"CIÊNCIAS DA SAÚDE                                 ";"SETOR                                                       ";"FIM"
"8318";"150007";"BASE DE PESQUISA ""OBSERVATORIO DE SAUDE MENTAL""";"BPOBSM";"";"";"NATAL";"441";"CENTRO DE CIENCIAS DA SAUDE";"441";"CENTRO DE CIENCIAS DA SAUDE";".441.8318.";"18/02/2014";"";"ACADÊMICA";"OPERACIONAL";"CIÊNCIAS DA SAÚDE                                 ";"SETOR                                                       ";"FIM"
"6209";"170803";"BASE DE PESQUISAS EM FARMACOLOGIA";"BP-FARMC/DBF";"";"";"NATAL";"440";"CENTRO DE BIOCIENCIAS";"184";"DEPARTAMENTO DE BIOFISICA E FARMACOLOGIA";".440.184.6209.";"27/09/2011";"";"ACADÊMICA";"OPERACIONAL";"CIÊNCIAS BIOLÓGICAS                               ";"SETOR                                                       ";"FIM"
"3340";"112020";"BCZM - ASSESSORIA TECNICA";"ASTECBCZM";"";"";"NATAL";"605";"UNIVERSIDADE FEDERAL DO RIO GRANDE DO NORTE";"21";"BIBLIOTECA CENTRAL ZILA MAMEDE";".605.21.3340.";"24/06/1974";"";"ADMINISTRATIVA";"OPERACIONAL";"ADMINISTRATIVO                                    ";"ASSESSORIA                                                  ";"MEIO"
"8070";"11202305";"BCZM - LABORATORIO DE ACESSIBILIDADE";"LABBCZM";"";"";"NATAL";"605";"UNIVERSIDADE FEDERAL DO RIO GRANDE DO NORTE";"3346";"COORDENADORIA DE APOIO AO USUARIO";".605.21.3346.8070.";"30/09/2013";"";"ADMINISTRATIVA";"OPERACIONAL";"ADMINISTRATIVO                                    ";"ASSESSORIA                                                  ";"FIM"
"3339";"112019";"BCZM - SECRETARIA ADMINISTRATIVA";"BCZMSADM";"";"";"NATAL";"605";"UNIVERSIDADE FEDERAL DO RIO GRANDE DO NORTE";"21";"BIBLIOTECA CENTRAL ZILA MAMEDE";".605.21.3339.";"24/06/1974";"";"ADMINISTRATIVA";"OPERACIONAL";"ADMINISTRATIVO                                    ";"SECRETARIA ADMINISTRATIVA                                   ";"MEIO"
"4380";"11210203";"BIBLIOTECA/CAMPUS DE MACAU";"BCM";"";"";"MACAU";"605";"UNIVERSIDADE FEDERAL DO RIO GRANDE DO NORTE";"3430";"NUCLEO DE MACAU";".605.1450.3418.3425.3430.4380.";"24/06/1974";"";"ADMINISTRATIVA";"OPERACIONAL";"ADMINISTRATIVO                                    ";"BIBLIOTECA                                                  ";"FIM"
"21";"1120";"BIBLIOTECA CENTRAL ZILA MAMEDE";"BCZM";"bczm@ufrn.br";"3342.2260";"NATAL";"605";"UNIVERSIDADE FEDERAL DO RIO GRANDE DO NORTE";"605";"UNIVERSIDADE FEDERAL DO RIO GRANDE DO NORTE";".605.21.";"24/06/1974";"";"ÓRGÃO SUPLEMENTAR";"GERENCIAL";"INFORMAÇÃO                                        ";"BIBLIOTECA                                                  ";"MEIO"
"4538";"151203";"BIBLIOTECA/DENFER";"biblio/denfer";"";"";"NATAL";"441";"CENTRO DE CIENCIAS DA SAUDE";"198";"DEPARTAMENTO DE ENFERMAGEM";".441.198.4538.";"24/06/1974";"";"ADMINISTRATIVA";"OPERACIONAL";"INFORMAÇÃO                                        ";"BIBLIOTECA                                                  ";"FIM"
"6169";"141821";"BIBLIOTECA DO LAUT";"BIBLAUT";"";"";"NATAL";"445";"CENTRO DE TECNOLOGIA";"56";"DEPARTAMENTO DE ENGENHARIA DE COMPUTACAO E AUTOMACAO";".445.56.6169.";"31/08/2011";"";"ADMINISTRATIVA";"OPERACIONAL";"ADMINISTRATIVO                                    ";"BIBLIOTECA                                                  ";"MEIO"
"8184";"12880001";"BIBLIOTECA PROFESSOR FRANCISCO GURGEL DE AZEVEDO";"BIBPROFRANGURG";"";"";"NATAL";"439";"CENTRO DE CIENCIAS EXATAS E DA TERRA";"6025";"INSTITUTO DE QUIMICA";".439.6025.8184.";"02/01/2014";"";"ADMINISTRATIVA";"OPERACIONAL";"ADMINISTRATIVO                                    ";"BIBLIOTECA                                                  ";"FIM"
"2458";"112218";"BIBLIOTECA SETORIAL DA ESCOLA AGRICOLA DE JUNDIAI";"BIB/EAJ";"";"";"MACAÍBA";"605";"UNIVERSIDADE FEDERAL DO RIO GRANDE DO NORTE";"351";"ESCOLA AGRICOLA DE JUNDIAI";".605.351.2458.";"24/06/1974";"";"ADMINISTRATIVA";"OPERACIONAL";"INFORMAÇÃO                                        ";"BIBLIOTECA                                                  ";"FIM"
"6027";"113906";"BIBLIOTECA SETORIAL DA ESCOLA DE MUSICA";"BIB-EMUFRN";"";"";"NATAL";"605";"UNIVERSIDADE FEDERAL DO RIO GRANDE DO NORTE";"284";"ESCOLA DE MUSICA";".605.284.6027.";"01/01/2010";"";"ADMINISTRATIVA";"OPERACIONAL";"ADMINISTRATIVO                                    ";"ASSESSORIA                                                  ";"FIM"
"5275";"103213";"BIBLIOTECA SETORIAL DA FACISA";"BIB/FACISA";"";"";"SANTA CRUZ";"605";"UNIVERSIDADE FEDERAL DO RIO GRANDE DO NORTE";"4890";"FACULDADE DE CIENCIAS DA SAUDE DO TRAIRI - FACISA";".605.4890.5275.";"01/12/2008";"";"ADMINISTRATIVA";"OPERACIONAL";"INFORMAÇÃO                                        ";"BIBLIOTECA                                                  ";"FIM"
"4417";"141503";"BIBLIOTECA SETORIAL/DARQ";"bs";"";"";"NATAL";"445";"CENTRO DE TECNOLOGIA";"54";"DEPARTAMENTO DE ARQUITETURA";".445.54.4417.";"24/06/1974";"";"ADMINISTRATIVA";"OPERACIONAL";"INFORMAÇÃO                                        ";"BIBLIOTECA                                                  ";"FIM"
"4599";"151921";"BIBLIOTECA SETORIAL DE ODONTOLOGIA";"BSO";"";"";"NATAL";"441";"CENTRO DE CIENCIAS DA SAUDE";"195";"DEPARTAMENTO DE ODONTOLOGIA";".441.195.4599.";"01/01/2013";"";"ADMINISTRATIVA";"ESTRATÉGICO";"ADMINISTRATIVO                                    ";"ASSESSORIA                                                  ";"FIM"
"3446";"11210402";"BIBLIOTECA SETORIAL DE SANTA CRUZ";"BIB/SC";"";"";"NOVA CRUZ";"605";"UNIVERSIDADE FEDERAL DO RIO GRANDE DO NORTE";"3444";"DIRECAO/SANTA CRUZ";".605.1450.3418.3425.3443.3444.3446.";"24/06/1974";"";"ADMINISTRATIVA";"OPERACIONAL";"INFORMAÇÃO                                        ";"SETOR                                                       ";"FIM"
"4277";"120503";"BIBLIOTECA SETORIAL/DIMAP";"bs";"";"";"NATAL";"439";"CENTRO DE CIENCIAS EXATAS E DA TERRA";"125";"DEPARTAMENTO DE INFORMATICA E MATEMATICA APLICADA";".439.125.4277.";"24/06/1974";"";"ADMINISTRATIVA";"OPERACIONAL";"INFORMAÇÃO                                        ";"SETOR                                                       ";"FIM"
"4243";"120602";"BIBLIOTECA SETORIAL/DM";"bs/dm";"";"";"NATAL";"439";"CENTRO DE CIENCIAS EXATAS E DA TERRA";"120";"DEPARTAMENTO DE MATEMATICA";".439.120.4243.";"24/06/1974";"";"ADMINISTRATIVA";"OPERACIONAL";"INFORMAÇÃO                                        ";"BIBLIOTECA                                                  ";"FIM"
"2460";"1309";"BIBLIOTECA SETORIAL DO CCHLA";"BIB/CCHLA";"";"";"NATAL";"442";"CENTRO DE CIENCIAS HUMANAS, LETRAS E ARTES";"442";"CENTRO DE CIENCIAS HUMANAS, LETRAS E ARTES";".442.2460.";"24/06/1974";"";"ADMINISTRATIVA";"OPERACIONAL";"INFORMAÇÃO                                        ";"BIBLIOTECA                                                  ";"FIM"
"3980";"170106";"BIBLIOTECA SETORIAL DO CENTRO DE BIOCIENCIAS";"BIBSCB";"";"";"NATAL";"440";"CENTRO DE BIOCIENCIAS";"176";"ADMINISTRACAO DO CB";".440.176.3980.";"24/06/1974";"";"ADMINISTRATIVA";"OPERACIONAL";"INFORMAÇÃO                                        ";"BIBLIOTECA                                                  ";"FIM"
"2464";"1809";"BIBLIOTECA SETORIAL DO CERES - CAICO";"BIB1/CERES";"";"";"CAICÓ";"1482";"CENTRO DE  ENSINO SUPERIOR DO SERIDO";"1482";"CENTRO DE  ENSINO SUPERIOR DO SERIDO";".1482.2464.";"24/06/1974";"";"ADMINISTRATIVA";"OPERACIONAL";"INFORMAÇÃO                                        ";"BIBLIOTECA                                                  ";"FIM"
"2465";"180605";"BIBLIOTECA SETORIAL DO CERES - CURRAIS NOVOS";"BIB2/CERES";"";"";"CURRAIS NOVOS";"1482";"CENTRO DE  ENSINO SUPERIOR DO SERIDO";"62";"ADMINISTRACAO DO CERES - CURRAIS NOVOS";".1482.62.2465.";"24/06/1974";"";"ADMINISTRATIVA";"OPERACIONAL";"INFORMAÇÃO                                        ";"BIBLIOTECA                                                  ";"FIM"
"2468";"112015";"BIBLIOTECA SETORIAL DO CRESM";"BIB/CRESM";"";"";"NATAL";"605";"UNIVERSIDADE FEDERAL DO RIO GRANDE DO NORTE";"21";"BIBLIOTECA CENTRAL ZILA MAMEDE";".605.21.2468.";"24/06/1974";"";"ADMINISTRATIVA";"OPERACIONAL";"INFORMAÇÃO                                        ";"BIBLIOTECA                                                  ";"MEIO"
"7046";"131326";"BIBLIOTECA SETORIAL DO DEPARTAMENTO DE ARTES";"BSE/DEART";"";"";"NATAL";"442";"CENTRO DE CIENCIAS HUMANAS, LETRAS E ARTES";"139";"DEPARTAMENTO DE ARTES";".442.139.7046.";"01/01/2013";"";"ACADÊMICA";"GERENCIAL";"INFORMAÇÃO                                        ";"BIBLIOTECA                                                  ";"FIM"
"3013";"142114";"BIBLIOTECA SETORIAL DO DEPTº ENGENHARIA QUIMICA";"BIB/ENgQUIM";"";"";"NATAL";"445";"CENTRO DE TECNOLOGIA";"57";"DEPARTAMENTO DE ENGENHARIA QUIMICA";".445.57.3013.";"24/06/1974";"";"ADMINISTRATIVA";"OPERACIONAL";"INFORMAÇÃO                                        ";"BIBLIOTECA                                                  ";"MEIO"
"4246";"128804";"BIBLIOTECA SETORIAL/DQ";"bs/dq";"";"";"NATAL";"439";"CENTRO DE CIENCIAS EXATAS E DA TERRA";"6025";"INSTITUTO DE QUIMICA";".439.6025.4246.";"24/06/1974";"";"ADMINISTRATIVA";"OPERACIONAL";"INFORMAÇÃO                                        ";"BIBLIOTECA                                                  ";"FIM"
"4235";"120202";"BIBLIOTECA SETORIAL/EST";"bs/dest";"";"";"NATAL";"439";"CENTRO DE CIENCIAS EXATAS E DA TERRA";"47";"DEPARTAMENTO DE ESTATISTICA";".439.47.4235.";"24/06/1974";"";"ADMINISTRATIVA";"OPERACIONAL";"INFORMAÇÃO                                        ";"BIBLIOTECA                                                  ";"FIM"
"11151";"190110";"BIBLIOTECA SETORIAL MOACYR DE GOES - CE";"BSE-CE";"";"3342-2270";"NATAL";"5965";"CENTRO DE EDUCACAO";"5966";"ADMINISTRACAO DO CENTRO DE EDUCACAO";".5965.5966.11151.";"05/12/2017";"";"ACADÊMICA";"OPERACIONAL";"INFORMAÇÃO                                        ";"BIBLIOTECA                                                  ";"FIM"
"4352";"120308";"BIBLIOTECA SETORIAL SERGIO PORTO";"BSSP";"";"";"NATAL";"439";"CENTRO DE CIENCIAS EXATAS E DA TERRA";"121";"DEPARTAMENTO DE FISICA TEORICA E EXPERIMENTAL";".439.121.4352.";"24/06/1974";"";"ADMINISTRATIVA";"OPERACIONAL";"INFORMAÇÃO                                        ";"BIBLIOTECA                                                  ";"MEIO"
"3967";"112601051301";"BIBLIOTECA SETORIAL VERISSIMO DE MELO DO MUSEU CAMARA CASCUDO  MCC";"BIB/MCC";"";"";"NATAL";"605";"UNIVERSIDADE FEDERAL DO RIO GRANDE DO NORTE";"10339";"SETOR DE DOCUMENTACAO E MEMORIA - MCC";".605.290.3958.3964.10339.3967.";"24/06/1974";"";"ADMINISTRATIVA";"OPERACIONAL";"INFORMAÇÃO                                        ";"BIBLIOTECA                                                  ";"FIM"
"4101";"154802";"BIOTERIO";"biot";"";"";"NATAL";"441";"CENTRO DE CIENCIAS DA SAUDE";"1605";"DEPARTAMENTO DE CIRURGIA (LABORATORIO DE HABILIDAD";".441.1605.4101.";"24/06/1974";"";"ADMINISTRATIVA";"OPERACIONAL";"CIÊNCIAS DA SAÚDE                                 ";"LABORATÓRIO                                                 ";"FIM"
"8432";"170113";"BIOTERIO/CB";"BIOTÉRIO";"";"";"NATAL";"440";"CENTRO DE BIOCIENCIAS";"176";"ADMINISTRACAO DO CB";".440.176.8432.";"25/03/2014";"";"ACADÊMICA";"OPERACIONAL";"CIÊNCIAS BIOLÓGICAS                               ";"LABORATÓRIO                                                 ";"FIM"
"4375";"11020602";"BOLETIM DE SERVICO/PROAD";"BS/PROAD";"";"";"NATAL";"605";"UNIVERSIDADE FEDERAL DO RIO GRANDE DO NORTE";"342";"PROAD - COORDENADORIA ADMINISTRATIVA";".605.1422.342.4375.";"24/06/1974";"";"ADMINISTRATIVA";"OPERACIONAL";"ADMINISTRATIVO                                    ";"SETOR                                                       ";"MEIO"
"3250";"158103";"CAMARA DE PESQUISA E POS-GRADUACAO";"CPPG";"";"";"NATAL";"441";"CENTRO DE CIENCIAS DA SAUDE";"3245";"CONSELHO DO CENTRO";".441.3245.3250.";"24/06/1974";"";"ADMINISTRATIVA";"OPERACIONAL";"CIÊNCIAS DA SAÚDE                                 ";"ASSESSORIA                                                  ";"MEIO"
"31691";"11230060";"CAMARA DE POS-GRADUACAO";"CAPG";"";"";"NATAL";"605";"UNIVERSIDADE FEDERAL DO RIO GRANDE DO NORTE";"1483";"PRO-REITORIA DE POS GRADUACAO";".605.1483.31691.";"06/05/2022";"";"ACADÊMICA";"OPERACIONAL";"ADMINISTRATIVO                                    ";"COMISSAO PERMANENTE                                         ";"FIM"
"3511";"11020001";"CAPELA DO CAMPUS";"SAE/CAP";"";"(84) 3215-3314";"NATAL";"605";"UNIVERSIDADE FEDERAL DO RIO GRANDE DO NORTE";"1422";"PRO-REITORIA DE ADMINISTRACAO (PROAD)";".605.1422.3511.";"27/03/2018";"";"ADMINISTRATIVA";"GERENCIAL";"ADMINISTRATIVO                                    ";"SETOR                                                       ";"FIM"
"3783";"210805";"CARDIOLOGIA";"cardio";"";"";"NATAL";"446";"HOSPITAL UNIVERSITARIO ONOFRE LOPES";"3776";"DIVISAO DE ENFERMAGEM EM AMBULATORIO";".605.446.394.3776.3783.";"24/06/1974";"";"ADMINISTRATIVA";"OPERACIONAL";"CIÊNCIAS DA SAÚDE                                 ";"SETOR                                                       ";"FIM"
"6337";"112244";"CASA DE VEGETACAO E TRABALHO DE CAMPO";"CASAVEGET";"";"";"MACAÍBA";"605";"UNIVERSIDADE FEDERAL DO RIO GRANDE DO NORTE";"351";"ESCOLA AGRICOLA DE JUNDIAI";".605.351.6337.";"14/11/2011";"";"ACADÊMICA";"OPERACIONAL";"AGROPECUÁRIO                                      ";"LABORATÓRIO                                                 ";"FIM"
"185";"1707";"CB - COORDENACAO DO CURSO DE CIENCIAS BIOLOGICAS - LICENCIATURA";"CCCB/CB/LIC";"";"";"NATAL";"440";"CENTRO DE BIOCIENCIAS";"440";"CENTRO DE BIOCIENCIAS";".440.185.";"24/06/1974";"";"ACADÊMICA";"OPERACIONAL";"ADMINISTRATIVO                                    ";"COORDENAÇÃO                                                 ";"FIM"
"4663";"120104";"CCET - NUCLEO DE ESTUDOS EM PETROLEO E GAS NATURAL";"NEPGN";"";"";"NATAL";"439";"CENTRO DE CIENCIAS EXATAS E DA TERRA";"119";"ADMINISTRACAO DO CCET";".439.119.4663.";"11/11/2005";"";"ADMINISTRATIVA";"OPERACIONAL";"CIÊNCIAS EXATAS E DA NATUREZA                     ";"NÚCLEO                                                      ";"FIM"
"396";"1250";"CCET - SETOR DE COMPRAS";"COMPRA/CCET";"";"";"NATAL";"439";"CENTRO DE CIENCIAS EXATAS E DA TERRA";"439";"CENTRO DE CIENCIAS EXATAS E DA TERRA";".439.396.";"24/06/1974";"";"ADMINISTRATIVA";"OPERACIONAL";"ADMINISTRATIVO                                    ";"SETOR                                                       ";"MEIO"
"1761";"1227";"CCET- VICE DIRETORIA";"CCET-VICED";"";"";"NATAL";"439";"CENTRO DE CIENCIAS EXATAS E DA TERRA";"439";"CENTRO DE CIENCIAS EXATAS E DA TERRA";".439.1761.";"26/04/1974";"";"ACADÊMICA";"ESTRATÉGICO";"ADMINISTRATIVO                                    ";"CENTRO                                                      ";"MEIO"
"6950";"130135";"CCHLA/GERENCIA DE REDES";"CCHLA/REDES";"";"";"NATAL";"442";"CENTRO DE CIENCIAS HUMANAS, LETRAS E ARTES";"135";"DIRECAO DO CCHLA";".442.135.6950.";"11/03/2016";"";"ADMINISTRATIVA";"GERENCIAL";"ADMINISTRATIVO                                    ";"ASSESSORIA                                                  ";"FIM"
"2562";"130101";"CCHLA - SECRETARIA ADMINISTRACAO DO CCHLA";"sa/CCHLA";"";"";"NATAL";"442";"CENTRO DE CIENCIAS HUMANAS, LETRAS E ARTES";"135";"DIRECAO DO CCHLA";".442.135.2562.";"24/06/1976";"";"ADMINISTRATIVA";"OPERACIONAL";"ADMINISTRATIVO                                    ";"SECRETARIA ADMINISTRATIVA                                   ";"MEIO"
"2579";"13011039";"CCHLA - SECRETARIA DO ALMOXARIFADO";"SECALM";"secretaria@cchla.ufrn.br";"3215.3597";"NATAL";"442";"CENTRO DE CIENCIAS HUMANAS, LETRAS E ARTES";"1840";"ASSESSORIA ADMINISTRATIVA DO CCHLA";".442.135.1840.2579.";"24/06/1974";"";"ADMINISTRATIVA";"OPERACIONAL";"ADMINISTRATIVO                                    ";"SECRETARIA ADMINISTRATIVA                                   ";"MEIO"
"352";"130111";"CCHLA - SETOR DE EXECUCAO ORCAMENTARIA";"SEO/CCHLA";"";"";"NATAL";"442";"CENTRO DE CIENCIAS HUMANAS, LETRAS E ARTES";"135";"DIRECAO DO CCHLA";".442.135.352.";"24/06/1974";"";"ADMINISTRATIVA";"OPERACIONAL";"ADMINISTRATIVO                                    ";"SETOR                                                       ";"MEIO"
"2585";"13011037";"CCHLA - SUPORTE DE INFORMATICA";"SI/CCHLA";"";"";"NATAL";"442";"CENTRO DE CIENCIAS HUMANAS, LETRAS E ARTES";"1840";"ASSESSORIA ADMINISTRATIVA DO CCHLA";".442.135.1840.2585.";"24/06/1974";"";"ADMINISTRATIVA";"OPERACIONAL";"ADMINISTRATIVO                                    ";"SECRETARIA ADMINISTRATIVA                                   ";"FIM"
"3169";"1547";"CCS - LABORATORIO DE HABILIDADES";"LABHAB CCS";"";"";"NATAL";"441";"CENTRO DE CIENCIAS DA SAUDE";"441";"CENTRO DE CIENCIAS DA SAUDE";".441.3169.";"24/06/1974";"";"ACADÊMICA";"OPERACIONAL";"CIÊNCIAS DA SAÚDE                                 ";"LABORATÓRIO                                                 ";"FIM"
"2605";"1565";"CCS - SETOR DE COMPRAS";"COMP/CCS";"compras@ccs.ufrn.br";"(84) 3342-9783";"NATAL";"441";"CENTRO DE CIENCIAS DA SAUDE";"441";"CENTRO DE CIENCIAS DA SAUDE";".441.2605.";"24/06/1974";"";"ADMINISTRATIVA";"OPERACIONAL";"CIÊNCIAS DA SAÚDE                                 ";"ASSESSORIA                                                  ";"MEIO"
"2596";"1564";"CCS - SETOR DE SUPORTE EM INFORMARTICA";"INF/CCS";"";"";"NATAL";"441";"CENTRO DE CIENCIAS DA SAUDE";"441";"CENTRO DE CIENCIAS DA SAUDE";".441.2596.";"24/06/1974";"";"ADMINISTRATIVA";"OPERACIONAL";"CIÊNCIAS DA SAÚDE                                 ";"CENTRO                                                      ";"MEIO"
"8185";"12880002";"CENTRAL ANALITICA/INSTITUTO DE QUIMICA";"CENTRANALÍTICA";"";"";"NATAL";"439";"CENTRO DE CIENCIAS EXATAS E DA TERRA";"6025";"INSTITUTO DE QUIMICA";".439.6025.8185.";"30/12/2013";"";"ACADÊMICA";"OPERACIONAL";"CIÊNCIAS EXATAS E DA NATUREZA                     ";"LABORATÓRIO                                                 ";"FIM"
"11114";"3110050103";"CENTRAL DE MATERIAL E ESTERILIZACAO MEJC";"CEMAES/MEJC";"";"";"NATAL";"8194";"SUPERINTENDENCIA DO MEJC - EBSERH";"9879";"UNIDADE DE CIRURGIA/RPA CME - MEJC/EBSERH";".8517.8194.9861.9741.9879.11114.";"26/10/2017";"";"ADMINISTRATIVA";"OPERACIONAL";"CIÊNCIAS DA SAÚDE                                 ";"HOSPITAL                                                    ";"FIM"
"2725";"2027";"CENTRAL DE MATERIAL/MEJC";"CME/MEJC";"";"";"NATAL";"447";"MATERNIDADE ESCOLA JANUARIO CICCO";"447";"MATERNIDADE ESCOLA JANUARIO CICCO";".605.447.2725.";"24/06/1974";"";"ADMINISTRATIVA";"OPERACIONAL";"ADMINISTRATIVO                                    ";"SETOR                                                       ";"FIM"
"10271";"3127";"CENTRAL DE MATERIAL/MEJC";"CME/MEJC";"";"";"NATAL";"8194";"SUPERINTENDENCIA DO MEJC - EBSERH";"8194";"SUPERINTENDENCIA DO MEJC - EBSERH";".8517.8194.10271.";"24/06/1974";"";"ADMINISTRATIVA";"OPERACIONAL";"ADMINISTRATIVO                                    ";"SETOR                                                       ";"FIM"
"3720";"22321802";"CENTRO CIRURGICO";"cc";"";"";"NATAL";"1424";"HOSPED - HOSPITAL DE PEDIATRIA";"3689";"SETOR DE CIRURGIA";".1424.3640.3679.3689.3720.";"24/06/1974";"";"ADMINISTRATIVA";"OPERACIONAL";"CIÊNCIAS DA SAÚDE                                 ";"SETOR                                                       ";"FIM"
"13943";"320813";"CENTRO CIRURGICO";"decc";"";"";"NATAL";"446";"HOSPITAL UNIVERSITARIO ONOFRE LOPES";"394";"HUOL - DIRETORIA DE ENFERMAGEM";".605.446.394.13943.";"24/06/1974";"";"ADMINISTRATIVA";"OPERACIONAL";"CIÊNCIAS DA SAÚDE                                 ";"DIVISAO                                                     ";"FIM"
"3791";"210813";"CENTRO CIRURGICO - DECC";"decc";"";"";"NATAL";"446";"HOSPITAL UNIVERSITARIO ONOFRE LOPES";"394";"HUOL - DIRETORIA DE ENFERMAGEM";".605.446.394.3791.";"24/06/1974";"";"ADMINISTRATIVA";"OPERACIONAL";"CIÊNCIAS DA SAÚDE                                 ";"DIVISAO                                                     ";"FIM"
"3628";"20110405";"CENTRO CIRURGICO GINECOLOGICO";"CCG/MEJC";"";"";"NATAL";"447";"MATERNIDADE ESCOLA JANUARIO CICCO";"3622";"COORDENACAO EXECUTIVA";".605.447.2712.3622.3628.";"24/06/1974";"";"ADMINISTRATIVA";"OPERACIONAL";"CIÊNCIAS DA SAÚDE                                 ";"SETOR                                                       ";"FIM"
"12277";"3110050101";"CENTRO CIRURGICO GINECOLOGICO";"CCGIN - MEJC";"";"";"NATAL";"8194";"SUPERINTENDENCIA DO MEJC - EBSERH";"9879";"UNIDADE DE CIRURGIA/RPA CME - MEJC/EBSERH";".8517.8194.9861.9741.9879.12277.";"01/05/2017";"";"ACADÊMICA";"ESTRATÉGICO";"ADMINISTRATIVO                                    ";"ASSESSORIA                                                  ";"FIM"
"14637";"31110405";"CENTRO CIRURGICO GINECOLOGICO";"CCG/MEJC";"";"";"NATAL";"8194";"SUPERINTENDENCIA DO MEJC - EBSERH";"13103";"COORDENACAO EXECUTIVA";".441.5728.9285.9327.13103.14637.";"24/06/1974";"";"ADMINISTRATIVA";"OPERACIONAL";"CIÊNCIAS DA SAÚDE                                 ";"SETOR                                                       ";"FIM"
"3624";"20110401";"CENTRO CIRURGICO OBSTETRICO";"CCO";"";"";"NATAL";"447";"MATERNIDADE ESCOLA JANUARIO CICCO";"3622";"COORDENACAO EXECUTIVA";".605.447.2712.3622.3624.";"24/06/1974";"";"ADMINISTRATIVA";"OPERACIONAL";"CIÊNCIAS DA SAÚDE                                 ";"SETOR                                                       ";"FIM"
"14401";"3110050102";"CENTRO CIRURGICO OBSTETRICO";"CCO/MEJC";"";"";"NATAL";"8194";"SUPERINTENDENCIA DO MEJC - EBSERH";"9879";"UNIDADE DE CIRURGIA/RPA CME - MEJC/EBSERH";".8517.8194.9861.9741.9879.14401.";"24/06/1974";"";"ADMINISTRATIVA";"OPERACIONAL";"CIÊNCIAS DA SAÚDE                                 ";"SETOR                                                       ";"FIM"
"441";"1500";"CENTRO DE CIENCIAS DA SAUDE";"CCS";"";"3215-4200,3215-4224";"NATAL";"441";"CENTRO DE CIENCIAS DA SAUDE";"605";"UNIVERSIDADE FEDERAL DO RIO GRANDE DO NORTE";".605.441.";"24/06/1974";"";"ACADÊMICA";"ESTRATÉGICO";"CIÊNCIAS DA SAÚDE                                 ";"CENTRO                                                      ";"MEIO"
"439";"1200";"CENTRO DE CIENCIAS EXATAS E DA TERRA";"CCET";"ccet@ufrn.br";"3215-3832";"NATAL";"439";"CENTRO DE CIENCIAS EXATAS E DA TERRA";"605";"UNIVERSIDADE FEDERAL DO RIO GRANDE DO NORTE";".605.439.";"24/06/1974";"";"ACADÊMICA";"ESTRATÉGICO";"CIÊNCIAS EXATAS E DA NATUREZA                     ";"CENTRO                                                      ";"MEIO"
"442";"1300";"CENTRO DE CIENCIAS HUMANAS, LETRAS E ARTES";"CCHLA";"direção@cchla.ufrn.br";"";"NATAL";"442";"CENTRO DE CIENCIAS HUMANAS, LETRAS E ARTES";"605";"UNIVERSIDADE FEDERAL DO RIO GRANDE DO NORTE";".605.442.";"24/06/1974";"";"ACADÊMICA";"ESTRATÉGICO";"CIÊNCIAS HUMANAS, JURÍDICAS E ECONÔMICAS          ";"CENTRO                                                      ";"FIM"
"443";"1600";"CENTRO DE CIENCIAS SOCIAIS APLICADAS";"CCSA";"";"";"NATAL";"443";"CENTRO DE CIENCIAS SOCIAIS APLICADAS";"605";"UNIVERSIDADE FEDERAL DO RIO GRANDE DO NORTE";".605.443.";"24/06/1974";"";"ACADÊMICA";"ESTRATÉGICO";"CIÊNCIAS HUMANAS, JURÍDICAS E ECONÔMICAS          ";"CENTRO                                                      ";"MEIO"
"5234";"10000000";"CENTRO DE EDUCACAO - CEDUC";"CEDUC";"";"";"NATAL";"605";"UNIVERSIDADE FEDERAL DO RIO GRANDE DO NORTE";"605";"UNIVERSIDADE FEDERAL DO RIO GRANDE DO NORTE";".605.5234.";"05/01/2009";"";"ACADÊMICA";"GERENCIAL";"ADMINISTRATIVO                                    ";"CENTRO                                                      ";"FIM"
"4092";"211008";"CENTRO DE IMAGEM E DIAGNOSTICOS";"CID";"";"";"NATAL";"446";"HOSPITAL UNIVERSITARIO ONOFRE LOPES";"2659";"HUOL - CENTRO DE DIAGNOSTICO POR IMAGEM";".605.446.2659.4092.";"24/06/1974";"";"ADMINISTRATIVA";"OPERACIONAL";"CIÊNCIAS DA SAÚDE                                 ";"CENTRO                                                      ";"FIM"
"6357";"11220013";"CENTRO DE PESQUISA E MANEJO DE SUINOS";"CPMSUÍNOS";"";"";"MACAÍBA";"605";"UNIVERSIDADE FEDERAL DO RIO GRANDE DO NORTE";"351";"ESCOLA AGRICOLA DE JUNDIAI";".605.351.6357.";"10/11/2011";"";"ACADÊMICA";"OPERACIONAL";"AGROPECUÁRIO                                      ";"LABORATÓRIO                                                 ";"FIM"
"445";"1400";"CENTRO DE TECNOLOGIA";"CT";"";"";"NATAL";"445";"CENTRO DE TECNOLOGIA";"605";"UNIVERSIDADE FEDERAL DO RIO GRANDE DO NORTE";".605.445.";"24/06/1974";"";"ACADÊMICA";"ESTRATÉGICO";"CIÊNCIAS EXATAS E DA NATUREZA                     ";"CENTRO                                                      ";"FIM"
"10477";"1100050208";"CENTRO MULTIUSUARIO EM BIOINFORMATICA - CMB";"CMB/IMD";"";"";"NATAL";"605";"UNIVERSIDADE FEDERAL DO RIO GRANDE DO NORTE";"7147";"DIRETORIA GERAL - IMD";".605.6069.7147.10477.";"01/01/2017";"";"ACADÊMICA";"ESTRATÉGICO";"ADMINISTRATIVO                                    ";"ASSESSORIA                                                  ";"FIM"
"1647";"181402";"CERES - COORDENACAO DO CURSO DE ADMINISTRACAO";"CCA/CERES";"";"";"CURRAIS NOVOS";"1482";"CENTRO DE  ENSINO SUPERIOR DO SERIDO";"236";"CERES - DEPTO CIENCIAS SOCIAIS E HUMANAS";".1482.236.1647.";"24/06/1974";"";"ACADÊMICA";"OPERACIONAL";"CIÊNCIAS HUMANAS, JURÍDICAS E ECONÔMICAS          ";"COORDENAÇÃO                                                 ";"FIM"
"33499";"180032";"CERES - COORDENACAO DO CURSO DE BACHARELADO EM ARQUEOLOGIA";"BARQ";"secretaria@ceres.ufrn.br";"(84) 99167-6524";"CAICÓ";"1482";"CENTRO DE  ENSINO SUPERIOR DO SERIDO";"1482";"CENTRO DE  ENSINO SUPERIOR DO SERIDO";".1482.33499.";"09/09/2025";"";"ACADÊMICA";"GERENCIAL";"CIÊNCIAS HUMANAS, JURÍDICAS E ECONÔMICAS          ";"COORDENAÇÃO                                                 ";"FIM"
"10105";"180019";"CERES - COORDENACAO DO CURSO DE BACHARELADO EM HISTORIA";"CCBH/CERES";"";"";"CAICÓ";"1482";"CENTRO DE  ENSINO SUPERIOR DO SERIDO";"1482";"CENTRO DE  ENSINO SUPERIOR DO SERIDO";".1482.10105.";"24/06/1974";"";"ACADÊMICA";"ESTRATÉGICO";"ADMINISTRATIVO                                    ";"AGÊNCIA                                                     ";"FIM"
"1648";"180006";"CERES - COORDENACAO DO CURSO DE CIENCIAS CONTABEIS";"CCCC/CERES";"";"";"CAICÓ";"1482";"CENTRO DE  ENSINO SUPERIOR DO SERIDO";"1482";"CENTRO DE  ENSINO SUPERIOR DO SERIDO";".1482.1648.";"24/06/1974";"";"ACADÊMICA";"OPERACIONAL";"CIÊNCIAS HUMANAS, JURÍDICAS E ECONÔMICAS          ";"COORDENAÇÃO                                                 ";"FIM"
"33007";"180029";"CERES - COORDENACAO DO CURSO DE ENGENHARIA DE COMPUTACAO";"CCEC/CERES";"engenhariacomputacao@ceres.ufrn.br";"84 99193-6053";"CAICÓ";"1482";"CENTRO DE  ENSINO SUPERIOR DO SERIDO";"1482";"CENTRO DE  ENSINO SUPERIOR DO SERIDO";".1482.33007.";"26/11/2024";"";"ACADÊMICA";"GERENCIAL";"CIÊNCIAS EXATAS E DA NATUREZA                     ";"COORDENAÇÃO                                                 ";"FIM"
"1651";"181403";"CERES - COORDENACAO DO CURSO DE LETRAS";"CCL/CERES";"";"";"CURRAIS NOVOS";"1482";"CENTRO DE  ENSINO SUPERIOR DO SERIDO";"236";"CERES - DEPTO CIENCIAS SOCIAIS E HUMANAS";".1482.236.1651.";"24/06/1974";"";"ACADÊMICA";"OPERACIONAL";"CIÊNCIAS HUMANAS, JURÍDICAS E ECONÔMICAS          ";"COORDENAÇÃO                                                 ";"FIM"
"10113";"181413";"CERES-COORDENACAO DO CURSO DE LETRAS - LINGUA ESPANHOLA";"CERES/CCL/ESP";"";"";"CURRAIS NOVOS";"1482";"CENTRO DE  ENSINO SUPERIOR DO SERIDO";"236";"CERES - DEPTO CIENCIAS SOCIAIS E HUMANAS";".1482.236.10113.";"14/10/2019";"";"ACADÊMICA";"OPERACIONAL";"CIÊNCIAS HUMANAS, JURÍDICAS E ECONÔMICAS          ";"COORDENAÇÃO                                                 ";"FIM"
"10112";"181412";"CERES-COORDENACAO DO CURSO DE LETRAS - LINGUA PORTUGUESA";"CERES/CCL/PT";"";"";"CURRAIS NOVOS";"1482";"CENTRO DE  ENSINO SUPERIOR DO SERIDO";"236";"CERES - DEPTO CIENCIAS SOCIAIS E HUMANAS";".1482.236.10112.";"14/10/2019";"";"ACADÊMICA";"OPERACIONAL";"CIÊNCIAS HUMANAS, JURÍDICAS E ECONÔMICAS          ";"COORDENAÇÃO                                                 ";"FIM"
"1649";"180020";"CERES - COORDENACAO DO CURSO DE LICENCIATURA EM GEOGRAFIA";"CCLG/CERES";"";"";"CAICÓ";"1482";"CENTRO DE  ENSINO SUPERIOR DO SERIDO";"1482";"CENTRO DE  ENSINO SUPERIOR DO SERIDO";".1482.1649.";"24/06/1974";"";"ACADÊMICA";"OPERACIONAL";"CIÊNCIAS HUMANAS, JURÍDICAS E ECONÔMICAS          ";"COORDENAÇÃO                                                 ";"FIM"
"1650";"180021";"CERES - COORDENACAO DO CURSO DE LICENCIATURA EM HISTORIA";"CCLH/CERES";"";"";"CAICÓ";"1482";"CENTRO DE  ENSINO SUPERIOR DO SERIDO";"1482";"CENTRO DE  ENSINO SUPERIOR DO SERIDO";".1482.1650.";"24/06/1974";"";"ACADÊMICA";"OPERACIONAL";"CIÊNCIAS HUMANAS, JURÍDICAS E ECONÔMICAS          ";"COORDENAÇÃO                                                 ";"FIM"
"4098";"180001";"CERES - COORDENACAO DO CURSO DE TURISMO";"COODTUR";"";"";"CURRAIS NOVOS";"1482";"CENTRO DE  ENSINO SUPERIOR DO SERIDO";"1482";"CENTRO DE  ENSINO SUPERIOR DO SERIDO";".1482.4098.";"24/06/1974";"";"ACADÊMICA";"OPERACIONAL";"CIÊNCIAS HUMANAS, JURÍDICAS E ECONÔMICAS          ";"COORDENAÇÃO                                                 ";"FIM"
"2854";"180025";"CERES - COORDENACAO DO CURSO DIREITO";"CCD/CERES";"";"";"CAICÓ";"1482";"CENTRO DE  ENSINO SUPERIOR DO SERIDO";"1482";"CENTRO DE  ENSINO SUPERIOR DO SERIDO";".1482.2854.";"24/06/1974";"";"ACADÊMICA";"OPERACIONAL";"CIÊNCIAS HUMANAS, JURÍDICAS E ECONÔMICAS          ";"COORDENAÇÃO                                                 ";"FIM"
"3177";"180604";"CERES - COZINHA - CURRAIS NOVOS";"COZ/CERES";"";"";"CURRAIS NOVOS";"1482";"CENTRO DE  ENSINO SUPERIOR DO SERIDO";"62";"ADMINISTRACAO DO CERES - CURRAIS NOVOS";".1482.62.3177.";"29/05/1999";"";"ADMINISTRATIVA";"OPERACIONAL";"CIÊNCIAS DA SAÚDE                                 ";"ASSESSORIA                                                  ";"MEIO"
"234";"1815";"CERES - DEPARTAMENTO DE GEOGRAFIA";"DGC/CERES";"";"3421.2153,3421.3417";"CAICÓ";"1482";"CENTRO DE  ENSINO SUPERIOR DO SERIDO";"1482";"CENTRO DE  ENSINO SUPERIOR DO SERIDO";".1482.234.";"20/09/2010";"";"ADMINISTRATIVA";"TÁTICO";"ADMINISTRATIVO                                    ";"DEPARTAMENTO                                                ";"FIM"
"5486";"1827";"CERES - DEPARTAMENTO DE HISTORIA";"DHC";"";"";"CAICÓ";"1482";"CENTRO DE  ENSINO SUPERIOR DO SERIDO";"1482";"CENTRO DE  ENSINO SUPERIOR DO SERIDO";".1482.5486.";"20/09/2010";"";"ACADÊMICA";"TÁTICO";"ADMINISTRATIVO                                    ";"DEPARTAMENTO                                                ";"FIM"
"235";"1812";"CERES - DEPTO CIENCIAS EXATAS E APLICADAS";"DCEA/CERES";"lgofl@uol.com.br";"3421.2153,3417.1015";"CAICÓ";"1482";"CENTRO DE  ENSINO SUPERIOR DO SERIDO";"1482";"CENTRO DE  ENSINO SUPERIOR DO SERIDO";".1482.235.";"24/06/1974";"";"ADMINISTRATIVA";"TÁTICO";"CIÊNCIAS EXATAS E DA NATUREZA                     ";"DEPARTAMENTO                                                ";"MEIO"
"236";"1814";"CERES - DEPTO CIENCIAS SOCIAIS E HUMANAS";"DCSH/CERES";"";"3431.2539,3431.2539";"CURRAIS NOVOS";"1482";"CENTRO DE  ENSINO SUPERIOR DO SERIDO";"1482";"CENTRO DE  ENSINO SUPERIOR DO SERIDO";".1482.236.";"24/06/1974";"";"ADMINISTRATIVA";"TÁTICO";"CIÊNCIAS HUMANAS, JURÍDICAS E ECONÔMICAS          ";"DEPARTAMENTO                                                ";"FIM"
"233";"181301";"CERES - SECRETARIA DESE";"SEC/DESE";"";"";"CAICÓ";"1482";"CENTRO DE  ENSINO SUPERIOR DO SERIDO";"2853";"CERES - DEPTO ESTUDOS SOCIAIS E EDUCACIONAIS";".1482.2853.233.";"24/06/1974";"";"ADMINISTRATIVA";"OPERACIONAL";"CIÊNCIAS HUMANAS, JURÍDICAS E ECONÔMICAS          ";"SECRETARIA ADMINISTRATIVA                                   ";"MEIO"
"2856";"181201";"CERES - SECRETARIA DO DCEA";"SEC/DCEA";"";"";"CAICÓ";"1482";"CENTRO DE  ENSINO SUPERIOR DO SERIDO";"235";"CERES - DEPTO CIENCIAS EXATAS E APLICADAS";".1482.235.2856.";"24/06/1974";"";"ADMINISTRATIVA";"OPERACIONAL";"ADMINISTRATIVO                                    ";"SECRETARIA ADMINISTRATIVA                                   ";"MEIO"
"2857";"181401";"CERES - SECRETARIA DO DCSH";"SEC/DCSH";"";"";"CURRAIS NOVOS";"1482";"CENTRO DE  ENSINO SUPERIOR DO SERIDO";"236";"CERES - DEPTO CIENCIAS SOCIAIS E HUMANAS";".1482.236.2857.";"24/06/1974";"";"ADMINISTRATIVA";"OPERACIONAL";"CIÊNCIAS HUMANAS, JURÍDICAS E ECONÔMICAS          ";"SECRETARIA ADMINISTRATIVA                                   ";"MEIO"
"2855";"181501";"CERES - SECRETARIA DO DHG";"SEC/DHG";"";"";"CAICÓ";"1482";"CENTRO DE  ENSINO SUPERIOR DO SERIDO";"234";"CERES - DEPARTAMENTO DE GEOGRAFIA";".1482.234.2855.";"24/06/1974";"";"ADMINISTRATIVA";"OPERACIONAL";"CIÊNCIAS HUMANAS, JURÍDICAS E ECONÔMICAS          ";"SECRETARIA ADMINISTRATIVA                                   ";"MEIO"
"2858";"1805";"CERES- SETOR DE PATRIMONIO";"PATR/CERES";"";"";"CAICÓ";"1482";"CENTRO DE  ENSINO SUPERIOR DO SERIDO";"1482";"CENTRO DE  ENSINO SUPERIOR DO SERIDO";".1482.2858.";"24/06/1974";"";"ADMINISTRATIVA";"OPERACIONAL";"ADMINISTRATIVO                                    ";"DIVISAO                                                     ";"MEIO"
"3096";"113214";"CERIMONIAL";"CERIM";"cerimonial@reitoria.ufrn.br";"32153104";"NATAL";"605";"UNIVERSIDADE FEDERAL DO RIO GRANDE DO NORTE";"262";"GABINETE DO REITOR";".605.262.3096.";"24/06/1974";"";"ADMINISTRATIVA";"OPERACIONAL";"ADMINISTRATIVO                                    ";"SETOR                                                       ";"MEIO"
"6798";"14310403";"CERIMONIAL DO CT";"CERIMONIAL/CT";"";"";"NATAL";"445";"CENTRO DE TECNOLOGIA";"1561";"SECRETARIA ADMINISTRATIVA - CT";".445.87.1561.6798.";"14/08/2012";"";"ACADÊMICA";"ESTRATÉGICO";"ADMINISTRATIVO                                    ";"ASSESSORIA                                                  ";"FIM"
"1443";"113211";"CHEFIA DE GABINETE";"GR";"reitoria@reitoria.ufrn.br";"32153120";"NATAL";"605";"UNIVERSIDADE FEDERAL DO RIO GRANDE DO NORTE";"262";"GABINETE DO REITOR";".605.262.1443.";"24/06/1974";"";"ADMINISTRATIVA";"TÁTICO";"ADMINISTRATIVO                                    ";"DEPARTAMENTO                                                ";"MEIO"
"6306";"112204";"CHEFIA DE GABINETE";"CHEFGAB";"";"";"MACAÍBA";"605";"UNIVERSIDADE FEDERAL DO RIO GRANDE DO NORTE";"351";"ESCOLA AGRICOLA DE JUNDIAI";".605.351.6306.";"11/11/2011";"";"ADMINISTRATIVA";"GERENCIAL";"ADMINISTRATIVO                                    ";"SETOR                                                       ";"MEIO"
"5245";"8454";"CINEMATECA - CONSORCIADOS";"CENCON";"";"";"NATAL";"605";"UNIVERSIDADE FEDERAL DO RIO GRANDE DO NORTE";"605";"UNIVERSIDADE FEDERAL DO RIO GRANDE DO NORTE";".605.5245.";"01/01/2010";"";"ADMINISTRATIVA";"ESTRATÉGICO";"ADMINISTRATIVO                                    ";"SETOR                                                       ";"FIM"
"5244";"8453";"CINEMATECA - EXCELENCIA";"CINEXC";"";"";"NATAL";"605";"UNIVERSIDADE FEDERAL DO RIO GRANDE DO NORTE";"605";"UNIVERSIDADE FEDERAL DO RIO GRANDE DO NORTE";".605.5244.";"01/01/2010";"";"ACADÊMICA";"ESTRATÉGICO";"ADMINISTRATIVO                                    ";"ASSESSORIA                                                  ";"MEIO"
"4308";"151901";"CIRURGIA BUCO-MAXILO FACIAL II";"CO";"";"";"NATAL";"441";"CENTRO DE CIENCIAS DA SAUDE";"195";"DEPARTAMENTO DE ODONTOLOGIA";".441.195.4308.";"24/06/1974";"";"ACADÊMICA";"OPERACIONAL";"CIÊNCIAS DA SAÚDE                                 ";"LABORATÓRIO                                                 ";"FIM"
"2734";"2035";"CITOLOGIA - MEJC";"CITOL/MEJC";"";"";"NATAL";"447";"MATERNIDADE ESCOLA JANUARIO CICCO";"447";"MATERNIDADE ESCOLA JANUARIO CICCO";".605.447.2734.";"24/06/1974";"";"ADMINISTRATIVA";"OPERACIONAL";"CIÊNCIAS DA SAÚDE                                 ";"ASSESSORIA                                                  ";"FIM"
"10743";"3135";"CITOLOGIA - MEJC";"CITOL/MEJC";"";"";"NATAL";"8194";"SUPERINTENDENCIA DO MEJC - EBSERH";"8194";"SUPERINTENDENCIA DO MEJC - EBSERH";".8517.8194.10743.";"24/06/1974";"";"ADMINISTRATIVA";"OPERACIONAL";"CIÊNCIAS DA SAÚDE                                 ";"ASSESSORIA                                                  ";"FIM"
"6211";"170804";"CLINICA ESCOLA DE ACUPUNTURA";"CEA/DBF";"";"";"NATAL";"440";"CENTRO DE BIOCIENCIAS";"184";"DEPARTAMENTO DE BIOFISICA E FARMACOLOGIA";".440.184.6211.";"27/09/2011";"";"ACADÊMICA";"OPERACIONAL";"CIÊNCIAS BIOLÓGICAS                               ";"SETOR                                                       ";"FIM"
"9034";"103218";"CLINICA ESCOLA DE ENFERMAGEM DA FACISA";"FACISA/CEENF";"";"";"SANTA CRUZ";"605";"UNIVERSIDADE FEDERAL DO RIO GRANDE DO NORTE";"4890";"FACULDADE DE CIENCIAS DA SAUDE DO TRAIRI - FACISA";".605.4890.9034.";"14/04/2016";"";"ADMINISTRATIVA";"OPERACIONAL";"CIÊNCIAS DA SAÚDE                                 ";"SETOR                                                       ";"FIM"
"7134";"10320003";"CLINICA ESCOLA DE FISIOTERAPIA DA FACISA";"CEFISIO/FACISA";"";"";"SANTA CRUZ";"605";"UNIVERSIDADE FEDERAL DO RIO GRANDE DO NORTE";"4890";"FACULDADE DE CIENCIAS DA SAUDE DO TRAIRI - FACISA";".605.4890.7134.";"08/10/2012";"";"ACADÊMICA";"OPERACIONAL";"CIÊNCIAS DA SAÚDE                                 ";"SETOR                                                       ";"FIM"
"8353";"10320015";"CLINICA ESCOLA DE NUTRICAO DA FACISA";"CLINESCONUT";"";"";"SANTA CRUZ";"605";"UNIVERSIDADE FEDERAL DO RIO GRANDE DO NORTE";"4890";"FACULDADE DE CIENCIAS DA SAUDE DO TRAIRI - FACISA";".605.4890.8353.";"06/03/2014";"";"ACADÊMICA";"OPERACIONAL";"CIÊNCIAS DA SAÚDE                                 ";"CLÍNICA                                                     ";"FIM"
"3527";"1554000001";"CLINICA HEMATOLOGICA";"CHEM";"";"";"NATAL";"441";"CENTRO DE CIENCIAS DA SAUDE";"3524";"SERVICOS MEDICOS";".605.292.3523.3524.3527.";"24/06/1974";"";"ADMINISTRATIVA";"OPERACIONAL";"CIÊNCIAS DA SAÚDE                                 ";"SETOR                                                       ";"FIM"
"3528";"1554000002";"CLINICA HEMOTERAPICA";"CHEMOT";"";"";"NATAL";"441";"CENTRO DE CIENCIAS DA SAUDE";"3524";"SERVICOS MEDICOS";".605.292.3523.3524.3528.";"24/06/1974";"";"ADMINISTRATIVA";"OPERACIONAL";"CIÊNCIAS DA SAÚDE                                 ";"SETOR                                                       ";"FIM"
"5483";"151933";"CLINICA INFANTIL I";"INF I";"";"";"NATAL";"441";"CENTRO DE CIENCIAS DA SAUDE";"195";"DEPARTAMENTO DE ODONTOLOGIA";".441.195.5483.";"04/10/2010";"";"ACADÊMICA";"OPERACIONAL";"CIÊNCIAS DA SAÚDE                                 ";"LABORATÓRIO                                                 ";"FIM"
"5484";"151934";"CLINICA INFANTIL II";"INF II";"";"";"NATAL";"441";"CENTRO DE CIENCIAS DA SAUDE";"195";"DEPARTAMENTO DE ODONTOLOGIA";".441.195.5484.";"04/10/2010";"";"ACADÊMICA";"OPERACIONAL";"CIÊNCIAS DA SAÚDE                                 ";"LABORATÓRIO                                                 ";"FIM"
"4328";"151912";"CLINICA INTEGRADA";"CIN";"";"32154123, 32154109";"NATAL";"441";"CENTRO DE CIENCIAS DA SAUDE";"195";"DEPARTAMENTO DE ODONTOLOGIA";".441.195.4328.";"24/06/1974";"";"ADMINISTRATIVA";"OPERACIONAL";"CIÊNCIAS DA SAÚDE                                 ";"LABORATÓRIO                                                 ";"FIM"
"3795";"21081401";"CLINICA MEDICA";"cm";"";"";"NATAL";"446";"HOSPITAL UNIVERSITARIO ONOFRE LOPES";"3793";"HUOL - EDIFICIO CENTRAL DE INTERNACAO  4º ANDAR";".605.446.394.3793.3795.";"24/06/1974";"";"ADMINISTRATIVA";"OPERACIONAL";"CIÊNCIAS DA SAÚDE                                 ";"SETOR                                                       ";"FIM"
"19961";"32081401";"CLINICA MEDICA";"cm";"";"";"NATAL";"8193";"SUPERINTENDENCIA DO HUOL - EBSERH";"3793";"HUOL - EDIFICIO CENTRAL DE INTERNACAO  4º ANDAR";".605.446.394.3793.19961.";"24/06/1974";"";"ADMINISTRATIVA";"OPERACIONAL";"CIÊNCIAS DA SAÚDE                                 ";"SETOR                                                       ";"FIM"
"5473";"151923";"CLINICA MULTIDISCIPLINAR II";"CLIMUL II";"";"";"NATAL";"441";"CENTRO DE CIENCIAS DA SAUDE";"195";"DEPARTAMENTO DE ODONTOLOGIA";".441.195.5473.";"04/10/2010";"";"ACADÊMICA";"OPERACIONAL";"CIÊNCIAS DA SAÚDE                                 ";"LABORATÓRIO                                                 ";"FIM"
"5474";"151924";"CLINICA MULTIDISCIPLINAR III";"CLIMUL III";"";"";"NATAL";"441";"CENTRO DE CIENCIAS DA SAUDE";"195";"DEPARTAMENTO DE ODONTOLOGIA";".441.195.5474.";"04/10/2010";"";"ACADÊMICA";"OPERACIONAL";"CIÊNCIAS DA SAÚDE                                 ";"LABORATÓRIO                                                 ";"FIM"
"5475";"151925";"CLINICA MULTIDISCIPLINAR IV";"CLIMUL IV";"";"";"NATAL";"441";"CENTRO DE CIENCIAS DA SAUDE";"195";"DEPARTAMENTO DE ODONTOLOGIA";".441.195.5475.";"04/10/2010";"";"ACADÊMICA";"OPERACIONAL";"CIÊNCIAS DA SAÚDE                                 ";"LABORATÓRIO                                                 ";"FIM"
"6287";"151935";"CLINICA MULTIDISCIPLINAR V";"CLIMUL V";"";"";"NATAL";"441";"CENTRO DE CIENCIAS DA SAUDE";"195";"DEPARTAMENTO DE ODONTOLOGIA";".441.195.6287.";"18/10/2011";"";"ADMINISTRATIVA";"OPERACIONAL";"ADMINISTRATIVO                                    ";"ASSESSORIA                                                  ";"FIM"
"10890";"11240101";"COESPE - CONSELHO CONSULTIVO";"SCC/COESPE";"";"3342-2397";"NATAL";"605";"UNIVERSIDADE FEDERAL DO RIO GRANDE DO NORTE";"10130";"COMPLEXO DE ESPORTES E EVENTOS";".605.4659.10130.10890.";"13/06/2017";"";"ADMINISTRATIVA";"ESTRATÉGICO";"ADMINISTRATIVO                                    ";"COMISSAO PERMANENTE                                         ";"FIM"
"10891";"11240102";"COESPE - DIRECAO";"COESPE/DIREÇÃO";"";"";"NATAL";"605";"UNIVERSIDADE FEDERAL DO RIO GRANDE DO NORTE";"10130";"COMPLEXO DE ESPORTES E EVENTOS";".605.4659.10130.10891.";"27/10/2017";"";"ACADÊMICA";"ESTRATÉGICO";"ADMINISTRATIVO                                    ";"ASSESSORIA                                                  ";"FIM"
"10895";"11240106";"COESPE - SECRETARIA ADMINISTRATIVA";"SECAD/COESPE";"";"";"NATAL";"605";"UNIVERSIDADE FEDERAL DO RIO GRANDE DO NORTE";"10130";"COMPLEXO DE ESPORTES E EVENTOS";".605.4659.10130.10895.";"27/10/2017";"";"ACADÊMICA";"ESTRATÉGICO";"ADMINISTRATIVO                                    ";"ASSESSORIA                                                  ";"FIM"
"8628";"171204";"CO-LAB - ESTUDOS SOBRE CO-EXISTENCIA";"CO-LAB";"";"";"NATAL";"440";"CENTRO DE BIOCIENCIAS";"178";"DEPARTAMENTO DE FISIOLOGIA E COMPORTAMENTO";".440.178.8628.";"15/04/2014";"";"ACADÊMICA";"OPERACIONAL";"CIÊNCIAS BIOLÓGICAS                               ";"LABORATÓRIO                                                 ";"FIM"
"8895";"171121";"COLECAO DE COLLEMBOLA DA UFRN";"COLCOLLE";"";"";"NATAL";"440";"CENTRO DE BIOCIENCIAS";"183";"DEPARTAMENTO DE BOTANICA E ZOOLOGIA";".440.183.8895.";"20/08/2014";"";"ACADÊMICA";"OPERACIONAL";"CIÊNCIAS BIOLÓGICAS                               ";"LABORATÓRIO                                                 ";"FIM"
"8892";"171118";"COLECAO DE FUNGOS DA UFRN";"COLEFUNG";"";"";"NATAL";"440";"CENTRO DE BIOCIENCIAS";"183";"DEPARTAMENTO DE BOTANICA E ZOOLOGIA";".440.183.8892.";"20/08/2014";"";"ACADÊMICA";"OPERACIONAL";"CIÊNCIAS BIOLÓGICAS                               ";"LABORATÓRIO                                                 ";"FIM"
"8894";"171120";"COLECAO DE INVERTEBRADOS DA UFRN";"COLINV";"";"";"NATAL";"440";"CENTRO DE BIOCIENCIAS";"183";"DEPARTAMENTO DE BOTANICA E ZOOLOGIA";".440.183.8894.";"20/08/2014";"";"ACADÊMICA";"OPERACIONAL";"CIÊNCIAS BIOLÓGICAS                               ";"LABORATÓRIO                                                 ";"FIM"
"8893";"171119";"COLECAO DE TECIDOS VEGETAIS, MADEIRAS, SEMENTES E FLORES DA UFRN";"COLETEVEMASEF";"";"";"NATAL";"440";"CENTRO DE BIOCIENCIAS";"183";"DEPARTAMENTO DE BOTANICA E ZOOLOGIA";".440.183.8893.";"20/08/2014";"";"ACADÊMICA";"OPERACIONAL";"CIÊNCIAS BIOLÓGICAS                               ";"LABORATÓRIO                                                 ";"FIM"
"8897";"171123";"COLECAO HERPETOLOGICA DA UFRN";"COLHERPET";"";"";"NATAL";"440";"CENTRO DE BIOCIENCIAS";"183";"DEPARTAMENTO DE BOTANICA E ZOOLOGIA";".440.183.8897.";"20/08/2014";"";"ACADÊMICA";"OPERACIONAL";"CIÊNCIAS BIOLÓGICAS                               ";"LABORATÓRIO                                                 ";"FIM"
"8896";"171122";"COLECAO ICTIOLOGICA DA UFRN";"COLICTIO";"";"";"NATAL";"440";"CENTRO DE BIOCIENCIAS";"183";"DEPARTAMENTO DE BOTANICA E ZOOLOGIA";".440.183.8896.";"20/08/2014";"";"ACADÊMICA";"OPERACIONAL";"CIÊNCIAS BIOLÓGICAS                               ";"LABORATÓRIO                                                 ";"FIM"
"8899";"171125";"COLECAO MASTOZOOLOGICA DA UFRN";"COLMASTOZOO";"";"";"NATAL";"440";"CENTRO DE BIOCIENCIAS";"183";"DEPARTAMENTO DE BOTANICA E ZOOLOGIA";".440.183.8899.";"20/08/2014";"";"ACADÊMICA";"OPERACIONAL";"CIÊNCIAS BIOLÓGICAS                               ";"LABORATÓRIO                                                 ";"FIM"
"8898";"171124";"COLECAO ORNITOLOGICA DA UFRN";"COLORNI";"";"";"NATAL";"440";"CENTRO DE BIOCIENCIAS";"183";"DEPARTAMENTO DE BOTANICA E ZOOLOGIA";".440.183.8898.";"20/08/2014";"";"ACADÊMICA";"OPERACIONAL";"CIÊNCIAS BIOLÓGICAS                               ";"LABORATÓRIO                                                 ";"FIM"
"8890";"171116";"COLECOES BIOLOGICAS";"COLEBIO";"";"";"NATAL";"440";"CENTRO DE BIOCIENCIAS";"183";"DEPARTAMENTO DE BOTANICA E ZOOLOGIA";".440.183.8890.";"19/08/2014";"";"ACADÊMICA";"OPERACIONAL";"CIÊNCIAS BIOLÓGICAS                               ";"LABORATÓRIO                                                 ";"FIM"
"8770";"17001218";"COLECOES CIENTIFICAS/DECO";"COLCI";"";"";"NATAL";"440";"CENTRO DE BIOCIENCIAS";"8366";"DEPARTAMENTO DE ECOLOGIA";".440.8366.8770.";"06/06/2014";"";"ACADÊMICA";"OPERACIONAL";"CIÊNCIAS BIOLÓGICAS                               ";"LABORATÓRIO                                                 ";"FIM"
"7285";"190109";"COMFOR/UFRN";"COMFOR/UFRN";"";"";"NATAL";"5965";"CENTRO DE EDUCACAO";"5966";"ADMINISTRACAO DO CENTRO DE EDUCACAO";".5965.5966.7285.";"20/02/2017";"";"ACADÊMICA";"ESTRATÉGICO";"ADMINISTRATIVO                                    ";"ASSESSORIA                                                  ";"FIM"
"11007";"11500110";"COMISSAO DE APOIO TECNICO";"CAT/NUPLAM";"";"";"NATAL";"605";"UNIVERSIDADE FEDERAL DO RIO GRANDE DO NORTE";"4006";"DIRETORIA - NUPLAM";".605.252.4006.11007.";"31/07/2017";"";"ACADÊMICA";"ESTRATÉGICO";"ADMINISTRATIVO                                    ";"ASSESSORIA                                                  ";"FIM"
"7003";"11310002";"COMISSAO DE ASSUNTOS ESTUDANTIS";"CAE/PROAE";"";"";"NATAL";"605";"UNIVERSIDADE FEDERAL DO RIO GRANDE DO NORTE";"248";"PRO-REITORIA DE ASSUNTOS ESTUDANTIS (PROAE)";".605.248.7003.";"01/01/2013";"";"ADMINISTRATIVA";"ESTRATÉGICO";"ADMINISTRATIVO                                    ";"COMISSAO PERMANENTE                                         ";"FIM"
"390";"1215";"COMISSAO DE AVALIACAO DOCENTE";"CAD/CCET";"";"";"NATAL";"439";"CENTRO DE CIENCIAS EXATAS E DA TERRA";"439";"CENTRO DE CIENCIAS EXATAS E DA TERRA";".439.390.";"29/05/1999";"";"ADMINISTRATIVA";"OPERACIONAL";"ADMINISTRATIVO                                    ";"COMISSAO PERMANENTE                                         ";"MEIO"
"393";"1702";"COMISSAO DE AVALIACAO DOCENTE";"CAD/CB";"";"";"NATAL";"440";"CENTRO DE BIOCIENCIAS";"440";"CENTRO DE BIOCIENCIAS";".440.393.";"24/06/1974";"";"ADMINISTRATIVA";"OPERACIONAL";"ADMINISTRATIVO                                    ";"COMISSAO PERMANENTE                                         ";"FIM"
"3567";"1123020";"COMISSAO DE CAPACITACAO DOCENTE";"CPD";"";"";"NATAL";"605";"UNIVERSIDADE FEDERAL DO RIO GRANDE DO NORTE";"3566";"DEPARTAMENTO DE POS-GRADUACAO";".605.1483.3566.3567.";"24/06/1974";"";"ADMINISTRATIVA";"OPERACIONAL";"ADMINISTRATIVO                                    ";"SETOR                                                       ";"MEIO"
"2727";"2029";"COMISSAO DE CONT. DE INFEC. HOSP. - MEJC";"CCIH/MEJC";"";"";"NATAL";"447";"MATERNIDADE ESCOLA JANUARIO CICCO";"447";"MATERNIDADE ESCOLA JANUARIO CICCO";".605.447.2727.";"24/06/1974";"";"ADMINISTRATIVA";"OPERACIONAL";"CIÊNCIAS DA SAÚDE                                 ";"ASSESSORIA                                                  ";"MEIO"
"10389";"3129";"COMISSAO DE CONT. DE INFEC. HOSP. - MEJC";"CCIH/MEJC";"";"";"NATAL";"8194";"SUPERINTENDENCIA DO MEJC - EBSERH";"8194";"SUPERINTENDENCIA DO MEJC - EBSERH";".8517.8194.10389.";"24/06/1974";"";"ADMINISTRATIVA";"OPERACIONAL";"CIÊNCIAS DA SAÚDE                                 ";"ASSESSORIA                                                  ";"MEIO"
"10903";"110410";"COMISSAO DE EXTENSAO";"CE/PROEX";"ALEXANDREDAVID@REITORIA.UFRN.BR";"33422272";"NATAL";"605";"UNIVERSIDADE FEDERAL DO RIO GRANDE DO NORTE";"17";"PRO-REITORIA DE EXTENSAO UNIVERSITARIA";".605.17.10903.";"16/06/2017";"";"ADMINISTRATIVA";"TÁTICO";"ADMINISTRATIVO                                    ";"SETOR                                                       ";"FIM"
"10876";"11080012";"COMISSAO DE GESTAO DO ESPACO FISICO E MEIO AMBIENTE";"INFRA/CGEFMA";"";"";"NATAL";"605";"UNIVERSIDADE FEDERAL DO RIO GRANDE DO NORTE";"20";"SUPERINTENDENCIA DE INFRAESTRUTURA";".605.20.10876.";"05/06/2017";"";"ACADÊMICA";"ESTRATÉGICO";"ADMINISTRATIVO                                    ";"ASSESSORIA                                                  ";"FIM"
"31035";"11650006";"COMISSAO DE HUMANIZACAO DAS RELACOES DE TRABALHO";"CHRT";"";"";"NATAL";"605";"UNIVERSIDADE FEDERAL DO RIO GRANDE DO NORTE";"1421";"PRO-REITORIA DE GESTAO DE PESSOAS";".605.1421.31035.";"26/02/2021";"";"ADMINISTRATIVA";"ESTRATÉGICO";"ADMINISTRATIVO                                    ";"COMISSAO PERMANENTE                                         ";"FIM"
"3568";"1123021";"COMISSAO DE POS-GRADUACAO";"CPG";"";"";"NATAL";"605";"UNIVERSIDADE FEDERAL DO RIO GRANDE DO NORTE";"3566";"DEPARTAMENTO DE POS-GRADUACAO";".605.1483.3566.3568.";"24/06/1974";"";"ADMINISTRATIVA";"OPERACIONAL";"ADMINISTRATIVO                                    ";"SETOR                                                       ";"MEIO"
"10496";"11230034";"COMISSAO DE POS-GRADUACAO";"CPG/PPG";"";"";"NATAL";"605";"UNIVERSIDADE FEDERAL DO RIO GRANDE DO NORTE";"1483";"PRO-REITORIA DE POS GRADUACAO";".605.1483.10496.";"26/01/2017";"";"ACADÊMICA";"ESTRATÉGICO";"ADMINISTRATIVO                                    ";"ASSESSORIA                                                  ";"FIM"
"31248";"113250";"COMISSAO DE VERIFICACAO ETNICA E RACIAL";"CVER";"";"";"NATAL";"605";"UNIVERSIDADE FEDERAL DO RIO GRANDE DO NORTE";"262";"GABINETE DO REITOR";".605.262.31248.";"13/07/2021";"";"ADMINISTRATIVA";"ESTRATÉGICO";"ADMINISTRATIVO                                    ";"COMISSAO PERMANENTE                                         ";"FIM"
"4087";"210905";"COMISSAO ESPECIAL DE LICITACAO DO HUOL";"CELHUOL";"";"";"NATAL";"446";"HOSPITAL UNIVERSITARIO ONOFRE LOPES";"416";"HUOL - DIRECAO GERAL";".605.446.416.4087.";"24/06/1974";"";"ADMINISTRATIVA";"OPERACIONAL";"ADMINISTRATIVO                                    ";"COMISSAO PERMANENTE                                         ";"FIM"
"14474";"320905";"COMISSAO ESPECIAL DE LICITACAO DO HUOL";"CELHUOL";"";"";"NATAL";"8193";"SUPERINTENDENCIA DO HUOL - EBSERH";"416";"HUOL - DIRECAO GERAL";".605.446.416.14474.";"24/06/1974";"";"ADMINISTRATIVA";"OPERACIONAL";"ADMINISTRATIVO                                    ";"COMISSAO PERMANENTE                                         ";"FIM"
"30038";"113247";"COMISSAO INTERNA DE CONSERVACAO DE ENERGIA";"CICE/UFRN";"";"3211-9224";"NATAL";"605";"UNIVERSIDADE FEDERAL DO RIO GRANDE DO NORTE";"262";"GABINETE DO REITOR";".605.262.30038.";"08/02/2019";"";"ADMINISTRATIVA";"GERENCIAL";"ADMINISTRATIVO                                    ";"COMISSAO PERMANENTE                                         ";"MEIO"
"1568";"1002";"COMISSAO INTERNA DE SUPERVISAO";"CIS";"cis@ufrn.br";"32153113";"NATAL";"605";"UNIVERSIDADE FEDERAL DO RIO GRANDE DO NORTE";"262";"GABINETE DO REITOR";".605.262.1568.";"12/01/2005";"";"ADMINISTRATIVA";"OPERACIONAL";"ADMINISTRATIVO                                    ";"COMISSAO PERMANENTE                                         ";"MEIO"
"11109";"113244";"COMISSAO PERMANENTE DE AVALIACAO DOCUMENTAL";"CPAD/UFRN";"dgi@dgi.ufrn.br";"992296501";"NATAL";"605";"UNIVERSIDADE FEDERAL DO RIO GRANDE DO NORTE";"262";"GABINETE DO REITOR";".605.262.11109.";"24/10/2017";"";"ADMINISTRATIVA";"ESTRATÉGICO";"ADMINISTRATIVO                                    ";"COMISSAO PERMANENTE                                         ";"FIM"
"2862";"113213";"COMISSAO PERMANENTE DE PROCESSO ADMINISTRATIVO DISCIPLINAR - CPPAD";"CPPAD";"";"";"NATAL";"605";"UNIVERSIDADE FEDERAL DO RIO GRANDE DO NORTE";"262";"GABINETE DO REITOR";".605.262.2862.";"02/02/2005";"";"ADMINISTRATIVA";"OPERACIONAL";"ADMINISTRATIVO                                    ";"COMISSAO PERMANENTE                                         ";"MEIO"
"2420";"112411";"COMISSAO PROPRIA DE AVALIACAO";"CPA/UFRN";"";"";"NATAL";"605";"UNIVERSIDADE FEDERAL DO RIO GRANDE DO NORTE";"4659";"REITORIA";".605.4659.2420.";"28/06/2019";"";"ADMINISTRATIVA";"ESTRATÉGICO";"ADMINISTRATIVO                                    ";"COMISSAO PERMANENTE                                         ";"FIM"
"1439";"113208";"COMITE DE ETICA EM PESQUISA";"CETIPESQUI";"contato@comissaodeetica.ufrn.br";"3342.2317";"NATAL";"605";"UNIVERSIDADE FEDERAL DO RIO GRANDE DO NORTE";"262";"GABINETE DO REITOR";".605.262.1439.";"29/05/1999";"";"ADMINISTRATIVA";"OPERACIONAL";"ADMINISTRATIVO                                    ";"COMISSAO PERMANENTE                                         ";"MEIO"
"7839";"110532";"COMITE DE ETICA E PESQUISA/FACISA";"CEPFASPROP";"";"";"NATAL";"605";"UNIVERSIDADE FEDERAL DO RIO GRANDE DO NORTE";"1481";"PRO-REITORIA DE PESQUISA";".605.1481.7839.";"06/02/2014";"";"ACADÊMICA";"ESTRATÉGICO";"ADMINISTRATIVO                                    ";"ASSESSORIA                                                  ";"FIM"
"5325";"110533";"COMITE DE ETICA E PESQUISA/HUOL";"CEPESQ/HUOL";"";"";"NATAL";"605";"UNIVERSIDADE FEDERAL DO RIO GRANDE DO NORTE";"1481";"PRO-REITORIA DE PESQUISA";".605.1481.5325.";"24/06/1974";"";"ADMINISTRATIVA";"OPERACIONAL";"ADMINISTRATIVO                                    ";"SETOR                                                       ";"FIM"
"5326";"110530";"COMITE DE ETICA NO USO DE ANIMAIS";"CEUA/PROPESQ";"";"";"NATAL";"605";"UNIVERSIDADE FEDERAL DO RIO GRANDE DO NORTE";"1481";"PRO-REITORIA DE PESQUISA";".605.1481.5326.";"06/02/2014";"";"ACADÊMICA";"ESTRATÉGICO";"ADMINISTRATIVO                                    ";"ASSESSORIA                                                  ";"FIM"
"30972";"11241003";"COMITE DE GOVERNANCA ESTRATEGICO";"CGE";"";"";"NATAL";"605";"UNIVERSIDADE FEDERAL DO RIO GRANDE DO NORTE";"605";"UNIVERSIDADE FEDERAL DO RIO GRANDE DO NORTE";".605.30972.";"17/11/2020";"";"ADMINISTRATIVA";"ESTRATÉGICO";"ADMINISTRATIVO                                    ";"AGÊNCIA                                                     ";"FIM"
"31361";"11241004";"COMITE DE PRIVACIDADE E PROTECAO DE DADOS";"CPPD";"";"";"NATAL";"605";"UNIVERSIDADE FEDERAL DO RIO GRANDE DO NORTE";"30417";"SECRETARIA DE GOVERNANCA INSTITUCIONAL";".605.4659.30417.31361.";"07/03/2022";"";"ACADÊMICA";"ESTRATÉGICO";"ADMINISTRATIVO                                    ";"AGÊNCIA                                                     ";"FIM"
"30045";"113249";"COMITE PERMANENTE DE SEGURANCA DA INFORMACAO";"CPSI";"";"";"NATAL";"605";"UNIVERSIDADE FEDERAL DO RIO GRANDE DO NORTE";"262";"GABINETE DO REITOR";".605.262.30045.";"19/03/2019";"";"ADMINISTRATIVA";"OPERACIONAL";"ADMINISTRATIVO                                    ";"COMISSAO PERMANENTE                                         ";"FIM"
"10922";"11001003";"COMITE TECNICO CIENTIFICO - IMT";"CTC/IMT";"";"";"NATAL";"605";"UNIVERSIDADE FEDERAL DO RIO GRANDE DO NORTE";"6919";"INSTITUTO DE MEDICINA TROPICAL - IMT-RN";".605.6919.10922.";"04/07/2017";"";"ACADÊMICA";"ESTRATÉGICO";"ADMINISTRATIVO                                    ";"ASSESSORIA                                                  ";"FIM"
"11120";"114704";"COMPERVE - CONSELHO DELIBERATIVO";"COMPERVE - CD";"comperve@comperve.ufrn.br";"3342-2280";"NATAL";"605";"UNIVERSIDADE FEDERAL DO RIO GRANDE DO NORTE";"253";"NUCLEO PERMANENTE DE CONCURSOS";".605.253.11120.";"03/11/2017";"";"ADMINISTRATIVA";"ESTRATÉGICO";"ADMINISTRATIVO                                    ";"COMISSAO PERMANENTE                                         ";"FIM"
"10130";"112401";"COMPLEXO DE ESPORTES E EVENTOS";"COESPE";"";"";"NATAL";"605";"UNIVERSIDADE FEDERAL DO RIO GRANDE DO NORTE";"4659";"REITORIA";".605.4659.10130.";"01/01/2017";"";"ÓRGÃO SUPLEMENTAR";"ESTRATÉGICO";"ADMINISTRATIVO                                    ";"ASSESSORIA                                                  ";"FIM"
"326";"1190";"COMPLEXO HOSPITALAR E DE SAUDE";"CHS";"";"";"NATAL";"605";"UNIVERSIDADE FEDERAL DO RIO GRANDE DO NORTE";"605";"UNIVERSIDADE FEDERAL DO RIO GRANDE DO NORTE";".605.326.";"24/06/1974";"";"COMPLEXO HOSPITALAR";"ESTRATÉGICO";"ADMINISTRATIVO                                    ";"DEPARTAMENTO                                                ";"MEIO"
"11118";"147802";"COMPLEXO TECNOLOGICO DE ENGENHARIA";"CTEC/CT";"ctec@ct.ufrn.br";"(84) 3215.3700";"NATAL";"445";"CENTRO DE TECNOLOGIA";"11117";"CONSELHO DO CENTRO DE TECNOLOGIA";".445.11117.11118.";"30/10/2017";"";"ACADÊMICA";"GERENCIAL";"ADMINISTRATIVO                                    ";"SETOR                                                       ";"FIM"
"7086";"11020902";"COMPRAS - DIVISAO DE FASE EXTERNA DE COMPRAS";"DFE/COMPRAS";"";"";"NATAL";"605";"UNIVERSIDADE FEDERAL DO RIO GRANDE DO NORTE";"30547";"DIRETORIA DE COMPRAS - PROAD";".605.1422.30547.7086.";"01/09/2013";"";"ADMINISTRATIVA";"GERENCIAL";"ADMINISTRATIVO                                    ";"ASSESSORIA                                                  ";"FIM"
"2480";"1739";"COMPRAS E EXECUCAO ORCAMENTARIA";"CEO/CB";"";"";"NATAL";"440";"CENTRO DE BIOCIENCIAS";"440";"CENTRO DE BIOCIENCIAS";".440.2480.";"24/06/1974";"";"ADMINISTRATIVA";"OPERACIONAL";"ADMINISTRATIVO                                    ";"SETOR                                                       ";"MEIO"
"4119";"20110415";"COMUNICACAO";"comun.";"";"3223-5024";"NATAL";"447";"MATERNIDADE ESCOLA JANUARIO CICCO";"3635";"DIRECAO ADMINISTRATIVA/MEJC";".605.447.2712.3622.3635.4119.";"24/06/1974";"";"ADMINISTRATIVA";"OPERACIONAL";"ADMINISTRATIVO                                    ";"ASSESSORIA                                                  ";"MEIO"
"15050";"31110415";"COMUNICACAO";"comun.";"";"3223-5024";"NATAL";"8194";"SUPERINTENDENCIA DO MEJC - EBSERH";"14991";"DIRECAO ADMINISTRATIVA/MEJC";".441.5728.9285.9327.13103.14991.15050.";"24/06/1974";"";"ADMINISTRATIVA";"OPERACIONAL";"ADMINISTRATIVO                                    ";"ASSESSORIA                                                  ";"MEIO"
"4223";"201203";"COMUNICACAO/MEJC";"comun";"";"";"NATAL";"447";"MATERNIDADE ESCOLA JANUARIO CICCO";"286";"DIRETORIA ADMINISTRATIVA - MEJC";".605.447.286.4223.";"24/06/1974";"";"ADMINISTRATIVA";"OPERACIONAL";"ADMINISTRATIVO                                    ";"SETOR                                                       ";"MEIO"
"11134";"110005020601";"CONSELHO ADMINISTRATIVO DE PARQUE TECNOLOGICO METROPOLE DIGITAL";"CONSEPARQ/IMD";"";"";"NATAL";"605";"UNIVERSIDADE FEDERAL DO RIO GRANDE DO NORTE";"7878";"PARQUE TECNOLOGICO METROPOLE DIGITAL - IMD";".605.6069.7147.7878.11134.";"16/11/2017";"";"ADMINISTRATIVA";"ESTRATÉGICO";"ADMINISTRATIVO                                    ";"COMISSAO PERMANENTE                                         ";"FIM"
"10919";"11001002";"CONSELHO ADMINISTRATIVO - IMT";"CONSAD/IMT";"";"";"NATAL";"605";"UNIVERSIDADE FEDERAL DO RIO GRANDE DO NORTE";"6919";"INSTITUTO DE MEDICINA TROPICAL - IMT-RN";".605.6919.10919.";"04/07/2017";"";"ACADÊMICA";"ESTRATÉGICO";"ADMINISTRATIVO                                    ";"ASSESSORIA                                                  ";"FIM"
"11089";"108902";"CONSELHO CIENTIFICO DO INSTITUTO DO CEREBRO";"CoCIC/ICe";"kschmidt@neuro.ufrn.br ";"3215-2708";"NATAL";"605";"UNIVERSIDADE FEDERAL DO RIO GRANDE DO NORTE";"6026";"INSTITUTO DO CEREBRO";".605.6026.11089.";"11/10/2017";"";"ADMINISTRATIVA";"ESTRATÉGICO";"ADMINISTRATIVO                                    ";"COMISSAO PERMANENTE                                         ";"FIM"
"11397";"112813";"CONSELHO CONSULTIVO - COMUNICA";"CONSUCOM";"superintendente@comunica.ufrn.br";"33422436";"NATAL";"605";"UNIVERSIDADE FEDERAL DO RIO GRANDE DO NORTE";"19";"SUPERINTENDENCIA DE COMUNICACAO";".605.19.11397.";"08/05/2018";"";"ADMINISTRATIVA";"GERENCIAL";"ADMINISTRATIVO                                    ";"GERÊNCIA                                                    ";"FIM"
"3307";"112205";"CONSELHO DA UNIDADE ACADEMICA ESPECIALIZADA EM CIENCIAS AGRARIAS";"CUAECA";"";"";"MACAÍBA";"605";"UNIVERSIDADE FEDERAL DO RIO GRANDE DO NORTE";"351";"ESCOLA AGRICOLA DE JUNDIAI";".605.351.3307.";"24/06/1974";"";"ADMINISTRATIVA";"GERENCIAL";"ADMINISTRATIVO                                    ";"CENTRO                                                      ";"MEIO"
"30026";"11320903";"CONSELHO DE ADMINISTRACAO - CONSAD";"CONSAD";"";"99193-6064";"NATAL";"605";"UNIVERSIDADE FEDERAL DO RIO GRANDE DO NORTE";"383";"SECRETARIA DOS COLEGIADOS";".605.262.383.30026.";"08/01/2019";"";"ADMINISTRATIVA";"ESTRATÉGICO";"ADMINISTRATIVO                                    ";"SECRETARIA ADMINISTRATIVA                                   ";"FIM"
"11153";"160042";"CONSELHO DE CENTRO - CONSEC/CCSA";"CONSEC/CCSA";"";"";"NATAL";"443";"CENTRO DE CIENCIAS SOCIAIS APLICADAS";"443";"CENTRO DE CIENCIAS SOCIAIS APLICADAS";".443.11153.";"07/12/2017";"";"ADMINISTRATIVA";"ESTRATÉGICO";"ADMINISTRATIVO                                    ";"COMISSAO PERMANENTE                                         ";"FIM"
"30027";"11320904";"CONSELHO DE CURADORES - CONCURA";"CONCURA";"";"99193-6064";"NATAL";"605";"UNIVERSIDADE FEDERAL DO RIO GRANDE DO NORTE";"383";"SECRETARIA DOS COLEGIADOS";".605.262.383.30027.";"08/01/2019";"";"ADMINISTRATIVA";"ESTRATÉGICO";"ADMINISTRATIVO                                    ";"SECRETARIA ADMINISTRATIVA                                   ";"FIM"
"10084";"11000501";"CONSELHO DE DESENVOLVIMENTO ACADEMICO - IMD";"IMDCDA";"";"";"NATAL";"605";"UNIVERSIDADE FEDERAL DO RIO GRANDE DO NORTE";"6069";"INSTITUTO METROPOLE DIGITAL";".605.6069.10084.";"09/05/2017";"";"ACADÊMICA";"ESTRATÉGICO";"ADMINISTRATIVO                                    ";"ASSESSORIA                                                  ";"FIM"
"31242";"11320905";"CONSELHO DE ENSINO, PESQUISA E EXTENSAO / CONSELHO DE ADMINISTRACAO";"CONSEPE/CONSAD";"";"";"NATAL";"605";"UNIVERSIDADE FEDERAL DO RIO GRANDE DO NORTE";"383";"SECRETARIA DOS COLEGIADOS";".605.262.383.31242.";"17/06/2021";"";"ADMINISTRATIVA";"ESTRATÉGICO";"ADMINISTRATIVO                                    ";"SECRETARIA ADMINISTRATIVA                                   ";"FIM"
"10931";"115002";"CONSELHO DELIBETATIVO - NUPLAM";"CONDELI/NUPLAM";"";"";"NATAL";"605";"UNIVERSIDADE FEDERAL DO RIO GRANDE DO NORTE";"252";"NUCLEO DE PESQUISA EM ALIMENTOS E MEDICAMENTOS";".605.252.10931.";"26/07/2017";"";"ACADÊMICA";"ESTRATÉGICO";"ADMINISTRATIVO                                    ";"ASSESSORIA                                                  ";"FIM"
"11398";"112814";"CONSELHO DIRETOR - COMUNICA";"CONDIR";"superintendente@comunica.ufrn.br";"33422436";"NATAL";"605";"UNIVERSIDADE FEDERAL DO RIO GRANDE DO NORTE";"19";"SUPERINTENDENCIA DE COMUNICACAO";".605.19.11398.";"08/05/2018";"";"ADMINISTRATIVA";"GERENCIAL";"ADMINISTRATIVO                                    ";"DIRETORIA                                                   ";"FIM"
"11117";"1478";"CONSELHO DO CENTRO DE TECNOLOGIA";"CONSEC - CT";"secretariaadministrativa@ct.ufrn.br";"(084) 3215-3703";"NATAL";"445";"CENTRO DE TECNOLOGIA";"445";"CENTRO DE TECNOLOGIA";".445.11117.";"30/10/2017";"";"ADMINISTRATIVA";"ESTRATÉGICO";"ADMINISTRATIVO                                    ";"COMISSAO PERMANENTE                                         ";"FIM"
"11088";"108901";"CONSELHO DO INSTITUTO DO CEREBRO - CIC";"CIC/ICe";"sidartaribeiro@neuro.ufrn.br ";"3215-2708";"NATAL";"605";"UNIVERSIDADE FEDERAL DO RIO GRANDE DO NORTE";"6026";"INSTITUTO DO CEREBRO";".605.6026.11088.";"11/10/2017";"";"ACADÊMICA";"ESTRATÉGICO";"ADMINISTRATIVO                                    ";"COMISSAO PERMANENTE                                         ";"FIM"
"3463";"10040005";"CONSELHO DO NAC";"CONNAC";"";"";"NATAL";"605";"UNIVERSIDADE FEDERAL DO RIO GRANDE DO NORTE";"3458";"DIRETORIA NAC";".605.291.3458.3463.";"24/06/1974";"";"ADMINISTRATIVA";"OPERACIONAL";"ARTES, COMUNICAÇAO E DIFUSAO                      ";"SETOR                                                       ";"MEIO"
"10476";"110005020603";"CONSELHO DO PROGRAMA DE INCUBACAO DO PARQUE TECNOLOGICO METROPOLE DIGITAL - IMD";"CONS/PTMD/IMD";"";"";"NATAL";"605";"UNIVERSIDADE FEDERAL DO RIO GRANDE DO NORTE";"7878";"PARQUE TECNOLOGICO METROPOLE DIGITAL - IMD";".605.6069.7147.7878.10476.";"01/01/2017";"";"ACADÊMICA";"ESTRATÉGICO";"ADMINISTRATIVO                                    ";"ASSESSORIA                                                  ";"FIM"
"11400";"112026";"CONSELHO SUPERVISOR - BCZM";"CS-BCZM";"secret@bczm.ufrn.br";"3215-3841";"NATAL";"605";"UNIVERSIDADE FEDERAL DO RIO GRANDE DO NORTE";"21";"BIBLIOTECA CENTRAL ZILA MAMEDE";".605.21.11400.";"09/05/2018";"";"ADMINISTRATIVA";"ESTRATÉGICO";"ADMINISTRATIVO                                    ";"ASSESSORIA                                                  ";"FIM"
"4679";"11320901";"CONSELHO UNIVERSITARIO - CONSUNI";"CONSUNI";"";"99193-6064";"NATAL";"605";"UNIVERSIDADE FEDERAL DO RIO GRANDE DO NORTE";"383";"SECRETARIA DOS COLEGIADOS";".605.262.383.4679.";"24/06/1974";"";"ADMINISTRATIVA";"ESTRATÉGICO";"ADMINISTRATIVO                                    ";"SECRETARIA ADMINISTRATIVA                                   ";"FIM"
"4225";"201205";"CONTAS MEDICAS";"cm";"";"";"NATAL";"447";"MATERNIDADE ESCOLA JANUARIO CICCO";"286";"DIRETORIA ADMINISTRATIVA - MEJC";".605.447.286.4225.";"24/06/1974";"";"ADMINISTRATIVA";"OPERACIONAL";"ADMINISTRATIVO                                    ";"SETOR                                                       ";"MEIO"
"8058";"11021602";"CONTRATOS - DIVISAO DE FISCALIZACAO DE CONTRATOS";"DFisc/CONTRATOS";"";"";"NATAL";"605";"UNIVERSIDADE FEDERAL DO RIO GRANDE DO NORTE";"327";"DIRETORIA DE CONTRATOS - PROAD";".605.1422.327.8058.";"01/09/2013";"";"ADMINISTRATIVA";"OPERACIONAL";"ADMINISTRATIVO                                    ";"ASSESSORIA                                                  ";"FIM"
"1576";"1442";"COORD. CURSO DE POS-GRAD. EM ENGENHARIA MECANICA";"COOR-PGEM";"";"";"NATAL";"445";"CENTRO DE TECNOLOGIA";"445";"CENTRO DE TECNOLOGIA";".445.1576.";"24/06/1974";"";"ACADÊMICA";"OPERACIONAL";"CIÊNCIAS EXATAS E DA NATUREZA                     ";"COORDENAÇÃO                                                 ";"FIM"
"1580";"1446";"COORD. DE POS-GRADUACAO EM ENGENHARIA QUIMICA";"COOR-PGEQ";"";"";"NATAL";"445";"CENTRO DE TECNOLOGIA";"445";"CENTRO DE TECNOLOGIA";".445.1580.";"24/06/1974";"";"ACADÊMICA";"OPERACIONAL";"CIÊNCIAS EXATAS E DA NATUREZA                     ";"COORDENAÇÃO                                                 ";"FIM"
"186";"1703";"COORD. DO CURSO DE CIENCIAS BIOLOGICAS - PROBASICA";"CCCBP/CB";"";"";"NATAL";"440";"CENTRO DE BIOCIENCIAS";"440";"CENTRO DE BIOCIENCIAS";".440.186.";"24/06/1974";"";"ACADÊMICA";"OPERACIONAL";"CIÊNCIAS BIOLÓGICAS                               ";"COORDENAÇÃO                                                 ";"FIM"
"1578";"1444";"COORD. DO CURSO DE POS-GRAD. EM ENG. SANITARIA";"COOR-PGES";"";"";"NATAL";"445";"CENTRO DE TECNOLOGIA";"445";"CENTRO DE TECNOLOGIA";".445.1578.";"24/06/1974";"";"ACADÊMICA";"OPERACIONAL";"CIÊNCIAS EXATAS E DA NATUREZA                     ";"COORDENAÇÃO                                                 ";"FIM"
"1837";"1346";"COORD. DO CURSO DE POS-GRAD. EM GEOGRAFIA";"COOR-PGGEO";"";"";"NATAL";"442";"CENTRO DE CIENCIAS HUMANAS, LETRAS E ARTES";"442";"CENTRO DE CIENCIAS HUMANAS, LETRAS E ARTES";".442.1837.";"24/06/1974";"";"ACADÊMICA";"OPERACIONAL";"CIÊNCIAS HUMANAS, JURÍDICAS E ECONÔMICAS          ";"COORDENAÇÃO                                                 ";"FIM"
"1574";"1440";"COORD. DO PROG. DE POS-GRAD. EM ARQ. E URBANISMO";"COOR-PGAU";"";"";"NATAL";"445";"CENTRO DE TECNOLOGIA";"445";"CENTRO DE TECNOLOGIA";".445.1574.";"24/06/1974";"";"ACADÊMICA";"OPERACIONAL";"CIÊNCIAS EXATAS E DA NATUREZA                     ";"COORDENAÇÃO                                                 ";"FIM"
"1618";"1630";"COORD. DO PROGRAMA DE POS-GRAD. EM ADMINISTRACAO";"COOR-PGADM";"";"";"NATAL";"443";"CENTRO DE CIENCIAS SOCIAIS APLICADAS";"443";"CENTRO DE CIENCIAS SOCIAIS APLICADAS";".443.1618.";"24/06/1974";"";"ACADÊMICA";"OPERACIONAL";"CIÊNCIAS HUMANAS, JURÍDICAS E ECONÔMICAS          ";"COORDENAÇÃO                                                 ";"FIM"
"1577";"1443";"COORD. DO PROGRAMA DE POS-GRAD. EM ENG. ELETRICA";"COOR-PGEE";"";"";"NATAL";"445";"CENTRO DE TECNOLOGIA";"445";"CENTRO DE TECNOLOGIA";".445.1577.";"24/06/1974";"";"ACADÊMICA";"OPERACIONAL";"CIÊNCIAS EXATAS E DA NATUREZA                     ";"COORDENAÇÃO                                                 ";"FIM"
"3436";"11210301";"COORDENACAO ADMINISTRATIVA";"COOR/ADM";"";"";"NOVA CRUZ";"605";"UNIVERSIDADE FEDERAL DO RIO GRANDE DO NORTE";"3435";"DIRECAO DO NUCLEO DE NOVA CRUZ";".605.1450.3433.3435.3436.";"24/06/1974";"";"ADMINISTRATIVA";"OPERACIONAL";"ADMINISTRATIVO                                    ";"SETOR                                                       ";"MEIO"
"1585";"1450";"COORDENACAO DA POS-GRADUACAO EM ENGENHARIA DE PRODUCAO";"CPGEP/CT";"";"";"NATAL";"445";"CENTRO DE TECNOLOGIA";"445";"CENTRO DE TECNOLOGIA";".445.1585.";"24/06/1974";"";"ACADÊMICA";"OPERACIONAL";"CIÊNCIAS EXATAS E DA NATUREZA                     ";"COORDENAÇÃO                                                 ";"FIM"
"8170";"11690027";"COORDENACAO DA POS-GRADUACAO LATU SENSU";"POSGRADLAT/EEN";"";"";"NATAL";"605";"UNIVERSIDADE FEDERAL DO RIO GRANDE DO NORTE";"205";"ESCOLA DE SAUDE";".605.205.8170.";"16/12/2013";"";"ACADÊMICA";"TÁTICO";"CIÊNCIAS DA SAÚDE                                 ";"COORDENAÇÃO                                                 ";"FIM"
"10552";"190501";"COORDENACAO DE ADMINISTRACAO";"CA/NEI";"";"";"NATAL";"5965";"CENTRO DE EDUCACAO";"1452";"NUCLEO DE EDUCACAO DA INFANCIA";".5965.1452.10552.";"20/02/2017";"";"ACADÊMICA";"ESTRATÉGICO";"ADMINISTRATIVO                                    ";"ASSESSORIA                                                  ";"FIM"
"6373";"112245";"COORDENACAO DE ADMINISTRACAO/EAJ";"COADMIN/EAJ";"";"";"MACAÍBA";"605";"UNIVERSIDADE FEDERAL DO RIO GRANDE DO NORTE";"351";"ESCOLA AGRICOLA DE JUNDIAI";".605.351.6373.";"11/11/2011";"";"ADMINISTRATIVA";"GERENCIAL";"AGROPECUÁRIO                                      ";"DIVISAO                                                     ";"MEIO"
"3319";"1122010301";"COORDENACAO DE AGROINDUSTRIA";"CA-EAJ";"";"";"MACAÍBA";"605";"UNIVERSIDADE FEDERAL DO RIO GRANDE DO NORTE";"9044";"DIRECAO DE ENSINO - ENSINO BASICO TECNICO E TECNOLOGICO";".605.351.3303.9044.3319.";"24/06/1974";"";"ACADÊMICA";"TÁTICO";"AGROPECUÁRIO                                      ";"COORDENAÇÃO                                                 ";"FIM"
"6374";"112246";"COORDENACAO DE BOLSAS DE PESQUISA - PIBIC";"COOBOLPESQ";"";"";"MACAÍBA";"605";"UNIVERSIDADE FEDERAL DO RIO GRANDE DO NORTE";"351";"ESCOLA AGRICOLA DE JUNDIAI";".605.351.6374.";"11/11/2011";"";"ADMINISTRATIVA";"TÁTICO";"ADMINISTRATIVO                                    ";"COORDENAÇÃO                                                 ";"MEIO"
"4039";"21090401";"COORDENACAO DE ENGENHARIA";"CEHUOL";"";"";"NATAL";"446";"HOSPITAL UNIVERSITARIO ONOFRE LOPES";"4038";"DIRETORIA DE ENGENHARIA CLINICA";".605.446.416.4038.4039.";"24/06/1974";"";"ADMINISTRATIVA";"OPERACIONAL";"INFRA ESTRUTURA                                   ";"COORDENAÇÃO                                                 ";"FIM"
"20315";"32090401";"COORDENACAO DE ENGENHARIA";"CEHUOL";"";"";"NATAL";"8193";"SUPERINTENDENCIA DO HUOL - EBSERH";"4038";"DIRETORIA DE ENGENHARIA CLINICA";".605.446.416.4038.20315.";"24/06/1974";"";"ADMINISTRATIVA";"OPERACIONAL";"INFRA ESTRUTURA                                   ";"COORDENAÇÃO                                                 ";"FIM"
"3468";"190502";"COORDENACAO DE ENSINO";"CE/NEI";"";"";"NATAL";"5965";"CENTRO DE EDUCACAO";"1452";"NUCLEO DE EDUCACAO DA INFANCIA";".5965.1452.3468.";"24/06/1974";"";"ADMINISTRATIVA";"OPERACIONAL";"CIÊNCIAS HUMANAS, JURÍDICAS E ECONÔMICAS          ";"COORDENAÇÃO                                                 ";"FIM"
"3316";"1122010302";"COORDENACAO DE ENSINO MEDIO";"CEM/";"";"";"MACAÍBA";"605";"UNIVERSIDADE FEDERAL DO RIO GRANDE DO NORTE";"9044";"DIRECAO DE ENSINO - ENSINO BASICO TECNICO E TECNOLOGICO";".605.351.3303.9044.3316.";"24/06/1974";"";"ADMINISTRATIVA";"GERENCIAL";"ADMINISTRATIVO                                    ";"COORDENAÇÃO                                                 ";"FIM"
"6321";"112228";"COORDENACAO DE ESTAGIO E ACOMPANHAMENTO DE EGRESSOS";"COORDESTAE";"";"";"MACAÍBA";"605";"UNIVERSIDADE FEDERAL DO RIO GRANDE DO NORTE";"351";"ESCOLA AGRICOLA DE JUNDIAI";".605.351.6321.";"11/11/2011";"";"ADMINISTRATIVA";"GERENCIAL";"ADMINISTRATIVO                                    ";"COORDENAÇÃO                                                 ";"FIM"
"3467";"190504";"COORDENACAO DE ESTAGIOS";"CEST/NEI";"";"";"NATAL";"5965";"CENTRO DE EDUCACAO";"1452";"NUCLEO DE EDUCACAO DA INFANCIA";".5965.1452.3467.";"24/06/1974";"";"ADMINISTRATIVA";"OPERACIONAL";"CIÊNCIAS HUMANAS, JURÍDICAS E ECONÔMICAS          ";"ASSESSORIA                                                  ";"MEIO"
"3457";"11390304";"COORDENACAO DE EVENTOS";"COOR/EVEN";"";"";"NATAL";"605";"UNIVERSIDADE FEDERAL DO RIO GRANDE DO NORTE";"3454";"SECRETARIA DE DEPARTAMENTO";".605.284.3330.3454.3457.";"24/06/1974";"";"ACADÊMICA";"OPERACIONAL";"ARTES, COMUNICAÇAO E DIFUSAO                      ";"SETOR                                                       ";"MEIO"
"6320";"112227";"COORDENACAO DE EXTENSAO";"COORDEXTENS";"";"";"MACAÍBA";"605";"UNIVERSIDADE FEDERAL DO RIO GRANDE DO NORTE";"351";"ESCOLA AGRICOLA DE JUNDIAI";".605.351.6320.";"11/11/2011";"";"ADMINISTRATIVA";"GERENCIAL";"ADMINISTRATIVO                                    ";"COORDENAÇÃO                                                 ";"FIM"
"6195";"151109";"COORDENACAO DE FORMACAO CONTINUADA";"CFC/DEF";"";"";"NATAL";"441";"CENTRO DE CIENCIAS DA SAUDE";"199";"DEPARTAMENTO DE EDUCACAO FISICA";".441.199.6195.";"20/09/2011";"";"ACADÊMICA";"TÁTICO";"ADMINISTRATIVO                                    ";"COORDENAÇÃO                                                 ";"MEIO"
"2446";"113901";"COORDENACAO DE GRADUACAO";"CG/EMUFRN";"jean_joubertmendes@yahoo.com.br";"3215-3606";"NATAL";"605";"UNIVERSIDADE FEDERAL DO RIO GRANDE DO NORTE";"284";"ESCOLA DE MUSICA";".605.284.2446.";"24/06/1974";"";"ADMINISTRATIVA";"OPERACIONAL";"ADMINISTRATIVO                                    ";"COORDENAÇÃO                                                 ";"FIM"
"6319";"112226";"COORDENACAO DE PESQUISA";"COORDPESQ";"";"";"MACAÍBA";"605";"UNIVERSIDADE FEDERAL DO RIO GRANDE DO NORTE";"351";"ESCOLA AGRICOLA DE JUNDIAI";".605.351.6319.";"11/11/2011";"";"ADMINISTRATIVA";"GERENCIAL";"ADMINISTRATIVO                                    ";"COORDENAÇÃO                                                 ";"MEIO"
"3469";"190503";"COORDENACAO DE PESQUISA E EXTENSAO";"C/PESQEXT";"";"";"NATAL";"5965";"CENTRO DE EDUCACAO";"1452";"NUCLEO DE EDUCACAO DA INFANCIA";".5965.1452.3469.";"24/06/1974";"";"ADMINISTRATIVA";"GERENCIAL";"CIÊNCIAS HUMANAS, JURÍDICAS E ECONÔMICAS          ";"COORDENAÇÃO                                                 ";"FIM"
"3310";"112208";"COORDENACAO DE PLANEJAMENTO";"COODPLADM";"";"";"MACAÍBA";"605";"UNIVERSIDADE FEDERAL DO RIO GRANDE DO NORTE";"351";"ESCOLA AGRICOLA DE JUNDIAI";".605.351.3310.";"24/06/1974";"";"ADMINISTRATIVA";"OPERACIONAL";"AGROPECUÁRIO                                      ";"DIVISAO                                                     ";"MEIO"
"1829";"1338";"COORDENACAO DE POS-GRAD. EM CIENCIAS SOCIAIS";"COOR-PGCS";"";"";"NATAL";"442";"CENTRO DE CIENCIAS HUMANAS, LETRAS E ARTES";"442";"CENTRO DE CIENCIAS HUMANAS, LETRAS E ARTES";".442.1829.";"24/06/1974";"";"ACADÊMICA";"OPERACIONAL";"CIÊNCIAS HUMANAS, JURÍDICAS E ECONÔMICAS          ";"COORDENAÇÃO                                                 ";"FIM"
"1834";"1343";"COORDENACAO DE POS-GRAD. EM ESTUDO DA LINGUAGEM";"COOR-PGEL";"";"";"NATAL";"442";"CENTRO DE CIENCIAS HUMANAS, LETRAS E ARTES";"442";"CENTRO DE CIENCIAS HUMANAS, LETRAS E ARTES";".442.1834.";"24/06/1974";"";"ACADÊMICA";"OPERACIONAL";"CIÊNCIAS HUMANAS, JURÍDICAS E ECONÔMICAS          ";"COORDENAÇÃO                                                 ";"FIM"
"1623";"1635";"COORDENACAO DE POS-GRADUACAO EM DIREITO";"COOR-PGDIR";"";"";"NATAL";"443";"CENTRO DE CIENCIAS SOCIAIS APLICADAS";"443";"CENTRO DE CIENCIAS SOCIAIS APLICADAS";".443.1623.";"24/06/1974";"";"ACADÊMICA";"OPERACIONAL";"CIÊNCIAS HUMANAS, JURÍDICAS E ECONÔMICAS          ";"COORDENAÇÃO                                                 ";"FIM"
"5102";"170108";"COORDENACAO DE POS-GRADUACAO EM ECOLOGIA";"PGE";"";"";"NATAL";"440";"CENTRO DE BIOCIENCIAS";"176";"ADMINISTRACAO DO CB";".440.176.5102.";"08/04/2008";"";"ACADÊMICA";"TÁTICO";"CIÊNCIAS BIOLÓGICAS                               ";"COORDENAÇÃO                                                 ";"FIM"
"5097";"130132";"COORDENACAO DE POS-GRADUACAO EM ESTUDOS URBANOS E REGIONAIS";"PGEUR";"";"";"NATAL";"442";"CENTRO DE CIENCIAS HUMANAS, LETRAS E ARTES";"135";"DIRECAO DO CCHLA";".442.135.5097.";"07/04/2009";"";"ACADÊMICA";"TÁTICO";"CIÊNCIAS HUMANAS, JURÍDICAS E ECONÔMICAS          ";"COORDENAÇÃO                                                 ";"FIM"
"5101";"130133";"COORDENACAO DE POS-GRADUACAO EM PSICOLOGIA";"PGP";"";"";"NATAL";"442";"CENTRO DE CIENCIAS HUMANAS, LETRAS E ARTES";"135";"DIRECAO DO CCHLA";".442.135.5101.";"07/04/2009";"";"ACADÊMICA";"TÁTICO";"CIÊNCIAS HUMANAS, JURÍDICAS E ECONÔMICAS          ";"COORDENAÇÃO                                                 ";"FIM"
"1626";"1638";"COORDENACAO DE POS-GRAGUACAO EM CIENCIAS CONTABEIS";"COOR-PGCCO";"";"";"NATAL";"443";"CENTRO DE CIENCIAS SOCIAIS APLICADAS";"443";"CENTRO DE CIENCIAS SOCIAIS APLICADAS";".443.1626.";"24/06/1974";"";"ACADÊMICA";"OPERACIONAL";"CIÊNCIAS HUMANAS, JURÍDICAS E ECONÔMICAS          ";"COORDENAÇÃO                                                 ";"FIM"
"6197";"151111";"COORDENACAO DE PROJETOS ESPECIAIS DE FORMACAO";"CPEF/DEF";"";"";"NATAL";"441";"CENTRO DE CIENCIAS DA SAUDE";"199";"DEPARTAMENTO DE EDUCACAO FISICA";".441.199.6197.";"20/09/2011";"";"ACADÊMICA";"TÁTICO";"ADMINISTRATIVO                                    ";"COORDENAÇÃO                                                 ";"MEIO"
"9048";"11220106";"COORDENACAO DE TI";"COORD/TI/EAJ";"";"";"MACAÍBA";"605";"UNIVERSIDADE FEDERAL DO RIO GRANDE DO NORTE";"3303";"DIRECAO DA EAJ";".605.351.3303.9048.";"02/12/2014";"";"ACADÊMICA";"ESTRATÉGICO";"ADMINISTRATIVO                                    ";"ASSESSORIA                                                  ";"FIM"
"129";"1217";"COORDENACAO DO CURSO BACHARELADO EM FISICA";"CCF/CCET";"";"";"NATAL";"439";"CENTRO DE CIENCIAS EXATAS E DA TERRA";"439";"CENTRO DE CIENCIAS EXATAS E DA TERRA";".439.129.";"24/06/1974";"";"ACADÊMICA";"TÁTICO";"CIÊNCIAS EXATAS E DA NATUREZA                     ";"COORDENAÇÃO                                                 ";"FIM"
"165";"1602";"COORDENACAO DO CURSO DE ADMINISTRACAO";"CORAD/CCSA";"";"";"NATAL";"443";"CENTRO DE CIENCIAS SOCIAIS APLICADAS";"443";"CENTRO DE CIENCIAS SOCIAIS APLICADAS";".443.165.";"24/06/1974";"";"ACADÊMICA";"OPERACIONAL";"CIÊNCIAS HUMANAS, JURÍDICAS E ECONÔMICAS          ";"COORDENAÇÃO                                                 ";"FIM"
"31228";"160044";"COORDENACAO DO CURSO DE ADMINISTRACAO PUBLICA";"COORD/ADM/PUBL";"";"";"NATAL";"443";"CENTRO DE CIENCIAS SOCIAIS APLICADAS";"443";"CENTRO DE CIENCIAS SOCIAIS APLICADAS";".443.31228.";"29/03/2021";"";"ACADÊMICA";"OPERACIONAL";"ADMINISTRATIVO                                    ";"COORDENAÇÃO                                                 ";"FIM"
"5375";"112206";"COORDENACAO DO CURSO DE AGRONOMIA";"CAJ";"";"";"MACAÍBA";"605";"UNIVERSIDADE FEDERAL DO RIO GRANDE DO NORTE";"351";"ESCOLA AGRICOLA DE JUNDIAI";".605.351.5375.";"14/11/2011";"";"ACADÊMICA";"TÁTICO";"ADMINISTRATIVO                                    ";"COORDENAÇÃO                                                 ";"FIM"
"7272";"1122010205";"COORDENACAO DO CURSO DE ANALISE E DESENVOLVIMENTO DE SISTEMAS";"CCADS/EAJ";"";"";"MACAÍBA";"605";"UNIVERSIDADE FEDERAL DO RIO GRANDE DO NORTE";"9039";"DIRECAO DE ENSINO - MAGISTERIO SUPERIOR";".605.351.3303.9039.7272.";"01/01/2000";"";"ACADÊMICA";"ESTRATÉGICO";"ADMINISTRATIVO                                    ";"COORDENAÇÃO                                                 ";"FIM"
"187";"1705";"COORDENACAO DO CURSO DE AQUICULTURA";"CCA/CB";"";"";"NATAL";"440";"CENTRO DE BIOCIENCIAS";"440";"CENTRO DE BIOCIENCIAS";".440.187.";"24/06/1974";"";"ACADÊMICA";"OPERACIONAL";"CIÊNCIAS BIOLÓGICAS                               ";"COORDENAÇÃO                                                 ";"FIM"
"91";"1401";"COORDENACAO DO CURSO DE ARQUITETURA E URBANISMO";"CAU/CT";"";"";"NATAL";"445";"CENTRO DE TECNOLOGIA";"445";"CENTRO DE TECNOLOGIA";".445.91.";"24/06/1974";"";"ACADÊMICA";"OPERACIONAL";"CIÊNCIAS EXATAS E DA NATUREZA                     ";"COORDENAÇÃO                                                 ";"FIM"
"33008";"110005020309";"COORDENACAO DO CURSO DE BACHARELADO EM INTELIGENCIA ARTIFICIAL - IMD";"BIA";"";"";"NATAL";"605";"UNIVERSIDADE FEDERAL DO RIO GRANDE DO NORTE";"10082";"DIRETORIA DE ENSINO - IMD";".605.6069.7147.10082.33008.";"09/12/2024";"";"ACADÊMICA";"GERENCIAL";"TECNOLOGIA                                        ";"COORDENAÇÃO                                                 ";"FIM"
"7206";"110005020304";"COORDENACAO DO CURSO DE BACHARELADO EM TECNOLOGIA DA INFORMACAO - IMD";"BTI";"";"";"NATAL";"605";"UNIVERSIDADE FEDERAL DO RIO GRANDE DO NORTE";"10082";"DIRETORIA DE ENSINO - IMD";".605.6069.7147.10082.7206.";"01/01/2000";"";"ACADÊMICA";"ESTRATÉGICO";"ADMINISTRATIVO                                    ";"COORDENAÇÃO                                                 ";"FIM"
"166";"1603";"COORDENACAO DO CURSO DE BIBLIOTECONOMIA";"CCBIB/CCSA";"";"";"NATAL";"443";"CENTRO DE CIENCIAS SOCIAIS APLICADAS";"443";"CENTRO DE CIENCIAS SOCIAIS APLICADAS";".443.166.";"24/06/1974";"";"ACADÊMICA";"TÁTICO";"CIÊNCIAS HUMANAS, JURÍDICAS E ECONÔMICAS          ";"COORDENAÇÃO                                                 ";"FIM"
"415";"1706";"COORDENACAO DO CURSO DE BIOMEDICINA";"CBIOM/CB";"";"";"NATAL";"440";"CENTRO DE BIOCIENCIAS";"440";"CENTRO DE BIOCIENCIAS";".440.415.";"24/06/1974";"";"ACADÊMICA";"OPERACIONAL";"CIÊNCIAS BIOLÓGICAS                               ";"COORDENAÇÃO                                                 ";"FIM"
"127";"1216";"COORDENACAO DO CURSO DE CIENCIA DA COMPUTACAO";"CCCC/CCET";"";"";"NATAL";"439";"CENTRO DE CIENCIAS EXATAS E DA TERRA";"439";"CENTRO DE CIENCIAS EXATAS E DA TERRA";".439.127.";"24/06/1974";"";"ACADÊMICA";"OPERACIONAL";"CIÊNCIAS EXATAS E DA NATUREZA                     ";"COORDENAÇÃO                                                 ";"FIM"
"4696";"1280";"COORDENACAO DO CURSO DE CIENCIAS ATUARIAIS";"CCCA/CCET";"cienciasatuariaisufrn@gmail.com";"33422241";"NATAL";"439";"CENTRO DE CIENCIAS EXATAS E DA TERRA";"439";"CENTRO DE CIENCIAS EXATAS E DA TERRA";".439.4696.";"11/03/2019";"";"ACADÊMICA";"ESTRATÉGICO";"CIÊNCIAS EXATAS E DA NATUREZA                     ";"COORDENAÇÃO                                                 ";"FIM"
"4854";"120102";"COORDENACAO DO CURSO DE CIENCIAS ATUARIAIS";"CCCA";"";"";"NATAL";"439";"CENTRO DE CIENCIAS EXATAS E DA TERRA";"119";"ADMINISTRACAO DO CCET";".439.119.4854.";"01/10/2007";"";"ADMINISTRATIVA";"OPERACIONAL";"CIÊNCIAS HUMANAS, JURÍDICAS E ECONÔMICAS          ";"COORDENAÇÃO                                                 ";"FIM"
"167";"1604";"COORDENACAO DO CURSO DE CIENCIAS CONTABEIS";"CCONT/CCSA";"";"";"NATAL";"443";"CENTRO DE CIENCIAS SOCIAIS APLICADAS";"443";"CENTRO DE CIENCIAS SOCIAIS APLICADAS";".443.167.";"24/06/1974";"";"ACADÊMICA";"OPERACIONAL";"CIÊNCIAS HUMANAS, JURÍDICAS E ECONÔMICAS          ";"COORDENAÇÃO                                                 ";"FIM"
"4889";"11250401";"COORDENACAO DO CURSO DE CIENCIAS E TECNOLOGIA";"CCCT";"";"";"NATAL";"605";"UNIVERSIDADE FEDERAL DO RIO GRANDE DO NORTE";"10524";"CURSOS DE GRADUACAO VINCULADOS A ECT";".605.4885.10524.4889.";"01/12/2008";"";"ACADÊMICA";"OPERACIONAL";"CIÊNCIAS EXATAS E DA NATUREZA                     ";"COORDENAÇÃO                                                 ";"FIM"
"146";"1303";"COORDENACAO DO CURSO DE CIENCIAS SOCIAIS - LICENCIATURA";"CCCiS/LIC/CCHLA";"";"";"NATAL";"442";"CENTRO DE CIENCIAS HUMANAS, LETRAS E ARTES";"442";"CENTRO DE CIENCIAS HUMANAS, LETRAS E ARTES";".442.146.";"24/06/1974";"";"ACADÊMICA";"OPERACIONAL";"CIÊNCIAS HUMANAS, JURÍDICAS E ECONÔMICAS          ";"COORDENAÇÃO                                                 ";"FIM"
"147";"1304";"COORDENACAO DO CURSO DE COMUNICACAO SOCIAL";"CCCoS/CCHLA";"";"";"NATAL";"442";"CENTRO DE CIENCIAS HUMANAS, LETRAS E ARTES";"442";"CENTRO DE CIENCIAS HUMANAS, LETRAS E ARTES";".442.147.";"24/06/1974";"";"ACADÊMICA";"OPERACIONAL";"ARTES, COMUNICAÇAO E DIFUSAO                      ";"COORDENAÇÃO                                                 ";"FIM"
"10491";"1356";"COORDENACAO DO CURSO DE COMUNICACAO SOCIAL - AUDIOVISUAL";"CCCSA/CCHLA";"";"";"NATAL";"442";"CENTRO DE CIENCIAS HUMANAS, LETRAS E ARTES";"442";"CENTRO DE CIENCIAS HUMANAS, LETRAS E ARTES";".442.10491.";"28/04/2017";"";"ACADÊMICA";"ESTRATÉGICO";"ADMINISTRATIVO                                    ";"AGÊNCIA                                                     ";"FIM"
"10114";"131507";"COORDENACAO DO CURSO DE COMUNICACAO SOCIAL - PUBLICIDADE E PROPAGANDA";"PUB-PROP-CCHLA";"";"";"NATAL";"442";"CENTRO DE CIENCIAS HUMANAS, LETRAS E ARTES";"140";"DEPARTAMENTO DE COMUNICACAO SOCIAL";".442.140.10114.";"02/06/2016";"";"ACADÊMICA";"ESTRATÉGICO";"ADMINISTRATIVO                                    ";"COORDENAÇÃO                                                 ";"FIM"
"4852";"130127";"COORDENACAO DO CURSO DE DANCA";"CCD";"";"";"NATAL";"442";"CENTRO DE CIENCIAS HUMANAS, LETRAS E ARTES";"135";"DIRECAO DO CCHLA";".442.135.4852.";"01/10/2007";"";"ACADÊMICA";"TÁTICO";"CIÊNCIAS HUMANAS, JURÍDICAS E ECONÔMICAS          ";"COORDENAÇÃO                                                 ";"FIM"
"169";"1606";"COORDENACAO DO CURSO DE DIREITO";"CCDIR/CCSA";"";"";"NATAL";"443";"CENTRO DE CIENCIAS SOCIAIS APLICADAS";"443";"CENTRO DE CIENCIAS SOCIAIS APLICADAS";".443.169.";"24/06/1974";"";"ACADÊMICA";"TÁTICO";"CIÊNCIAS HUMANAS, JURÍDICAS E ECONÔMICAS          ";"COORDENAÇÃO                                                 ";"FIM"
"429";"1704";"COORDENACAO DO CURSO DE ECOLOGIA";"ECO/CB";"";"";"NATAL";"440";"CENTRO DE BIOCIENCIAS";"440";"CENTRO DE BIOCIENCIAS";".440.429.";"24/06/1974";"";"ACADÊMICA";"OPERACIONAL";"CIÊNCIAS BIOLÓGICAS                               ";"COORDENAÇÃO                                                 ";"FIM"
"4090";"130122";"COORDENACAO DO CURSO DE EDUCACAO ARTISTICA/CCHLA";"coeart";"";"";"NATAL";"442";"CENTRO DE CIENCIAS HUMANAS, LETRAS E ARTES";"135";"DIRECAO DO CCHLA";".442.135.4090.";"24/06/1974";"";"ACADÊMICA";"OPERACIONAL";"CIÊNCIAS HUMANAS, JURÍDICAS E ECONÔMICAS          ";"COORDENAÇÃO                                                 ";"FIM"
"206";"1502";"COORDENACAO DO CURSO DE EDUCACAO FISICA - LICENCIATURA";"CCEDFIS/LIC/CCS";"";"3215-3450;3319";"NATAL";"441";"CENTRO DE CIENCIAS DA SAUDE";"441";"CENTRO DE CIENCIAS DA SAUDE";".441.206.";"24/06/1974";"";"ACADÊMICA";"OPERACIONAL";"CIÊNCIAS DA SAÚDE                                 ";"COORDENAÇÃO                                                 ";"FIM"
"4557";"103204";"COORDENACAO DO CURSO DE ENFERMAGEM - SANTA CRUZ";"COOR-ENF-SC";"";"";"SANTA CRUZ";"605";"UNIVERSIDADE FEDERAL DO RIO GRANDE DO NORTE";"4890";"FACULDADE DE CIENCIAS DA SAUDE DO TRAIRI - FACISA";".605.4890.4557.";"01/12/2008";"";"ACADÊMICA";"TÁTICO";"CIÊNCIAS DA SAÚDE                                 ";"COORDENAÇÃO                                                 ";"FIM"
"5964";"1449";"COORDENACAO DO CURSO DE ENGENHARIA AMBIENTAL";"CCEACTR";"";"";"NATAL";"445";"CENTRO DE TECNOLOGIA";"445";"CENTRO DE TECNOLOGIA";".445.5964.";"07/01/2009";"";"ACADÊMICA";"ESTRATÉGICO";"ADMINISTRATIVO                                    ";"COORDENAÇÃO                                                 ";"FIM"
"5992";"1472";"COORDENACAO DO CURSO DE ENGENHARIA BIOMEDICA";"CCEB/CT";"";"";"NATAL";"445";"CENTRO DE TECNOLOGIA";"445";"CENTRO DE TECNOLOGIA";".445.5992.";"14/08/2012";"";"ACADÊMICA";"TÁTICO";"ADMINISTRATIVO                                    ";"COORDENAÇÃO                                                 ";"FIM"
"5374";"1743";"COORDENACAO DO CURSO DE ENGENHARIA DE AQUICULTURA";"CEA";"";"";"NATAL";"440";"CENTRO DE BIOCIENCIAS";"440";"CENTRO DE BIOCIENCIAS";".440.5374.";"01/03/2011";"";"ADMINISTRATIVA";"GERENCIAL";"ADMINISTRATIVO                                    ";"COORDENAÇÃO                                                 ";"FIM"
"33010";"140010";"COORDENACAO DO CURSO DE ENGENHARIA DE ENERGIA";"CCEENERG/CT";"";"";"NATAL";"445";"CENTRO DE TECNOLOGIA";"445";"CENTRO DE TECNOLOGIA";".445.33010.";"26/11/2024";"";"ACADÊMICA";"GERENCIAL";"ADMINISTRATIVO                                    ";"COORDENAÇÃO                                                 ";"FIM"
"5281";"1476";"COORDENACAO DO CURSO DE ENGENHARIA DE PETROLEO";"CCEP/CT";"";"";"NATAL";"445";"CENTRO DE TECNOLOGIA";"445";"CENTRO DE TECNOLOGIA";".445.5281.";"14/08/2012";"";"ACADÊMICA";"ESTRATÉGICO";"ADMINISTRATIVO                                    ";"COORDENAÇÃO                                                 ";"FIM"
"5099";"120506";"COORDENACAO DO CURSO DE ENGENHARIA DE SOFTWARE";"ES";"";"";"NATAL";"439";"CENTRO DE CIENCIAS EXATAS E DA TERRA";"125";"DEPARTAMENTO DE INFORMATICA E MATEMATICA APLICADA";".439.125.5099.";"26/05/2009";"";"ACADÊMICA";"TÁTICO";"CIÊNCIAS EXATAS E DA NATUREZA                     ";"COORDENAÇÃO                                                 ";"FIM"
"5632";"1448";"COORDENACAO DO CURSO DE ENGENHARIA MECATRONICA";"CCEMECTR";"";"";"NATAL";"445";"CENTRO DE TECNOLOGIA";"445";"CENTRO DE TECNOLOGIA";".445.5632.";"22/08/2012";"";"ACADÊMICA";"TÁTICO";"ADMINISTRATIVO                                    ";"COORDENAÇÃO                                                 ";"FIM"
"1563";"1225";"COORDENACAO DO CURSO DE ESTATISTICA";"CCE/CCET";"";"";"NATAL";"439";"CENTRO DE CIENCIAS EXATAS E DA TERRA";"439";"CENTRO DE CIENCIAS EXATAS E DA TERRA";".439.1563.";"24/06/1974";"";"ACADÊMICA";"OPERACIONAL";"CIÊNCIAS EXATAS E DA NATUREZA                     ";"COORDENAÇÃO                                                 ";"FIM"
"150";"1306";"COORDENACAO DO CURSO DE FILOSOFIA - LICENCIATURA";"CCF/LIC/CCHLA";"";"";"NATAL";"442";"CENTRO DE CIENCIAS HUMANAS, LETRAS E ARTES";"442";"CENTRO DE CIENCIAS HUMANAS, LETRAS E ARTES";".442.150.";"24/06/1974";"";"ACADÊMICA";"OPERACIONAL";"CIÊNCIAS HUMANAS, JURÍDICAS E ECONÔMICAS          ";"COORDENAÇÃO                                                 ";"FIM"
"209";"1505";"COORDENACAO DO CURSO DE FISIOTERAPIA";"CCFISIO/CCS";"";"";"NATAL";"441";"CENTRO DE CIENCIAS DA SAUDE";"441";"CENTRO DE CIENCIAS DA SAUDE";".441.209.";"24/06/1974";"";"ACADÊMICA";"OPERACIONAL";"CIÊNCIAS DA SAÚDE                                 ";"COORDENAÇÃO                                                 ";"FIM"
"151";"131702";"COORDENACAO DO CURSO DE GEOGRAFIA - BACHARELADO";"CCGB/CCHLA";"";"";"NATAL";"442";"CENTRO DE CIENCIAS HUMANAS, LETRAS E ARTES";"142";"DEPARTAMENTO DE GEOGRAFIA/CCHLA";".442.142.151.";"24/06/1974";"";"ACADÊMICA";"OPERACIONAL";"CIÊNCIAS HUMANAS, JURÍDICAS E ECONÔMICAS          ";"COORDENAÇÃO                                                 ";"FIM"
"130";"1218";"COORDENACAO DO CURSO DE GEOLOGIA";"CCG/CCET";"";"";"NATAL";"439";"CENTRO DE CIENCIAS EXATAS E DA TERRA";"439";"CENTRO DE CIENCIAS EXATAS E DA TERRA";".439.130.";"24/06/1974";"";"ACADÊMICA";"OPERACIONAL";"CIÊNCIAS EXATAS E DA NATUREZA                     ";"COORDENAÇÃO                                                 ";"FIM"
"7280";"1625";"COORDENACAO DO CURSO DE GESTAO DE COOPERATIVAS";"CCGCOOP/CCSA";"";"";"NATAL";"443";"CENTRO DE CIENCIAS SOCIAIS APLICADAS";"443";"CENTRO DE CIENCIAS SOCIAIS APLICADAS";".443.7280.";"04/10/2018";"";"ACADÊMICA";"TÁTICO";"CIÊNCIAS HUMANAS, JURÍDICAS E ECONÔMICAS          ";"COORDENAÇÃO                                                 ";"FIM"
"4701";"133303";"COORDENACAO DO CURSO DE GESTAO DE POLITICAS PUBLICAS";"CCGPP/IPP";"";"";"NATAL";"442";"CENTRO DE CIENCIAS HUMANAS, LETRAS E ARTES";"1824";"INSTITUTO DE POLITICAS PUBLICAS";".442.1824.4701.";"03/06/2008";"";"ACADÊMICA";"TÁTICO";"CIÊNCIAS HUMANAS, JURÍDICAS E ECONÔMICAS          ";"COORDENAÇÃO                                                 ";"FIM"
"4855";"130129";"COORDENACAO DO CURSO DE GESTAO EM POLITICAS PUBLICAS";"CCGPP";"";"";"NATAL";"442";"CENTRO DE CIENCIAS HUMANAS, LETRAS E ARTES";"1824";"INSTITUTO DE POLITICAS PUBLICAS";".442.1824.4855.";"01/10/2007";"";"ACADÊMICA";"TÁTICO";"CIÊNCIAS HUMANAS, JURÍDICAS E ECONÔMICAS          ";"COORDENAÇÃO                                                 ";"FIM"
"5080";"13011006";"COORDENACAO DO CURSO DE GRADUACAO EM FILOSOFIA A DISTANCIA";"CGF";"";"";"NATAL";"442";"CENTRO DE CIENCIAS HUMANAS, LETRAS E ARTES";"442";"CENTRO DE CIENCIAS HUMANAS, LETRAS E ARTES";".442.5080.";"16/06/2009";"";"ACADÊMICA";"TÁTICO";"CIÊNCIAS HUMANAS, JURÍDICAS E ECONÔMICAS          ";"COORDENAÇÃO                                                 ";"FIM"
"5079";"153206";"COORDENACAO DO CURSO DE GRADUACAO EM FONOAUDIOLOGIA";"CGF/CCS";"coord.fono@ccs.ufrn.br";"";"NATAL";"441";"CENTRO DE CIENCIAS DA SAUDE";"389";"ADMINISTRACAO DO CENTRO DE CIENCIAS DA SAUDE";".441.389.5079.";"27/05/2008";"";"ACADÊMICA";"TÁTICO";"CIÊNCIAS DA SAÚDE                                 ";"COORDENAÇÃO                                                 ";"FIM"
"4398";"1169020204";"COORDENACAO DO CURSO DE GRADUACAO TECNOLOGICA";"COORDCGT";"";"";"NATAL";"605";"UNIVERSIDADE FEDERAL DO RIO GRANDE DO NORTE";"3994";"DIRETORIA DE ENSINO";".605.205.3994.4398.";"24/06/1974";"";"ADMINISTRATIVA";"OPERACIONAL";"CIÊNCIAS DA SAÚDE                                 ";"COORDENAÇÃO                                                 ";"FIM"
"10398";"1364";"COORDENACAO DO CURSO DE HISTORIA - BACHARELADO";"CCH/BAC/CCHLA";"coohis.bac@cchla.ufrn.br";"";"NATAL";"442";"CENTRO DE CIENCIAS HUMANAS, LETRAS E ARTES";"442";"CENTRO DE CIENCIAS HUMANAS, LETRAS E ARTES";".442.10398.";"08/11/2020";"";"ACADÊMICA";"ESTRATÉGICO";"ADMINISTRATIVO                                    ";"AGÊNCIA                                                     ";"FIM"
"152";"1308";"COORDENACAO DO CURSO DE HISTORIA - LICENCIATURA";"CCH/LIC/CCHLA";"coohis.lic@cchla.ufrn.br";"";"NATAL";"442";"CENTRO DE CIENCIAS HUMANAS, LETRAS E ARTES";"442";"CENTRO DE CIENCIAS HUMANAS, LETRAS E ARTES";".442.152.";"24/06/1974";"";"ACADÊMICA";"OPERACIONAL";"CIÊNCIAS HUMANAS, JURÍDICAS E ECONÔMICAS          ";"COORDENAÇÃO                                                 ";"FIM"
"153";"131901";"COORDENACAO DO CURSO DE LETRAS";"CCL/CCHLA";"";"";"NATAL";"442";"CENTRO DE CIENCIAS HUMANAS, LETRAS E ARTES";"138";"DEPARTAMENTO DE LETRAS";".442.138.153.";"24/06/1974";"";"ACADÊMICA";"OPERACIONAL";"CIÊNCIAS HUMANAS, JURÍDICAS E ECONÔMICAS          ";"COORDENAÇÃO                                                 ";"FIM"
"10110";"131907";"COORDENACAO DO CURSO DE LETRAS - LINGUA ESPANHOLA";"CCL/ESP/CCHLA";"";"";"NATAL";"442";"CENTRO DE CIENCIAS HUMANAS, LETRAS E ARTES";"138";"DEPARTAMENTO DE LETRAS";".442.138.10110.";"01/01/2000";"";"ACADÊMICA";"ESTRATÉGICO";"ADMINISTRATIVO                                    ";"COORDENAÇÃO                                                 ";"FIM"
"10109";"131906";"COORDENACAO DO CURSO DE LETRAS- LINGUA INGLESA";"CCL/ING/CCHLA";"";"";"NATAL";"442";"CENTRO DE CIENCIAS HUMANAS, LETRAS E ARTES";"138";"DEPARTAMENTO DE LETRAS";".442.138.10109.";"20/02/2017";"";"ACADÊMICA";"ESTRATÉGICO";"ADMINISTRATIVO                                    ";"COORDENAÇÃO                                                 ";"FIM"
"10106";"131904";"COORDENACAO DO CURSO DE LETRAS - LINGUA PORTUGUESA";"CCL/PORT/CCHLA";"";"";"NATAL";"442";"CENTRO DE CIENCIAS HUMANAS, LETRAS E ARTES";"138";"DEPARTAMENTO DE LETRAS";".442.138.10106.";"02/02/2017";"";"ACADÊMICA";"ESTRATÉGICO";"ADMINISTRATIVO                                    ";"COORDENAÇÃO                                                 ";"FIM"
"10111";"131908";"COORDENACAO DO CURSO DE LETRAS - LINGUA PORTUGUESA E LIBRAS";"CCL/PT-LB/CCHL";"";"";"NATAL";"442";"CENTRO DE CIENCIAS HUMANAS, LETRAS E ARTES";"138";"DEPARTAMENTO DE LETRAS";".442.138.10111.";"26/03/2013";"";"ACADÊMICA";"ESTRATÉGICO";"ADMINISTRATIVO                                    ";"AGÊNCIA                                                     ";"FIM"
"32819";"13000010";"COORDENACAO DO CURSO DE LICENCIATURA EM EDUCACAO INTERCULTURAL INDIGENA";"LICEII";"";"";"NATAL";"442";"CENTRO DE CIENCIAS HUMANAS, LETRAS E ARTES";"442";"CENTRO DE CIENCIAS HUMANAS, LETRAS E ARTES";".442.32819.";"26/03/2024";"";"ACADÊMICA";"OPERACIONAL";"CIÊNCIAS HUMANAS, JURÍDICAS E ECONÔMICAS          ";"COORDENAÇÃO                                                 ";"FIM"
"10399";"1258";"COORDENACAO DO CURSO DE MATEMATICA - BACHARELADO";"CCM/BAC/CCET";"";"";"NATAL";"439";"CENTRO DE CIENCIAS EXATAS E DA TERRA";"439";"CENTRO DE CIENCIAS EXATAS E DA TERRA";".439.10399.";"01/01/2010";"";"ACADÊMICA";"ESTRATÉGICO";"ADMINISTRATIVO                                    ";"COORDENAÇÃO                                                 ";"FIM"
"131";"1219";"COORDENACAO DO CURSO DE MATEMATICA - LICENCIATURA";"CCM/LIC/CCET";"";"";"NATAL";"439";"CENTRO DE CIENCIAS EXATAS E DA TERRA";"439";"CENTRO DE CIENCIAS EXATAS E DA TERRA";".439.131.";"24/06/1974";"";"ACADÊMICA";"GERENCIAL";"CIÊNCIAS EXATAS E DA NATUREZA                     ";"COORDENAÇÃO                                                 ";"MEIO"
"210";"1506";"COORDENACAO DO CURSO DE MEDICINA";"CCMED/CCS";"";"";"NATAL";"441";"CENTRO DE CIENCIAS DA SAUDE";"441";"CENTRO DE CIENCIAS DA SAUDE";".441.210.";"24/06/1974";"";"ACADÊMICA";"OPERACIONAL";"CIÊNCIAS DA SAÚDE                                 ";"COORDENAÇÃO                                                 ";"FIM"
"8710";"11322902";"COORDENACAO DO CURSO DE MEDICINA MULTICAMPI";"Coord/MedMult";"";"";"CAICÓ";"605";"UNIVERSIDADE FEDERAL DO RIO GRANDE DO NORTE";"7278";"ESCOLA MULTICAMPI DE CIENCIAS MEDICAS DO RIO GRANDE DO NORTE";".605.262.7278.8710.";"01/03/1993";"";"ADMINISTRATIVA";"GERENCIAL";"ADMINISTRATIVO                                    ";"COORDENAÇÃO                                                 ";"FIM"
"8117";"1221";"COORDENACAO DO CURSO DE METEOROLOGIA";"CCMET";"";"";"NATAL";"439";"CENTRO DE CIENCIAS EXATAS E DA TERRA";"439";"CENTRO DE CIENCIAS EXATAS E DA TERRA";".439.8117.";"01/01/2014";"";"ACADÊMICA";"ESTRATÉGICO";"ADMINISTRATIVO                                    ";"COORDENAÇÃO                                                 ";"FIM"
"211";"1507";"COORDENACAO DO CURSO DE NUTRICAO";"CCNUT/CCS";"";"";"NATAL";"441";"CENTRO DE CIENCIAS DA SAUDE";"441";"CENTRO DE CIENCIAS DA SAUDE";".441.211.";"24/06/1974";"";"ACADÊMICA";"OPERACIONAL";"CIÊNCIAS DA SAÚDE                                 ";"COORDENAÇÃO                                                 ";"FIM"
"171";"1608";"COORDENACAO DO CURSO DE PEDAGOGIA";"CCPED/CCSA";"";"";"NATAL";"443";"CENTRO DE CIENCIAS SOCIAIS APLICADAS";"443";"CENTRO DE CIENCIAS SOCIAIS APLICADAS";".443.171.";"24/06/1974";"";"ACADÊMICA";"OPERACIONAL";"CIÊNCIAS HUMANAS, JURÍDICAS E ECONÔMICAS          ";"COORDENAÇÃO                                                 ";"FIM"
"132";"128802";"COORDENACAO DO CURSO DE QUIMICA";"CCQ/CCET";"";"";"NATAL";"439";"CENTRO DE CIENCIAS EXATAS E DA TERRA";"6025";"INSTITUTO DE QUIMICA";".439.6025.132.";"24/06/1974";"";"ACADÊMICA";"OPERACIONAL";"CIÊNCIAS EXATAS E DA NATUREZA                     ";"COORDENAÇÃO                                                 ";"FIM"
"32427";"160047";"COORDENACAO DO CURSO DE RELACOES INTERNACIONAIS";"COORDRI";"";"";"NATAL";"443";"CENTRO DE CIENCIAS SOCIAIS APLICADAS";"443";"CENTRO DE CIENCIAS SOCIAIS APLICADAS";".443.32427.";"26/09/2023";"";"ACADÊMICA";"ESTRATÉGICO";"ADMINISTRATIVO                                    ";"COORDENAÇÃO                                                 ";"FIM"
"32821";"190034";"COORDENACAO DO CURSO DE SEGUNDA LICENCIATURA EM EDUCACAO ESPECIAL INCLUSIVA - EAD";"COORDEESP-EAD";"coord.edespecialinclusiva.ufrn@gmail.com";"3342-2270";"NATAL";"5965";"CENTRO DE EDUCACAO";"5965";"CENTRO DE EDUCACAO";".5965.32821.";"26/03/2024";"";"ACADÊMICA";"GERENCIAL";"CIÊNCIAS HUMANAS, JURÍDICAS E ECONÔMICAS          ";"COORDENAÇÃO                                                 ";"FIM"
"172";"1611";"COORDENACAO DO CURSO DE SERVICO SOCIAL";"CORSES/CCSA";"";"";"NATAL";"443";"CENTRO DE CIENCIAS SOCIAIS APLICADAS";"443";"CENTRO DE CIENCIAS SOCIAIS APLICADAS";".443.172.";"24/06/1974";"";"ACADÊMICA";"TÁTICO";"CIÊNCIAS HUMANAS, JURÍDICAS E ECONÔMICAS          ";"COORDENAÇÃO                                                 ";"FIM"
"4853";"130128";"COORDENACAO DO CURSO DE TEATRO";"CCT";"";"";"NATAL";"442";"CENTRO DE CIENCIAS HUMANAS, LETRAS E ARTES";"135";"DIRECAO DO CCHLA";".442.135.4853.";"01/10/2007";"";"ACADÊMICA";"TÁTICO";"CIÊNCIAS HUMANAS, JURÍDICAS E ECONÔMICAS          ";"COORDENAÇÃO                                                 ";"FIM"
"173";"1612";"COORDENACAO DO CURSO DE TURISMO";"CTUR/CCSA";"";"";"NATAL";"443";"CENTRO DE CIENCIAS SOCIAIS APLICADAS";"443";"CENTRO DE CIENCIAS SOCIAIS APLICADAS";".443.173.";"24/06/1974";"";"ACADÊMICA";"TÁTICO";"CIÊNCIAS HUMANAS, JURÍDICAS E ECONÔMICAS          ";"COORDENAÇÃO                                                 ";"FIM"
"101";"112210";"COORDENACAO DO CURSO DE ZOOTECNIA";"CZOOT/CT";"";"";"MACAÍBA";"605";"UNIVERSIDADE FEDERAL DO RIO GRANDE DO NORTE";"351";"ESCOLA AGRICOLA DE JUNDIAI";".605.351.101.";"24/06/1974";"";"ACADÊMICA";"OPERACIONAL";"ADMINISTRATIVO                                    ";"COORDENAÇÃO                                                 ";"FIM"
"9043";"1122010204";"COORDENACAO DO CURSO DE ZOOTECNIA";"COORDZOO/EAJ";"";"";"MACAÍBA";"605";"UNIVERSIDADE FEDERAL DO RIO GRANDE DO NORTE";"9039";"DIRECAO DE ENSINO - MAGISTERIO SUPERIOR";".605.351.3303.9039.9043.";"01/01/2000";"";"ACADÊMICA";"ESTRATÉGICO";"ADMINISTRATIVO                                    ";"COORDENAÇÃO                                                 ";"FIM"
"92";"1404";"COORDENACAO DO CURSO ENGENHARIA CIVIL";"CECIV/CT";"";"";"NATAL";"445";"CENTRO DE TECNOLOGIA";"445";"CENTRO DE TECNOLOGIA";".445.92.";"24/06/1974";"";"ACADÊMICA";"OPERACIONAL";"CIÊNCIAS EXATAS E DA NATUREZA                     ";"COORDENAÇÃO                                                 ";"FIM"
"93";"1407";"COORDENACAO DO CURSO ENGENHARIA DE COMPUTACAO";"CECOMP/CT";"";"";"NATAL";"445";"CENTRO DE TECNOLOGIA";"445";"CENTRO DE TECNOLOGIA";".445.93.";"24/06/1974";"";"ACADÊMICA";"OPERACIONAL";"CIÊNCIAS EXATAS E DA NATUREZA                     ";"COORDENAÇÃO                                                 ";"FIM"
"95";"1408";"COORDENACAO DO CURSO ENGENHARIA DE MATERIAIS";"CEMAT/CT";"";"";"NATAL";"445";"CENTRO DE TECNOLOGIA";"445";"CENTRO DE TECNOLOGIA";".445.95.";"24/06/1974";"";"ACADÊMICA";"OPERACIONAL";"CIÊNCIAS EXATAS E DA NATUREZA                     ";"COORDENAÇÃO                                                 ";"FIM"
"97";"1409";"COORDENACAO DO CURSO ENGENHARIA DE PRODUCAO";"CGEP/CT";"";"";"NATAL";"445";"CENTRO DE TECNOLOGIA";"445";"CENTRO DE TECNOLOGIA";".445.97.";"24/06/1974";"";"ACADÊMICA";"OPERACIONAL";"CIÊNCIAS EXATAS E DA NATUREZA                     ";"COORDENAÇÃO                                                 ";"FIM"
"94";"1410";"COORDENACAO DO CURSO ENGENHARIA ELETRICA";"CCEE/CT";"";"";"NATAL";"445";"CENTRO DE TECNOLOGIA";"445";"CENTRO DE TECNOLOGIA";".445.94.";"24/06/1974";"";"ACADÊMICA";"OPERACIONAL";"CIÊNCIAS EXATAS E DA NATUREZA                     ";"COORDENAÇÃO                                                 ";"FIM"
"98";"1412";"COORDENACAO DO CURSO ENGENHARIA QUIMICA";"CEQUI/CT";"";"";"NATAL";"445";"CENTRO DE TECNOLOGIA";"445";"CENTRO DE TECNOLOGIA";".445.98.";"24/06/1974";"";"ACADÊMICA";"OPERACIONAL";"CIÊNCIAS EXATAS E DA NATUREZA                     ";"COORDENAÇÃO                                                 ";"FIM"
"99";"1413";"COORDENACAO DO CURSO ENGENHARIA TEXTIL";"CET/CT";"";"";"NATAL";"445";"CENTRO DE TECNOLOGIA";"445";"CENTRO DE TECNOLOGIA";".445.99.";"24/06/1974";"";"ACADÊMICA";"OPERACIONAL";"CIÊNCIAS EXATAS E DA NATUREZA                     ";"COORDENAÇÃO                                                 ";"FIM"
"4564";"11390305";"COORDENACAO DO CURSO TECNICO";"COORDT";"carmona@musica.ufrn.br";"3125-3636";"NATAL";"605";"UNIVERSIDADE FEDERAL DO RIO GRANDE DO NORTE";"3330";"DIRETORIA DA ESCOLA DE MUSICA";".605.284.3330.4564.";"24/06/2006";"";"ADMINISTRATIVA";"OPERACIONAL";"ADMINISTRATIVO                                    ";"COORDENADORIA                                               ";"FIM"
"3318";"1122010303";"COORDENACAO DO CURSO TECNICO DE INFORMATICA";"CTI";"";"";"MACAÍBA";"605";"UNIVERSIDADE FEDERAL DO RIO GRANDE DO NORTE";"9044";"DIRECAO DE ENSINO - ENSINO BASICO TECNICO E TECNOLOGICO";".605.351.3303.9044.3318.";"24/06/1974";"";"ACADÊMICA";"TÁTICO";"AGROPECUÁRIO                                      ";"COORDENAÇÃO                                                 ";"FIM"
"7207";"110005020303";"COORDENACAO DO CURSO TECNICO DE TECNOLOGIA DA INFORMACAO - IMD";"TTECIMET";"";"";"NATAL";"605";"UNIVERSIDADE FEDERAL DO RIO GRANDE DO NORTE";"10082";"DIRETORIA DE ENSINO - IMD";".605.6069.7147.10082.7207.";"01/01/2017";"";"ACADÊMICA";"ESTRATÉGICO";"ADMINISTRATIVO                                    ";"ASSESSORIA                                                  ";"FIM"
"8114";"11690007";"COORDENACAO DO CURSO TECNICO EM AGENTE COMUNITARIO DE SAUDE";"CTAGECOMSA";"";"";"NATAL";"605";"UNIVERSIDADE FEDERAL DO RIO GRANDE DO NORTE";"205";"ESCOLA DE SAUDE";".605.205.8114.";"28/11/2013";"";"ACADÊMICA";"TÁTICO";"CIÊNCIAS DA SAÚDE                                 ";"COORDENAÇÃO                                                 ";"FIM"
"3317";"1122010304";"COORDENACAO DO CURSO TECNICO EM AGROPECUARIA";"CTA";"";"";"MACAÍBA";"605";"UNIVERSIDADE FEDERAL DO RIO GRANDE DO NORTE";"9044";"DIRECAO DE ENSINO - ENSINO BASICO TECNICO E TECNOLOGICO";".605.351.3303.9044.3317.";"24/06/1974";"";"ACADÊMICA";"TÁTICO";"AGROPECUÁRIO                                      ";"COORDENAÇÃO                                                 ";"FIM"
"8115";"11690008";"COORDENACAO DO CURSO TECNICO EM ANALISES CLINICAS";"CCTECANAC";"";"";"NATAL";"605";"UNIVERSIDADE FEDERAL DO RIO GRANDE DO NORTE";"205";"ESCOLA DE SAUDE";".605.205.8115.";"28/11/2013";"";"ACADÊMICA";"TÁTICO";"CIÊNCIAS DA SAÚDE                                 ";"COORDENAÇÃO                                                 ";"FIM"
"6344";"1122010305";"COORDENACAO DO CURSO TECNICO EM AQUICULTURA";"COORDTECAQUI";"";"";"MACAÍBA";"605";"UNIVERSIDADE FEDERAL DO RIO GRANDE DO NORTE";"9044";"DIRECAO DE ENSINO - ENSINO BASICO TECNICO E TECNOLOGICO";".605.351.3303.9044.6344.";"10/11/2011";"";"ADMINISTRATIVA";"GERENCIAL";"AGROPECUÁRIO                                      ";"COORDENAÇÃO                                                 ";"FIM"
"3995";"11690006";"COORDENACAO DO CURSO TECNICO EM ENFERMAGEM";"CCTEEN";"";"";"NATAL";"605";"UNIVERSIDADE FEDERAL DO RIO GRANDE DO NORTE";"205";"ESCOLA DE SAUDE";".605.205.3995.";"24/06/1974";"";"ADMINISTRATIVA";"OPERACIONAL";"CIÊNCIAS DA SAÚDE                                 ";"COORDENAÇÃO                                                 ";"FIM"
"10405";"11690037";"COORDENACAO DO CURSO TECNICO EM MASSOTERAPIA";"CCTM/ES/UFRN";"";"";"NATAL";"605";"UNIVERSIDADE FEDERAL DO RIO GRANDE DO NORTE";"205";"ESCOLA DE SAUDE";".605.205.10405.";"03/12/2020";"";"ACADÊMICA";"ESTRATÉGICO";"ADMINISTRATIVO                                    ";"ESCOLA                                                      ";"FIM"
"8164";"11690009";"COORDENACAO DO CURSO TECNICO EM PRATICAS INTEGRATIVAS E COMPLEMENTARES EM SAUDE";"CCTECPRAINCOMS";"";"";"NATAL";"605";"UNIVERSIDADE FEDERAL DO RIO GRANDE DO NORTE";"205";"ESCOLA DE SAUDE";".605.205.8164.";"16/12/2013";"";"ACADÊMICA";"TÁTICO";"CIÊNCIAS DA SAÚDE                                 ";"COORDENAÇÃO                                                 ";"FIM"
"8165";"11690010";"COORDENACAO DO CURSO TECNICO EM REGISTROS E INFORMACOES EM SAUDE";"CTECREINFSA";"";"";"NATAL";"605";"UNIVERSIDADE FEDERAL DO RIO GRANDE DO NORTE";"205";"ESCOLA DE SAUDE";".605.205.8165.";"16/12/2013";"";"ACADÊMICA";"TÁTICO";"CIÊNCIAS DA SAÚDE                                 ";"COORDENAÇÃO                                                 ";"FIM"
"8166";"11690011";"COORDENACAO DO CURSO TECNICO EM SEGURANCA DO TRABALHO";"CTECSEGTRA";"";"";"NATAL";"605";"UNIVERSIDADE FEDERAL DO RIO GRANDE DO NORTE";"205";"ESCOLA DE SAUDE";".605.205.8166.";"16/12/2013";"";"ACADÊMICA";"TÁTICO";"CIÊNCIAS DA SAÚDE                                 ";"COORDENAÇÃO                                                 ";"FIM"
"8167";"11690012";"COORDENACAO DO CURSO TECNICO EM VIGILANCIA EM SAUDE";"CTECVIGSA";"";"";"NATAL";"605";"UNIVERSIDADE FEDERAL DO RIO GRANDE DO NORTE";"205";"ESCOLA DE SAUDE";".605.205.8167.";"16/12/2013";"";"ACADÊMICA";"TÁTICO";"CIÊNCIAS DA SAÚDE                                 ";"COORDENAÇÃO                                                 ";"FIM"
"7283";"13000001";"COORDENACAO DO MESTRADO PROFISSIONAL EM GESTAO DE PROCESSOS INSTITUCIONAIS";"CMPGPI/CCHLA";"";"";"NATAL";"442";"CENTRO DE CIENCIAS HUMANAS, LETRAS E ARTES";"442";"CENTRO DE CIENCIAS HUMANAS, LETRAS E ARTES";".442.7283.";"15/07/2013";"";"ACADÊMICA";"ESTRATÉGICO";"ADMINISTRATIVO                                    ";"ASSESSORIA                                                  ";"FIM"
"7722";"11570004";"COORDENACAO DO POLO DE APOIO PRESENCIAL DE NOVA CRUZ";"CPAP/NOVACRUZ";"";"";"NATAL";"605";"UNIVERSIDADE FEDERAL DO RIO GRANDE DO NORTE";"1480";"SECRETARIA DE EDUCACAO A DISTANCIA";".605.1480.7722.";"08/02/2017";"";"ACADÊMICA";"ESTRATÉGICO";"ADMINISTRATIVO                                    ";"ASSESSORIA                                                  ";"FIM"
"3320";"112324";"COORDENACAO DO PROEJA";"PROEJA";"";"";"MACAÍBA";"605";"UNIVERSIDADE FEDERAL DO RIO GRANDE DO NORTE";"351";"ESCOLA AGRICOLA DE JUNDIAI";".605.351.3320.";"24/06/1974";"";"ACADÊMICA";"TÁTICO";"AGROPECUÁRIO                                      ";"COORDENAÇÃO                                                 ";"FIM"
"6327";"112234";"COORDENACAO PEDAGOGICA";"COORDPEDAG";"";"";"MACAÍBA";"605";"UNIVERSIDADE FEDERAL DO RIO GRANDE DO NORTE";"351";"ESCOLA AGRICOLA DE JUNDIAI";".605.351.6327.";"14/11/2011";"";"ADMINISTRATIVA";"TÁTICO";"ADMINISTRATIVO                                    ";"COORDENAÇÃO                                                 ";"FIM"
"3964";"11260105";"COORDENACAO TECNICO-CIENTIFICA E CULTURAL";"CTC";"";"";"NATAL";"605";"UNIVERSIDADE FEDERAL DO RIO GRANDE DO NORTE";"3958";"DIRETORIA DO MUSEU CAMARA CASCUDO ";".605.290.3958.3964.";"24/06/1974";"";"ADMINISTRATIVA";"OPERACIONAL";"INFORMAÇÃO                                        ";"COORDENAÇÃO                                                 ";"FIM"
"4442";"11020502";"COORDENADOR DA CGT";"CCORD/CGT";"";"";"NATAL";"605";"UNIVERSIDADE FEDERAL DO RIO GRANDE DO NORTE";"249";"PROAD - COORDENADORIA DE TRANSPORTES";".605.1422.342.249.4442.";"24/06/1974";"";"ADMINISTRATIVA";"OPERACIONAL";"INFRA ESTRUTURA                                   ";"SETOR                                                       ";"FIM"
"7204";"115720";"COORDENADORIA ADMINISTRATIVA E DE PROJETOS/SEDIS";"COASED";"";"";"NATAL";"605";"UNIVERSIDADE FEDERAL DO RIO GRANDE DO NORTE";"1480";"SECRETARIA DE EDUCACAO A DISTANCIA";".605.1480.7204.";"31/10/2012";"";"ACADÊMICA";"ESTRATÉGICO";"ADMINISTRATIVO                                    ";"ASSESSORIA                                                  ";"FIM"
"8848";"11080010";"COORDENADORIA DA PRACA DE EVENTOS";"SIN/PRAEVENTOS";"";"";"NATAL";"605";"UNIVERSIDADE FEDERAL DO RIO GRANDE DO NORTE";"20";"SUPERINTENDENCIA DE INFRAESTRUTURA";".605.20.8848.";"17/07/2014";"";"ADMINISTRATIVA";"TÁTICO";"INFRA ESTRUTURA                                   ";"COORDENAÇÃO                                                 ";"FIM"
"3346";"112023";"COORDENADORIA DE APOIO AO USUARIO";"CAU";"";"";"NATAL";"605";"UNIVERSIDADE FEDERAL DO RIO GRANDE DO NORTE";"21";"BIBLIOTECA CENTRAL ZILA MAMEDE";".605.21.3346.";"24/06/1974";"";"ADMINISTRATIVA";"OPERACIONAL";"INFORMAÇÃO                                        ";"DIVISAO                                                     ";"MEIO"
"3350";"112024";"COORDENADORIA DE APOIO TECNOLOGICO";"CAT";"";"";"NATAL";"605";"UNIVERSIDADE FEDERAL DO RIO GRANDE DO NORTE";"21";"BIBLIOTECA CENTRAL ZILA MAMEDE";".605.21.3350.";"24/06/1974";"";"ADMINISTRATIVA";"OPERACIONAL";"INFORMAÇÃO                                        ";"DIVISAO                                                     ";"MEIO"
"1432";"110804";"COORDENADORIA DE AQUISICOES DE OBRAS E SERVICOS DE ENGENHARIA";"CAOSE/INFRA";"";"";"NATAL";"605";"UNIVERSIDADE FEDERAL DO RIO GRANDE DO NORTE";"20";"SUPERINTENDENCIA DE INFRAESTRUTURA";".605.20.1432.";"24/06/1974";"";"ADMINISTRATIVA";"OPERACIONAL";"ADMINISTRATIVO                                    ";"COMISSAO PERMANENTE                                         ";"MEIO"
"10536";"11320105";"COORDENADORIA DE AUDITORIA E CONTROLE - AUDITORIA";"CAC/AUDIT";"";"";"NATAL";"605";"UNIVERSIDADE FEDERAL DO RIO GRANDE DO NORTE";"263";"AUDITORIA INTERNA";".605.262.263.10536.";"01/02/2017";"";"ACADÊMICA";"ESTRATÉGICO";"ADMINISTRATIVO                                    ";"ASSESSORIA                                                  ";"FIM"
"7787";"110708";"COORDENADORIA DE AVALIACAO DE POLITICAS INSTITUCIONAIS";"CAPI/PROPLAN";"";"";"NATAL";"605";"UNIVERSIDADE FEDERAL DO RIO GRANDE DO NORTE";"1449";"PRO-REITORIA DE PLANEJAMENTO";".605.1449.7787.";"01/01/2013";"";"ADMINISTRATIVA";"ESTRATÉGICO";"ADMINISTRATIVO                                    ";"COORDENADORIA                                               ";"MEIO"
"3341";"112021";"COORDENADORIA DE BIBLIOTECAS SETORIAIS";"CBT/BCZM";"cobset@bczm.ufrn.br";"3215-3842";"NATAL";"605";"UNIVERSIDADE FEDERAL DO RIO GRANDE DO NORTE";"21";"BIBLIOTECA CENTRAL ZILA MAMEDE";".605.21.3341.";"24/06/1974";"";"ADMINISTRATIVA";"OPERACIONAL";"INFORMAÇÃO                                        ";"COORDENAÇÃO                                                 ";"MEIO"
"9105";"11350503";"COORDENADORIA DE CONECTIVIDADE - SINFO";"CONECT/SINFO";"";"";"NATAL";"605";"UNIVERSIDADE FEDERAL DO RIO GRANDE DO NORTE";"3616";"STI - COORDENADORIA DE REDES";".605.2.3616.9105.";"01/01/2015";"";"ADMINISTRATIVA";"GERENCIAL";"ADMINISTRATIVO                                    ";"COORDENADORIA                                               ";"FIM"
"4289";"11280401";"COORDENADORIA DE DOCUMENTACAO, ACERVO E MEMORIA";"SEDOCAM/TVU";"";"";"NATAL";"605";"UNIVERSIDADE FEDERAL DO RIO GRANDE DO NORTE";"4044";"SECRETARIA ADMINISTRATIVA";".605.19.4044.4289.";"24/06/1974";"";"ADMINISTRATIVA";"OPERACIONAL";"ARTES, COMUNICAÇAO E DIFUSAO                      ";"CENTRO                                                      ";"FIM"
"7093";"1131000701";"COORDENADORIA DE ESPORTE, CULTURA E LAZER";"COESCLA";"";"";"NATAL";"605";"UNIVERSIDADE FEDERAL DO RIO GRANDE DO NORTE";"7064";"DIRETORIA DE ATIVIDADES ESTUDANTIS";".605.248.7064.7093.";"01/01/2013";"";"ADMINISTRATIVA";"ESTRATÉGICO";"ADMINISTRATIVO                                    ";"ASSESSORIA                                                  ";"FIM"
"11100";"10890407";"COORDENADORIA DE EXTENSAO - ICE";"COEXT/ICE";"mbcsousa@gmail.com ";"3215-2708";"NATAL";"605";"UNIVERSIDADE FEDERAL DO RIO GRANDE DO NORTE";"11090";"DIRETORIA DO INSTITUTO DO CEREBRO";".605.6026.11090.11100.";"13/10/2017";"";"ADMINISTRATIVA";"ESTRATÉGICO";"ADMINISTRATIVO                                    ";"COORDENADORIA                                               ";"FIM"
"10495";"11230033";"COORDENADORIA DE FORMACAO PARA DOCENCIA";"CFD/PPG";"";"";"NATAL";"605";"UNIVERSIDADE FEDERAL DO RIO GRANDE DO NORTE";"1483";"PRO-REITORIA DE POS GRADUACAO";".605.1483.10495.";"26/01/2017";"";"ACADÊMICA";"ESTRATÉGICO";"ADMINISTRATIVO                                    ";"ASSESSORIA                                                  ";"FIM"
"11660";"11280003";"COORDENADORIA DE JORNALISMO";"CJorTV";"";"";"NATAL";"605";"UNIVERSIDADE FEDERAL DO RIO GRANDE DO NORTE";"19";"SUPERINTENDENCIA DE COMUNICACAO";".605.19.11660.";"10/10/2018";"";"ADMINISTRATIVA";"ESTRATÉGICO";"ARTES, COMUNICAÇAO E DIFUSAO                      ";"COORDENADORIA                                               ";"FIM"
"8844";"11080006";"COORDENADORIA DE MANUTENCAO DE EQUIPAMENTOS";"SIN/MANEQUIP";"";"";"NATAL";"605";"UNIVERSIDADE FEDERAL DO RIO GRANDE DO NORTE";"20";"SUPERINTENDENCIA DE INFRAESTRUTURA";".605.20.8844.";"17/07/2014";"";"ADMINISTRATIVA";"TÁTICO";"INFRA ESTRUTURA                                   ";"COORDENAÇÃO                                                 ";"FIM"
"4589";"11080011";"COORDENADORIA DE ORCAMENTO E PROJETOS BASICOS";"INFRA/COPB";"";"";"NATAL";"605";"UNIVERSIDADE FEDERAL DO RIO GRANDE DO NORTE";"20";"SUPERINTENDENCIA DE INFRAESTRUTURA";".605.20.4589.";"24/06/2007";"";"ADMINISTRATIVA";"OPERACIONAL";"INFRA ESTRUTURA                                   ";"SETOR                                                       ";"MEIO"
"8840";"11080002";"COORDENADORIA DE PEQUENAS OBRAS";"SIN/PEQOB";"";"";"NATAL";"605";"UNIVERSIDADE FEDERAL DO RIO GRANDE DO NORTE";"20";"SUPERINTENDENCIA DE INFRAESTRUTURA";".605.20.8840.";"17/07/2014";"";"ADMINISTRATIVA";"TÁTICO";"INFRA ESTRUTURA                                   ";"COORDENAÇÃO                                                 ";"FIM"
"3342";"112022";"COORDENADORIA DE PROCESSOS TECNICOS";"CPT";"";"";"NATAL";"605";"UNIVERSIDADE FEDERAL DO RIO GRANDE DO NORTE";"21";"BIBLIOTECA CENTRAL ZILA MAMEDE";".605.21.3342.";"24/06/1974";"";"ADMINISTRATIVA";"OPERACIONAL";"INFORMAÇÃO                                        ";"DIVISAO                                                     ";"FIM"
"7205";"115721";"COORDENADORIA DE PRODUCAO DE MATERIAIS DIDATICOS/SEDIS";"COOPSED";"";"";"NATAL";"605";"UNIVERSIDADE FEDERAL DO RIO GRANDE DO NORTE";"1480";"SECRETARIA DE EDUCACAO A DISTANCIA";".605.1480.7205.";"31/10/2012";"";"ACADÊMICA";"ESTRATÉGICO";"ADMINISTRATIVO                                    ";"ASSESSORIA                                                  ";"FIM"
"10512";"11230037";"COORDENADORIA DE RESIDENCIAS EM SAUDE";"CRS/PPG";"";"";"NATAL";"605";"UNIVERSIDADE FEDERAL DO RIO GRANDE DO NORTE";"1483";"PRO-REITORIA DE POS GRADUACAO";".605.1483.10512.";"26/01/2017";"";"ACADÊMICA";"ESTRATÉGICO";"ADMINISTRATIVO                                    ";"ASSESSORIA                                                  ";"FIM"
"3343";"112025";"COORDENADORIA DE SELECAO E AQUISICAO";"CSA";"";"";"NATAL";"605";"UNIVERSIDADE FEDERAL DO RIO GRANDE DO NORTE";"21";"BIBLIOTECA CENTRAL ZILA MAMEDE";".605.21.3343.";"24/06/1974";"";"ADMINISTRATIVA";"OPERACIONAL";"INFORMAÇÃO                                        ";"SETOR                                                       ";"MEIO"
"9093";"11350102";"COORDENADORIA DE SISTEMAS ACADEMICOS - SINFO";"CSACAD/SINFO";"";"";"NATAL";"605";"UNIVERSIDADE FEDERAL DO RIO GRANDE DO NORTE";"3615";"STI - COORDENADORIA DE SISTEMAS";".605.2.3615.9093.";"01/01/2015";"";"ADMINISTRATIVA";"ESTRATÉGICO";"ADMINISTRATIVO                                    ";"ASSESSORIA                                                  ";"FIM"
"6949";"115716";"COORDENADORIA DE TECNOLOGIA DA INFORMACAO/SEDIS";"CTI/SEDIS";"";"";"NATAL";"605";"UNIVERSIDADE FEDERAL DO RIO GRANDE DO NORTE";"1480";"SECRETARIA DE EDUCACAO A DISTANCIA";".605.1480.6949.";"11/11/2011";"";"ACADÊMICA";"ESTRATÉGICO";"ADMINISTRATIVO                                    ";"ASSESSORIA                                                  ";"FIM"
"4046";"112806";"COORDENADORIA DE TECNOLOGIA E MANUTENCAO";"CTEMAN/TVU";"";"";"NATAL";"605";"UNIVERSIDADE FEDERAL DO RIO GRANDE DO NORTE";"19";"SUPERINTENDENCIA DE COMUNICACAO";".605.19.4046.";"10/11/1999";"";"ADMINISTRATIVA";"OPERACIONAL";"INFORMAÇÃO                                        ";"DEPARTAMENTO                                                ";"MEIO"
"8847";"11080009";"COORDENADORIA DO CENTRO DE CONVIVENCIA";"SIN/CENCONVIV";"";"";"NATAL";"605";"UNIVERSIDADE FEDERAL DO RIO GRANDE DO NORTE";"20";"SUPERINTENDENCIA DE INFRAESTRUTURA";".605.20.8847.";"17/07/2014";"";"ADMINISTRATIVA";"TÁTICO";"INFRA ESTRUTURA                                   ";"COORDENAÇÃO                                                 ";"FIM"
"7780";"112331";"COORDENADORIA PEDAGOGICA DE POS-GRADUACAO";"COORPEPPG";"";"";"NATAL";"605";"UNIVERSIDADE FEDERAL DO RIO GRANDE DO NORTE";"1483";"PRO-REITORIA DE POS GRADUACAO";".605.1483.7780.";"01/01/2013";"";"ADMINISTRATIVA";"ESTRATÉGICO";"ADMINISTRATIVO                                    ";"ASSESSORIA                                                  ";"FIM"
"7203";"115719";"COORDENADORIA PEDAGOGICA/SEDIS";"COPSED";"";"";"NATAL";"605";"UNIVERSIDADE FEDERAL DO RIO GRANDE DO NORTE";"1480";"SECRETARIA DE EDUCACAO A DISTANCIA";".605.1480.7203.";"31/10/2012";"";"ACADÊMICA";"ESTRATÉGICO";"ADMINISTRATIVO                                    ";"ASSESSORIA                                                  ";"FIM"
"7273";"1595";"COORD. GERAL DA POS-GRAD. EM DESENV. E INOV. TECNOL. EM MEDICAMENTO";"CGDITEM/DPFARM";"";"";"NATAL";"441";"CENTRO DE CIENCIAS DA SAUDE";"441";"CENTRO DE CIENCIAS DA SAUDE";".441.7273.";"16/06/2017";"";"ACADÊMICA";"ESTRATÉGICO";"ADMINISTRATIVO                                    ";"ASSESSORIA                                                  ";"FIM"
"1631";"1724";"COORD. POS-GRAD. GEN. E BIO. MOLECULAR";"COOR-PGGBM";"";"32153346";"NATAL";"440";"CENTRO DE BIOCIENCIAS";"440";"CENTRO DE BIOCIENCIAS";".440.1631.";"24/06/1974";"";"ACADÊMICA";"OPERACIONAL";"ADMINISTRATIVO                                    ";"COORDENAÇÃO                                                 ";"FIM"
"1629";"1722";"COORD. PROG. DE POS-GRAD. PISICOBIOLOGIA";"COOR-PPGP";"";"32153411";"NATAL";"440";"CENTRO DE BIOCIENCIAS";"440";"CENTRO DE BIOCIENCIAS";".440.1629.";"24/06/1974";"";"ACADÊMICA";"OPERACIONAL";"CIÊNCIAS BIOLÓGICAS                               ";"COORDENAÇÃO                                                 ";"FIM"
"10137";"1123003701";"COREME - HUAB";"COREME - HUAB";"";"";"NATAL";"605";"UNIVERSIDADE FEDERAL DO RIO GRANDE DO NORTE";"10512";"COORDENADORIA DE RESIDENCIAS EM SAUDE";".605.1483.10512.10137.";"26/01/2017";"";"ACADÊMICA";"ESTRATÉGICO";"ADMINISTRATIVO                                    ";"ASSESSORIA                                                  ";"FIM"
"10136";"1123003704";"COREMU";"COREMU/PPG";"";"";"NATAL";"605";"UNIVERSIDADE FEDERAL DO RIO GRANDE DO NORTE";"10512";"COORDENADORIA DE RESIDENCIAS EM SAUDE";".605.1483.10512.10136.";"26/01/2017";"";"ACADÊMICA";"ESTRATÉGICO";"ADMINISTRATIVO                                    ";"ASSESSORIA                                                  ";"FIM"
"31231";"112414";"CORREGEDORIA";"CRG";"";"";"NATAL";"605";"UNIVERSIDADE FEDERAL DO RIO GRANDE DO NORTE";"4659";"REITORIA";".605.4659.31231.";"08/04/2021";"";"ACADÊMICA";"ESTRATÉGICO";"ADMINISTRATIVO                                    ";"ASSESSORIA                                                  ";"FIM"
"4227";"201207";"COSTURA";"cost";"";"";"NATAL";"447";"MATERNIDADE ESCOLA JANUARIO CICCO";"286";"DIRETORIA ADMINISTRATIVA - MEJC";".605.447.286.4227.";"24/06/1974";"";"ADMINISTRATIVA";"OPERACIONAL";"ADMINISTRATIVO                                    ";"SETOR                                                       ";"MEIO"
"2750";"2052";"COSTURA - MEJC";"COSTU/MEJC";"";"";"NATAL";"447";"MATERNIDADE ESCOLA JANUARIO CICCO";"447";"MATERNIDADE ESCOLA JANUARIO CICCO";".605.447.2750.";"24/06/1974";"";"ADMINISTRATIVA";"OPERACIONAL";"ADMINISTRATIVO                                    ";"SETOR                                                       ";"FIM"
"11687";"3152";"COSTURA - MEJC";"COSTU/MEJC";"";"";"NATAL";"8194";"SUPERINTENDENCIA DO MEJC - EBSERH";"8194";"SUPERINTENDENCIA DO MEJC - EBSERH";".8517.8194.11687.";"24/06/1974";"";"ADMINISTRATIVA";"OPERACIONAL";"ADMINISTRATIVO                                    ";"SETOR                                                       ";"FIM"
"346";"113202";"CPPADS-COMISSAO PERMANENTE DE PROCESSO ADMINISTRATIVO DISCIPLINAR E SINDICANCIA";"CPPADS/GAB";"";"32153111";"NATAL";"605";"UNIVERSIDADE FEDERAL DO RIO GRANDE DO NORTE";"262";"GABINETE DO REITOR";".605.262.346.";"24/06/1974";"";"ADMINISTRATIVA";"OPERACIONAL";"ADMINISTRATIVO                                    ";"COMISSAO PERMANENTE                                         ";"MEIO"
"345";"11650007";"CPPD (COMISSAO PERMANENTE DE PESSOAL DOCENTE)";"CPPD/GAB";"";"3215312";"NATAL";"605";"UNIVERSIDADE FEDERAL DO RIO GRANDE DO NORTE";"1421";"PRO-REITORIA DE GESTAO DE PESSOAS";".605.1421.345.";"01/04/1987";"";"ADMINISTRATIVA";"OPERACIONAL";"ADMINISTRATIVO                                    ";"COMISSAO PERMANENTE                                         ";"MEIO"
"1450";"1121";"CRUTAC";"CRUTAC";"";"3215.5501,3215.5503";"NATAL";"605";"UNIVERSIDADE FEDERAL DO RIO GRANDE DO NORTE";"605";"UNIVERSIDADE FEDERAL DO RIO GRANDE DO NORTE";".605.1450.";"24/06/1974";"";"ÓRGÃO SUPLEMENTAR";"TÁTICO";"ADMINISTRATIVO                                    ";"COORDENAÇÃO                                                 ";"FIM"
"2643";"1403";"CT - COORDENACAO DO CURSO DE ENGENHARIA DE ALIMENTOS";"CT/CEA";"";"";"NATAL";"445";"CENTRO DE TECNOLOGIA";"445";"CENTRO DE TECNOLOGIA";".445.2643.";"24/06/1974";"";"ACADÊMICA";"OPERACIONAL";"CIÊNCIAS EXATAS E DA NATUREZA                     ";"COORDENAÇÃO                                                 ";"FIM"
"2563";"143103";"CT - SECRETARIA DO ALMOXARIFADO";"CT/SEALM";"";"";"NATAL";"445";"CENTRO DE TECNOLOGIA";"87";"DIRECAO DO CENTRO DE TECNOLOGIA";".445.87.2563.";"24/06/1974";"";"ADMINISTRATIVA";"OPERACIONAL";"ADMINISTRATIVO                                    ";"SETOR                                                       ";"FIM"
"2609";"143102";"CT - SETOR DE PATRIMONIO";"PATRIM/CT";"";"";"NATAL";"445";"CENTRO DE TECNOLOGIA";"87";"DIRECAO DO CENTRO DE TECNOLOGIA";".445.87.2609.";"24/06/1974";"";"ADMINISTRATIVA";"OPERACIONAL";"ADMINISTRATIVO                                    ";"SETOR                                                       ";"MEIO"
"2608";"143101";"CT - TI - TECNOLOGIAS DA INFORMACAO (PITAGORAS)";"PITAGORAS";"";"";"NATAL";"445";"CENTRO DE TECNOLOGIA";"87";"DIRECAO DO CENTRO DE TECNOLOGIA";".445.87.2608.";"21/10/2010";"";"ADMINISTRATIVA";"OPERACIONAL";"INFORMAÇÃO                                        ";"SETOR                                                       ";"FIM"
"10098";"11390001";"CURSO DE BACHARELADO EM MUSICA";"CBM/EMUFRN";"";"";"NATAL";"605";"UNIVERSIDADE FEDERAL DO RIO GRANDE DO NORTE";"284";"ESCOLA DE MUSICA";".605.284.10098.";"02/10/2017";"";"ACADÊMICA";"ESTRATÉGICO";"ADMINISTRATIVO                                    ";"COORDENAÇÃO                                                 ";"FIM"
"31032";"1300000701";"CURSO DE BACHARELADO INTERDISCIPLINAR EM HUMANIDADES";"COOBH";"";"";"NATAL";"442";"CENTRO DE CIENCIAS HUMANAS, LETRAS E ARTES";"30304";"INSTITUTO HUMANITAS DE ESTUDOS INTEGRADOS";".442.30304.31032.";"18/02/2021";"";"ACADÊMICA";"ESTRATÉGICO";"ADMINISTRATIVO                                    ";"COORDENAÇÃO                                                 ";"FIM"
"6447";"150003";"CURSO DE GESTAO DE SISTEMAS E SERVICO DE SAUDE (REUNI)";"GESISERVSA";"";"";"NATAL";"441";"CENTRO DE CIENCIAS DA SAUDE";"441";"CENTRO DE CIENCIAS DA SAUDE";".441.6447.";"23/11/2011";"";"ACADÊMICA";"TÁTICO";"ADMINISTRATIVO                                    ";"COORDENAÇÃO                                                 ";"FIM"
"10402";"11390003";"CURSO DE LICENCIATURA EM MUSICA";"CLM/EMUFRN";"";"";"NATAL";"605";"UNIVERSIDADE FEDERAL DO RIO GRANDE DO NORTE";"284";"ESCOLA DE MUSICA";".605.284.10402.";"02/10/2017";"";"ACADÊMICA";"ESTRATÉGICO";"ADMINISTRATIVO                                    ";"COORDENAÇÃO                                                 ";"FIM"
"5985";"1907";"CURSO DE PEDAGOGIA (A DISTANCIA) - CE";"PEDAG/CE - DIS";"";"";"NATAL";"5965";"CENTRO DE EDUCACAO";"5965";"CENTRO DE EDUCACAO";".5965.5985.";"20/02/2017";"";"ACADÊMICA";"ESTRATÉGICO";"ADMINISTRATIVO                                    ";"COORDENAÇÃO                                                 ";"FIM"
"10524";"112504";"CURSOS DE GRADUACAO VINCULADOS A ECT";"CG/ECT";"";"";"NATAL";"605";"UNIVERSIDADE FEDERAL DO RIO GRANDE DO NORTE";"4885";"ESCOLA DE CIENCIAS E TECNOLOGIA";".605.4885.10524.";"01/01/2017";"";"ACADÊMICA";"ESTRATÉGICO";"ADMINISTRATIVO                                    ";"ASSESSORIA                                                  ";"FIM"
"270";"11030202";"DACA - DIVISAO DE ADMISSAO E CADASTRO";"DACA/DAC";"";"";"NATAL";"605";"UNIVERSIDADE FEDERAL DO RIO GRANDE DO NORTE";"4";"PROGRAD - DIRETORIA DE ADMINISTRACAO E CONTROLE ACADEMICO (DACA)";".605.3.4.270.";"24/06/1974";"";"ADMINISTRATIVA";"OPERACIONAL";"ADMINISTRATIVO                                    ";"DIVISAO                                                     ";"MEIO"
"30491";"11030103";"DACA - DIVISAO DE ANALISE DE PROCESSOS E REGISTRO ACADEMICO";"DiaPRA/DACA";"";"";"NATAL";"605";"UNIVERSIDADE FEDERAL DO RIO GRANDE DO NORTE";"4";"PROGRAD - DIRETORIA DE ADMINISTRACAO E CONTROLE ACADEMICO (DACA)";".605.3.4.30491.";"28/08/2019";"";"ADMINISTRATIVA";"OPERACIONAL";"ADMINISTRATIVO                                    ";"DIVISAO                                                     ";"FIM"
"318";"11650408";"DAP - ASSESSORIA TECNICA";"ASTEC/DAP";"dap@prh.ufrn.br";"3215-3273";"NATAL";"605";"UNIVERSIDADE FEDERAL DO RIO GRANDE DO NORTE";"1421";"PRO-REITORIA DE GESTAO DE PESSOAS";".605.1421.318.";"19/11/1995";"24/11/2011";"ADMINISTRATIVA";"OPERACIONAL";"INFORMAÇÃO                                        ";"ASSESSORIA                                                  ";"MEIO"
"1529";"11650401";"DAP/CPAP - SETOR DE ANALISE DE PROCESSOS";"SAP/CPAP";"";"32153647";"NATAL";"605";"UNIVERSIDADE FEDERAL DO RIO GRANDE DO NORTE";"9";"DAP/PROGESP - DIRETORIA DE ADMINISTRACAO DE PESSOAL";".605.1421.9.1529.";"06/07/2007";"";"ADMINISTRATIVA";"OPERACIONAL";"ADMINISTRATIVO                                    ";"SETOR                                                       ";"MEIO"
"391";"11650404";"DAP/DCCM/SC - PASTA FUNCIONAL";"PF/SC/DCCM";"";"32153284";"NATAL";"605";"UNIVERSIDADE FEDERAL DO RIO GRANDE DO NORTE";"1421";"PRO-REITORIA DE GESTAO DE PESSOAS";".605.1421.391.";"19/11/1995";"";"ADMINISTRATIVA";"OPERACIONAL";"ADMINISTRATIVO                                    ";"SETOR                                                       ";"MEIO"
"3093";"11650411";"DAP - DIVISAO DE ANALISE DE PROCESSOS";"DIAPRO/DAP";"rodrigo@prh.ufrn.br";"32153296";"NATAL";"605";"UNIVERSIDADE FEDERAL DO RIO GRANDE DO NORTE";"317";"DAP - SECRETARIA ADMINISTRATIVA";".605.1421.9.317.3093.";"06/05/2006";"";"ADMINISTRATIVA";"OPERACIONAL";"ADMINISTRATIVO                                    ";"SETOR                                                       ";"MEIO"
"301";"11650410";"DAP - DIVISAO DE PAGAMENTO DE SERVIDORES ATIVOS";"DPSA";"DPA@PRH.UFRN.BR";"32153286";"NATAL";"605";"UNIVERSIDADE FEDERAL DO RIO GRANDE DO NORTE";"1421";"PRO-REITORIA DE GESTAO DE PESSOAS";".605.1421.301.";"19/11/1995";"";"ADMINISTRATIVA";"OPERACIONAL";"ADMINISTRATIVO                                    ";"DIVISAO                                                     ";"MEIO"
"298";"11650409";"DAP - DIVISAO DE PROVIMENTOS E CONTROLE DE CARGOS";"DPCC";"dccm@prh.ufrn.br";"";"NATAL";"605";"UNIVERSIDADE FEDERAL DO RIO GRANDE DO NORTE";"317";"DAP - SECRETARIA ADMINISTRATIVA";".605.1421.9.317.298.";"19/11/1995";"";"ADMINISTRATIVA";"OPERACIONAL";"ADMINISTRATIVO                                    ";"DIVISAO                                                     ";"MEIO"
"302";"11650406";"DAP/DPA - SECAO DE CONTROLE DE PAGAMENTO";"SCP/DPA/DAP";"pagamento@prh.ufrn.br";"32153286";"NATAL";"605";"UNIVERSIDADE FEDERAL DO RIO GRANDE DO NORTE";"1421";"PRO-REITORIA DE GESTAO DE PESSOAS";".605.1421.302.";"19/11/1995";"11/11/2011";"ADMINISTRATIVA";"OPERACIONAL";"ADMINISTRATIVO                                    ";"SETOR                                                       ";"MEIO"
"9";"116504";"DAP/PROGESP - DIRETORIA DE ADMINISTRACAO DE PESSOAL";"DAP/PROGESP";"atendimento@reitoria.ufrn.br";"(84) 3342-2296";"NATAL";"605";"UNIVERSIDADE FEDERAL DO RIO GRANDE DO NORTE";"1421";"PRO-REITORIA DE GESTAO DE PESSOAS";".605.1421.9.";"19/11/1995";"";"ADMINISTRATIVA";"TÁTICO";"ADMINISTRATIVO                                    ";"DIRETORIA                                                   ";"MEIO"
"317";"11650412";"DAP - SECRETARIA ADMINISTRATIVA";"SADM/DAP";"secretaria.dap@prh.ufrn.br";"32153281";"NATAL";"605";"UNIVERSIDADE FEDERAL DO RIO GRANDE DO NORTE";"9";"DAP/PROGESP - DIRETORIA DE ADMINISTRACAO DE PESSOAL";".605.1421.9.317.";"19/11/1995";"";"ADMINISTRATIVA";"OPERACIONAL";"ADMINISTRATIVO                                    ";"SETOR                                                       ";"MEIO"
"310";"11650501";"DAS  DIVISAO DE ATENCAO PSICOSSOCIAL DO SERVIDOR";"DIAPS/DAS";"das@prh.ufrn.br";"32153291";"NATAL";"605";"UNIVERSIDADE FEDERAL DO RIO GRANDE DO NORTE";"1475";"DAS/PROGESP - DIRETORIA DE QUALIDADE DE VIDA, SAUDE E SEGURANCA NO TRABALHO";".605.1421.1475.310.";"19/11/1995";"";"ADMINISTRATIVA";"OPERACIONAL";"ADMINISTRATIVO                                    ";"DIVISAO                                                     ";"MEIO"
"8119";"11650508";"DAS - DIVISAO DE QUALIDADE DE VIDA NO TRABALHO";"DQVT/PROGESP";"";"";"NATAL";"605";"UNIVERSIDADE FEDERAL DO RIO GRANDE DO NORTE";"1475";"DAS/PROGESP - DIRETORIA DE QUALIDADE DE VIDA, SAUDE E SEGURANCA NO TRABALHO";".605.1421.1475.8119.";"03/12/2013";"";"ACADÊMICA";"GERENCIAL";"ADMINISTRATIVO                                    ";"ASSESSORIA                                                  ";"FIM"
"7176";"1165050001";"DAS - DIVISAO DE VIGILANCIA EM SAUDE E SEGURANCA DO TRABALHO";"DIVIST/DAS";"das@prh.ufrn.br";"32153294";"NATAL";"605";"UNIVERSIDADE FEDERAL DO RIO GRANDE DO NORTE";"1475";"DAS/PROGESP - DIRETORIA DE QUALIDADE DE VIDA, SAUDE E SEGURANCA NO TRABALHO";".605.1421.1475.7176.";"17/10/2012";"";"ADMINISTRATIVA";"OPERACIONAL";"ADMINISTRATIVO                                    ";"DIVISAO                                                     ";"MEIO"
"1475";"116505";"DAS/PROGESP - DIRETORIA DE QUALIDADE DE VIDA, SAUDE E SEGURANCA NO TRABALHO";"DAS/PROGESP";"secretariadas@progesp.ufrn.br";"23153291";"NATAL";"605";"UNIVERSIDADE FEDERAL DO RIO GRANDE DO NORTE";"1421";"PRO-REITORIA DE GESTAO DE PESSOAS";".605.1421.1475.";"19/11/1995";"";"ACADÊMICA";"TÁTICO";"ADMINISTRATIVO                                    ";"DIRETORIA                                                   ";"MEIO"
"308";"11650502";"DAS  SECRETARIA ADMINISTRATIVA";"SECAD/DAS";"";"32153291";"NATAL";"605";"UNIVERSIDADE FEDERAL DO RIO GRANDE DO NORTE";"1475";"DAS/PROGESP - DIRETORIA DE QUALIDADE DE VIDA, SAUDE E SEGURANCA NO TRABALHO";".605.1421.1475.308.";"19/11/1995";"";"ADMINISTRATIVA";"OPERACIONAL";"ADMINISTRATIVO                                    ";"SETOR                                                       ";"MEIO"
"398";"11020201";"DCF - ARQUIVO";"ARQ/DCF/PROAD";"DMP@REITORIA.UFRN.BR";"32153380";"NATAL";"605";"UNIVERSIDADE FEDERAL DO RIO GRANDE DO NORTE";"6";"PROAD - DIRETORIA DE CONTABILIDADE E FINANCAS";".605.1422.6.398.";"24/06/1974";"";"ADMINISTRATIVA";"OPERACIONAL";"INFORMAÇÃO                                        ";"SETOR                                                       ";"MEIO"
"4486";"11020213";"DCF - ASSESSORIA TECNICA";"ASTEC-DCF";"";"";"NATAL";"605";"UNIVERSIDADE FEDERAL DO RIO GRANDE DO NORTE";"6";"PROAD - DIRETORIA DE CONTABILIDADE E FINANCAS";".605.1422.6.4486.";"24/06/1974";"";"ADMINISTRATIVA";"OPERACIONAL";"ADMINISTRATIVO                                    ";"ASSESSORIA                                                  ";"MEIO"
"328";"11020203";"DCF - DIRECAO";"DCF/PROAD/DIR";"";"";"NATAL";"605";"UNIVERSIDADE FEDERAL DO RIO GRANDE DO NORTE";"6";"PROAD - DIRETORIA DE CONTABILIDADE E FINANCAS";".605.1422.6.328.";"24/06/1974";"";"ADMINISTRATIVA";"OPERACIONAL";"ADMINISTRATIVO                                    ";"DEPARTAMENTO                                                ";"MEIO"
"329";"11020207";"DCF - SECRETARIA ADMINISTRATIVA";"DCFPROAD";"DCF@REITORIA.UFRN.BR";"32153280";"NATAL";"605";"UNIVERSIDADE FEDERAL DO RIO GRANDE DO NORTE";"6";"PROAD - DIRETORIA DE CONTABILIDADE E FINANCAS";".605.1422.6.329.";"24/06/1974";"";"ADMINISTRATIVA";"OPERACIONAL";"ADMINISTRATIVO                                    ";"SETOR                                                       ";"MEIO"
"4319";"1102020401";"DCF - SETOR DE ANALISE E LIQUIDACAO DE DESPESA";"SALD/DCF";"";"32153385";"NATAL";"605";"UNIVERSIDADE FEDERAL DO RIO GRANDE DO NORTE";"332";"DCF - DIVISAO DE ADMINISTRACAO FINANCEIRA";".605.1422.6.332.4319.";"24/06/1974";"";"ADMINISTRATIVA";"OPERACIONAL";"ADMINISTRATIVO                                    ";"SETOR                                                       ";"MEIO"
"305";"11650603";"DDP - DIVISAO DE CAPACITACAO E EDUCACAO PROFISSIONAL";"DCEP/DDP";"capacitacao@progesp.ufrn.br";"32153279";"NATAL";"605";"UNIVERSIDADE FEDERAL DO RIO GRANDE DO NORTE";"1421";"PRO-REITORIA DE GESTAO DE PESSOAS";".605.1421.305.";"19/11/1995";"";"ACADÊMICA";"OPERACIONAL";"ADMINISTRATIVO                                    ";"DIVISAO                                                     ";"MEIO"
"306";"11650602";"DDP - DIVISAO DE PLANEJAMENTO DE GESTAO DE PESSOAS";"DPGP/DDP";"dpp@prh.ufrn.br";"32153278";"NATAL";"605";"UNIVERSIDADE FEDERAL DO RIO GRANDE DO NORTE";"1421";"PRO-REITORIA DE GESTAO DE PESSOAS";".605.1421.306.";"19/11/1995";"";"ADMINISTRATIVA";"OPERACIONAL";"ADMINISTRATIVO                                    ";"DIVISAO                                                     ";"MEIO"
"11";"116506";"DDP/PROGESP - DIRETORIA DE DESENVOLVIMENTO DE PESSOAS";"DDP/PROGESP";"capacitacao@progesp.ufrn.br";"32153275";"NATAL";"605";"UNIVERSIDADE FEDERAL DO RIO GRANDE DO NORTE";"1421";"PRO-REITORIA DE GESTAO DE PESSOAS";".605.1421.11.";"19/11/1995";"";"ACADÊMICA";"TÁTICO";"ADMINISTRATIVO                                    ";"DIRETORIA                                                   ";"MEIO"
"4102";"11650604";"DDP - SECRETARIA ADMINISTRATIVA";"SADM/DDP";"";"";"NATAL";"605";"UNIVERSIDADE FEDERAL DO RIO GRANDE DO NORTE";"11";"DDP/PROGESP - DIRETORIA DE DESENVOLVIMENTO DE PESSOAS";".605.1421.11.4102.";"24/06/1974";"";"ADMINISTRATIVA";"OPERACIONAL";"ADMINISTRATIVO                                    ";"SECRETARIA ADMINISTRATIVA                                   ";"MEIO"
"32944";"182204";"DE/CERES - SECRETARIA ADMINISTRATIVA";"SEC-DE";"";"";"CAICÓ";"1482";"CENTRO DE  ENSINO SUPERIOR DO SERIDO";"4880";"DEPARTAMENTO DE EDUCACAO - CERES";".1482.4880.32944.";"29/08/2008";"";"ADMINISTRATIVA";"OPERACIONAL";"ADMINISTRATIVO                                    ";"SECRETARIA ADMINISTRATIVA                                   ";"FIM"
"117";"1509";"DEPARTAMENTO DE ANALISES CLINICAS E TOXICOLOGICAS";"DACT/CCS";"dact@ccs.ufrn.br";"3215.4236;3215.4227";"NATAL";"441";"CENTRO DE CIENCIAS DA SAUDE";"441";"CENTRO DE CIENCIAS DA SAUDE";".441.117.";"24/06/1974";"";"ADMINISTRATIVA";"TÁTICO";"CIÊNCIAS DA SAÚDE                                 ";"DEPARTAMENTO                                                ";"FIM"
"144";"1312";"DEPARTAMENTO DE ANTROPOLOGIA";"DAN/CCHLA";"";"secant@cchla.ufrn.br";"NATAL";"442";"CENTRO DE CIENCIAS HUMANAS, LETRAS E ARTES";"442";"CENTRO DE CIENCIAS HUMANAS, LETRAS E ARTES";".442.144.";"06/12/1999";"";"ADMINISTRATIVA";"TÁTICO";"CIÊNCIAS HUMANAS, JURÍDICAS E ECONÔMICAS          ";"DEPARTAMENTO                                                ";"FIM"
"54";"1415";"DEPARTAMENTO DE ARQUITETURA";"ARQ/CT";"darq@ct.ufrn.br";"3215.3720, 3215.3721";"NATAL";"445";"CENTRO DE TECNOLOGIA";"445";"CENTRO DE TECNOLOGIA";".445.54.";"24/06/1974";"";"ADMINISTRATIVA";"TÁTICO";"CIÊNCIAS EXATAS E DA NATUREZA                     ";"DEPARTAMENTO                                                ";"FIM"
"139";"1313";"DEPARTAMENTO DE ARTES";"ARTES/CCHLA";"deart@cchla.ufrn.br";"3215.3550";"NATAL";"442";"CENTRO DE CIENCIAS HUMANAS, LETRAS E ARTES";"442";"CENTRO DE CIENCIAS HUMANAS, LETRAS E ARTES";".442.139.";"24/06/1974";"";"ADMINISTRATIVA";"TÁTICO";"ARTES, COMUNICAÇAO E DIFUSAO                      ";"DEPARTAMENTO                                                ";"FIM"
"182";"1710";"DEPARTAMENTO DE BIOQUIMICA";"DBQ/CB";"dbq@ufrnet.br/dbq@cb.ufrn.br";"3215.3416,3211.9208";"NATAL";"440";"CENTRO DE BIOCIENCIAS";"440";"CENTRO DE BIOCIENCIAS";".440.182.";"24/06/1974";"";"ADMINISTRATIVA";"TÁTICO";"CIÊNCIAS BIOLÓGICAS                               ";"DEPARTAMENTO                                                ";"FIM"
"4019";"1150010501";"DEPARTAMENTO DE BOAS PRATICAS";"DBP";"";"";"NATAL";"605";"UNIVERSIDADE FEDERAL DO RIO GRANDE DO NORTE";"4018";"VICE-DIRETORIA DE GESTAO DA QUALIDADE";".605.252.4006.4018.4019.";"24/06/1974";"";"ADMINISTRATIVA";"OPERACIONAL";"ADMINISTRATIVO                                    ";"DIVISAO                                                     ";"MEIO"
"63";"1613";"DEPARTAMENTO DE CIENCIA DA INFORMACAO";"DECIN/CCSA";"jackebci@gmail.com";"(84)994222417";"NATAL";"443";"CENTRO DE CIENCIAS SOCIAIS APLICADAS";"443";"CENTRO DE CIENCIAS SOCIAIS APLICADAS";".443.63.";"24/06/1974";"";"ADMINISTRATIVA";"TÁTICO";"CIÊNCIAS HUMANAS, JURÍDICAS E ECONÔMICAS          ";"DEPARTAMENTO                                                ";"FIM"
"163";"1615";"DEPARTAMENTO DE CIENCIAS CONTABEIS - DCC";"DCC/CCSA";"dcc_ufrn@yahoo.com.br";"3215.3481,3215.3482";"NATAL";"443";"CENTRO DE CIENCIAS SOCIAIS APLICADAS";"443";"CENTRO DE CIENCIAS SOCIAIS APLICADAS";".443.163.";"24/06/1974";"";"ADMINISTRATIVA";"TÁTICO";"CIÊNCIAS HUMANAS, JURÍDICAS E ECONÔMICAS          ";"DEPARTAMENTO                                                ";"FIM"
"136";"1314";"DEPARTAMENTO DE CIENCIAS SOCIAIS";"CISO/CCHLA";"dcs@cchla.ufrn.br";"3215.3555 ";"NATAL";"442";"CENTRO DE CIENCIAS HUMANAS, LETRAS E ARTES";"442";"CENTRO DE CIENCIAS HUMANAS, LETRAS E ARTES";".442.136.";"24/06/1974";"";"ADMINISTRATIVA";"TÁTICO";"CIÊNCIAS HUMANAS, JURÍDICAS E ECONÔMICAS          ";"DEPARTAMENTO                                                ";"FIM"
"192";"1510";"DEPARTAMENTO DE CIRURGIA";"DCIRUR/CCS";"departamentodecirugia@hotmail.com";"3215.4247,3215.4246";"NATAL";"441";"CENTRO DE CIENCIAS DA SAUDE";"441";"CENTRO DE CIENCIAS DA SAUDE";".441.192.";"24/06/1974";"";"ADMINISTRATIVA";"TÁTICO";"CIÊNCIAS DA SAÚDE                                 ";"DEPARTAMENTO                                                ";"FIM"
"1605";"1548";"DEPARTAMENTO DE CIRURGIA (LABORATORIO DE HABILIDAD";"DEPCIRURG";"";"";"NATAL";"441";"CENTRO DE CIENCIAS DA SAUDE";"441";"CENTRO DE CIENCIAS DA SAUDE";".441.1605.";"24/06/1974";"";"ACADÊMICA";"OPERACIONAL";"CIÊNCIAS DA SAÚDE                                 ";"DEPARTAMENTO                                                ";"FIM"
"9726";"1832";"DEPARTAMENTO DE COMPUTACAO E TECNOLOGIA";"DCT";"";"";"CAICÓ";"1482";"CENTRO DE  ENSINO SUPERIOR DO SERIDO";"1482";"CENTRO DE  ENSINO SUPERIOR DO SERIDO";".1482.9726.";"01/10/2015";"";"ACADÊMICA";"ESTRATÉGICO";"ADMINISTRATIVO                                    ";"COORDENAÇÃO                                                 ";"FIM"
"4020";"1150010502";"DEPARTAMENTO DE CONTROLE DE QUALIDADE";"DCQ";"";"";"NATAL";"605";"UNIVERSIDADE FEDERAL DO RIO GRANDE DO NORTE";"4018";"VICE-DIRETORIA DE GESTAO DA QUALIDADE";".605.252.4006.4018.4020.";"24/06/1974";"";"ADMINISTRATIVA";"OPERACIONAL";"ADMINISTRATIVO                                    ";"DIVISAO                                                     ";"MEIO"
"7761";"120003";"DEPARTAMENTO DE DEMOGRAFIA E CIENCIAS ATUARIAIS";"DDCA/CCET";"";"3342.2241/400";"NATAL";"439";"CENTRO DE CIENCIAS EXATAS E DA TERRA";"439";"CENTRO DE CIENCIAS EXATAS E DA TERRA";".439.7761.";"06/12/2013";"";"ACADÊMICA";"GERENCIAL";"ADMINISTRATIVO                                    ";"DEPARTAMENTO                                                ";"FIM"
"31028";"1376";"DEPARTAMENTO DE DESIGN";"DDGN";"";"";"NATAL";"442";"CENTRO DE CIENCIAS HUMANAS, LETRAS E ARTES";"442";"CENTRO DE CIENCIAS HUMANAS, LETRAS E ARTES";".442.31028.";"20/01/2021";"";"ACADÊMICA";"ESTRATÉGICO";"ADMINISTRATIVO                                    ";"DEPARTAMENTO                                                ";"FIM"
"4881";"1833";"DEPARTAMENTO DE DIREITO - CERES";"DIR";"";"";"CAICÓ";"1482";"CENTRO DE  ENSINO SUPERIOR DO SERIDO";"1482";"CENTRO DE  ENSINO SUPERIOR DO SERIDO";".1482.4881.";"29/08/2008";"";"ACADÊMICA";"TÁTICO";"CIÊNCIAS HUMANAS, JURÍDICAS E ECONÔMICAS          ";"DEPARTAMENTO                                                ";"FIM"
"79";"1616";"DEPARTAMENTO DE DIREITO PRIVADO - DIPRI";"DPR/CCSA";"dipri@ccsa.ufrn.br";"3215.3492";"NATAL";"443";"CENTRO DE CIENCIAS SOCIAIS APLICADAS";"443";"CENTRO DE CIENCIAS SOCIAIS APLICADAS";".443.79.";"24/06/1974";"";"ADMINISTRATIVA";"TÁTICO";"CIÊNCIAS HUMANAS, JURÍDICAS E ECONÔMICAS          ";"DEPARTAMENTO                                                ";"FIM"
"9750";"1619";"DEPARTAMENTO DE DIREITO PROCESSUAL E PROPEDEUTICA - DEPRO";"DEPRO/CCSA";"";"3215-3491";"NATAL";"443";"CENTRO DE CIENCIAS SOCIAIS APLICADAS";"443";"CENTRO DE CIENCIAS SOCIAIS APLICADAS";".443.9750.";"01/10/2015";"";"ACADÊMICA";"ESTRATÉGICO";"ADMINISTRATIVO                                    ";"DEPARTAMENTO                                                ";"FIM"
"8366";"170012";"DEPARTAMENTO DE ECOLOGIA";"DECOL/CB";"decol@cb.ufrn.br";"(84) 3342-2334";"NATAL";"440";"CENTRO DE BIOCIENCIAS";"440";"CENTRO DE BIOCIENCIAS";".440.8366.";"01/01/2014";"";"ADMINISTRATIVA";"TÁTICO";"CIÊNCIAS BIOLÓGICAS                               ";"DEPARTAMENTO                                                ";"FIM"
"4880";"1822";"DEPARTAMENTO DE EDUCACAO - CERES";"EDU/CERES";"";"";"CAICÓ";"1482";"CENTRO DE  ENSINO SUPERIOR DO SERIDO";"1482";"CENTRO DE  ENSINO SUPERIOR DO SERIDO";".1482.4880.";"29/08/2008";"";"ACADÊMICA";"TÁTICO";"CIÊNCIAS HUMANAS, JURÍDICAS E ECONÔMICAS          ";"DEPARTAMENTO                                                ";"FIM"
"5205";"1435";"DEPARTAMENTO DE ENGENHARIA BIOMEDICA";"DEB";"";"";"NATAL";"445";"CENTRO DE TECNOLOGIA";"445";"CENTRO DE TECNOLOGIA";".445.5205.";"15/10/2009";"";"ACADÊMICA";"TÁTICO";"ADMINISTRATIVO                                    ";"DEPARTAMENTO                                                ";"FIM"
"33448";"140011";"DEPARTAMENTO DE ENGENHARIA DE ALIMENTOS";"DEA/CT";"";"";"NATAL";"445";"CENTRO DE TECNOLOGIA";"445";"CENTRO DE TECNOLOGIA";".445.33448.";"18/07/2025";"";"ADMINISTRATIVA";"TÁTICO";"CIÊNCIAS EXATAS E DA NATUREZA                     ";"DEPARTAMENTO                                                ";"FIM"
"56";"1418";"DEPARTAMENTO DE ENGENHARIA DE COMPUTACAO E AUTOMACAO";"DCA/CT";"anderson.cavalcanti@ufrn.br";"3215.3771, 3215.3738";"NATAL";"445";"CENTRO DE TECNOLOGIA";"445";"CENTRO DE TECNOLOGIA";".445.56.";"24/06/1974";"";"ADMINISTRATIVA";"TÁTICO";"CIÊNCIAS EXATAS E DA NATUREZA                     ";"DEPARTAMENTO                                                ";"FIM"
"1589";"1416";"DEPARTAMENTO DE ENGENHARIA DE MATERIAIS";"DEPTO-EMAT";"demat@ct.ufrn.br";"3215.3958";"NATAL";"445";"CENTRO DE TECNOLOGIA";"445";"CENTRO DE TECNOLOGIA";".445.1589.";"24/06/1974";"";"ADMINISTRATIVA";"TÁTICO";"CIÊNCIAS EXATAS E DA NATUREZA                     ";"DEPARTAMENTO                                                ";"FIM"
"5075";"1433";"DEPARTAMENTO DE ENGENHARIA DE PETROLEO";"DPET";"";"99193-6241";"NATAL";"445";"CENTRO DE TECNOLOGIA";"445";"CENTRO DE TECNOLOGIA";".445.5075.";"14/04/2009";"";"ACADÊMICA";"TÁTICO";"INFORMAÇÃO                                        ";"DEPARTAMENTO                                                ";"FIM"
"115";"1422";"DEPARTAMENTO DE ENGENHARIA PRODUCAO";"DEP/CT";"dep@ct.ufrn.br";"3342 2255 Ramal 400";"NATAL";"445";"CENTRO DE TECNOLOGIA";"445";"CENTRO DE TECNOLOGIA";".445.115.";"24/06/1974";"";"ADMINISTRATIVA";"TÁTICO";"CIÊNCIAS EXATAS E DA NATUREZA                     ";"DEPARTAMENTO                                                ";"FIM"
"57";"1421";"DEPARTAMENTO DE ENGENHARIA QUIMICA";"DEQ/CT";"deq@ct.ufrn.br";"3215.3753, 3215.3754";"NATAL";"445";"CENTRO DE TECNOLOGIA";"445";"CENTRO DE TECNOLOGIA";".445.57.";"24/06/1974";"";"ADMINISTRATIVA";"TÁTICO";"CIÊNCIAS EXATAS E DA NATUREZA                     ";"DEPARTAMENTO                                                ";"FIM"
"424";"1424";"DEPARTAMENTO DE ENGENHARIA TEXTIL";"DET/CT";"det@ct.ufrn.br";"";"NATAL";"445";"CENTRO DE TECNOLOGIA";"445";"CENTRO DE TECNOLOGIA";".445.424.";"24/06/1974";"";"ACADÊMICA";"TÁTICO";"CIÊNCIAS EXATAS E DA NATUREZA                     ";"DEPARTAMENTO                                                ";"FIM"
"3553";"110402";"DEPARTAMENTO DE EXTENSAO UNIVERSITARIA";"DEXT";"";"";"NATAL";"605";"UNIVERSIDADE FEDERAL DO RIO GRANDE DO NORTE";"17";"PRO-REITORIA DE EXTENSAO UNIVERSITARIA";".605.17.3553.";"24/06/1974";"";"ADMINISTRATIVA";"TÁTICO";"ADMINISTRATIVO                                    ";"DEPARTAMENTO                                                ";"FIM"
"196";"1513";"DEPARTAMENTO DE FARMACIA";"DFARM/CCS";"julio.farmacia@uol.com.br";"3215.4341,3215.4340";"NATAL";"441";"CENTRO DE CIENCIAS DA SAUDE";"441";"CENTRO DE CIENCIAS DA SAUDE";".441.196.";"24/06/1974";"";"ADMINISTRATIVA";"TÁTICO";"CIÊNCIAS DA SAÚDE                                 ";"DEPARTAMENTO                                                ";"FIM"
"137";"1316";"DEPARTAMENTO DE FILOSOFIA";"DFIL/CCHLA";"defil@cchla.ufrnbr";"3215.3566,3215.3565";"NATAL";"442";"CENTRO DE CIENCIAS HUMANAS, LETRAS E ARTES";"442";"CENTRO DE CIENCIAS HUMANAS, LETRAS E ARTES";".442.137.";"24/06/1974";"";"ADMINISTRATIVA";"TÁTICO";"CIÊNCIAS HUMANAS, JURÍDICAS E ECONÔMICAS          ";"DEPARTAMENTO                                                ";"FIM"
"178";"1712";"DEPARTAMENTO DE FISIOLOGIA E COMPORTAMENTO";"DFS/CB";"secfisio@hotmail.com";"3215.3409,3215.3410";"NATAL";"440";"CENTRO DE BIOCIENCIAS";"440";"CENTRO DE BIOCIENCIAS";".440.178.";"24/06/1974";"";"ADMINISTRATIVA";"TÁTICO";"ADMINISTRATIVO                                    ";"DEPARTAMENTO                                                ";"MEIO"
"201";"1514";"DEPARTAMENTO DE FISIOTERAPIA";"DFST/CCS";"";"992296613";"NATAL";"441";"CENTRO DE CIENCIAS DA SAUDE";"441";"CENTRO DE CIENCIAS DA SAUDE";".441.201.";"24/06/1974";"";"ADMINISTRATIVA";"TÁTICO";"CIÊNCIAS DA SAÚDE                                 ";"DEPARTAMENTO                                                ";"FIM"
"5610";"1558";"DEPARTAMENTO DE FONOAUDIOLOGIA";"DEPFONO";"";"3342-9738/3342-9740";"NATAL";"441";"CENTRO DE CIENCIAS DA SAUDE";"441";"CENTRO DE CIENCIAS DA SAUDE";".441.5610.";"08/06/2011";"";"ACADÊMICA";"TÁTICO";"CIÊNCIAS DA SAÚDE                                 ";"DEPARTAMENTO                                                ";"MEIO"
"4894";"1282";"DEPARTAMENTO DE GEOFISICA";"DEP/GEOFÍS";"";"";"NATAL";"439";"CENTRO DE CIENCIAS EXATAS E DA TERRA";"439";"CENTRO DE CIENCIAS EXATAS E DA TERRA";".439.4894.";"01/12/2008";"";"ACADÊMICA";"TÁTICO";"CIÊNCIAS EXATAS E DA NATUREZA                     ";"DEPARTAMENTO                                                ";"FIM"
"142";"1317";"DEPARTAMENTO DE GEOGRAFIA/CCHLA";"GEO/CCHLA";"eliasgeo@ufrnet.br";"3215.3571,32153569";"NATAL";"442";"CENTRO DE CIENCIAS HUMANAS, LETRAS E ARTES";"442";"CENTRO DE CIENCIAS HUMANAS, LETRAS E ARTES";".442.142.";"24/06/1974";"";"ADMINISTRATIVA";"TÁTICO";"CIÊNCIAS HUMANAS, JURÍDICAS E ECONÔMICAS          ";"DEPARTAMENTO                                                ";"FIM"
"123";"1204";"DEPARTAMENTO DE GEOLOGIA";"GEO/CCET";"dg@geologia.ufrn.br";"3215.3805,3215.3806";"NATAL";"439";"CENTRO DE CIENCIAS EXATAS E DA TERRA";"439";"CENTRO DE CIENCIAS EXATAS E DA TERRA";".439.123.";"24/06/1974";"";"ADMINISTRATIVA";"TÁTICO";"CIÊNCIAS EXATAS E DA NATUREZA                     ";"DEPARTAMENTO                                                ";"FIM"
"200";"1515";"DEPARTAMENTO DE INFECTOLOGIA";"DINFEC/CCS";"dinf@ccs.ufrn.br - dinfecto@ufrnet.br";"3215.4500,3232.7919";"NATAL";"441";"CENTRO DE CIENCIAS DA SAUDE";"441";"CENTRO DE CIENCIAS DA SAUDE";".441.200.";"23/11/1984";"";"ADMINISTRATIVA";"TÁTICO";"CIÊNCIAS DA SAÚDE                                 ";"DEPARTAMENTO                                                ";"FIM"
"125";"1205";"DEPARTAMENTO DE INFORMATICA E MATEMATICA APLICADA";"DIMAP/CCET";"";"+55 (84) 33422225";"NATAL";"439";"CENTRO DE CIENCIAS EXATAS E DA TERRA";"439";"CENTRO DE CIENCIAS EXATAS E DA TERRA";".439.125.";"24/06/1974";"";"ADMINISTRATIVA";"TÁTICO";"CIÊNCIAS EXATAS E DA NATUREZA                     ";"DEPARTAMENTO                                                ";"FIM"
"138";"1319";"DEPARTAMENTO DE LETRAS";"LET/CCHLA";"seslet@cchla.ufrn.br";"3215.3581,3215.3582";"NATAL";"442";"CENTRO DE CIENCIAS HUMANAS, LETRAS E ARTES";"442";"CENTRO DE CIENCIAS HUMANAS, LETRAS E ARTES";".442.138.";"24/06/1974";"";"ADMINISTRATIVA";"TÁTICO";"CIÊNCIAS HUMANAS, JURÍDICAS E ECONÔMICAS          ";"DEPARTAMENTO                                                ";"FIM"
"7847";"180014";"DEPARTAMENTO DE LETRAS - CERES";"DELETRAS/CERES";"";"";"CURRAIS NOVOS";"1482";"CENTRO DE  ENSINO SUPERIOR DO SERIDO";"1482";"CENTRO DE  ENSINO SUPERIOR DO SERIDO";".1482.7847.";"01/01/2007";"";"ACADÊMICA";"ESTRATÉGICO";"ADMINISTRATIVO                                    ";"DEPARTAMENTO                                                ";"FIM"
"5206";"1371";"DEPARTAMENTO DE LINGUAS E LITERATURAS ESTRANGEIRAS MODERNAS";"DLLEM";"dllem@cchla.ufrn.br";"3342-2336/Ágora 3342-2257";"NATAL";"442";"CENTRO DE CIENCIAS HUMANAS, LETRAS E ARTES";"442";"CENTRO DE CIENCIAS HUMANAS, LETRAS E ARTES";".442.5206.";"15/10/2009";"";"ADMINISTRATIVA";"TÁTICO";"CIÊNCIAS HUMANAS, JURÍDICAS E ECONÔMICAS          ";"DEPARTAMENTO                                                ";"FIM"
"120";"1206";"DEPARTAMENTO DE MATEMATICA";"MAT/CCET";"";"3215.3819,3215.3820";"NATAL";"439";"CENTRO DE CIENCIAS EXATAS E DA TERRA";"439";"CENTRO DE CIENCIAS EXATAS E DA TERRA";".439.120.";"24/06/1974";"";"ADMINISTRATIVA";"TÁTICO";"CIÊNCIAS EXATAS E DA NATUREZA                     ";"DEPARTAMENTO                                                ";"FIM"
"191";"1516";"DEPARTAMENTO DE MEDICINA CLINICA";"DMC/CCS";"dmc.ufrn.@hotmail.com";"3215.4500,3215.4281";"NATAL";"441";"CENTRO DE CIENCIAS DA SAUDE";"441";"CENTRO DE CIENCIAS DA SAUDE";".441.191.";"24/06/1974";"";"ACADÊMICA";"TÁTICO";"CIÊNCIAS DA SAÚDE                                 ";"DEPARTAMENTO                                                ";"FIM"
"177";"1714";"DEPARTAMENTO DE MORFOLOGIA";"MOR/CB";"celcimar@cb.ufrn.br";"3215.3431,3211.9207";"NATAL";"440";"CENTRO DE BIOCIENCIAS";"440";"CENTRO DE BIOCIENCIAS";".440.177.";"24/06/1974";"";"ACADÊMICA";"TÁTICO";"CIÊNCIAS BIOLÓGICAS                               ";"DEPARTAMENTO                                                ";"FIM"
"203";"1518";"DEPARTAMENTO DE NUTRICAO";"DENUT/CCS";"dnut@ccs.ufrn.br";"3215-4330";"NATAL";"441";"CENTRO DE CIENCIAS DA SAUDE";"441";"CENTRO DE CIENCIAS DA SAUDE";".441.203.";"24/06/1974";"";"ADMINISTRATIVA";"TÁTICO";"CIÊNCIAS DA SAÚDE                                 ";"DEPARTAMENTO                                                ";"FIM"
"194";"1520";"DEPARTAMENTO DE ORTOPEDIA E TRAUMATOLOGIA";"DORTOP/CCS";"";"";"NATAL";"441";"CENTRO DE CIENCIAS DA SAUDE";"441";"CENTRO DE CIENCIAS DA SAUDE";".441.194.";"24/06/1974";"";"ADMINISTRATIVA";"TÁTICO";"CIÊNCIAS DA SAÚDE                                 ";"DEPARTAMENTO                                                ";"FIM"
"193";"1522";"DEPARTAMENTO DE PEDIATRIA";"DPEDI/CCS";"dpediccs@gmail.com";"3215-4316";"NATAL";"441";"CENTRO DE CIENCIAS DA SAUDE";"441";"CENTRO DE CIENCIAS DA SAUDE";".441.193.";"24/06/1974";"";"ADMINISTRATIVA";"TÁTICO";"CIÊNCIAS DA SAÚDE                                 ";"DEPARTAMENTO                                                ";"FIM"
"5968";"1903";"DEPARTAMENTO DE PRATICAS EDUCACIONAIS E CURRICULO";"DPEC";"";"";"NATAL";"5965";"CENTRO DE EDUCACAO";"5965";"CENTRO DE EDUCACAO";".5965.5968.";"01/05/2011";"";"ACADÊMICA";"ESTRATÉGICO";"ADMINISTRATIVO                                    ";"DEPARTAMENTO                                                ";"FIM"
"122";"1207";"DEPARTAMENTO DE QUIMICA";"QUI/CCET";"departamento@quimica.ufrn.br";"3215.3829,3215.3823";"NATAL";"439";"CENTRO DE CIENCIAS EXATAS E DA TERRA";"439";"CENTRO DE CIENCIAS EXATAS E DA TERRA";".439.122.";"24/06/1974";"";"ADMINISTRATIVA";"TÁTICO";"CIÊNCIAS EXATAS E DA NATUREZA                     ";"DEPARTAMENTO                                                ";"FIM"
"5393";"160005";"DEPARTAMENTO DE TURISMO - DETUR";"DETUR";"";"";"NATAL";"443";"CENTRO DE CIENCIAS SOCIAIS APLICADAS";"443";"CENTRO DE CIENCIAS SOCIAIS APLICADAS";".443.5393.";"09/06/2010";"";"ACADÊMICA";"TÁTICO";"CIÊNCIAS HUMANAS, JURÍDICAS E ECONÔMICAS          ";"DEPARTAMENTO                                                ";"FIM"
"5278";"13011008";"DEPTO DE LINGUAS E LITERATURAS ESTRANGEIRAS MODERNAS";"LEM";"";"";"NATAL";"442";"CENTRO DE CIENCIAS HUMANAS, LETRAS E ARTES";"442";"CENTRO DE CIENCIAS HUMANAS, LETRAS E ARTES";".442.5278.";"15/10/2009";"";"ACADÊMICA";"TÁTICO";"CIÊNCIAS HUMANAS, JURÍDICAS E ECONÔMICAS          ";"DEPARTAMENTO                                                ";"FIM"
"3787";"210809";"DERMATOLOGIA";"derm";"";"";"NATAL";"446";"HOSPITAL UNIVERSITARIO ONOFRE LOPES";"3776";"DIVISAO DE ENFERMAGEM EM AMBULATORIO";".605.446.394.3776.3787.";"24/06/1974";"";"ADMINISTRATIVA";"OPERACIONAL";"CIÊNCIAS DA SAÚDE                                 ";"SETOR                                                       ";"FIM"
"13707";"320809";"DERMATOLOGIA";"derm";"";"";"NATAL";"8193";"SUPERINTENDENCIA DO HUOL - EBSERH";"3776";"DIVISAO DE ENFERMAGEM EM AMBULATORIO";".605.446.394.3776.13707.";"24/06/1974";"";"ADMINISTRATIVA";"OPERACIONAL";"CIÊNCIAS DA SAÚDE                                 ";"SETOR                                                       ";"FIM"
"9810";"11021603";"DGC - SETOR DE CONTRATOS DE TERCEIRIZACAO DE MAO DE OBRA";"DGC/SCTMO";"";"";"NATAL";"605";"UNIVERSIDADE FEDERAL DO RIO GRANDE DO NORTE";"327";"DIRETORIA DE CONTRATOS - PROAD";".605.1422.327.9810.";"15/12/2015";"";"ACADÊMICA";"ESTRATÉGICO";"ADMINISTRATIVO                                    ";"ASSESSORIA                                                  ";"FIM"
"8839";"11080501";"DIMAN - SECRETARIA ADMINISTRATIVA";"SEC/DIMAN";"";"";"NATAL";"605";"UNIVERSIDADE FEDERAL DO RIO GRANDE DO NORTE";"1433";"DIRETORIA DE MANUTENCAO DE INSTALACOES FISICAS";".605.20.1433.8839.";"17/07/2014";"";"ADMINISTRATIVA";"OPERACIONAL";"ADMINISTRATIVO                                    ";"SECRETARIA ADMINISTRATIVA                                   ";"FIM"
"7269";"1131000702";"DIRECAO";"DIR/DIRAE";"";"";"NATAL";"605";"UNIVERSIDADE FEDERAL DO RIO GRANDE DO NORTE";"7064";"DIRETORIA DE ATIVIDADES ESTUDANTIS";".605.248.7064.7269.";"01/01/2013";"";"ADMINISTRATIVA";"ESTRATÉGICO";"ADMINISTRATIVO                                    ";"ASSESSORIA                                                  ";"FIM"
"3635";"20110413";"DIRECAO ADMINISTRATIVA/MEJC";"DA";"";"";"NATAL";"447";"MATERNIDADE ESCOLA JANUARIO CICCO";"3622";"COORDENACAO EXECUTIVA";".605.447.2712.3622.3635.";"24/06/1974";"";"ADMINISTRATIVA";"OPERACIONAL";"CIÊNCIAS DA SAÚDE                                 ";"SETOR                                                       ";"MEIO"
"14991";"31110413";"DIRECAO ADMINISTRATIVA/MEJC";"DA";"";"";"NATAL";"8194";"SUPERINTENDENCIA DO MEJC - EBSERH";"13103";"COORDENACAO EXECUTIVA";".441.5728.9285.9327.13103.14991.";"24/06/1974";"";"ADMINISTRATIVA";"OPERACIONAL";"CIÊNCIAS DA SAÚDE                                 ";"SETOR                                                       ";"MEIO"
"3303";"112201";"DIRECAO DA EAJ";"EAJ/DIREÇÃO";"";"";"MACAÍBA";"605";"UNIVERSIDADE FEDERAL DO RIO GRANDE DO NORTE";"351";"ESCOLA AGRICOLA DE JUNDIAI";".605.351.3303.";"24/06/1974";"";"ADMINISTRATIVA";"OPERACIONAL";"ADMINISTRATIVO                                    ";"CENTRO                                                      ";"MEIO"
"10834";"112508";"DIRECAO DA ESCOLA DE CIENCIAS E TECNOLOGIA - ECT";"DIR/ECT";"";"";"NATAL";"605";"UNIVERSIDADE FEDERAL DO RIO GRANDE DO NORTE";"4885";"ESCOLA DE CIENCIAS E TECNOLOGIA";".605.4885.10834.";"01/01/2017";"";"ACADÊMICA";"ESTRATÉGICO";"ADMINISTRATIVO                                    ";"ASSESSORIA                                                  ";"FIM"
"9044";"11220103";"DIRECAO DE ENSINO - ENSINO BASICO TECNICO E TECNOLOGICO";"DIR/BTT/EAJ";"";"";"MACAÍBA";"605";"UNIVERSIDADE FEDERAL DO RIO GRANDE DO NORTE";"3303";"DIRECAO DA EAJ";".605.351.3303.9044.";"11/03/2016";"";"ADMINISTRATIVA";"GERENCIAL";"ADMINISTRATIVO                                    ";"ASSESSORIA                                                  ";"FIM"
"9039";"11220102";"DIRECAO DE ENSINO - MAGISTERIO SUPERIOR";"DIR/ENS/EAJ";"";"";"MACAÍBA";"605";"UNIVERSIDADE FEDERAL DO RIO GRANDE DO NORTE";"3303";"DIRECAO DA EAJ";".605.351.3303.9039.";"11/03/2016";"";"ADMINISTRATIVA";"GERENCIAL";"ADMINISTRATIVO                                    ";"ASSESSORIA                                                  ";"FIM"
"135";"1301";"DIRECAO DO CCHLA";"ADM/CCHLA";"";"3215-3596";"NATAL";"442";"CENTRO DE CIENCIAS HUMANAS, LETRAS E ARTES";"442";"CENTRO DE CIENCIAS HUMANAS, LETRAS E ARTES";".442.135.";"24/06/1974";"";"ADMINISTRATIVA";"ESTRATÉGICO";"ADMINISTRATIVO                                    ";"CENTRO                                                      ";"MEIO"
"156";"1601";"DIRECAO DO CCSA";"DIR/CCSA";"";"";"NATAL";"443";"CENTRO DE CIENCIAS SOCIAIS APLICADAS";"443";"CENTRO DE CIENCIAS SOCIAIS APLICADAS";".443.156.";"24/06/1974";"";"ADMINISTRATIVA";"OPERACIONAL";"CIÊNCIAS HUMANAS, JURÍDICAS E ECONÔMICAS          ";"CENTRO                                                      ";"MEIO"
"87";"1431";"DIRECAO DO CENTRO DE TECNOLOGIA";"ADM/CT";"";"3215-3700";"NATAL";"445";"CENTRO DE TECNOLOGIA";"445";"CENTRO DE TECNOLOGIA";".445.87.";"24/06/1974";"";"ADMINISTRATIVA";"OPERACIONAL";"ADMINISTRATIVO                                    ";"CENTRO                                                      ";"MEIO"
"3722";"2342";"DIRECAO DO HOSPITAL";"dh";"";"";"SANTA CRUZ";"285";"HOSPITAL UNIVERSITARIO ANA BEZERRA";"285";"HOSPITAL UNIVERSITARIO ANA BEZERRA";".605.285.3722.";"24/06/1974";"";"ADMINISTRATIVA";"OPERACIONAL";"ADMINISTRATIVO                                    ";"HOSPITAL                                                    ";"MEIO"
"3418";"112101";"DIRECAO GERAL";"DG";"";"";"MACAU";"605";"UNIVERSIDADE FEDERAL DO RIO GRANDE DO NORTE";"1450";"CRUTAC";".605.1450.3418.";"24/06/1974";"";"ADMINISTRATIVA";"OPERACIONAL";"ADMINISTRATIVO                                    ";"CENTRO                                                      ";"MEIO"
"6257";"103217";"DIRECAO GERAL DA FACISA";"DGFACISA";"direcao@facisa.ufrn.br";"32912411";"SANTA CRUZ";"605";"UNIVERSIDADE FEDERAL DO RIO GRANDE DO NORTE";"4890";"FACULDADE DE CIENCIAS DA SAUDE DO TRAIRI - FACISA";".605.4890.6257.";"01/12/2008";"";"ADMINISTRATIVA";"ESTRATÉGICO";"ADMINISTRATIVO                                    ";"SETOR                                                       ";"MEIO"
"3523";"155400";"DIRECAO/NHH";"DIR/NHH";"";"";"NATAL";"441";"CENTRO DE CIENCIAS DA SAUDE";"292";"NUCLEO DE HEMATOLOGIA E HEMOTERAPIA";".605.292.3523.";"24/06/1974";"";"ÓRGÃO SUPLEMENTAR";"ESTRATÉGICO";"CIÊNCIAS DA SAÚDE                                 ";"DEPARTAMENTO                                                ";"MEIO"
"3512";"142301";"DIRECAO/NTI";"DIR";"";"";"NATAL";"445";"CENTRO DE TECNOLOGIA";"116";"NUCLEO TECNOLOGICO INDUSTRIAL";".445.116.3512.";"24/06/1974";"";"ADMINISTRATIVA";"OPERACIONAL";"CIÊNCIAS EXATAS E DA NATUREZA                     ";"SETOR                                                       ";"MEIO"
"4913";"103201";"DIRETORIA ADMINISTRATIVA DA FACISA";"DIR-ADM-FACISA";"";"";"SANTA CRUZ";"605";"UNIVERSIDADE FEDERAL DO RIO GRANDE DO NORTE";"4890";"FACULDADE DE CIENCIAS DA SAUDE DO TRAIRI - FACISA";".605.4890.4913.";"01/12/2008";"";"ADMINISTRATIVA";"OPERACIONAL";"ADMINISTRATIVO                                    ";"SECRETARIA ADMINISTRATIVA                                   ";"FIM"
"7154";"1100050207";"DIRETORIA ADMINISTRATIVA - IMD";"DIRADMMET";"";"";"NATAL";"605";"UNIVERSIDADE FEDERAL DO RIO GRANDE DO NORTE";"7147";"DIRETORIA GERAL - IMD";".605.6069.7147.7154.";"01/01/2017";"";"ACADÊMICA";"ESTRATÉGICO";"ADMINISTRATIVO                                    ";"ASSESSORIA                                                  ";"FIM"
"286";"2012";"DIRETORIA ADMINISTRATIVA - MEJC";"DADM/MEJC";"";"";"NATAL";"447";"MATERNIDADE ESCOLA JANUARIO CICCO";"447";"MATERNIDADE ESCOLA JANUARIO CICCO";".605.447.286.";"24/06/1974";"";"ADMINISTRATIVA";"OPERACIONAL";"ADMINISTRATIVO                                    ";"ASSESSORIA                                                  ";"MEIO"
"2713";"2013";"DIRETORIA CLINICA/TECNICA - MEJC";"DCT/MEJC";"";"";"NATAL";"447";"MATERNIDADE ESCOLA JANUARIO CICCO";"447";"MATERNIDADE ESCOLA JANUARIO CICCO";".605.447.2713.";"24/06/1974";"";"ADMINISTRATIVA";"OPERACIONAL";"CIÊNCIAS DA SAÚDE                                 ";"DIVISAO                                                     ";"FIM"
"7775";"11310515";"DIRETORIA DA ASSISTENCIA ESTUDANTIL - DIRECAO";"DIRASSEST";"";"";"NATAL";"605";"UNIVERSIDADE FEDERAL DO RIO GRANDE DO NORTE";"6963";"PROAE - DIRETORIA DE ASSISTENCIA E ATIVIDADE ESTUDANTIL";".605.248.6963.7775.";"01/01/2013";"";"ADMINISTRATIVA";"GERENCIAL";"ADMINISTRATIVO                                    ";"ASSESSORIA                                                  ";"FIM"
"3330";"113903";"DIRETORIA DA ESCOLA DE MUSICA";"DEM";"";"";"NATAL";"605";"UNIVERSIDADE FEDERAL DO RIO GRANDE DO NORTE";"284";"ESCOLA DE MUSICA";".605.284.3330.";"24/06/1974";"";"ADMINISTRATIVA";"ESTRATÉGICO";"ARTES, COMUNICAÇAO E DIFUSAO                      ";"ESCOLA                                                      ";"FIM"
"10902";"110409";"DIRETORIA DE ACOES EDUCACIONAIS";"DAE/PROEX";"";"";"NATAL";"605";"UNIVERSIDADE FEDERAL DO RIO GRANDE DO NORTE";"17";"PRO-REITORIA DE EXTENSAO UNIVERSITARIA";".605.17.10902.";"16/06/2017";"";"ACADÊMICA";"ESTRATÉGICO";"ADMINISTRATIVO                                    ";"ASSESSORIA                                                  ";"FIM"
"3654";"223207";"DIRETORIA DE ADMINISTRACAO E FINANCAS/HOSPED";"DAF";"";"";"NATAL";"1424";"HOSPED - HOSPITAL DE PEDIATRIA";"3640";"DIRETORIA GERAL/HOSPED";".1424.3640.3654.";"24/06/1974";"";"ADMINISTRATIVA";"OPERACIONAL";"ADMINISTRATIVO                                    ";"SETOR                                                       ";"MEIO"
"4511";"11051101";"DIRETORIA DE APOIO A PESQUISA";"DIAPE/PROPESQ";"";"";"NATAL";"605";"UNIVERSIDADE FEDERAL DO RIO GRANDE DO NORTE";"1481";"PRO-REITORIA DE PESQUISA";".605.1481.4511.";"24/06/1974";"";"ADMINISTRATIVA";"OPERACIONAL";"ADMINISTRATIVO                                    ";"DIRETORIA                                                   ";"FIM"
"3679";"223213";"DIRETORIA DE ATIVIDADES ASSISTENCIAIS";"DAA";"";"";"NATAL";"1424";"HOSPED - HOSPITAL DE PEDIATRIA";"3640";"DIRETORIA GERAL/HOSPED";".1424.3640.3679.";"24/06/1974";"";"ADMINISTRATIVA";"OPERACIONAL";"CIÊNCIAS DA SAÚDE                                 ";"SETOR                                                       ";"MEIO"
"7064";"11310007";"DIRETORIA DE ATIVIDADES ESTUDANTIS";"DATES/PROAE";"";"";"NATAL";"605";"UNIVERSIDADE FEDERAL DO RIO GRANDE DO NORTE";"248";"PRO-REITORIA DE ASSUNTOS ESTUDANTIS (PROAE)";".605.248.7064.";"25/11/2011";"";"ADMINISTRATIVA";"ESTRATÉGICO";"ADMINISTRATIVO                                    ";"ASSESSORIA                                                  ";"FIM"
"30547";"110209";"DIRETORIA DE COMPRAS - PROAD";"COMPRAS/PROAD";"direcao@compras.ufrn.br";"3342-2274 (114)";"NATAL";"605";"UNIVERSIDADE FEDERAL DO RIO GRANDE DO NORTE";"1422";"PRO-REITORIA DE ADMINISTRACAO (PROAD)";".605.1422.30547.";"16/01/2020";"";"ADMINISTRATIVA";"ESTRATÉGICO";"ADMINISTRATIVO                                    ";"DIRETORIA                                                   ";"MEIO"
"4038";"210904";"DIRETORIA DE ENGENHARIA CLINICA";"NTMEE";"";"";"NATAL";"446";"HOSPITAL UNIVERSITARIO ONOFRE LOPES";"416";"HUOL - DIRECAO GERAL";".605.446.416.4038.";"24/06/1974";"";"ADMINISTRATIVA";"OPERACIONAL";"INFRA ESTRUTURA                                   ";"DEPARTAMENTO                                                ";"FIM"
"3994";"11690001";"DIRETORIA DE ENSINO";"DE/ES";"";"";"NATAL";"605";"UNIVERSIDADE FEDERAL DO RIO GRANDE DO NORTE";"205";"ESCOLA DE SAUDE";".605.205.3994.";"24/06/1974";"";"ACADÊMICA";"OPERACIONAL";"CIÊNCIAS DA SAÚDE                                 ";"COORDENAÇÃO                                                 ";"FIM"
"10082";"1100050203";"DIRETORIA DE ENSINO - IMD";"IMDDENS";"";"";"NATAL";"605";"UNIVERSIDADE FEDERAL DO RIO GRANDE DO NORTE";"7147";"DIRETORIA GERAL - IMD";".605.6069.7147.10082.";"01/01/2017";"";"ACADÊMICA";"ESTRATÉGICO";"ADMINISTRATIVO                                    ";"DIRETORIA                                                   ";"FIM"
"8032";"11021301";"DIRETORIA DE GESTAO DA INFORMACAO - DIRECAO";"PROAD/DGI/DIR";"";"";"NATAL";"605";"UNIVERSIDADE FEDERAL DO RIO GRANDE DO NORTE";"8031";"PROAD - COORDENADORIA DE GESTAO DA INFORMACAO";".605.1422.8031.8032.";"01/09/2013";"";"ADMINISTRATIVA";"GERENCIAL";"ADMINISTRATIVO                                    ";"ASSESSORIA                                                  ";"FIM"
"8052";"1102130302";"DIRETORIA DE GESTAO DA INFORMACAO - SECAO DE ARMAZENAMENTO E RECUPERACAO DIGITAL";"DGISARD";"";"";"NATAL";"605";"UNIVERSIDADE FEDERAL DO RIO GRANDE DO NORTE";"8046";"DIRETORIA DE GESTAO DA INFORMACAO - SETOR DE ARQUIVOS";".605.1422.8031.8046.8052.";"01/09/2013";"";"ADMINISTRATIVA";"OPERACIONAL";"ADMINISTRATIVO                                    ";"ASSESSORIA                                                  ";"FIM"
"8050";"1102130202";"DIRETORIA DE GESTAO DA INFORMACAO - SECAO DE ATENDIMENTO AO PUBLICO";"DGISAP";"";"";"NATAL";"605";"UNIVERSIDADE FEDERAL DO RIO GRANDE DO NORTE";"8045";"DIRETORIA DE GESTAO DA INFORMACAO - SETOR DE COMUNICACAO";".605.1422.8031.8045.8050.";"01/09/2013";"";"ADMINISTRATIVA";"OPERACIONAL";"ADMINISTRATIVO                                    ";"ASSESSORIA                                                  ";"FIM"
"8049";"1102130201";"DIRETORIA DE GESTAO DA INFORMACAO - SECAO DE CORRESPONDENCIA";"DGISC/";"";"";"NATAL";"605";"UNIVERSIDADE FEDERAL DO RIO GRANDE DO NORTE";"8045";"DIRETORIA DE GESTAO DA INFORMACAO - SETOR DE COMUNICACAO";".605.1422.8031.8045.8049.";"01/09/2013";"";"ADMINISTRATIVA";"GERENCIAL";"ADMINISTRATIVO                                    ";"ASSESSORIA                                                  ";"FIM"
"8051";"1102130301";"DIRETORIA DE GESTAO DA INFORMACAO - SECAO DE DOCUMENTACAO";"DGISD";"";"";"NATAL";"605";"UNIVERSIDADE FEDERAL DO RIO GRANDE DO NORTE";"8046";"DIRETORIA DE GESTAO DA INFORMACAO - SETOR DE ARQUIVOS";".605.1422.8031.8046.8051.";"01/09/2013";"";"ADMINISTRATIVA";"ESTRATÉGICO";"ADMINISTRATIVO                                    ";"ASSESSORIA                                                  ";"FIM"
"8054";"1102130402";"DIRETORIA DE GESTAO DA INFORMACAO - SECAO DE GERENCIAMENTO DE ACESSO AOS SISTEMAS";"DGISGAS";"";"";"NATAL";"605";"UNIVERSIDADE FEDERAL DO RIO GRANDE DO NORTE";"8047";"DIRETORIA DE GESTAO DA INFORMACAO - SETOR DE TECNOLOGIA DA INFORMACAO";".605.1422.8031.8047.8054.";"01/09/2013";"";"ADMINISTRATIVA";"OPERACIONAL";"ADMINISTRATIVO                                    ";"ASSESSORIA                                                  ";"FIM"
"8053";"1102130401";"DIRETORIA DE GESTAO DA INFORMACAO - SECAO DE GERENCIAMENTO DO PROTOCOLO";"DGISGP";"";"";"NATAL";"605";"UNIVERSIDADE FEDERAL DO RIO GRANDE DO NORTE";"8047";"DIRETORIA DE GESTAO DA INFORMACAO - SETOR DE TECNOLOGIA DA INFORMACAO";".605.1422.8031.8047.8053.";"01/09/2013";"";"ADMINISTRATIVA";"OPERACIONAL";"ADMINISTRATIVO                                    ";"ASSESSORIA                                                  ";"FIM"
"8048";"11021305";"DIRETORIA DE GESTAO DA INFORMACAO - SECRETARIA ADMINISTRATIVA";"DGISA/";"";"";"NATAL";"605";"UNIVERSIDADE FEDERAL DO RIO GRANDE DO NORTE";"8031";"PROAD - COORDENADORIA DE GESTAO DA INFORMACAO";".605.1422.8031.8048.";"01/09/2013";"";"ADMINISTRATIVA";"GERENCIAL";"ADMINISTRATIVO                                    ";"ASSESSORIA                                                  ";"FIM"
"8046";"11021303";"DIRETORIA DE GESTAO DA INFORMACAO - SETOR DE ARQUIVOS";"DGISA";"";"";"NATAL";"605";"UNIVERSIDADE FEDERAL DO RIO GRANDE DO NORTE";"8031";"PROAD - COORDENADORIA DE GESTAO DA INFORMACAO";".605.1422.8031.8046.";"01/09/2013";"";"ADMINISTRATIVA";"GERENCIAL";"ADMINISTRATIVO                                    ";"ASSESSORIA                                                  ";"FIM"
"8045";"11021302";"DIRETORIA DE GESTAO DA INFORMACAO - SETOR DE COMUNICACAO";"DGISC";"";"";"NATAL";"605";"UNIVERSIDADE FEDERAL DO RIO GRANDE DO NORTE";"8031";"PROAD - COORDENADORIA DE GESTAO DA INFORMACAO";".605.1422.8031.8045.";"01/09/2013";"";"ADMINISTRATIVA";"GERENCIAL";"ADMINISTRATIVO                                    ";"ASSESSORIA                                                  ";"FIM"
"8047";"11021304";"DIRETORIA DE GESTAO DA INFORMACAO - SETOR DE TECNOLOGIA DA INFORMACAO";"DGISTI";"";"";"NATAL";"605";"UNIVERSIDADE FEDERAL DO RIO GRANDE DO NORTE";"8031";"PROAD - COORDENADORIA DE GESTAO DA INFORMACAO";".605.1422.8031.8047.";"01/09/2013";"";"ADMINISTRATIVA";"GERENCIAL";"ADMINISTRATIVO                                    ";"ASSESSORIA                                                  ";"FIM"
"1423";"110203";"DIRETORIA DE LOGISTICA - PROAD";"DLOG/PROAD";"julio.meira@ufrn.br";"3342 2274 R 107";"NATAL";"605";"UNIVERSIDADE FEDERAL DO RIO GRANDE DO NORTE";"1422";"PRO-REITORIA DE ADMINISTRACAO (PROAD)";".605.1422.1423.";"24/06/1974";"";"ACADÊMICA";"OPERACIONAL";"ADMINISTRATIVO                                    ";"DIRETORIA                                                   ";"MEIO"
"1433";"110805";"DIRETORIA DE MANUTENCAO DE INSTALACOES FISICAS";"INFRA/DIMAN";"";"";"NATAL";"605";"UNIVERSIDADE FEDERAL DO RIO GRANDE DO NORTE";"20";"SUPERINTENDENCIA DE INFRAESTRUTURA";".605.20.1433.";"24/06/1974";"";"ADMINISTRATIVA";"OPERACIONAL";"INFRA ESTRUTURA                                   ";"DIRETORIA                                                   ";"MEIO"
"1431";"110806";"DIRETORIA DE OBRAS";"DO/INFRA";"";"";"NATAL";"605";"UNIVERSIDADE FEDERAL DO RIO GRANDE DO NORTE";"20";"SUPERINTENDENCIA DE INFRAESTRUTURA";".605.20.1431.";"24/06/1974";"";"ADMINISTRATIVA";"OPERACIONAL";"ADMINISTRATIVO                                    ";"DIVISAO                                                     ";"MEIO"
"11659";"11280002";"DIRETORIA DE TELEVISAO";"DTVU";"";"";"NATAL";"605";"UNIVERSIDADE FEDERAL DO RIO GRANDE DO NORTE";"19";"SUPERINTENDENCIA DE COMUNICACAO";".605.19.11659.";"10/10/2018";"";"ADMINISTRATIVA";"ESTRATÉGICO";"ARTES, COMUNICAÇAO E DIFUSAO                      ";"DIRETORIA                                                   ";"FIM"
"11090";"108904";"DIRETORIA DO INSTITUTO DO CEREBRO";"DIRETORIA/ICe";"secdiretoria@neuro.ufrn.br";"3215-2708";"NATAL";"605";"UNIVERSIDADE FEDERAL DO RIO GRANDE DO NORTE";"6026";"INSTITUTO DO CEREBRO";".605.6026.11090.";"11/10/2017";"";"ADMINISTRATIVA";"GERENCIAL";"ADMINISTRATIVO                                    ";"DIRETORIA                                                   ";"FIM"
"3958";"112601";"DIRETORIA DO MUSEU CAMARA CASCUDO ";"DMCC";"";"3211-8312";"NATAL";"605";"UNIVERSIDADE FEDERAL DO RIO GRANDE DO NORTE";"290";"MUSEU CAMARA CASCUDO";".605.290.3958.";"24/06/1974";"";"ADMINISTRATIVA";"ESTRATÉGICO";"INFORMAÇÃO                                        ";"MUSEU                                                       ";"FIM"
"11135";"110005020602";"DIRETORIA DO PARQUE TECNOLOGICO METROPOLE DIGITAL - IMD";"DIR/PARQUE/IMD";"";"";"NATAL";"605";"UNIVERSIDADE FEDERAL DO RIO GRANDE DO NORTE";"7878";"PARQUE TECNOLOGICO METROPOLE DIGITAL - IMD";".605.6069.7147.7878.11135.";"16/11/2017";"";"ADMINISTRATIVA";"GERENCIAL";"ADMINISTRATIVO                                    ";"DIRETORIA                                                   ";"FIM"
"33009";"1100050213";"DIRETORIA EMBRAPII - IMD";"Embrapii";"";"";"NATAL";"605";"UNIVERSIDADE FEDERAL DO RIO GRANDE DO NORTE";"7147";"DIRETORIA GERAL - IMD";".605.6069.7147.33009.";"09/12/2024";"";"ADMINISTRATIVA";"GERENCIAL";"ADMINISTRATIVO                                    ";"DIRETORIA                                                   ";"FIM"
"10918";"11001001";"DIRETORIA EXECUTIVA - IMT";"DIREX/IMT";"";"";"NATAL";"605";"UNIVERSIDADE FEDERAL DO RIO GRANDE DO NORTE";"6919";"INSTITUTO DE MEDICINA TROPICAL - IMT-RN";".605.6919.10918.";"04/07/2017";"";"ACADÊMICA";"ESTRATÉGICO";"ADMINISTRATIVO                                    ";"ASSESSORIA                                                  ";"FIM"
"3640";"2232";"DIRETORIA GERAL/HOSPED";"DG";"";"3215.4400,3215.4401";"NATAL";"1424";"HOSPED - HOSPITAL DE PEDIATRIA";"1424";"HOSPED - HOSPITAL DE PEDIATRIA";".1424.3640.";"24/06/1974";"";"ADMINISTRATIVA";"OPERACIONAL";"ADMINISTRATIVO                                    ";"COORDENAÇÃO                                                 ";"MEIO"
"2712";"2011";"DIRETORIA GERAL - MEJC";"DGER/MEJC";"";"";"NATAL";"447";"MATERNIDADE ESCOLA JANUARIO CICCO";"447";"MATERNIDADE ESCOLA JANUARIO CICCO";".605.447.2712.";"24/06/1974";"";"ADMINISTRATIVA";"OPERACIONAL";"ADMINISTRATIVO                                    ";"COORDENAÇÃO                                                 ";"MEIO"
"3458";"100400";"DIRETORIA NAC";"DIR/NAC";"";"";"NATAL";"605";"UNIVERSIDADE FEDERAL DO RIO GRANDE DO NORTE";"291";"NUCLEO DE ARTE E CULTURA";".605.291.3458.";"24/06/1974";"";"ADMINISTRATIVA";"OPERACIONAL";"ARTES, COMUNICAÇAO E DIFUSAO                      ";"ASSESSORIA                                                  ";"MEIO"
"4006";"115001";"DIRETORIA - NUPLAM";"DIRETORIA - NUPLAM";"";"3215-3902";"NATAL";"605";"UNIVERSIDADE FEDERAL DO RIO GRANDE DO NORTE";"252";"NUCLEO DE PESQUISA EM ALIMENTOS E MEDICAMENTOS";".605.252.4006.";"24/06/1974";"";"ADMINISTRATIVA";"OPERACIONAL";"ADMINISTRATIVO                                    ";"DEPARTAMENTO                                                ";"MEIO"
"4124";"201105";"DIRETORIA TECNICA";"dt";"";"";"NATAL";"447";"MATERNIDADE ESCOLA JANUARIO CICCO";"2712";"DIRETORIA GERAL - MEJC";".605.447.2712.4124.";"24/06/1974";"";"ADMINISTRATIVA";"OPERACIONAL";"CIÊNCIAS DA SAÚDE                                 ";"DEPARTAMENTO                                                ";"FIM"
"13162";"311105";"DIRETORIA TECNICA";"dt";"";"";"NATAL";"8194";"SUPERINTENDENCIA DO MEJC - EBSERH";"9327";"DIALOGO E TROCAS DE SABERES: A ENFERMAGEM FORTALECENDO O CUIDADO MATERNO E INFANTIL (2015)";".441.5728.9285.9327.13162.";"24/06/1974";"";"ADMINISTRATIVA";"OPERACIONAL";"CIÊNCIAS DA SAÚDE                                 ";"DEPARTAMENTO                                                ";"FIM"
"4035";"21240303";"DISPENSACAO FARMACEUTICA";"DISFARMACO";"";"";"NATAL";"446";"HOSPITAL UNIVERSITARIO ONOFRE LOPES";"3806";"HUOL - SETOR DE FARMACIA";".605.446.416.1677.3806.4035.";"24/06/1974";"";"ADMINISTRATIVA";"OPERACIONAL";"CIÊNCIAS DA SAÚDE                                 ";"SETOR                                                       ";"FIM"
"3726";"234204";"DIVISAO ACADEMICA";"da";"";"";"SANTA CRUZ";"285";"HOSPITAL UNIVERSITARIO ANA BEZERRA";"3722";"DIRECAO DO HOSPITAL";".605.285.3722.3726.";"24/06/1974";"";"ADMINISTRATIVA";"OPERACIONAL";"CIÊNCIAS DA SAÚDE                                 ";"DIVISAO                                                     ";"FIM"
"3728";"234205";"DIVISAO ADMINISTRATIVA";"da";"";"";"SANTA CRUZ";"285";"HOSPITAL UNIVERSITARIO ANA BEZERRA";"285";"HOSPITAL UNIVERSITARIO ANA BEZERRA";".605.285.3728.";"24/06/1974";"";"ADMINISTRATIVA";"OPERACIONAL";"ADMINISTRATIVO                                    ";"DIVISAO                                                     ";"MEIO"
"8797";"33001002";"DIVISAO DE ADMINISTRACAO E FINANCAS - HUAB/EBSERH";"DAF/HUAB/EBS";"sandrofernandesjs@hotmail.com";"32912324";"SANTA CRUZ";"8195";"SUPERINTENDENCIA DO HUAB - EBSERH";"11688";"GERENCIA ADMINISTRATIVA";".8517.8195.11688.8797.";"01/05/2008";"";"ADMINISTRATIVA";"OPERACIONAL";"ADMINISTRATIVO                                    ";"SETOR                                                       ";"MEIO"
"9838";"311209";"DIVISAO DE ADMINISTRACAO E FINANCAS - MEJC/EBSERH";"DAF/MEJC/EBSERH";"";"";"NATAL";"8194";"SUPERINTENDENCIA DO MEJC - EBSERH";"9386";"GERENCIA ADMINISTRATIVA MEJC/EBSERH";".8517.8194.9386.9838.";"01/01/2013";"";"ADMINISTRATIVA";"OPERACIONAL";"ADMINISTRATIVO                                    ";"DIVISAO                                                     ";"FIM"
"3889";"211007";"DIVISAO DE CLINICA CIRURGICA";"dcc";"";"";"NATAL";"446";"HOSPITAL UNIVERSITARIO ONOFRE LOPES";"392";"HUOL - DIRETORIA MEDICA";".605.446.392.3889.";"24/06/1974";"";"ADMINISTRATIVA";"OPERACIONAL";"CIÊNCIAS DA SAÚDE                                 ";"DIVISAO                                                     ";"FIM"
"15418";"321007";"DIVISAO DE CLINICA CIRURGICA";"dcc";"";"";"NATAL";"8193";"SUPERINTENDENCIA DO HUOL - EBSERH";"392";"HUOL - DIRETORIA MEDICA";".605.446.392.15418.";"24/06/1974";"";"ADMINISTRATIVA";"OPERACIONAL";"CIÊNCIAS DA SAÚDE                                 ";"DIVISAO                                                     ";"FIM"
"3848";"211003";"DIVISAO DE CLINICA MEDICA";"dcm";"";"";"NATAL";"446";"HOSPITAL UNIVERSITARIO ONOFRE LOPES";"392";"HUOL - DIRETORIA MEDICA";".605.446.392.3848.";"24/06/1974";"";"ADMINISTRATIVA";"OPERACIONAL";"CIÊNCIAS DA SAÚDE                                 ";"DIVISAO                                                     ";"FIM"
"15182";"321003";"DIVISAO DE CLINICA MEDICA";"dcm";"";"";"NATAL";"446";"HOSPITAL UNIVERSITARIO ONOFRE LOPES";"392";"HUOL - DIRETORIA MEDICA";".605.446.392.15182.";"24/06/1974";"";"ADMINISTRATIVA";"OPERACIONAL";"CIÊNCIAS DA SAÚDE                                 ";"DIVISAO                                                     ";"FIM"
"3776";"210800";"DIVISAO DE ENFERMAGEM EM AMBULATORIO";"DEA";"";"";"NATAL";"446";"HOSPITAL UNIVERSITARIO ONOFRE LOPES";"394";"HUOL - DIRETORIA DE ENFERMAGEM";".605.446.394.3776.";"24/06/1974";"";"ADMINISTRATIVA";"OPERACIONAL";"CIÊNCIAS DA SAÚDE                                 ";"DIVISAO                                                     ";"FIM"
"13176";"320800";"DIVISAO DE ENFERMAGEM EM AMBULATORIO";"DEA";"";"";"NATAL";"8193";"SUPERINTENDENCIA DO HUOL - EBSERH";"394";"HUOL - DIRETORIA DE ENFERMAGEM";".605.446.394.13176.";"24/06/1974";"";"ADMINISTRATIVA";"OPERACIONAL";"CIÊNCIAS DA SAÚDE                                 ";"DIVISAO                                                     ";"FIM"
"13458";"33001103";"DIVISAO DE ENFERMAGEM - HUAB/EBSERH";"DIVEN/HUAB";"";"";"SANTA CRUZ";"8195";"SUPERINTENDENCIA DO HUAB - EBSERH";"11865";"GERENCIA DE ATENCAO A SAUDE";".8517.8195.11865.13458.";"24/06/1974";"";"ADMINISTRATIVA";"OPERACIONAL";"CIÊNCIAS DA SAÚDE                                 ";"SECRETARIA ADMINISTRATIVA                                   ";"MEIO"
"9868";"311003";"DIVISAO DE ENFERMAGEM - MEJC/EBSERH";"DIVENFMEJCEBSE";"";"";"NATAL";"8194";"SUPERINTENDENCIA DO MEJC - EBSERH";"9861";"GERENCIA DE ATENCAO A SAUDE - MEJC/EBSERH";".8517.8194.9861.9868.";"01/01/2013";"";"ADMINISTRATIVA";"GERENCIAL";"ADMINISTRATIVO                                    ";"DIVISAO                                                     ";"FIM"
"4587";"11080604";"DIVISAO DE FISCALIZACAO DE OBRAS";"DFO/DO/INFRA";"";"";"NATAL";"605";"UNIVERSIDADE FEDERAL DO RIO GRANDE DO NORTE";"1431";"DIRETORIA DE OBRAS";".605.20.1431.4587.";"24/06/2007";"";"ADMINISTRATIVA";"OPERACIONAL";"INFRA ESTRUTURA                                   ";"SETOR                                                       ";"FIM"
"9834";"33001001";"DIVISAO DE GESTAO DE PESSOAS - HUAB/EBSERH";"DGEP/HUAB/EBSE";"";"";"SANTA CRUZ";"8195";"SUPERINTENDENCIA DO HUAB - EBSERH";"11688";"GERENCIA ADMINISTRATIVA";".8517.8195.11688.9834.";"11/01/2016";"";"ADMINISTRATIVA";"GERENCIAL";"ADMINISTRATIVO                                    ";"ASSESSORIA                                                  ";"FIM"
"8973";"311210";"DIVISAO DE GESTAO DE PESSOAS MEJC/EBSERH";"DIVGP/MEJC/EBSERH";"";"";"NATAL";"8194";"SUPERINTENDENCIA DO MEJC - EBSERH";"9386";"GERENCIA ADMINISTRATIVA MEJC/EBSERH";".8517.8194.9386.8973.";"24/06/1974";"";"ADMINISTRATIVA";"OPERACIONAL";"ADMINISTRATIVO                                    ";"SETOR                                                       ";"MEIO"
"9874";"33001101";"DIVISAO DE GESTAO DO CUIDADO E APOIO DIAGNOSTICO E TERAPEUTICO - HUAB/EBSERH";"DCDT";"";"";"SANTA CRUZ";"8195";"SUPERINTENDENCIA DO HUAB - EBSERH";"11865";"GERENCIA DE ATENCAO A SAUDE";".8517.8195.11865.9874.";"12/01/2016";"";"ADMINISTRATIVA";"GERENCIAL";"ADMINISTRATIVO                                    ";"ASSESSORIA                                                  ";"FIM"
"3557";"110502";"DIVISAO DE INFRAESTRUTURA DE PESQUISA";"DIP/PROPESQ";"";"";"NATAL";"605";"UNIVERSIDADE FEDERAL DO RIO GRANDE DO NORTE";"1481";"PRO-REITORIA DE PESQUISA";".605.1481.3557.";"24/06/1974";"";"ACADÊMICA";"ESTRATÉGICO";"ADMINISTRATIVO                                    ";"COORDENAÇÃO                                                 ";"MEIO"
"4516";"1105110101";"DIVISAO DE INICIACAO CIENTIFICA E TECNOLOGICA";"DITEC/PROPESQ";"";"";"NATAL";"605";"UNIVERSIDADE FEDERAL DO RIO GRANDE DO NORTE";"4511";"DIRETORIA DE APOIO A PESQUISA";".605.1481.4511.4516.";"24/06/1974";"";"ADMINISTRATIVA";"OPERACIONAL";"ADMINISTRATIVO                                    ";"DIVISAO                                                     ";"FIM"
"9846";"311211";"DIVISAO DE LOGISTICA E INFRAESTRUTURA HOSPITAL - MEJC/EBSERH";"DLIHMEJCEBSERH";"";"";"NATAL";"8194";"SUPERINTENDENCIA DO MEJC - EBSERH";"9386";"GERENCIA ADMINISTRATIVA MEJC/EBSERH";".8517.8194.9386.9846.";"01/01/2013";"";"ADMINISTRATIVA";"OPERACIONAL";"ADMINISTRATIVO                                    ";"DIVISAO                                                     ";"FIM"
"9839";"33001003";"DIVISAO DE LOGISTICA E INFRAESTRUTURA - HUAB/EBSERH";"DLIH";"";"";"SANTA CRUZ";"8195";"SUPERINTENDENCIA DO HUAB - EBSERH";"11688";"GERENCIA ADMINISTRATIVA";".8517.8195.11688.9839.";"11/01/2016";"";"ADMINISTRATIVA";"GERENCIAL";"ADMINISTRATIVO                                    ";"ASSESSORIA                                                  ";"FIM"
"4040";"21090402";"DIVISAO DE MANUTENCAO";"CMHUOL";"";"";"NATAL";"446";"HOSPITAL UNIVERSITARIO ONOFRE LOPES";"4038";"DIRETORIA DE ENGENHARIA CLINICA";".605.446.416.4038.4040.";"24/06/1974";"";"ADMINISTRATIVA";"OPERACIONAL";"INFRA ESTRUTURA                                   ";"COORDENAÇÃO                                                 ";"MEIO"
"3812";"210706";"DIVISAO DE MATERIAL E PATRIMONIO/HUOL";"dmp";"";"3215-3394";"NATAL";"446";"HOSPITAL UNIVERSITARIO ONOFRE LOPES";"357";"HUOL - DIRETORIA ADMINISTRATIVA-FINANCEIRA";".605.446.357.3812.";"24/06/1974";"";"ADMINISTRATIVA";"OPERACIONAL";"ADMINISTRATIVO                                    ";"DIVISAO                                                     ";"MEIO"
"12822";"320706";"DIVISAO DE MATERIAL E PATRIMONIO/HUOL";"dmp";"";"3215-3394";"NATAL";"8193";"SUPERINTENDENCIA DO HUOL - EBSERH";"357";"HUOL - DIRETORIA ADMINISTRATIVA-FINANCEIRA";".605.446.357.12822.";"24/06/1974";"";"ADMINISTRATIVA";"OPERACIONAL";"ADMINISTRATIVO                                    ";"DIVISAO                                                     ";"MEIO"
"4055";"11280104";"DIVISAO DE RADIOJORNALISMO";"JORNAL";"";"";"NATAL";"605";"UNIVERSIDADE FEDERAL DO RIO GRANDE DO NORTE";"2666";"RADIO FM UNIVERSITARIA";".605.19.2666.4055.";"10/11/1999";"";"ADMINISTRATIVA";"OPERACIONAL";"INFORMAÇÃO                                        ";"DIVISAO                                                     ";"MEIO"
"3819";"21890201";"DIVISAO DE RECURSOS HUMANOS";"drh/huol";"";"3215.4445 ";"NATAL";"446";"HOSPITAL UNIVERSITARIO ONOFRE LOPES";"421";"HUOL - RECURSOS HUMANOS";".605.446.6198.421.3819.";"24/06/1974";"";"ADMINISTRATIVA";"OPERACIONAL";"ADMINISTRATIVO                                    ";"DIVISAO                                                     ";"MEIO"
"25507";"32890201";"DIVISAO DE RECURSOS HUMANOS";"drh/huol";"";"3215.4445 ";"NATAL";"8193";"SUPERINTENDENCIA DO HUOL - EBSERH";"421";"HUOL - RECURSOS HUMANOS";".605.446.6198.421.25507.";"24/06/1974";"";"ADMINISTRATIVA";"OPERACIONAL";"ADMINISTRATIVO                                    ";"DIVISAO                                                     ";"MEIO"
"9875";"33001102";"DIVISAO MEDICA - HUAB/EBSERH";"DIMED/HUAB/EBS";"";"";"SANTA CRUZ";"8195";"SUPERINTENDENCIA DO HUAB - EBSERH";"11865";"GERENCIA DE ATENCAO A SAUDE";".8517.8195.11865.9875.";"12/01/2016";"";"ADMINISTRATIVA";"GERENCIAL";"ADMINISTRATIVO                                    ";"ASSESSORIA                                                  ";"FIM"
"9867";"311001";"DIVISAO MEDICA - MEJC/EBSERH";"DIVMEDMEJCEBSE";"";"";"NATAL";"8194";"SUPERINTENDENCIA DO MEJC - EBSERH";"9861";"GERENCIA DE ATENCAO A SAUDE - MEJC/EBSERH";".8517.8194.9861.9867.";"01/01/2013";"";"ADMINISTRATIVA";"OPERACIONAL";"ADMINISTRATIVO                                    ";"DIVISAO                                                     ";"FIM"
"3554";"11040201";"DIVISAO PARA ASSUNTOS CULTURAIS";"DAC";"";"";"NATAL";"605";"UNIVERSIDADE FEDERAL DO RIO GRANDE DO NORTE";"3553";"DEPARTAMENTO DE EXTENSAO UNIVERSITARIA";".605.17.3553.3554.";"24/06/1974";"";"ADMINISTRATIVA";"OPERACIONAL";"ADMINISTRATIVO                                    ";"DIVISAO                                                     ";"MEIO"
"3733";"234206";"DIVISAO TECNICA";"dt";"";"";"SANTA CRUZ";"285";"HOSPITAL UNIVERSITARIO ANA BEZERRA";"3722";"DIRECAO DO HOSPITAL";".605.285.3722.3733.";"24/06/1974";"";"ADMINISTRATIVA";"OPERACIONAL";"CIÊNCIAS DA SAÚDE                                 ";"DIVISAO                                                     ";"MEIO"
"8030";"11020301";"DLOG - DIRECAO";"DLOGDIR";"";"";"NATAL";"605";"UNIVERSIDADE FEDERAL DO RIO GRANDE DO NORTE";"1423";"DIRETORIA DE LOGISTICA - PROAD";".605.1422.1423.8030.";"01/09/2013";"";"ADMINISTRATIVA";"GERENCIAL";"ADMINISTRATIVO                                    ";"ASSESSORIA                                                  ";"FIM"
"30657";"11020331";"DLOG - DIVISAO DE ALMOXARIFADO DE MANUTENCAO";"DLOG/DAMI";"";"";"NATAL";"605";"UNIVERSIDADE FEDERAL DO RIO GRANDE DO NORTE";"1423";"DIRETORIA DE LOGISTICA - PROAD";".605.1422.1423.30657.";"22/04/2020";"";"ADMINISTRATIVA";"OPERACIONAL";"ADMINISTRATIVO                                    ";"DIVISAO                                                     ";"FIM"
"7085";"11020325";"DLOG - DIVISAO DE CONTROLE E REGISTRO CONTABIL";"DLOG/DCRC";"anderson.matias@ufrn.br";"";"NATAL";"605";"UNIVERSIDADE FEDERAL DO RIO GRANDE DO NORTE";"1423";"DIRETORIA DE LOGISTICA - PROAD";".605.1422.1423.7085.";"01/09/2013";"";"ADMINISTRATIVA";"OPERACIONAL";"ADMINISTRATIVO                                    ";"ASSESSORIA                                                  ";"FIM"
"405";"11020304";"DLOG - DIVISAO DE PATRIMONIO";"DLOG/DPAT";"DMP@REITORIA.UFRN.BR";"32153329";"NATAL";"605";"UNIVERSIDADE FEDERAL DO RIO GRANDE DO NORTE";"1423";"DIRETORIA DE LOGISTICA - PROAD";".605.1422.1423.405.";"24/06/1974";"";"ADMINISTRATIVA";"OPERACIONAL";"ADMINISTRATIVO                                    ";"DIVISAO                                                     ";"MEIO"
"8022";"1102030403";"DLOG - SECAO DE ALIENACAO";"DLOGSAL";"";"";"NATAL";"605";"UNIVERSIDADE FEDERAL DO RIO GRANDE DO NORTE";"405";"DLOG - DIVISAO DE PATRIMONIO";".605.1422.1423.405.8022.";"01/09/2013";"";"ADMINISTRATIVA";"GERENCIAL";"ADMINISTRATIVO                                    ";"ASSESSORIA                                                  ";"FIM"
"8021";"1102030402";"DLOG - SECAO DE BENS IMOVEIS";"DLOGSBI";"";"";"NATAL";"605";"UNIVERSIDADE FEDERAL DO RIO GRANDE DO NORTE";"405";"DLOG - DIVISAO DE PATRIMONIO";".605.1422.1423.405.8021.";"01/09/2013";"";"ADMINISTRATIVA";"GERENCIAL";"ADMINISTRATIVO                                    ";"ASSESSORIA                                                  ";"FIM"
"7583";"1102030401";"DLOG - SECAO DE BENS MOVEIS";"DLOG/DMP";"";"";"NATAL";"605";"UNIVERSIDADE FEDERAL DO RIO GRANDE DO NORTE";"405";"DLOG - DIVISAO DE PATRIMONIO";".605.1422.1423.405.7583.";"01/09/2013";"";"ADMINISTRATIVA";"GERENCIAL";"ADMINISTRATIVO                                    ";"ASSESSORIA                                                  ";"FIM"
"1740";"11020318";"DMP - ALMOXARIFADO CENTRAL";"DMP-ALMC";"";"dmp@reitoria.ufrn";"NATAL";"605";"UNIVERSIDADE FEDERAL DO RIO GRANDE DO NORTE";"1423";"DIRETORIA DE LOGISTICA - PROAD";".605.1422.1423.1740.";"24/06/1974";"";"ADMINISTRATIVA";"OPERACIONAL";"ADMINISTRATIVO                                    ";"SETOR                                                       ";"MEIO"
"1737";"11020315";"DMP / ASTEC";"DMP/ASTEC";"";"32153328";"NATAL";"605";"UNIVERSIDADE FEDERAL DO RIO GRANDE DO NORTE";"1423";"DIRETORIA DE LOGISTICA - PROAD";".605.1422.1423.1737.";"24/06/1974";"";"ADMINISTRATIVA";"OPERACIONAL";"ADMINISTRATIVO                                    ";"ASSESSORIA                                                  ";"MEIO"
"278";"11020302";"DMP - SECAO DE IMPORTACAO";"DI/DMP/PAAE";"";"32153232";"NATAL";"605";"UNIVERSIDADE FEDERAL DO RIO GRANDE DO NORTE";"314";"COMPRAS - DIVISAO DE FASE INTERNA DE COMPRAS";".605.1422.30547.314.278.";"24/06/1974";"";"ADMINISTRATIVA";"OPERACIONAL";"ADMINISTRATIVO                                    ";"DIVISAO                                                     ";"MEIO"
"275";"11020305";"DMP - SECRETARIA ADMINISTRATIVA";"PAAE/DMP";"";"";"NATAL";"605";"UNIVERSIDADE FEDERAL DO RIO GRANDE DO NORTE";"1423";"DIRETORIA DE LOGISTICA - PROAD";".605.1422.1423.275.";"24/06/1974";"";"ADMINISTRATIVA";"OPERACIONAL";"ADMINISTRATIVO                                    ";"SECRETARIA ADMINISTRATIVA                                   ";"MEIO"
"10878";"11082001";"DP - SECRETARIA ADMINISTRATIVA";"DP/SECAD/INFRA";"";"";"NATAL";"605";"UNIVERSIDADE FEDERAL DO RIO GRANDE DO NORTE";"6891";"DIRETORIA DE PROJETOS";".605.20.6891.10878.";"06/06/2017";"";"ACADÊMICA";"ESTRATÉGICO";"ADMINISTRATIVO                                    ";"ASSESSORIA                                                  ";"FIM"
"9780";"320101";"EBSERH - Divisao de Administracao e Financas";"DAF/EBSERH";"";"";"NATAL";"8193";"SUPERINTENDENCIA DO HUOL - EBSERH";"8987";"EBSERH - GERENCIA ADMINISTRATIVA";".8517.8193.8987.9780.";"01/01/2017";"";"ACADÊMICA";"ESTRATÉGICO";"ADMINISTRATIVO                                    ";"ASSESSORIA                                                  ";"FIM"
"10413";"320307";"EBSERH - DIVISAO DE APOIO DIAGNOSTICO E TERAPEUTICO";"EBSERH/DADT";"";"";"NATAL";"8193";"SUPERINTENDENCIA DO HUOL - EBSERH";"9786";"EBSERH - GERENCIA DE ATENCAO A SAUDE";".8517.8193.9786.10413.";"01/01/2017";"";"COMPLEXO HOSPITALAR";"ESTRATÉGICO";"ADMINISTRATIVO                                    ";"ASSESSORIA                                                  ";"FIM"
"9800";"320308";"EBSERH - DIVISAO DE ENFERMAGEM";"DENFEBSERH";"";"";"NATAL";"8193";"SUPERINTENDENCIA DO HUOL - EBSERH";"9786";"EBSERH - GERENCIA DE ATENCAO A SAUDE";".8517.8193.9786.9800.";"01/01/2016";"";"ADMINISTRATIVA";"GERENCIAL";"ADMINISTRATIVO                                    ";"DIVISAO                                                     ";"FIM"
"10419";"320306";"EBSERH - DIVISAO DE ENFERMAGEM";"EBSERH/DIVENF";"";"";"NATAL";"8193";"SUPERINTENDENCIA DO HUOL - EBSERH";"9786";"EBSERH - GERENCIA DE ATENCAO A SAUDE";".8517.8193.9786.10419.";"01/01/2017";"";"ADMINISTRATIVA";"ESTRATÉGICO";"ADMINISTRATIVO                                    ";"ASSESSORIA                                                  ";"FIM"
"1440";"320301";"EBSERH - DIVISAO DE GESTAO DE CUIDADO";"DGCEBSERH";"";"3202.3745";"NATAL";"8193";"SUPERINTENDENCIA DO HUOL - EBSERH";"9786";"EBSERH - GERENCIA DE ATENCAO A SAUDE";".8517.8193.9786.1440.";"24/06/1974";"";"COMPLEXO HOSPITALAR";"OPERACIONAL";"CIÊNCIAS DA SAÚDE                                 ";"DIVISAO                                                     ";"MEIO"
"12409";"320103";"EBSERH - DIVISAO DE GESTAO DE PESSOAS";"DGPEBSERH";"";"";"NATAL";"8193";"SUPERINTENDENCIA DO HUOL - EBSERH";"8987";"EBSERH - GERENCIA ADMINISTRATIVA";".8517.8193.8987.12409.";"01/01/2000";"";"ADMINISTRATIVA";"OPERACIONAL";"CIÊNCIAS DA SAÚDE                                 ";"ASSESSORIA                                                  ";"FIM"
"9798";"320303";"EBSERH - DIVISAO MEDICA";"DVMEEBSERH";"";"";"NATAL";"8193";"SUPERINTENDENCIA DO HUOL - EBSERH";"9786";"EBSERH - GERENCIA DE ATENCAO A SAUDE";".8517.8193.9786.9798.";"01/04/2017";"";"ADMINISTRATIVA";"ESTRATÉGICO";"ADMINISTRATIVO                                    ";"ASSESSORIA                                                  ";"FIM"
"14769";"320003";"EBSERH - OUVIDORIA ";"EBSERH/OUVID";"";"";"NATAL";"14769";"EBSERH - OUVIDORIA ";"8193";"SUPERINTENDENCIA DO HUOL - EBSERH";".8517.8193.14769.";"10/12/2012";"";"ADMINISTRATIVA";"OPERACIONAL";"CIÊNCIAS DA SAÚDE                                 ";"ASSESSORIA                                                  ";"FIM"
"10051";"32010204";"EBSERH - Setor de Abastecimento Farmaceutico e Suprimentos";"SAFS/EBSERH";"";"";"NATAL";"8193";"SUPERINTENDENCIA DO HUOL - EBSERH";"10443";"EBSERH - DIVISAO DE LOGISTICA E INFRAESTRUTURA HOSPITALAR";".8517.8193.8987.10443.10051.";"14/04/2016";"";"ADMINISTRATIVA";"OPERACIONAL";"ADMINISTRATIVO                                    ";"ASSESSORIA                                                  ";"FIM"
"15477";"32030701";"EBSERH - SETOR DE APOIO E DIAGNOSTICO";"SADEBSERH";"";"";"NATAL";"8193";"SUPERINTENDENCIA DO HUOL - EBSERH";"10413";"EBSERH - DIVISAO DE APOIO DIAGNOSTICO E TERAPEUTICO";".8517.8193.9786.10413.15477.";"24/06/1974";"";"ADMINISTRATIVA";"OPERACIONAL";"CIÊNCIAS DA SAÚDE                                 ";"CENTRO                                                      ";"FIM"
"9806";"32030702";"EBSERH - SETOR DE APOIO TERAUPEUTICO";"SATEBSERH";"";"";"NATAL";"8193";"SUPERINTENDENCIA DO HUOL - EBSERH";"10413";"EBSERH - DIVISAO DE APOIO DIAGNOSTICO E TERAPEUTICO";".8517.8193.9786.10413.9806.";"01/02/2017";"";"ACADÊMICA";"ESTRATÉGICO";"ADMINISTRATIVO                                    ";"ASSESSORIA                                                  ";"FIM"
"14415";"32010201";"EBSERH - SETOR DE ENGENHARIA CLINICA";"SECEBSERH";"";"";"NATAL";"8193";"SUPERINTENDENCIA DO HUOL - EBSERH";"10443";"EBSERH - DIVISAO DE LOGISTICA E INFRAESTRUTURA HOSPITALAR";".8517.8193.8987.10443.14415.";"24/06/1974";"";"ADMINISTRATIVA";"OPERACIONAL";"INFRA ESTRUTURA                                   ";"DEPARTAMENTO                                                ";"FIM"
"16185";"32030703";"EBSERH - SETOR DE FARMACIA HOSPITALAR";"SAFEBSERH";"";"";"NATAL";"8193";"SUPERINTENDENCIA DO HUOL - EBSERH";"10413";"EBSERH - DIVISAO DE APOIO DIAGNOSTICO E TERAPEUTICO";".8517.8193.9786.10413.16185.";"24/06/1974";"";"ADMINISTRATIVA";"OPERACIONAL";"CIÊNCIAS DA SAÚDE                                 ";"DIVISAO                                                     ";"FIM"
"9778";"320202";"EBSERH - SETOR DE GESTAO DA PESQUISA E DA INOVACAO TECNOLOGICA EM SAUDE";"SGPITS/EBSERH";"";"";"NATAL";"8193";"SUPERINTENDENCIA DO HUOL - EBSERH";"12114";"EBSERH - GERENCIA DE ENSINO E PESQUISA";".8517.8193.12114.9778.";"19/01/2023";"";"ACADÊMICA";"ESTRATÉGICO";"ADMINISTRATIVO                                    ";"AGÊNCIA                                                     ";"FIM"
"9792";"320008";"EBSERH - SETOR DE GESTAO DA QUALIDADE";"STGQ/EBSERH";"";"";"NATAL";"8193";"SUPERINTENDENCIA DO HUOL - EBSERH";"8193";"SUPERINTENDENCIA DO HUOL - EBSERH";".8517.8193.9792.";"29/03/2016";"";"ADMINISTRATIVA";"GERENCIAL";"ADMINISTRATIVO                                    ";"ASSESSORIA                                                  ";"FIM"
"9779";"320203";"EBSERH - SETOR DE GESTAO DO ENSINO";"SGEEBSERH";"";"";"NATAL";"8193";"SUPERINTENDENCIA DO HUOL - EBSERH";"12114";"EBSERH - GERENCIA DE ENSINO E PESQUISA";".8517.8193.12114.9779.";"29/08/2013";"";"ACADÊMICA";"ESTRATÉGICO";"ADMINISTRATIVO                                    ";"AGÊNCIA                                                     ";"FIM"
"32357";"320010";"EBSERH - SETOR DE GOVERNANCA E ESTRATEGIA";"SEGOV/EBSERH";"";"";"NATAL";"8193";"SUPERINTENDENCIA DO HUOL - EBSERH";"8193";"SUPERINTENDENCIA DO HUOL - EBSERH";".8517.8193.32357.";"19/01/2023";"";"ACADÊMICA";"ESTRATÉGICO";"ADMINISTRATIVO                                    ";"AGÊNCIA                                                     ";"FIM"
"9787";"320002";"EBSERH - SETOR JURIDICO";"SEJUEBSERH";"";"";"NATAL";"8193";"SUPERINTENDENCIA DO HUOL - EBSERH";"8193";"SUPERINTENDENCIA DO HUOL - EBSERH";".8517.8193.9787.";"01/01/2017";"";"ACADÊMICA";"ESTRATÉGICO";"ADMINISTRATIVO                                    ";"ASSESSORIA                                                  ";"FIM"
"12586";"32030108";"EBSERH - UNIDADE DA CRIANCA E DO ADOLESCENTE";"UCA/EBSERH";"";"";"NATAL";"8193";"SUPERINTENDENCIA DO HUOL - EBSERH";"1440";"EBSERH - DIVISAO DE GESTAO DE CUIDADO";".8517.8193.9786.1440.12586.";"06/03/2014";"";"COMPLEXO HOSPITALAR";"OPERACIONAL";"ADMINISTRATIVO                                    ";"SETOR                                                       ";"FIM"
"23501";"32240301";"EBSERH - UNIDADE DE ABASTECIMENTO FARMACEUTICO";"UAFEBSERH";"";"";"NATAL";"446";"HOSPITAL UNIVERSITARIO ONOFRE LOPES";"3806";"HUOL - SETOR DE FARMACIA";".605.446.416.1677.3806.23501.";"24/06/1974";"";"ADMINISTRATIVA";"OPERACIONAL";"CIÊNCIAS DA SAÚDE                                 ";"SETOR                                                       ";"FIM"
"10444";"3201020401";"EBSERH - UNIDADE DE ALMOXARIFADO E CONTROLE DE ESTOQUES";"UACE/EBSERH";"";"";"NATAL";"8193";"SUPERINTENDENCIA DO HUOL - EBSERH";"10051";"EBSERH - Setor de Abastecimento Farmaceutico e Suprimentos";".8517.8193.8987.10443.10051.10444.";"19/01/2023";"";"ACADÊMICA";"ESTRATÉGICO";"ADMINISTRATIVO                                    ";"AGÊNCIA                                                     ";"FIM"
"10421";"3203070102";"EBSERH - Unidade de Anatomia Patologica";"UAPAT/EBSERH";"";"";"NATAL";"8193";"SUPERINTENDENCIA DO HUOL - EBSERH";"15477";"EBSERH - SETOR DE APOIO E DIAGNOSTICO";".8517.8193.9786.10413.15477.10421.";"01/02/2017";"";"ACADÊMICA";"ESTRATÉGICO";"ADMINISTRATIVO                                    ";"ASSESSORIA                                                  ";"FIM"
"10425";"3203070202";"EBSERH - Unidade de Bloco Cirurgico e Processamento de Material Esterilizado";"UBCPME/EBSERH";"";"";"NATAL";"8193";"SUPERINTENDENCIA DO HUOL - EBSERH";"9806";"EBSERH - SETOR DE APOIO TERAUPEUTICO";".8517.8193.9786.10413.9806.10425.";"01/02/2017";"";"ACADÊMICA";"ESTRATÉGICO";"ADMINISTRATIVO                                    ";"ASSESSORIA                                                  ";"FIM"
"10436";"32030112";"EBSERH - UNIDADE DE CABECA E PESCOCO";"EBSERH/UCAP";"";"";"NATAL";"8193";"SUPERINTENDENCIA DO HUOL - EBSERH";"1440";"EBSERH - DIVISAO DE GESTAO DE CUIDADO";".8517.8193.9786.1440.10436.";"12/07/2017";"";"ACADÊMICA";"ESTRATÉGICO";"ADMINISTRATIVO                                    ";"ASSESSORIA                                                  ";"FIM"
"10431";"32030102";"EBSERH - Unidade de Clinica Cirurgica";"UCIR/EBSERH";"";"";"NATAL";"8193";"SUPERINTENDENCIA DO HUOL - EBSERH";"1440";"EBSERH - DIVISAO DE GESTAO DE CUIDADO";".8517.8193.9786.1440.10431.";"12/07/2017";"";"ACADÊMICA";"ESTRATÉGICO";"ADMINISTRATIVO                                    ";"ASSESSORIA                                                  ";"FIM"
"10430";"32030101";"EBSERH - UNIDADE DE CLINICA MEDICA";"EBSERH/UCLIMED";"";"";"NATAL";"8193";"SUPERINTENDENCIA DO HUOL - EBSERH";"1440";"EBSERH - DIVISAO DE GESTAO DE CUIDADO";".8517.8193.9786.1440.10430.";"12/07/2017";"";"ACADÊMICA";"ESTRATÉGICO";"ADMINISTRATIVO                                    ";"ASSESSORIA                                                  ";"FIM"
"10439";"3201010201";"EBSERH - UNIDADE DE CONTABILIDADE FISCAL";"EBSERH/UCOFIS";"";"";"NATAL";"8193";"SUPERINTENDENCIA DO HUOL - EBSERH";"12763";"EBSERH - SETOR DE CONTABILIDADE";".8517.8193.8987.9780.12763.10439.";"11/11/2018";"";"ACADÊMICA";"ESTRATÉGICO";"ADMINISTRATIVO                                    ";"AGÊNCIA                                                     ";"FIM"
"10441";"3201010301";"EBSERH - UNIDADE DE CONTRATOS";"EBSERH/CONTRAT";"";"";"NATAL";"8193";"SUPERINTENDENCIA DO HUOL - EBSERH";"9784";"SETOR DE ADMINISTRACAO - HUOL/EBSERH";".8517.8193.8987.9780.9784.10441.";"29/08/2013";"";"ACADÊMICA";"ESTRATÉGICO";"ADMINISTRATIVO                                    ";"AGÊNCIA                                                     ";"FIM"
"9796";"32000901";"EBSERH - UNIDADE DE CONTRATUALIZACAO";"UCON/EBSERH";"";"";"NATAL";"8193";"SUPERINTENDENCIA DO HUOL - EBSERH";"9794";"EBSERH - SETOR DE CONTRATUALIZACAO E REGULACAO";".8517.8193.9794.9796.";"01/02/2017";"";"ACADÊMICA";"ESTRATÉGICO";"ADMINISTRATIVO                                    ";"ASSESSORIA                                                  ";"FIM"
"2658";"2136";"EBSERH - UNIDADE DE CUIDADOS INTENSIVOS E SEMI-INTENSIVOS";"UTIEBSERH";"";"";"NATAL";"446";"HOSPITAL UNIVERSITARIO ONOFRE LOPES";"446";"HOSPITAL UNIVERSITARIO ONOFRE LOPES";".605.446.2658.";"24/06/1974";"";"ADMINISTRATIVA";"OPERACIONAL";"CIÊNCIAS DA SAÚDE                                 ";"SETOR                                                       ";"FIM"
"9783";"32010301";"EBSERH - UNIDADE DE DESENVOLVIMENTO DE PESSOAL";"UDP/EBSERH";"";"";"NATAL";"8193";"SUPERINTENDENCIA DO HUOL - EBSERH";"12409";"EBSERH - DIVISAO DE GESTAO DE PESSOAS";".8517.8193.8987.12409.9783.";"19/01/2023";"";"ACADÊMICA";"ESTRATÉGICO";"ADMINISTRATIVO                                    ";"AGÊNCIA                                                     ";"FIM"
"10423";"3203070104";"EBSERH - UNIDADE DE DIAGNOSTICO POR IMAGEM";"UDI/EBSERH";"";"";"NATAL";"8193";"SUPERINTENDENCIA DO HUOL - EBSERH";"15477";"EBSERH - SETOR DE APOIO E DIAGNOSTICO";".8517.8193.9786.10413.15477.10423.";"01/02/2017";"";"ACADÊMICA";"ESTRATÉGICO";"ADMINISTRATIVO                                    ";"ASSESSORIA                                                  ";"FIM"
"10422";"3203070103";"EBSERH - Unidade de Diagnosticos Especializados";"UDE/EBSERH";"";"";"NATAL";"8193";"SUPERINTENDENCIA DO HUOL - EBSERH";"15477";"EBSERH - SETOR DE APOIO E DIAGNOSTICO";".8517.8193.9786.10413.15477.10422.";"01/02/2017";"";"ACADÊMICA";"ESTRATÉGICO";"ADMINISTRATIVO                                    ";"ASSESSORIA                                                  ";"FIM"
"10446";"3203070302";"EBSERH - UNIDADE DE DISPENSACAO FARMACEUTICA";"EBSERH/UDISFAR";"";"";"NATAL";"8193";"SUPERINTENDENCIA DO HUOL - EBSERH";"16185";"EBSERH - SETOR DE FARMACIA HOSPITALAR";".8517.8193.9786.10413.16185.10446.";"01/02/2017";"";"ACADÊMICA";"ESTRATÉGICO";"ADMINISTRATIVO                                    ";"ASSESSORIA                                                  ";"FIM"
"23619";"32240303";"EBSERH - UNIDADE DE DISPENSACAO FARMACEUTICA";"DISFARMACOEBSERH";"";"";"NATAL";"446";"HOSPITAL UNIVERSITARIO ONOFRE LOPES";"3806";"HUOL - SETOR DE FARMACIA";".605.446.416.1677.3806.23619.";"24/06/1974";"";"ADMINISTRATIVA";"OPERACIONAL";"CIÊNCIAS DA SAÚDE                                 ";"SETOR                                                       ";"FIM"
"9777";"320201";"EBSERH - UNIDADE DE E-SAUDE";"UES/EBSERH";"";"";"NATAL";"8193";"SUPERINTENDENCIA DO HUOL - EBSERH";"12114";"EBSERH - GERENCIA DE ENSINO E PESQUISA";".8517.8193.12114.9777.";"19/01/2023";"";"ACADÊMICA";"ESTRATÉGICO";"ADMINISTRATIVO                                    ";"AGÊNCIA                                                     ";"FIM"
"32361";"3201010104";"EBSERH - UNIDADE DE EXECUCAO ORCAMENTARIA E FINANCEIRA";"UEOF/EBSERH";"";"";"NATAL";"8193";"SUPERINTENDENCIA DO HUOL - EBSERH";"8928";"EBSERH - Setor de Gestao Orcamentaria e Financeira";".8517.8193.8987.9780.8928.32361.";"19/01/2023";"";"ACADÊMICA";"ESTRATÉGICO";"ADMINISTRATIVO                                    ";"AGÊNCIA                                                     ";"FIM"
"10445";"3203070301";"EBSERH - UNIDADE DE FARMACIA CLINICA";"EBSERH/UFARCLI";"";"";"NATAL";"8193";"SUPERINTENDENCIA DO HUOL - EBSERH";"16185";"EBSERH - SETOR DE FARMACIA HOSPITALAR";".8517.8193.9786.10413.16185.10445.";"01/02/2017";"";"ACADÊMICA";"ESTRATÉGICO";"ADMINISTRATIVO                                    ";"ASSESSORIA                                                  ";"FIM"
"10442";"3201010302";"EBSERH - UNIDADE DE FISCALIZACAO ADMINISTRATIVA DE CONTRATOS";"UFAC/EBSERH";"";"";"NATAL";"8193";"SUPERINTENDENCIA DO HUOL - EBSERH";"9784";"SETOR DE ADMINISTRACAO - HUOL/EBSERH";".8517.8193.8987.9780.9784.10442.";"19/01/2023";"";"ACADÊMICA";"ESTRATÉGICO";"ADMINISTRATIVO                                    ";"AGÊNCIA                                                     ";"FIM"
"32360";"32020202";"EBSERH - UNIDADE DE GESTAO DA INOVACAO TECNOLOGICA EM SAUDE";"UGITS/EBSERH";"";"";"NATAL";"8193";"SUPERINTENDENCIA DO HUOL - EBSERH";"9778";"EBSERH - SETOR DE GESTAO DA PESQUISA E DA INOVACAO TECNOLOGICA EM SAUDE";".8517.8193.12114.9778.32360.";"19/01/2023";"";"ACADÊMICA";"ESTRATÉGICO";"ADMINISTRATIVO                                    ";"AGÊNCIA                                                     ";"FIM"
"32359";"32020201";"EBSERH - UNIDADE DE GESTAO DA PESQUISA";"UGPESQ/EBSERH";"";"";"NATAL";"8193";"SUPERINTENDENCIA DO HUOL - EBSERH";"9778";"EBSERH - SETOR DE GESTAO DA PESQUISA E DA INOVACAO TECNOLOGICA EM SAUDE";".8517.8193.12114.9778.32359.";"19/01/2023";"";"ACADÊMICA";"ESTRATÉGICO";"ADMINISTRATIVO                                    ";"AGÊNCIA                                                     ";"FIM"
"9781";"32020301";"EBSERH - UNIDADE DE GESTAO DE GRADUACAO, ENSINO TECNICO E EXTENSAO";"UGETE/EBSERH";"";"";"NATAL";"8193";"SUPERINTENDENCIA DO HUOL - EBSERH";"9779";"EBSERH - SETOR DE GESTAO DO ENSINO";".8517.8193.12114.9779.9781.";"19/01/2023";"";"ACADÊMICA";"ESTRATÉGICO";"ADMINISTRATIVO                                    ";"AGÊNCIA                                                     ";"FIM"
"9782";"32020302";"EBSERH - UNIDADE DE GESTAO DE POS GRADUACAO";"UGPOS/EBSERH";"";"";"NATAL";"8193";"SUPERINTENDENCIA DO HUOL - EBSERH";"9779";"EBSERH - SETOR DE GESTAO DO ENSINO";".8517.8193.12114.9779.9782.";"19/01/2023";"";"ACADÊMICA";"ESTRATÉGICO";"ADMINISTRATIVO                                    ";"AGÊNCIA                                                     ";"FIM"
"4403";"32030106";"EBSERH - Unidade de Hematologia e Oncologia";"UHON/EBSERH";"";"";"NATAL";"8193";"SUPERINTENDENCIA DO HUOL - EBSERH";"1440";"EBSERH - DIVISAO DE GESTAO DE CUIDADO";".8517.8193.9786.1440.4403.";"24/06/1974";"";"ADMINISTRATIVA";"OPERACIONAL";"CIÊNCIAS DA SAÚDE                                 ";"LABORATÓRIO                                                 ";"FIM"
"10426";"3203070203";"EBSERH - Unidade de Hemoterapia";"UHO/EBSERH";"";"";"NATAL";"8193";"SUPERINTENDENCIA DO HUOL - EBSERH";"9806";"EBSERH - SETOR DE APOIO TERAUPEUTICO";".8517.8193.9786.10413.9806.10426.";"01/02/2017";"";"ACADÊMICA";"ESTRATÉGICO";"ADMINISTRATIVO                                    ";"ASSESSORIA                                                  ";"FIM"
"32358";"32000401";"EBSERH - UNIDADE DE INFRAESTRUTURA, SUPORTE E SEGURANCA DA TECNOLOGIA DA INFORMACAO";"UISTI/EBSERH";"";"";"NATAL";"8193";"SUPERINTENDENCIA DO HUOL - EBSERH";"14946";"EBSERH - SETOR DE TECNOLOGIA DA INFORMACAO E SAUDE DIGITAL";".8517.8193.14946.32358.";"19/01/2023";"";"ACADÊMICA";"ESTRATÉGICO";"ADMINISTRATIVO                                    ";"AGÊNCIA                                                     ";"FIM"
"10420";"3203070101";"EBSERH - UNIDADE DE LABORATORIO DE ANALISES CLINICAS";"EBSERH/ULAC";"";"";"NATAL";"8193";"SUPERINTENDENCIA DO HUOL - EBSERH";"15477";"EBSERH - SETOR DE APOIO E DIAGNOSTICO";".8517.8193.9786.10413.15477.10420.";"01/02/2017";"";"ACADÊMICA";"ESTRATÉGICO";"ADMINISTRATIVO                                    ";"ASSESSORIA                                                  ";"FIM"
"14887";"3201010305";"EBSERH - UNIDADE DE LICITACAO";"EBSERH/LICIT";"";"";"NATAL";"8193";"SUPERINTENDENCIA DO HUOL - EBSERH";"9784";"SETOR DE ADMINISTRACAO - HUOL/EBSERH";".8517.8193.8987.9780.9784.14887.";"24/06/1974";"";"ADMINISTRATIVA";"OPERACIONAL";"CIÊNCIAS DA SAÚDE                                 ";"COMISSAO PERMANENTE                                         ";"FIM"
"10427";"3203070204";"EBSERH - UNIDADE DE NUTRICAO CLINICA";"EBSERh/UNUTRIC";"";"";"NATAL";"8193";"SUPERINTENDENCIA DO HUOL - EBSERH";"9806";"EBSERH - SETOR DE APOIO TERAUPEUTICO";".8517.8193.9786.10413.9806.10427.";"01/01/2017";"";"ADMINISTRATIVA";"OPERACIONAL";"ADMINISTRATIVO                                    ";"ASSESSORIA                                                  ";"FIM"
"32364";"3201020402";"EBSERH - UNIDADE DE PLANEJAMENTO E DIMENSIONAMENTO DE ESTOQUES";"UPDE/EBSERH";"";"";"NATAL";"8193";"SUPERINTENDENCIA DO HUOL - EBSERH";"10051";"EBSERH - Setor de Abastecimento Farmaceutico e Suprimentos";".8517.8193.8987.10443.10051.32364.";"19/01/2023";"";"ACADÊMICA";"ESTRATÉGICO";"ADMINISTRATIVO                                    ";"AGÊNCIA                                                     ";"FIM"
"10437";"3201010102";"EBSERH - UNIDADE DE PLANEJAMENTO E GESTAO ORCAMENTARIA";"UPGO/EBSERH";"";"";"NATAL";"8193";"SUPERINTENDENCIA DO HUOL - EBSERH";"8928";"EBSERH - Setor de Gestao Orcamentaria e Financeira";".8517.8193.8987.9780.8928.10437.";"19/01/2023";"";"ACADÊMICA";"ESTRATÉGICO";"ADMINISTRATIVO                                    ";"AGÊNCIA                                                     ";"FIM"
"10418";"32001001";"EBSERH - UNIDADE DE PLANEJAMENTO, GESTAO DE RISCOS E CONTROLES INTERNOS";"UPLAG/EBSERH";"";"";"NATAL";"8193";"SUPERINTENDENCIA DO HUOL - EBSERH";"32357";"EBSERH - SETOR DE GOVERNANCA E ESTRATEGIA";".8517.8193.32357.10418.";"19/01/2023";"";"ADMINISTRATIVA";"ESTRATÉGICO";"ADMINISTRATIVO                                    ";"AGÊNCIA                                                     ";"FIM"
"10429";"3203070206";"EBSERH - UNIDADE DE PROCESSAMENTO DE MATERIAIS ESTERILIZADOS";"EBSERH/UPMEST";"";"";"NATAL";"8193";"SUPERINTENDENCIA DO HUOL - EBSERH";"9806";"EBSERH - SETOR DE APOIO TERAUPEUTICO";".8517.8193.9786.10413.9806.10429.";"01/02/2017";"";"ACADÊMICA";"ESTRATÉGICO";"ADMINISTRATIVO                                    ";"ASSESSORIA                                                  ";"FIM"
"10451";"32030403";"EBSERH - UNIDADE DE REGULACAO ASSISTENCIAL";"EBSERH/URA";"";"";"NATAL";"8193";"SUPERINTENDENCIA DO HUOL - EBSERH";"9794";"EBSERH - SETOR DE CONTRATUALIZACAO E REGULACAO";".8517.8193.9786.9794.10451.";"01/02/2017";"";"ACADÊMICA";"ESTRATÉGICO";"ADMINISTRATIVO                                    ";"ASSESSORIA                                                  ";"FIM"
"9797";"32030105";"EBSERH - Unidade de Saude Mental";"USME/EBSERH";"";"";"NATAL";"8193";"SUPERINTENDENCIA DO HUOL - EBSERH";"1440";"EBSERH - DIVISAO DE GESTAO DE CUIDADO";".8517.8193.9786.1440.9797.";"12/07/2017";"";"ACADÊMICA";"ESTRATÉGICO";"ADMINISTRATIVO                                    ";"ASSESSORIA                                                  ";"FIM"
"32363";"32010303";"EBSERH - UNIDADE DE SAUDE OCUPACIONAL E SEGURANCA DO TRABALHADOR";"USOST/EBSERH";"";"";"NATAL";"8193";"SUPERINTENDENCIA DO HUOL - EBSERH";"12409";"EBSERH - DIVISAO DE GESTAO DE PESSOAS";".8517.8193.8987.12409.32363.";"19/01/2023";"";"ACADÊMICA";"ESTRATÉGICO";"ADMINISTRATIVO                                    ";"AGÊNCIA                                                     ";"FIM"
"32362";"32010205";"EBSERH - UNIDADE DE SERVICOS GERAIS";"USG/EBSERH";"";"";"NATAL";"8193";"SUPERINTENDENCIA DO HUOL - EBSERH";"10443";"EBSERH - DIVISAO DE LOGISTICA E INFRAESTRUTURA HOSPITALAR";".8517.8193.8987.10443.32362.";"19/01/2023";"";"ACADÊMICA";"ESTRATÉGICO";"ADMINISTRATIVO                                    ";"AGÊNCIA                                                     ";"FIM"
"10434";"32030110";"EBSERH - Unidade de Sistema Nervoso";"USNE/EBSERH";"";"";"NATAL";"8193";"SUPERINTENDENCIA DO HUOL - EBSERH";"1440";"EBSERH - DIVISAO DE GESTAO DE CUIDADO";".8517.8193.9786.1440.10434.";"12/07/2017";"";"ACADÊMICA";"ESTRATÉGICO";"ADMINISTRATIVO                                    ";"ASSESSORIA                                                  ";"FIM"
"32380";"32000402";"EBSERH - UNIDADE DE SISTEMAS DA INFORMACAO E INTELIGENCIA DE DADOS";"USID/EBSERH";"";"";"NATAL";"8193";"SUPERINTENDENCIA DO HUOL - EBSERH";"14946";"EBSERH - SETOR DE TECNOLOGIA DA INFORMACAO E SAUDE DIGITAL";".8517.8193.14946.32380.";"19/01/2023";"";"ACADÊMICA";"ESTRATÉGICO";"ADMINISTRATIVO                                    ";"AGÊNCIA                                                     ";"FIM"
"10428";"3203070205";"EBSERH - Unidade de Terapia Intensiva  Adulto";"UTIAD/EBSERH";"";"";"NATAL";"8193";"SUPERINTENDENCIA DO HUOL - EBSERH";"9806";"EBSERH - SETOR DE APOIO TERAUPEUTICO";".8517.8193.9786.10413.9806.10428.";"01/02/2017";"";"ACADÊMICA";"ESTRATÉGICO";"ADMINISTRATIVO                                    ";"ASSESSORIA                                                  ";"FIM"
"11819";"32030104";"EBSERH - Unidade de Transplantes";"UTX/EBSERH";"";"";"NATAL";"8193";"SUPERINTENDENCIA DO HUOL - EBSERH";"1440";"EBSERH - DIVISAO DE GESTAO DE CUIDADO";".8517.8193.9786.1440.11819.";"24/06/1974";"";"COMPLEXO HOSPITALAR";"OPERACIONAL";"CIÊNCIAS DA SAÚDE                                 ";"SETOR                                                       ";"FIM"
"10450";"32000802";"EBSERH - UNIDADE DE VIGILANCIA EM SAUDE";"UVS/EBSERH";"";"";"NATAL";"8193";"SUPERINTENDENCIA DO HUOL - EBSERH";"9792";"EBSERH - SETOR DE GESTAO DA QUALIDADE";".8517.8193.9792.10450.";"01/01/2017";"";"ACADÊMICA";"ESTRATÉGICO";"ADMINISTRATIVO                                    ";"ASSESSORIA                                                  ";"FIM"
"13471";"32030107";"EBSERH - UNIDADE DO SISTEMA CARDIOVASCULAR";"USCV/EBSERH";"";"";"NATAL";"8193";"SUPERINTENDENCIA DO HUOL - EBSERH";"1440";"EBSERH - DIVISAO DE GESTAO DE CUIDADO";".8517.8193.9786.1440.13471.";"24/06/1974";"";"ADMINISTRATIVA";"OPERACIONAL";"CIÊNCIAS DA SAÚDE                                 ";"SETOR                                                       ";"FIM"
"10433";"32030109";"EBSERH - UNIDADE DO SISTEMA DIGESTIVO";"EBSERH/USISDIG";"";"";"NATAL";"8193";"SUPERINTENDENCIA DO HUOL - EBSERH";"1440";"EBSERH - DIVISAO DE GESTAO DE CUIDADO";".8517.8193.9786.1440.10433.";"12/07/2017";"";"ACADÊMICA";"ESTRATÉGICO";"ADMINISTRATIVO                                    ";"ASSESSORIA                                                  ";"FIM"
"10432";"32030103";"EBSERH - UNIDADE DO SISTEMA RESPIRATORIO";"UHON/EBSERH";"";"";"NATAL";"8193";"SUPERINTENDENCIA DO HUOL - EBSERH";"1440";"EBSERH - DIVISAO DE GESTAO DE CUIDADO";".8517.8193.9786.1440.10432.";"12/07/2017";"";"ACADÊMICA";"ESTRATÉGICO";"ADMINISTRATIVO                                    ";"ASSESSORIA                                                  ";"FIM"
"10435";"32030111";"EBSERH - UNIDADE DO SISTEMA URINARIO";"EBSERH/USISUR";"";"";"NATAL";"8193";"SUPERINTENDENCIA DO HUOL - EBSERH";"1440";"EBSERH - DIVISAO DE GESTAO DE CUIDADO";".8517.8193.9786.1440.10435.";"12/07/2017";"";"ACADÊMICA";"ESTRATÉGICO";"ADMINISTRATIVO                                    ";"ASSESSORIA                                                  ";"FIM"
"10424";"32030113";"EBSERH - UNIDADE MULTIPROFISSIONAL";"UM/EBSERH";"";"";"NATAL";"8193";"SUPERINTENDENCIA DO HUOL - EBSERH";"1440";"EBSERH - DIVISAO DE GESTAO DE CUIDADO";".8517.8193.9786.1440.10424.";"01/02/2017";"";"ACADÊMICA";"ESTRATÉGICO";"ADMINISTRATIVO                                    ";"ASSESSORIA                                                  ";"FIM"
"283";"1136";"EDITORA UNIVERSITARIA";"EDUFRN";"";"";"NATAL";"605";"UNIVERSIDADE FEDERAL DO RIO GRANDE DO NORTE";"605";"UNIVERSIDADE FEDERAL DO RIO GRANDE DO NORTE";".605.283.";"24/06/1974";"";"ÓRGÃO SUPLEMENTAR";"TÁTICO";"INFORMAÇÃO                                        ";"DIRETORIA                                                   ";"MEIO"
"7803";"11360201";"EDUFRN - COORDENADORIA DE PRODUCAO E DISTRIBUICAO";"CPD/EDUFRN";"";"";"NATAL";"605";"UNIVERSIDADE FEDERAL DO RIO GRANDE DO NORTE";"11133";"DIRETORIA ADMINISTRATIVA - EDUFRN";".605.283.11133.7803.";"01/01/2013";"";"ADMINISTRATIVA";"OPERACIONAL";"ARTES, COMUNICAÇAO E DIFUSAO                      ";"ASSESSORIA                                                  ";"FIM"
"7808";"1136020102";"EDUFRN - SETOR DE DISTRIBUICAO E DIVULGACAO";"SDD/EDUFRN";"";"";"NATAL";"605";"UNIVERSIDADE FEDERAL DO RIO GRANDE DO NORTE";"7803";"EDUFRN - COORDENADORIA DE PRODUCAO E DISTRIBUICAO";".605.283.11133.7803.7808.";"01/01/2013";"";"ADMINISTRATIVA";"ESTRATÉGICO";"ARTES, COMUNICAÇAO E DIFUSAO                      ";"ASSESSORIA                                                  ";"FIM"
"6974";"1136020103";"EDUFRN - SETOR DE ESTOQUE E ALMOXARIFADO";"ALMOX/EDUFRN";"";"";"NATAL";"605";"UNIVERSIDADE FEDERAL DO RIO GRANDE DO NORTE";"7803";"EDUFRN - COORDENADORIA DE PRODUCAO E DISTRIBUICAO";".605.283.11133.7803.6974.";"01/01/2013";"";"ADMINISTRATIVA";"ESTRATÉGICO";"ADMINISTRATIVO                                    ";"ASSESSORIA                                                  ";"FIM"
"10531";"1136020203";"EDUFRN - SETOR DE LIVROS DIGITAIS";"LIDIGI/EDUFRN";"";"";"NATAL";"605";"UNIVERSIDADE FEDERAL DO RIO GRANDE DO NORTE";"3976";"EDUFRN - COORDENADORIA DE EDITORACAO";".605.283.11133.3976.10531.";"30/01/2017";"";"ACADÊMICA";"ESTRATÉGICO";"ADMINISTRATIVO                                    ";"ASSESSORIA                                                  ";"FIM"
"7810";"1136020101";"EDUFRN - SETOR DE PRODUCAO GRAFICA";"PROGRAF/EDUFR";"";"";"NATAL";"605";"UNIVERSIDADE FEDERAL DO RIO GRANDE DO NORTE";"7803";"EDUFRN - COORDENADORIA DE PRODUCAO E DISTRIBUICAO";".605.283.11133.7803.7810.";"01/01/2013";"";"ADMINISTRATIVA";"ESTRATÉGICO";"ARTES, COMUNICAÇAO E DIFUSAO                      ";"ASSESSORIA                                                  ";"FIM"
"7798";"1136020201";"EDUFRN - SETOR DE REVISAO";"REVISÃO/EDUFRN";"";"";"NATAL";"605";"UNIVERSIDADE FEDERAL DO RIO GRANDE DO NORTE";"3976";"EDUFRN - COORDENADORIA DE EDITORACAO";".605.283.11133.3976.7798.";"01/01/2013";"";"ADMINISTRATIVA";"OPERACIONAL";"ARTES, COMUNICAÇAO E DIFUSAO                      ";"ASSESSORIA                                                  ";"FIM"
"2967";"116901";"ENF - BIBLIOTECA SETORIAL DA ESCOLA DE SAUDE";"ENF/BIB";"";"";"NATAL";"605";"UNIVERSIDADE FEDERAL DO RIO GRANDE DO NORTE";"205";"ESCOLA DE SAUDE";".605.205.2967.";"24/06/1974";"";"ADMINISTRATIVA";"OPERACIONAL";"INFORMAÇÃO                                        ";"BIBLIOTECA                                                  ";"FIM"
"3794";"21081400";"ENFERMAGEM EM CLINICA CIRURGICA";"ecc";"";"";"NATAL";"446";"HOSPITAL UNIVERSITARIO ONOFRE LOPES";"3793";"HUOL - EDIFICIO CENTRAL DE INTERNACAO  4º ANDAR";".605.446.394.3793.3794.";"24/06/1974";"";"ADMINISTRATIVA";"OPERACIONAL";"CIÊNCIAS DA SAÚDE                                 ";"SETOR                                                       ";"FIM"
"19902";"32081400";"ENFERMAGEM EM CLINICA CIRURGICA";"ecc";"";"";"NATAL";"8193";"SUPERINTENDENCIA DO HUOL - EBSERH";"3793";"HUOL - EDIFICIO CENTRAL DE INTERNACAO  4º ANDAR";".605.446.394.3793.19902.";"24/06/1974";"";"ADMINISTRATIVA";"OPERACIONAL";"CIÊNCIAS DA SAÚDE                                 ";"SETOR                                                       ";"FIM"
"3779";"210801";"ENFERMAGEM EM OTORRINOLARINGOLOGIA";"eotor";"";"";"NATAL";"446";"HOSPITAL UNIVERSITARIO ONOFRE LOPES";"3776";"DIVISAO DE ENFERMAGEM EM AMBULATORIO";".605.446.394.3776.3779.";"24/06/1974";"";"ADMINISTRATIVA";"OPERACIONAL";"CIÊNCIAS DA SAÚDE                                 ";"SETOR                                                       ";"FIM"
"13235";"320801";"ENFERMAGEM EM OTORRINOLARINGOLOGIA";"eotor";"";"";"NATAL";"8193";"SUPERINTENDENCIA DO HUOL - EBSERH";"3776";"DIVISAO DE ENFERMAGEM EM AMBULATORIO";".605.446.394.3776.13235.";"24/06/1974";"";"ADMINISTRATIVA";"OPERACIONAL";"CIÊNCIAS DA SAÚDE                                 ";"SETOR                                                       ";"FIM"
"2714";"2014";"ENFERMAGEM/MEJC";"DENF/MEJC";"";"";"NATAL";"447";"MATERNIDADE ESCOLA JANUARIO CICCO";"447";"MATERNIDADE ESCOLA JANUARIO CICCO";".605.447.2714.";"24/06/1974";"";"ADMINISTRATIVA";"OPERACIONAL";"CIÊNCIAS DA SAÚDE                                 ";"ASSESSORIA                                                  ";"MEIO"
"3625";"20110402";"ENFERMAGEM OBSTETRICA";"DEO/MEJC";"";"";"NATAL";"447";"MATERNIDADE ESCOLA JANUARIO CICCO";"3622";"COORDENACAO EXECUTIVA";".605.447.2712.3622.3625.";"24/06/1974";"";"ADMINISTRATIVA";"OPERACIONAL";"CIÊNCIAS DA SAÚDE                                 ";"SETOR                                                       ";"FIM"
"14460";"31110402";"ENFERMAGEM OBSTETRICA";"DEO/MEJC";"";"";"NATAL";"8194";"SUPERINTENDENCIA DO MEJC - EBSERH";"13103";"COORDENACAO EXECUTIVA";".441.5728.9285.9327.13103.14460.";"24/06/1974";"";"ADMINISTRATIVA";"OPERACIONAL";"CIÊNCIAS DA SAÚDE                                 ";"SETOR                                                       ";"FIM"
"2745";"2046";"ENFERMARIA ALTO RISCO/MEJC";"AR/MEJC";"";"";"NATAL";"447";"MATERNIDADE ESCOLA JANUARIO CICCO";"447";"MATERNIDADE ESCOLA JANUARIO CICCO";".605.447.2745.";"24/06/1974";"";"ADMINISTRATIVA";"OPERACIONAL";"CIÊNCIAS DA SAÚDE                                 ";"ASSESSORIA                                                  ";"FIM"
"11392";"3146";"ENFERMARIA ALTO RISCO/MEJC";"AR/MEJC";"";"";"NATAL";"8194";"SUPERINTENDENCIA DO MEJC - EBSERH";"8194";"SUPERINTENDENCIA DO MEJC - EBSERH";".8517.8194.11392.";"24/06/1974";"";"ADMINISTRATIVA";"OPERACIONAL";"CIÊNCIAS DA SAÚDE                                 ";"ASSESSORIA                                                  ";"FIM"
"4219";"201307";"ENFERMARIA GINECOLOGICA";"eg";"";"";"NATAL";"447";"MATERNIDADE ESCOLA JANUARIO CICCO";"2713";"DIRETORIA CLINICA/TECNICA - MEJC";".605.447.2713.4219.";"24/06/1974";"";"ADMINISTRATIVA";"OPERACIONAL";"CIÊNCIAS DA SAÚDE                                 ";"SETOR                                                       ";"FIM"
"14047";"311307";"ENFERMARIA GINECOLOGICA";"eg";"";"";"NATAL";"8194";"SUPERINTENDENCIA DO MEJC - EBSERH";"9445";"EDITAL 012/2014 UFRN/PROGRAD/PROPESQ/PROEX (PROJETOS INTEGRADOS 2015) - CCET";".439.5695.9445.14047.";"24/06/1974";"";"ADMINISTRATIVA";"OPERACIONAL";"CIÊNCIAS DA SAÚDE                                 ";"SETOR                                                       ";"FIM"
"4174";"201301";"ENFERMARIA MAE-CANGURU/ALOJAMENTO";"emc/alj";"";"";"NATAL";"447";"MATERNIDADE ESCOLA JANUARIO CICCO";"2713";"DIRETORIA CLINICA/TECNICA - MEJC";".605.447.2713.4174.";"24/06/1974";"";"ADMINISTRATIVA";"OPERACIONAL";"CIÊNCIAS DA SAÚDE                                 ";"DEPARTAMENTO                                                ";"MEIO"
"13752";"311301";"ENFERMARIA MAE-CANGURU/ALOJAMENTO";"emc/alj";"";"";"NATAL";"8194";"SUPERINTENDENCIA DO MEJC - EBSERH";"9445";"EDITAL 012/2014 UFRN/PROGRAD/PROPESQ/PROEX (PROJETOS INTEGRADOS 2015) - CCET";".439.5695.9445.13752.";"24/06/1974";"";"ADMINISTRATIVA";"OPERACIONAL";"CIÊNCIAS DA SAÚDE                                 ";"DEPARTAMENTO                                                ";"MEIO"
"4126";"22321609";"EQUIPE DE ENFERMAGEM MATUTINO A";"EEMA";"";"";"NATAL";"1424";"HOSPED - HOSPITAL DE PEDIATRIA";"3687";"SETOR DE INTERNACAO E ENFERMARIA";".1424.3640.3679.3687.4126.";"24/06/1974";"";"ADMINISTRATIVA";"OPERACIONAL";"CIÊNCIAS DA SAÚDE                                 ";"SETOR                                                       ";"FIM"
"4127";"22321610";"EQUIPE DE ENFERMAGEM MATUTINO B";"EEMB";"";"";"NATAL";"1424";"HOSPED - HOSPITAL DE PEDIATRIA";"3687";"SETOR DE INTERNACAO E ENFERMARIA";".1424.3640.3679.3687.4127.";"24/06/1974";"";"ADMINISTRATIVA";"OPERACIONAL";"CIÊNCIAS DA SAÚDE                                 ";"SETOR                                                       ";"FIM"
"4128";"22321611";"EQUIPE DE ENFERMAGEM MATUTINO C";"EEMC";"";"";"NATAL";"1424";"HOSPED - HOSPITAL DE PEDIATRIA";"3687";"SETOR DE INTERNACAO E ENFERMARIA";".1424.3640.3679.3687.4128.";"24/06/1974";"";"ADMINISTRATIVA";"OPERACIONAL";"CIÊNCIAS DA SAÚDE                                 ";"SETOR                                                       ";"FIM"
"4129";"22321612";"EQUIPE DE ENFERMAGEM MATUTINO D";"EEMD";"";"";"NATAL";"1424";"HOSPED - HOSPITAL DE PEDIATRIA";"3687";"SETOR DE INTERNACAO E ENFERMARIA";".1424.3640.3679.3687.4129.";"24/06/1974";"";"ADMINISTRATIVA";"OPERACIONAL";"CIÊNCIAS DA SAÚDE                                 ";"SETOR                                                       ";"FIM"
"4132";"22321615";"EQUIPE DE ENFERMAGEM NOTURNO A";"EENA";"";"";"NATAL";"1424";"HOSPED - HOSPITAL DE PEDIATRIA";"3687";"SETOR DE INTERNACAO E ENFERMARIA";".1424.3640.3679.3687.4132.";"24/06/1974";"";"ADMINISTRATIVA";"OPERACIONAL";"CIÊNCIAS DA SAÚDE                                 ";"SETOR                                                       ";"FIM"
"4134";"22321616";"EQUIPE DE ENFERMAGEM NOTURNO B";"EENB";"";"";"NATAL";"1424";"HOSPED - HOSPITAL DE PEDIATRIA";"3687";"SETOR DE INTERNACAO E ENFERMARIA";".1424.3640.3679.3687.4134.";"24/06/1974";"";"ADMINISTRATIVA";"OPERACIONAL";"CIÊNCIAS DA SAÚDE                                 ";"SETOR                                                       ";"FIM"
"4135";"22321617";"EQUIPE DE ENFERMAGEM NOTURNO C";"EENC";"";"";"NATAL";"1424";"HOSPED - HOSPITAL DE PEDIATRIA";"3687";"SETOR DE INTERNACAO E ENFERMARIA";".1424.3640.3679.3687.4135.";"24/06/1974";"";"ADMINISTRATIVA";"OPERACIONAL";"CIÊNCIAS DA SAÚDE                                 ";"SETOR                                                       ";"FIM"
"4130";"22321613";"EQUIPE DE ENFERMAGEM VESPERTINO A";"EEVA";"";"";"NATAL";"1424";"HOSPED - HOSPITAL DE PEDIATRIA";"3687";"SETOR DE INTERNACAO E ENFERMARIA";".1424.3640.3679.3687.4130.";"24/06/1974";"";"ADMINISTRATIVA";"OPERACIONAL";"CIÊNCIAS DA SAÚDE                                 ";"SETOR                                                       ";"FIM"
"4131";"22321614";"EQUIPE DE ENFERMAGEM VESPERTINO B";"EEVB";"";"";"NATAL";"1424";"HOSPED - HOSPITAL DE PEDIATRIA";"3687";"SETOR DE INTERNACAO E ENFERMARIA";".1424.3640.3679.3687.4131.";"24/06/1974";"";"ADMINISTRATIVA";"OPERACIONAL";"CIÊNCIAS DA SAÚDE                                 ";"SETOR                                                       ";"FIM"
"4376";"11210106";"EQUIPE TECNICA";"ET";"";"";"MACAU";"605";"UNIVERSIDADE FEDERAL DO RIO GRANDE DO NORTE";"3418";"DIRECAO GERAL";".605.1450.3418.4376.";"24/06/1974";"";"ADMINISTRATIVA";"OPERACIONAL";"ADMINISTRATIVO                                    ";"SETOR                                                       ";"FIM"
"4885";"1125";"ESCOLA DE CIENCIAS E TECNOLOGIA";"ECT";"";"3342 2264 ramal 510";"NATAL";"605";"UNIVERSIDADE FEDERAL DO RIO GRANDE DO NORTE";"605";"UNIVERSIDADE FEDERAL DO RIO GRANDE DO NORTE";".605.4885.";"01/12/2008";"";"ACADÊMICA";"ESTRATÉGICO";"CIÊNCIAS EXATAS E DA NATUREZA                     ";"ESCOLA                                                      ";"FIM"
"284";"1139";"ESCOLA DE MUSICA";"EMUFRN";"";"3215.3633,3215.3605";"NATAL";"605";"UNIVERSIDADE FEDERAL DO RIO GRANDE DO NORTE";"605";"UNIVERSIDADE FEDERAL DO RIO GRANDE DO NORTE";".605.284.";"24/06/1974";"";"ACADÊMICA";"ESTRATÉGICO";"ARTES, COMUNICAÇAO E DIFUSAO                      ";"ESCOLA                                                      ";"FIM"
"205";"1169";"ESCOLA DE SAUDE";"ES/UFRN";"";"";"NATAL";"605";"UNIVERSIDADE FEDERAL DO RIO GRANDE DO NORTE";"605";"UNIVERSIDADE FEDERAL DO RIO GRANDE DO NORTE";".605.205.";"24/06/1974";"";"ACADÊMICA";"TÁTICO";"CIÊNCIAS DA SAÚDE                                 ";"ESCOLA                                                      ";"FIM"
"6395";"112271";"ESCRITORIO DE PROJETOS/EAJ";"ESCPROJ/EAJ";"";"";"MACAÍBA";"605";"UNIVERSIDADE FEDERAL DO RIO GRANDE DO NORTE";"351";"ESCOLA AGRICOLA DE JUNDIAI";".605.351.6395.";"16/11/2011";"";"ACADÊMICA";"OPERACIONAL";"AGROPECUÁRIO                                      ";"LABORATÓRIO                                                 ";"FIM"
"4111";"180002";"ESTACAO CLIMATOLOGICA";"ESTCLIMA";"";"";"CAICÓ";"1482";"CENTRO DE  ENSINO SUPERIOR DO SERIDO";"1482";"CENTRO DE  ENSINO SUPERIOR DO SERIDO";".1482.4111.";"24/06/1974";"";"ADMINISTRATIVA";"OPERACIONAL";"CIÊNCIAS EXATAS E DA NATUREZA                     ";"SETOR                                                       ";"FIM"
"6394";"112270";"ESTACAO CLIMATOLOGICA/EAJ";"ESTCLIMA/EAJ";"";"";"MACAÍBA";"605";"UNIVERSIDADE FEDERAL DO RIO GRANDE DO NORTE";"351";"ESCOLA AGRICOLA DE JUNDIAI";".605.351.6394.";"16/11/2011";"";"ACADÊMICA";"OPERACIONAL";"AGROPECUÁRIO                                      ";"LABORATÓRIO                                                 ";"FIM"
"8146";"131705";"ESTACAO CLIMATOLOGICA PRINCIPAL - ECP";"ESTCLIM";"";"";"NATAL";"442";"CENTRO DE CIENCIAS HUMANAS, LETRAS E ARTES";"142";"DEPARTAMENTO DE GEOGRAFIA/CCHLA";".442.142.8146.";"05/12/2013";"";"ACADÊMICA";"OPERACIONAL";"CIÊNCIAS HUMANAS, JURÍDICAS E ECONÔMICAS          ";"LABORATÓRIO                                                 ";"FIM"
"5478";"151928";"ESTOMATOLOGIA";"EST";"";"";"NATAL";"441";"CENTRO DE CIENCIAS DA SAUDE";"195";"DEPARTAMENTO DE ODONTOLOGIA";".441.195.5478.";"04/10/2010";"";"ACADÊMICA";"OPERACIONAL";"CIÊNCIAS DA SAÚDE                                 ";"LABORATÓRIO                                                 ";"FIM"
"6433";"131317";"ESTUDIO DE DANCA EDSON CLARO";"ESTDANÇAEC";"";"";"NATAL";"442";"CENTRO DE CIENCIAS HUMANAS, LETRAS E ARTES";"139";"DEPARTAMENTO DE ARTES";".442.139.6433.";"18/11/2011";"";"ACADÊMICA";"OPERACIONAL";"ARTES, COMUNICAÇAO E DIFUSAO                      ";"SETOR                                                       ";"FIM"
"5751";"103216";"FACISA - SERVICO SOCIAL";"FACISA-SSO";"";"";"SANTA CRUZ";"605";"UNIVERSIDADE FEDERAL DO RIO GRANDE DO NORTE";"4890";"FACULDADE DE CIENCIAS DA SAUDE DO TRAIRI - FACISA";".605.4890.5751.";"19/04/2011";"";"ADMINISTRATIVA";"OPERACIONAL";"ADMINISTRATIVO                                    ";"SETOR                                                       ";"MEIO"
"4890";"1032";"FACULDADE DE CIENCIAS DA SAUDE DO TRAIRI - FACISA";"FACISA";"";"";"SANTA CRUZ";"605";"UNIVERSIDADE FEDERAL DO RIO GRANDE DO NORTE";"605";"UNIVERSIDADE FEDERAL DO RIO GRANDE DO NORTE";".605.4890.";"01/12/2008";"";"ACADÊMICA";"ESTRATÉGICO";"CIÊNCIAS DA SAÚDE                                 ";"ESCOLA                                                      ";"FIM"
"31011";"1170";"FACULDADE DE ENGENHARIA, LETRAS E CIENCIAS SOCIAIS DO SERIDO - FELCS";"FELCS/UFRN";"secretaria.felcs@gmail.com";"(84)99193-6048/3342-2293";"CURRAIS NOVOS";"605";"UNIVERSIDADE FEDERAL DO RIO GRANDE DO NORTE";"605";"UNIVERSIDADE FEDERAL DO RIO GRANDE DO NORTE";".605.31011.";"12/01/2021";"";"ACADÊMICA";"ESTRATÉGICO";"CIÊNCIAS HUMANAS, JURÍDICAS E ECONÔMICAS          ";"ESCOLA                                                      ";"FIM"
"4291";"151319";"FARMACIA ESCOLA";"fe";"";"";"NATAL";"441";"CENTRO DE CIENCIAS DA SAUDE";"196";"DEPARTAMENTO DE FARMACIA";".441.196.4291.";"24/06/1974";"";"ADMINISTRATIVA";"OPERACIONAL";"CIÊNCIAS DA SAÚDE                                 ";"SETOR                                                       ";"FIM"
"2440";"2008";"FARMACIA/MEJC";"MEJC/DF";"";"";"NATAL";"447";"MATERNIDADE ESCOLA JANUARIO CICCO";"447";"MATERNIDADE ESCOLA JANUARIO CICCO";".605.447.2440.";"24/06/1974";"";"ADMINISTRATIVA";"OPERACIONAL";"CIÊNCIAS DA SAÚDE                                 ";"SETOR                                                       ";"FIM"
"3811";"21240302";"FARMACOTECNICA";"farmc";"";"";"NATAL";"446";"HOSPITAL UNIVERSITARIO ONOFRE LOPES";"3806";"HUOL - SETOR DE FARMACIA";".605.446.416.1677.3806.3811.";"24/06/1974";"";"ADMINISTRATIVA";"OPERACIONAL";"CIÊNCIAS DA SAÚDE                                 ";"SETOR                                                       ";"FIM"
"23560";"32240302";"FARMACOTECNICA";"farmc";"";"";"NATAL";"8193";"SUPERINTENDENCIA DO HUOL - EBSERH";"3806";"HUOL - SETOR DE FARMACIA";".605.446.416.1677.3806.23560.";"24/06/1974";"";"ADMINISTRATIVA";"OPERACIONAL";"CIÊNCIAS DA SAÚDE                                 ";"SETOR                                                       ";"FIM"
"4887";"103202";"FCST - COORDENACAO DO CURSO DE FISIOTERAPIA";"CCF";"";"";"SANTA CRUZ";"605";"UNIVERSIDADE FEDERAL DO RIO GRANDE DO NORTE";"4890";"FACULDADE DE CIENCIAS DA SAUDE DO TRAIRI - FACISA";".605.4890.4887.";"01/12/2008";"";"ACADÊMICA";"TÁTICO";"CIÊNCIAS DA SAÚDE                                 ";"COORDENAÇÃO                                                 ";"FIM"
"4888";"103203";"FCST - COORDENACAO DO CURSO DE NUTRICAO";"CCN";"";"";"SANTA CRUZ";"605";"UNIVERSIDADE FEDERAL DO RIO GRANDE DO NORTE";"4890";"FACULDADE DE CIENCIAS DA SAUDE DO TRAIRI - FACISA";".605.4890.4888.";"01/12/2008";"";"ACADÊMICA";"TÁTICO";"CIÊNCIAS DA SAÚDE                                 ";"COORDENAÇÃO                                                 ";"FIM"
"31016";"11700102";"FELCS - ASSESSORIA ACADEMICA";"FELCS/ACAD";"";"";"CURRAIS NOVOS";"605";"UNIVERSIDADE FEDERAL DO RIO GRANDE DO NORTE";"31012";"FELCS - DIRECAO GERAL";".605.31011.31012.31016.";"12/01/2021";"";"ACADÊMICA";"ESTRATÉGICO";"ADMINISTRATIVO                                    ";"AGÊNCIA                                                     ";"FIM"
"31015";"11700101";"FELCS - ASSESSORIA ADMINISTRATIVA";"FELCS/ASSESSOR";"";"";"CURRAIS NOVOS";"605";"UNIVERSIDADE FEDERAL DO RIO GRANDE DO NORTE";"31012";"FELCS - DIRECAO GERAL";".605.31011.31012.31015.";"12/01/2021";"";"ACADÊMICA";"ESTRATÉGICO";"ADMINISTRATIVO                                    ";"AGÊNCIA                                                     ";"FIM"
"31014";"117003";"FELCS - BIBLIOTECA SETORIAL";"FELCS/BIBLIO";"";"";"CURRAIS NOVOS";"605";"UNIVERSIDADE FEDERAL DO RIO GRANDE DO NORTE";"31011";"FACULDADE DE ENGENHARIA, LETRAS E CIENCIAS SOCIAIS DO SERIDO - FELCS";".605.31011.31014.";"12/01/2021";"";"ACADÊMICA";"ESTRATÉGICO";"ADMINISTRATIVO                                    ";"AGÊNCIA                                                     ";"FIM"
"31013";"117002";"FELCS - CONSELHO DA FELCS (CONFELCS)";"CONFELCS";"";"";"CURRAIS NOVOS";"605";"UNIVERSIDADE FEDERAL DO RIO GRANDE DO NORTE";"31011";"FACULDADE DE ENGENHARIA, LETRAS E CIENCIAS SOCIAIS DO SERIDO - FELCS";".605.31011.31013.";"12/01/2021";"";"ACADÊMICA";"ESTRATÉGICO";"ADMINISTRATIVO                                    ";"AGÊNCIA                                                     ";"FIM"
"31023";"11700109";"FELCS - COORDENACAO DO CURSO DE ADMINISTRACAO";"FELCS/CCADMIN";"";"";"CURRAIS NOVOS";"605";"UNIVERSIDADE FEDERAL DO RIO GRANDE DO NORTE";"31012";"FELCS - DIRECAO GERAL";".605.31011.31012.31023.";"12/01/2021";"";"ACADÊMICA";"ESTRATÉGICO";"ADMINISTRATIVO                                    ";"AGÊNCIA                                                     ";"FIM"
"31235";"11700114";"FELCS - COORDENACAO DO CURSO DE ENGENHARIA DE PRODUCAO";"COORD/CURSO/EP";"";"";"CURRAIS NOVOS";"605";"UNIVERSIDADE FEDERAL DO RIO GRANDE DO NORTE";"31012";"FELCS - DIRECAO GERAL";".605.31011.31012.31235.";"05/05/2021";"";"ADMINISTRATIVA";"ESTRATÉGICO";"ADMINISTRATIVO                                    ";"COORDENADORIA                                               ";"FIM"
"31022";"11700108";"FELCS - COORDENACAO DO CURSO DE LETRAS - ESPANHOL";"FELCS/ESPANHOL";"";"";"CURRAIS NOVOS";"605";"UNIVERSIDADE FEDERAL DO RIO GRANDE DO NORTE";"31012";"FELCS - DIRECAO GERAL";".605.31011.31012.31022.";"12/01/2021";"";"ACADÊMICA";"ESTRATÉGICO";"ADMINISTRATIVO                                    ";"AGÊNCIA                                                     ";"FIM"
"31021";"11700107";"FELCS - COORDENACAO DO CURSO DE LETRAS - PORTUGUES/INGLES";"FELCS/PT/EN";"";"";"CURRAIS NOVOS";"605";"UNIVERSIDADE FEDERAL DO RIO GRANDE DO NORTE";"31012";"FELCS - DIRECAO GERAL";".605.31011.31012.31021.";"12/01/2021";"";"ACADÊMICA";"ESTRATÉGICO";"ADMINISTRATIVO                                    ";"AGÊNCIA                                                     ";"FIM"
"31024";"11700110";"FELCS - COORDENACAO DO CURSO DE TURISMO";"FELCS/CCTUR";"";"";"CURRAIS NOVOS";"605";"UNIVERSIDADE FEDERAL DO RIO GRANDE DO NORTE";"31012";"FELCS - DIRECAO GERAL";".605.31011.31012.31024.";"12/01/2021";"";"ACADÊMICA";"ESTRATÉGICO";"ADMINISTRATIVO                                    ";"AGÊNCIA                                                     ";"FIM"
"31012";"117001";"FELCS - DIRECAO GERAL";"FELCS/DIREÇÃO";"";"";"CURRAIS NOVOS";"605";"UNIVERSIDADE FEDERAL DO RIO GRANDE DO NORTE";"31011";"FACULDADE DE ENGENHARIA, LETRAS E CIENCIAS SOCIAIS DO SERIDO - FELCS";".605.31011.31012.";"12/01/2021";"";"ACADÊMICA";"ESTRATÉGICO";"ADMINISTRATIVO                                    ";"AGÊNCIA                                                     ";"FIM"
"31017";"11700103";"FELCS - SECRETARIA";"FELCS/SEC";"";"";"CURRAIS NOVOS";"605";"UNIVERSIDADE FEDERAL DO RIO GRANDE DO NORTE";"31012";"FELCS - DIRECAO GERAL";".605.31011.31012.31017.";"12/01/2021";"";"ACADÊMICA";"ESTRATÉGICO";"ADMINISTRATIVO                                    ";"AGÊNCIA                                                     ";"FIM"
"31027";"11700113";"FELCS - SECRETARIA INTEGRADA DOS CURSOS DE POS-GRADUACAO";"FELCS/SICPÓS";"";"";"CURRAIS NOVOS";"605";"UNIVERSIDADE FEDERAL DO RIO GRANDE DO NORTE";"31012";"FELCS - DIRECAO GERAL";".605.31011.31012.31027.";"12/01/2021";"";"ACADÊMICA";"ESTRATÉGICO";"ADMINISTRATIVO                                    ";"AGÊNCIA                                                     ";"FIM"
"31019";"11700105";"FELCS - SETOR DE MATERIAL, PATRIMONIO E ALMOXARIFADO";"FELCS/SMPA";"";"";"CURRAIS NOVOS";"605";"UNIVERSIDADE FEDERAL DO RIO GRANDE DO NORTE";"31012";"FELCS - DIRECAO GERAL";".605.31011.31012.31019.";"12/01/2021";"";"ACADÊMICA";"ESTRATÉGICO";"ADMINISTRATIVO                                    ";"AGÊNCIA                                                     ";"FIM"
"31020";"11700106";"FELCS - SETOR DE TECNOLOGIA DA INFORMACAO";"FELCS/STI";"";"";"CURRAIS NOVOS";"605";"UNIVERSIDADE FEDERAL DO RIO GRANDE DO NORTE";"31012";"FELCS - DIRECAO GERAL";".605.31011.31012.31020.";"12/01/2021";"";"ACADÊMICA";"ESTRATÉGICO";"ADMINISTRATIVO                                    ";"AGÊNCIA                                                     ";"FIM"
"3231";"8398";"FNDCT METROPOLE DIGITAL I";"FNDCT METDIGI";"";"";"NATAL";"3231";"FNDCT METROPOLE DIGITAL I";"605";"UNIVERSIDADE FEDERAL DO RIO GRANDE DO NORTE";".605.3231.";"01/01/2010";"";"ADMINISTRATIVA";"ESTRATÉGICO";"ADMINISTRATIVO                                    ";"DIVISAO                                                     ";"FIM"
"349";"1003";"FUNDACAO NORTE-RIOGRANDENSE DE PESQUISA E CULTURA";"FUNPEC";"";"";"NATAL";"605";"UNIVERSIDADE FEDERAL DO RIO GRANDE DO NORTE";"605";"UNIVERSIDADE FEDERAL DO RIO GRANDE DO NORTE";".605.349.";"24/06/1974";"";"ADMINISTRATIVA";"OPERACIONAL";"ADMINISTRATIVO                                    ";"ASSESSORIA                                                  ";"FIM"
"11396";"112812";"GABINETE DA SUPERINTENDENCIA - COMUNICA";"GAB-SUPER";"superintendente@comunica.ufrn.br";"33422436";"NATAL";"605";"UNIVERSIDADE FEDERAL DO RIO GRANDE DO NORTE";"19";"SUPERINTENDENCIA DE COMUNICACAO";".605.19.11396.";"08/05/2018";"";"ADMINISTRATIVA";"GERENCIAL";"ADMINISTRATIVO                                    ";"GERÊNCIA                                                    ";"FIM"
"4512";"11320101";"GABINETE DO AUDITOR GERAL";"GAG/AUDITORIA";"";"";"NATAL";"605";"UNIVERSIDADE FEDERAL DO RIO GRANDE DO NORTE";"263";"AUDITORIA INTERNA";".605.262.263.4512.";"24/06/1974";"";"ADMINISTRATIVA";"OPERACIONAL";"ADMINISTRATIVO                                    ";"DEPARTAMENTO                                                ";"MEIO"
"262";"1132";"GABINETE DO REITOR";"GAB";"";"3215.3131,3215.3138";"NATAL";"605";"UNIVERSIDADE FEDERAL DO RIO GRANDE DO NORTE";"605";"UNIVERSIDADE FEDERAL DO RIO GRANDE DO NORTE";".605.262.";"24/06/1974";"";"ADMINISTRATIVA";"ESTRATÉGICO";"ADMINISTRATIVO                                    ";"UNIVERSIDADE                                                ";"MEIO"
"7201";"115717";"GABINETE DO SECRETARIO/SEDIS";"GABSED";"";"";"NATAL";"605";"UNIVERSIDADE FEDERAL DO RIO GRANDE DO NORTE";"1480";"SECRETARIA DE EDUCACAO A DISTANCIA";".605.1480.7201.";"31/10/2012";"";"ACADÊMICA";"ESTRATÉGICO";"ADMINISTRATIVO                                    ";"ASSESSORIA                                                  ";"FIM"
"6432";"131316";"GALERIA/DART";"GALERIA";"";"";"NATAL";"442";"CENTRO DE CIENCIAS HUMANAS, LETRAS E ARTES";"139";"DEPARTAMENTO DE ARTES";".442.139.6432.";"18/11/2011";"";"ACADÊMICA";"OPERACIONAL";"ARTES, COMUNICAÇAO E DIFUSAO                      ";"SETOR                                                       ";"FIM"
"4276";"210815";"GASTROENTEROLOGIA";"DAST";"";"";"NATAL";"446";"HOSPITAL UNIVERSITARIO ONOFRE LOPES";"3776";"DIVISAO DE ENFERMAGEM EM AMBULATORIO";".605.446.394.3776.4276.";"24/06/1974";"";"ADMINISTRATIVA";"OPERACIONAL";"CIÊNCIAS DA SAÚDE                                 ";"SETOR                                                       ";"FIM"
"14061";"320815";"GASTROENTEROLOGIA";"DAST";"";"";"NATAL";"8193";"SUPERINTENDENCIA DO HUOL - EBSERH";"3776";"DIVISAO DE ENFERMAGEM EM AMBULATORIO";".605.446.394.3776.14061.";"24/06/1974";"";"ADMINISTRATIVA";"OPERACIONAL";"CIÊNCIAS DA SAÚDE                                 ";"SETOR                                                       ";"FIM"
"6335";"112242";"GENETICA E MELHORAMENTO FLORESTAL";"GEMEFLOR";"";"";"MACAÍBA";"605";"UNIVERSIDADE FEDERAL DO RIO GRANDE DO NORTE";"351";"ESCOLA AGRICOLA DE JUNDIAI";".605.351.6335.";"14/11/2011";"";"ACADÊMICA";"OPERACIONAL";"AGROPECUÁRIO                                      ";"LABORATÓRIO                                                 ";"FIM"
"11688";"330010";"GERENCIA ADMINISTRATIVA";"GERAD/HUAB/EBSERH";"";"";"SANTA CRUZ";"8195";"SUPERINTENDENCIA DO HUAB - EBSERH";"8195";"SUPERINTENDENCIA DO HUAB - EBSERH";".8517.8195.11688.";"24/06/1974";"";"ADMINISTRATIVA";"OPERACIONAL";"ADMINISTRATIVO                                    ";"DIVISAO                                                     ";"MEIO"
"9386";"3112";"GERENCIA ADMINISTRATIVA MEJC/EBSERH";"GADMMEJCEBSERH";"";"";"NATAL";"8194";"SUPERINTENDENCIA DO MEJC - EBSERH";"8194";"SUPERINTENDENCIA DO MEJC - EBSERH";".8517.8194.9386.";"24/06/1974";"";"ADMINISTRATIVA";"GERENCIAL";"ADMINISTRATIVO                                    ";"ASSESSORIA                                                  ";"MEIO"
"3731";"23420503";"GERENCIA DE ALMOXARIFADO";"galmox";"";"";"SANTA CRUZ";"285";"HOSPITAL UNIVERSITARIO ANA BEZERRA";"3728";"DIVISAO ADMINISTRATIVA";".605.285.3728.3731.";"24/06/1974";"";"ADMINISTRATIVA";"OPERACIONAL";"ADMINISTRATIVO                                    ";"SETOR                                                       ";"MEIO"
"3729";"23420501";"GERENCIA DE APOIO A HOTELARIA";"gah";"";"";"SANTA CRUZ";"285";"HOSPITAL UNIVERSITARIO ANA BEZERRA";"3728";"DIVISAO ADMINISTRATIVA";".605.285.3728.3729.";"24/06/1974";"";"ADMINISTRATIVA";"OPERACIONAL";"ADMINISTRATIVO                                    ";"SETOR                                                       ";"MEIO"
"11865";"330011";"GERENCIA DE ATENCAO A SAUDE";"GERATS/HUAB/EBSERH";"";"";"SANTA CRUZ";"8195";"SUPERINTENDENCIA DO HUAB - EBSERH";"8195";"SUPERINTENDENCIA DO HUAB - EBSERH";".8517.8195.11865.";"24/06/1974";"";"ADMINISTRATIVA";"OPERACIONAL";"CIÊNCIAS DA SAÚDE                                 ";"DIVISAO                                                     ";"FIM"
"9861";"3110";"GERENCIA DE ATENCAO A SAUDE - MEJC/EBSERH";"GASMEJCEBSERH";"";"";"NATAL";"8194";"SUPERINTENDENCIA DO MEJC - EBSERH";"8194";"SUPERINTENDENCIA DO MEJC - EBSERH";".8517.8194.9861.";"01/01/2013";"";"ADMINISTRATIVA";"GERENCIAL";"ADMINISTRATIVO                                    ";"ASSESSORIA                                                  ";"FIM"
"4201";"234208";"GERENCIA DE ENFERMAGEM";"GE";"";"";"SANTA CRUZ";"285";"HOSPITAL UNIVERSITARIO ANA BEZERRA";"3722";"DIRECAO DO HOSPITAL";".605.285.3722.4201.";"24/06/1974";"";"ADMINISTRATIVA";"OPERACIONAL";"CIÊNCIAS DA SAÚDE                                 ";"DIVISAO                                                     ";"FIM"
"11629";"330009";"GERENCIA DE ENSINO E PESQUISA";"GEP/HUAB/EBSERH";"";"";"SANTA CRUZ";"8195";"SUPERINTENDENCIA DO HUAB - EBSERH";"8195";"SUPERINTENDENCIA DO HUAB - EBSERH";".8517.8195.11629.";"24/06/1974";"";"ADMINISTRATIVA";"OPERACIONAL";"CIÊNCIAS DA SAÚDE                                 ";"DIVISAO                                                     ";"FIM"
"11805";"3154";"GERENCIA DE ENSINO E PESQUISA - MEJC/EBSERH";"GEPMEJCEBSERH";"";"";"NATAL";"8194";"SUPERINTENDENCIA DO MEJC - EBSERH";"8194";"SUPERINTENDENCIA DO MEJC - EBSERH";".8517.8194.11805.";"01/01/2013";"";"ADMINISTRATIVA";"GERENCIAL";"ADMINISTRATIVO                                    ";"ASSESSORIA                                                  ";"FIM"
"10932";"11500107";"GERENCIA DE ENSINO, PESQUISA, INOVACAO E EXTENSAO INDUSTRIAL";"GEPIEI/NUPLAM";"";"";"NATAL";"605";"UNIVERSIDADE FEDERAL DO RIO GRANDE DO NORTE";"4006";"DIRETORIA - NUPLAM";".605.252.4006.10932.";"26/07/2017";"";"ACADÊMICA";"ESTRATÉGICO";"ADMINISTRATIVO                                    ";"ASSESSORIA                                                  ";"FIM"
"3732";"23420504";"GERENCIA DE ESTATISTICA E FATURAMENTO";"gef";"";"";"SANTA CRUZ";"285";"HOSPITAL UNIVERSITARIO ANA BEZERRA";"3728";"DIVISAO ADMINISTRATIVA";".605.285.3728.3732.";"24/06/1974";"";"ADMINISTRATIVA";"OPERACIONAL";"ADMINISTRATIVO                                    ";"SETOR                                                       ";"MEIO"
"3741";"23420604";"GERENCIA DE FARMACIA";"gf";"";"";"SANTA CRUZ";"285";"HOSPITAL UNIVERSITARIO ANA BEZERRA";"3733";"DIVISAO TECNICA";".605.285.3722.3733.3741.";"24/06/1974";"";"ADMINISTRATIVA";"OPERACIONAL";"CIÊNCIAS DA SAÚDE                                 ";"SETOR                                                       ";"FIM"
"10994";"11500109";"Gerencia de Garantia da Qualidade";"GGQ";"";"";"NATAL";"605";"UNIVERSIDADE FEDERAL DO RIO GRANDE DO NORTE";"4006";"DIRETORIA - NUPLAM";".605.252.4006.10994.";"31/07/2017";"";"ACADÊMICA";"ESTRATÉGICO";"ADMINISTRATIVO                                    ";"ASSESSORIA                                                  ";"FIM"
"3746";"23420609";"GERENCIA DE INFORMACAO AO CIDADAO";"gic";"";"";"SANTA CRUZ";"285";"HOSPITAL UNIVERSITARIO ANA BEZERRA";"3733";"DIVISAO TECNICA";".605.285.3722.3733.3746.";"24/06/1974";"";"ADMINISTRATIVA";"OPERACIONAL";"CIÊNCIAS DA SAÚDE                                 ";"SETOR                                                       ";"FIM"
"4095";"23420505";"GERENCIA DE INFORMATICA";"GI-HUAB";"";"";"SANTA CRUZ";"285";"HOSPITAL UNIVERSITARIO ANA BEZERRA";"3728";"DIVISAO ADMINISTRATIVA";".605.285.3728.4095.";"24/06/1974";"";"ADMINISTRATIVA";"OPERACIONAL";"ADMINISTRATIVO                                    ";"DIVISAO                                                     ";"MEIO"
"4290";"23420611";"GERENCIA DE LABORATORIO";"gelabor";"";"";"SANTA CRUZ";"285";"HOSPITAL UNIVERSITARIO ANA BEZERRA";"3733";"DIVISAO TECNICA";".605.285.3722.3733.4290.";"24/06/1974";"";"ADMINISTRATIVA";"OPERACIONAL";"CIÊNCIAS DA SAÚDE                                 ";"LABORATÓRIO                                                 ";"FIM"
"3740";"23420603";"GERENCIA DE NUTRICAO";"gn";"";"";"SANTA CRUZ";"285";"HOSPITAL UNIVERSITARIO ANA BEZERRA";"3733";"DIVISAO TECNICA";".605.285.3722.3733.3740.";"24/06/1974";"";"ADMINISTRATIVA";"OPERACIONAL";"CIÊNCIAS DA SAÚDE                                 ";"SETOR                                                       ";"FIM"
"11137";"11000502060202";"GERENCIA DE PARCERIAS - IMD";"GP/IMD";"";"994806824";"NATAL";"605";"UNIVERSIDADE FEDERAL DO RIO GRANDE DO NORTE";"11135";"DIRETORIA DO PARQUE TECNOLOGICO METROPOLE DIGITAL - IMD";".605.6069.7147.7878.11135.11137.";"16/11/2017";"";"ADMINISTRATIVA";"OPERACIONAL";"CIÊNCIAS EXATAS E DA NATUREZA                     ";"SETOR                                                       ";"FIM"
"3730";"23420502";"GERENCIA DE PATRIMONIO";"gp";"";"";"SANTA CRUZ";"285";"HOSPITAL UNIVERSITARIO ANA BEZERRA";"3728";"DIVISAO ADMINISTRATIVA";".605.285.3728.3730.";"24/06/1974";"";"ADMINISTRATIVA";"OPERACIONAL";"ADMINISTRATIVO                                    ";"SETOR                                                       ";"MEIO"
"3723";"234201";"GERENCIA DE PESSOAL";"gp";"";"";"SANTA CRUZ";"285";"HOSPITAL UNIVERSITARIO ANA BEZERRA";"3722";"DIRECAO DO HOSPITAL";".605.285.3722.3723.";"24/06/1974";"";"ADMINISTRATIVA";"OPERACIONAL";"ADMINISTRATIVO                                    ";"SETOR                                                       ";"MEIO"
"4096";"23420610";"GERENCIA DE RAIOS-X";"GRX";"";"";"SANTA CRUZ";"285";"HOSPITAL UNIVERSITARIO ANA BEZERRA";"3733";"DIVISAO TECNICA";".605.285.3722.3733.4096.";"24/06/1974";"";"ADMINISTRATIVA";"OPERACIONAL";"CIÊNCIAS DA SAÚDE                                 ";"DIVISAO                                                     ";"FIM"
"3389";"126201";"GERENCIA DE REDE DO CCET";"GRED/CCET";"";"";"NATAL";"439";"CENTRO DE CIENCIAS EXATAS E DA TERRA";"3388";"DIRECAO DO CCET";".439.3388.3389.";"24/06/1974";"";"ADMINISTRATIVA";"OPERACIONAL";"INFORMAÇÃO                                        ";"ASSESSORIA                                                  ";"MEIO"
"4125";"23420707";"GERENCIA DE SERVICO SOCIAL";"GSS";"";"";"SANTA CRUZ";"285";"HOSPITAL UNIVERSITARIO ANA BEZERRA";"3733";"DIVISAO TECNICA";".605.285.3722.3733.4125.";"24/06/1974";"";"ADMINISTRATIVA";"OPERACIONAL";"CIÊNCIAS DA SAÚDE                                 ";"DIVISAO                                                     ";"FIM"
"10935";"11500108";"GERENCIA INDUSTRIAL - NUPLAM";"GI/NUPLAM";"";"";"NATAL";"605";"UNIVERSIDADE FEDERAL DO RIO GRANDE DO NORTE";"4006";"DIRETORIA - NUPLAM";".605.252.4006.10935.";"31/07/2017";"";"ACADÊMICA";"ESTRATÉGICO";"ADMINISTRATIVO                                    ";"ASSESSORIA                                                  ";"FIM"
"4200";"234207";"GERENCIA MEDICA";"GM";"";"";"SANTA CRUZ";"285";"HOSPITAL UNIVERSITARIO ANA BEZERRA";"3722";"DIRECAO DO HOSPITAL";".605.285.3722.4200.";"24/06/1974";"";"COMPLEXO HOSPITALAR";"OPERACIONAL";"CIÊNCIAS DA SAÚDE                                 ";"DIVISAO                                                     ";"FIM"
"11136";"11000502060201";"GERENCIA OPERACIONAL - IMD";"GO";"";"994806824";"NATAL";"605";"UNIVERSIDADE FEDERAL DO RIO GRANDE DO NORTE";"11135";"DIRETORIA DO PARQUE TECNOLOGICO METROPOLE DIGITAL - IMD";".605.6069.7147.7878.11135.11136.";"16/11/2017";"";"ADMINISTRATIVA";"OPERACIONAL";"CIÊNCIAS EXATAS E DA NATUREZA                     ";"SETOR                                                       ";"FIM"
"11112";"11000502060301";"GERENCIA OPERACIONAL INOVA METROPOLE - IMD";"GO/INOVA/IMD";"";"33422216";"NATAL";"605";"UNIVERSIDADE FEDERAL DO RIO GRANDE DO NORTE";"10476";"CONSELHO DO PROGRAMA DE INCUBACAO DO PARQUE TECNOLOGICO METROPOLE DIGITAL - IMD";".605.6069.7147.7878.10476.11112.";"24/10/2017";"";"ADMINISTRATIVA";"GERENCIAL";"ADMINISTRATIVO                                    ";"GERÊNCIA                                                    ";"FIM"
"4389";"131503";"HEMEROTECA";"hem";"";"";"NATAL";"442";"CENTRO DE CIENCIAS HUMANAS, LETRAS E ARTES";"140";"DEPARTAMENTO DE COMUNICACAO SOCIAL";".442.140.4389.";"24/06/1974";"";"ACADÊMICA";"OPERACIONAL";"CIÊNCIAS HUMANAS, JURÍDICAS E ECONÔMICAS          ";"SETOR                                                       ";"FIM"
"3788";"210810";"HEMODINAMICA";"hmd";"";"";"NATAL";"446";"HOSPITAL UNIVERSITARIO ONOFRE LOPES";"2702";"HUOL - SERVICO DE HEMODINAMICA";".605.446.2659.2702.3788.";"24/06/1974";"";"ADMINISTRATIVA";"OPERACIONAL";"CIÊNCIAS DA SAÚDE                                 ";"SETOR                                                       ";"FIM"
"13766";"320810";"HEMODINAMICA";"hmd";"";"";"NATAL";"8193";"SUPERINTENDENCIA DO HUOL - EBSERH";"2702";"HUOL - SERVICO DE HEMODINAMICA";".605.446.2659.2702.13766.";"24/06/1974";"";"ADMINISTRATIVA";"OPERACIONAL";"CIÊNCIAS DA SAÚDE                                 ";"SETOR                                                       ";"FIM"
"8891";"171117";"HERBARIO DA UFRN/DBEZ";"HERB/DBEZ";"";"";"NATAL";"440";"CENTRO DE BIOCIENCIAS";"183";"DEPARTAMENTO DE BOTANICA E ZOOLOGIA";".440.183.8891.";"20/08/2014";"";"ADMINISTRATIVA";"GERENCIAL";"CIÊNCIAS BIOLÓGICAS                               ";"LABORATÓRIO                                                 ";"FIM"
"3097";"2301";"HMAB - LABORATORIO DE ANALISES CLINICAS";"HMAB/LAC";"";"";"SANTA CRUZ";"285";"HOSPITAL UNIVERSITARIO ANA BEZERRA";"285";"HOSPITAL UNIVERSITARIO ANA BEZERRA";".605.285.3097.";"01/01/2010";"";"ACADÊMICA";"ESTRATÉGICO";"ADMINISTRATIVO                                    ";"ASSESSORIA                                                  ";"MEIO"
"2795";"2210";"HOSPED - ADMINISTRACAO";"ADM/HOSP";"";"";"NATAL";"1424";"HOSPED - HOSPITAL DE PEDIATRIA";"1424";"HOSPED - HOSPITAL DE PEDIATRIA";".1424.2795.";"24/06/1974";"";"ADMINISTRATIVA";"OPERACIONAL";"ADMINISTRATIVO                                    ";"SETOR                                                       ";"MEIO"
"2800";"2215";"HOSPED - CCIH";"CCIH/HOSP";"";"";"NATAL";"1424";"HOSPED - HOSPITAL DE PEDIATRIA";"1424";"HOSPED - HOSPITAL DE PEDIATRIA";".1424.2800.";"24/06/1974";"";"ADMINISTRATIVA";"OPERACIONAL";"CIÊNCIAS DA SAÚDE                                 ";"SETOR                                                       ";"FIM"
"371";"2202";"HOSPED - COMPRAS";"COMP/HOSPE";"";"";"NATAL";"1424";"HOSPED - HOSPITAL DE PEDIATRIA";"1424";"HOSPED - HOSPITAL DE PEDIATRIA";".1424.371.";"24/06/1974";"";"ADMINISTRATIVA";"OPERACIONAL";"ADMINISTRATIVO                                    ";"SETOR                                                       ";"MEIO"
"2803";"2218";"HOSPED - FATURAMENTO";"FATUR/HOSP";"";"";"NATAL";"1424";"HOSPED - HOSPITAL DE PEDIATRIA";"1424";"HOSPED - HOSPITAL DE PEDIATRIA";".1424.2803.";"24/06/1974";"";"ADMINISTRATIVA";"OPERACIONAL";"ADMINISTRATIVO                                    ";"SETOR                                                       ";"MEIO"
"1424";"2200";"HOSPED - HOSPITAL DE PEDIATRIA";"HOSPED";"";"";"NATAL";"1424";"HOSPED - HOSPITAL DE PEDIATRIA";"605";"UNIVERSIDADE FEDERAL DO RIO GRANDE DO NORTE";".605.1424.";"24/06/1974";"";"COMPLEXO HOSPITALAR";"TÁTICO";"CIÊNCIAS DA SAÚDE                                 ";"HOSPITAL                                                    ";"MEIO"
"2805";"2220";"HOSPED - INFORMATICA";"INFO/HOSP";"";"";"NATAL";"1424";"HOSPED - HOSPITAL DE PEDIATRIA";"1424";"HOSPED - HOSPITAL DE PEDIATRIA";".1424.2805.";"24/06/1974";"";"ADMINISTRATIVA";"OPERACIONAL";"ADMINISTRATIVO                                    ";"SETOR                                                       ";"MEIO"
"2807";"2222";"HOSPED - NUCLEO DE ENSINO, PESQUISA E EXTENSAO";"NEPE/HOSP";"";"";"NATAL";"1424";"HOSPED - HOSPITAL DE PEDIATRIA";"1424";"HOSPED - HOSPITAL DE PEDIATRIA";".1424.2807.";"24/06/1974";"";"ADMINISTRATIVA";"OPERACIONAL";"ADMINISTRATIVO                                    ";"ASSESSORIA                                                  ";"FIM"
"2809";"2224";"HOSPED - PSICOLOGIA (ENFERMARIA)";"PSIC/HOSP";"";"";"NATAL";"1424";"HOSPED - HOSPITAL DE PEDIATRIA";"1424";"HOSPED - HOSPITAL DE PEDIATRIA";".1424.2809.";"24/06/1974";"";"ADMINISTRATIVA";"OPERACIONAL";"CIÊNCIAS DA SAÚDE                                 ";"SETOR                                                       ";"FIM"
"369";"2205";"HOSPED - RECURSOS HUMANOS";"RH/HOSPED";"";"";"NATAL";"1424";"HOSPED - HOSPITAL DE PEDIATRIA";"1424";"HOSPED - HOSPITAL DE PEDIATRIA";".1424.369.";"01/01/2008";"";"ADMINISTRATIVA";"GERENCIAL";"ADMINISTRATIVO                                    ";"HOSPITAL                                                    ";"FIM"
"2812";"2227";"HOSPED - SAME";"SAME/HOSP";"";"";"NATAL";"1424";"HOSPED - HOSPITAL DE PEDIATRIA";"1424";"HOSPED - HOSPITAL DE PEDIATRIA";".1424.2812.";"24/06/1974";"";"ADMINISTRATIVA";"OPERACIONAL";"ADMINISTRATIVO                                    ";"SETOR                                                       ";"MEIO"
"2813";"2228";"HOSPED - SECRETARIA";"SECRE/HOSP";"";"";"NATAL";"1424";"HOSPED - HOSPITAL DE PEDIATRIA";"1424";"HOSPED - HOSPITAL DE PEDIATRIA";".1424.2813.";"24/06/1974";"";"ADMINISTRATIVA";"OPERACIONAL";"ADMINISTRATIVO                                    ";"SETOR                                                       ";"MEIO"
"370";"2207";"HOSPED - SETOR DE EXECUCAO ORCAMENTARIA E FINANCEIRA";"SEOF/HOSPED";"";"";"NATAL";"1424";"HOSPED - HOSPITAL DE PEDIATRIA";"1424";"HOSPED - HOSPITAL DE PEDIATRIA";".1424.370.";"24/06/1974";"";"ADMINISTRATIVA";"OPERACIONAL";"ADMINISTRATIVO                                    ";"SETOR                                                       ";"FIM"
"10844";"1032010701";"HOSPITAL SIMULADO - FACISA";"HS/FACISA";"";"";"SANTA CRUZ";"605";"UNIVERSIDADE FEDERAL DO RIO GRANDE DO NORTE";"10842";"LABORATORIOS ACADEMICOS - FACISA";".605.4890.4913.10842.10844.";"01/09/2017";"";"ACADÊMICA";"ESTRATÉGICO";"ADMINISTRATIVO                                    ";"AGÊNCIA                                                     ";"FIM"
"285";"2300";"HOSPITAL UNIVERSITARIO ANA BEZERRA";"HUAB";"";"3291.2324,3291.6960";"SANTA CRUZ";"285";"HOSPITAL UNIVERSITARIO ANA BEZERRA";"605";"UNIVERSIDADE FEDERAL DO RIO GRANDE DO NORTE";".605.285.";"24/06/1974";"";"COMPLEXO HOSPITALAR";"ESTRATÉGICO";"CIÊNCIAS DA SAÚDE                                 ";"HOSPITAL                                                    ";"MEIO"
"446";"2100";"HOSPITAL UNIVERSITARIO ONOFRE LOPES";"HUOL";"";"";"NATAL";"446";"HOSPITAL UNIVERSITARIO ONOFRE LOPES";"605";"UNIVERSIDADE FEDERAL DO RIO GRANDE DO NORTE";".605.446.";"24/06/1974";"";"COMPLEXO HOSPITALAR";"TÁTICO";"CIÊNCIAS DA SAÚDE                                 ";"HOSPITAL                                                    ";"FIM"
"3105";"2309";"HUAB - SETOR DE ALMOXARIFADO";"HUAB/SAL";"";"";"SANTA CRUZ";"285";"HOSPITAL UNIVERSITARIO ANA BEZERRA";"285";"HOSPITAL UNIVERSITARIO ANA BEZERRA";".605.285.3105.";"01/01/2008";"";"ADMINISTRATIVA";"OPERACIONAL";"ADMINISTRATIVO                                    ";"SETOR                                                       ";"FIM"
"4687";"2302";"HUAB - SETOR DE EXECUCAO ORCAMENTARIA";"HUAB/SEO";"sandrofernandesjs@hotmail.com";"32912324";"SANTA CRUZ";"285";"HOSPITAL UNIVERSITARIO ANA BEZERRA";"285";"HOSPITAL UNIVERSITARIO ANA BEZERRA";".605.285.4687.";"01/05/2008";"";"ADMINISTRATIVA";"OPERACIONAL";"ADMINISTRATIVO                                    ";"SETOR                                                       ";"MEIO"
"3121";"2325";"HUAB - SETOR DE ODONTOLOGIA";"HUAB/SOD";"";"";"SANTA CRUZ";"285";"HOSPITAL UNIVERSITARIO ANA BEZERRA";"285";"HOSPITAL UNIVERSITARIO ANA BEZERRA";".605.285.3121.";"24/06/1974";"";"ADMINISTRATIVA";"OPERACIONAL";"CIÊNCIAS DA SAÚDE                                 ";"SETOR                                                       ";"FIM"
"3725";"234203";"HUAB - SETOR DE SECRETARIA  DA DIRECAO GERAL";"HUAB/SSDG";"";"";"SANTA CRUZ";"285";"HOSPITAL UNIVERSITARIO ANA BEZERRA";"3722";"DIRECAO DO HOSPITAL";".605.285.3722.3725.";"24/06/1974";"";"ADMINISTRATIVA";"OPERACIONAL";"ADMINISTRATIVO                                    ";"SECRETARIA ADMINISTRATIVA                                   ";"MEIO"
"2676";"218808";"HUOL - AMBULATORIO DE DERMATOLOGIA";"DERM/HUOL";"";"";"NATAL";"446";"HOSPITAL UNIVERSITARIO ONOFRE LOPES";"6199";"HUOL - DIRETORIA TECNICO ASSISTENCIAL";".605.446.6199.2676.";"01/05/2014";"";"COMPLEXO HOSPITALAR";"GERENCIAL";"ADMINISTRATIVO                                    ";"ASSESSORIA                                                  ";"FIM"
"18781";"328808";"HUOL - AMBULATORIO DE DERMATOLOGIA";"DERM/HUOL";"";"";"NATAL";"8193";"SUPERINTENDENCIA DO HUOL - EBSERH";"6199";"HUOL - DIRETORIA TECNICO ASSISTENCIAL";".605.446.6199.18781.";"01/05/2014";"";"COMPLEXO HOSPITALAR";"GERENCIAL";"ADMINISTRATIVO                                    ";"ASSESSORIA                                                  ";"FIM"
"7199";"218806";"HUOL - AMBULATORIO DE GASTROENTEROLOGIA";"AMBGASTRO/HUOL";"";"";"NATAL";"446";"HOSPITAL UNIVERSITARIO ONOFRE LOPES";"6199";"HUOL - DIRETORIA TECNICO ASSISTENCIAL";".605.446.6199.7199.";"01/05/2014";"";"COMPLEXO HOSPITALAR";"GERENCIAL";"ADMINISTRATIVO                                    ";"ASSESSORIA                                                  ";"FIM"
"18663";"328806";"HUOL - AMBULATORIO DE GASTROENTEROLOGIA";"AMBGASTRO/HUOL";"";"";"NATAL";"8193";"SUPERINTENDENCIA DO HUOL - EBSERH";"6199";"HUOL - DIRETORIA TECNICO ASSISTENCIAL";".605.446.6199.18663.";"01/05/2014";"";"COMPLEXO HOSPITALAR";"GERENCIAL";"ADMINISTRATIVO                                    ";"ASSESSORIA                                                  ";"FIM"
"2677";"218805";"HUOL - AMBULATORIO DE OFTALMOLOGIA";"OFTAL/HUOL";"";"";"NATAL";"446";"HOSPITAL UNIVERSITARIO ONOFRE LOPES";"6199";"HUOL - DIRETORIA TECNICO ASSISTENCIAL";".605.446.6199.2677.";"24/06/1974";"";"ADMINISTRATIVA";"OPERACIONAL";"CIÊNCIAS DA SAÚDE                                 ";"SETOR                                                       ";"FIM"
"18604";"328805";"HUOL - AMBULATORIO DE OFTALMOLOGIA";"OFTAL/HUOL";"";"";"NATAL";"8193";"SUPERINTENDENCIA DO HUOL - EBSERH";"6199";"HUOL - DIRETORIA TECNICO ASSISTENCIAL";".605.446.6199.18604.";"24/06/1974";"";"ADMINISTRATIVA";"OPERACIONAL";"CIÊNCIAS DA SAÚDE                                 ";"SETOR                                                       ";"FIM"
"2789";"218807";"HUOL - AMBULATORIO DE OTORRINOLARINGOLOGIA";"OTORRINO/HUOL";"";"";"NATAL";"446";"HOSPITAL UNIVERSITARIO ONOFRE LOPES";"6199";"HUOL - DIRETORIA TECNICO ASSISTENCIAL";".605.446.6199.2789.";"24/11/2017";"";"ACADÊMICA";"ESTRATÉGICO";"ADMINISTRATIVO                                    ";"ASSESSORIA                                                  ";"FIM"
"411";"210915";"HUOL - ASSESSORIA DE INFORMATICA";"ASSINF";"";"3215.4446";"NATAL";"446";"HOSPITAL UNIVERSITARIO ONOFRE LOPES";"416";"HUOL - DIRECAO GERAL";".605.446.416.411.";"24/06/1974";"";"ADMINISTRATIVA";"TÁTICO";"INFORMAÇÃO                                        ";"ASSESSORIA                                                  ";"MEIO"
"425";"210913";"HUOL - ASSESSORIA DE PLANEJAMENTO";"ASSPLAN";"";"3215.4390";"NATAL";"446";"HOSPITAL UNIVERSITARIO ONOFRE LOPES";"416";"HUOL - DIRECAO GERAL";".605.446.416.425.";"24/06/1974";"";"ADMINISTRATIVA";"TÁTICO";"ADMINISTRATIVO                                    ";"ASSESSORIA                                                  ";"MEIO"
"14828";"320913";"HUOL - ASSESSORIA DE PLANEJAMENTO";"ASSPLAN";"";"3215.4390";"NATAL";"8193";"SUPERINTENDENCIA DO HUOL - EBSERH";"416";"HUOL - DIRECAO GERAL";".605.446.416.14828.";"24/06/1974";"";"ADMINISTRATIVA";"TÁTICO";"ADMINISTRATIVO                                    ";"ASSESSORIA                                                  ";"MEIO"
"2678";"210916";"HUOL - ASSESSORIA TECNICA";"ASSTEC/HUOL";"";"3215.4390";"NATAL";"446";"HOSPITAL UNIVERSITARIO ONOFRE LOPES";"416";"HUOL - DIRECAO GERAL";".605.446.416.2678.";"24/06/1974";"";"ADMINISTRATIVA";"TÁTICO";"ADMINISTRATIVO                                    ";"ASSESSORIA                                                  ";"MEIO"
"15005";"320916";"HUOL - ASSESSORIA TECNICA";"ASSTEC/HUOL";"";"3215.4390";"NATAL";"8193";"SUPERINTENDENCIA DO HUOL - EBSERH";"416";"HUOL - DIRECAO GERAL";".605.446.416.15005.";"24/06/1974";"";"ADMINISTRATIVA";"TÁTICO";"ADMINISTRATIVO                                    ";"ASSESSORIA                                                  ";"MEIO"
"4404";"210911030102";"HUOL - BIOQUIMICA";"LABBIO";"";"";"NATAL";"446";"HOSPITAL UNIVERSITARIO ONOFRE LOPES";"3888";"HUOL - LABORATORIO DE ANALISES CLINICAS/HUOL";".605.446.6199.336.3888.4404.";"24/06/1974";"";"ADMINISTRATIVA";"OPERACIONAL";"CIÊNCIAS DA SAÚDE                                 ";"LABORATÓRIO                                                 ";"FIM"
"27867";"320911030102";"HUOL - BIOQUIMICA";"LABBIO/EBSERH";"";"";"NATAL";"446";"HOSPITAL UNIVERSITARIO ONOFRE LOPES";"3888";"HUOL - LABORATORIO DE ANALISES CLINICAS/HUOL";".605.446.6199.336.3888.27867.";"24/06/1974";"";"ADMINISTRATIVA";"GERENCIAL";"CIÊNCIAS DA SAÚDE                                 ";"LABORATÓRIO                                                 ";"FIM"
"2680";"2144";"HUOL - CENTRAL DE ESTERILIZACAO E MATERIAIS";"CEM/HUOL";"";"";"NATAL";"446";"HOSPITAL UNIVERSITARIO ONOFRE LOPES";"446";"HOSPITAL UNIVERSITARIO ONOFRE LOPES";".605.446.2680.";"24/06/1974";"";"ADMINISTRATIVA";"OPERACIONAL";"CIÊNCIAS DA SAÚDE                                 ";"SETOR                                                       ";"FIM"
"2681";"2145";"HUOL - CENTRO CIRURGICO";"CC/HUOL";"";"";"NATAL";"446";"HOSPITAL UNIVERSITARIO ONOFRE LOPES";"446";"HOSPITAL UNIVERSITARIO ONOFRE LOPES";".605.446.2681.";"01/01/2000";"";"ADMINISTRATIVA";"TÁTICO";"CIÊNCIAS DA SAÚDE                                 ";"HOSPITAL                                                    ";"FIM"
"2659";"2137";"HUOL - CENTRO DE DIAGNOSTICO POR IMAGEM";"IMAG/HUOL";"";"";"NATAL";"446";"HOSPITAL UNIVERSITARIO ONOFRE LOPES";"446";"HOSPITAL UNIVERSITARIO ONOFRE LOPES";".605.446.2659.";"01/01/2010";"";"ACADÊMICA";"ESTRATÉGICO";"ADMINISTRATIVO                                    ";"ASSESSORIA                                                  ";"MEIO"
"2682";"2146";"HUOL - COMISSAO DE CONTROLE DE INFECCAO HOSPITALAR";"CCIH/HUOL";"";"";"NATAL";"446";"HOSPITAL UNIVERSITARIO ONOFRE LOPES";"446";"HOSPITAL UNIVERSITARIO ONOFRE LOPES";".605.446.2682.";"24/06/1974";"";"ADMINISTRATIVA";"TÁTICO";"CIÊNCIAS DA SAÚDE                                 ";"COMISSAO PERMANENTE                                         ";"FIM"
"320";"210914";"HUOL - COMISSAO ESPECIAL DE LICITACAO";"CEL/HUOL";"";"";"NATAL";"446";"HOSPITAL UNIVERSITARIO ONOFRE LOPES";"416";"HUOL - DIRECAO GERAL";".605.446.416.320.";"24/06/1974";"";"ADMINISTRATIVA";"OPERACIONAL";"CIÊNCIAS DA SAÚDE                                 ";"COMISSAO PERMANENTE                                         ";"FIM"
"416";"2109";"HUOL - DIRECAO GERAL";"GDG/HUOL";"";"3215.4441/3202.3719";"NATAL";"446";"HOSPITAL UNIVERSITARIO ONOFRE LOPES";"446";"HOSPITAL UNIVERSITARIO ONOFRE LOPES";".605.446.416.";"24/06/1974";"";"ADMINISTRATIVA";"OPERACIONAL";"ADMINISTRATIVO                                    ";"DEPARTAMENTO                                                ";"MEIO"
"357";"2107";"HUOL - DIRETORIA ADMINISTRATIVA-FINANCEIRA";"DAF";"";"3215.4442";"NATAL";"446";"HOSPITAL UNIVERSITARIO ONOFRE LOPES";"446";"HOSPITAL UNIVERSITARIO ONOFRE LOPES";".605.446.357.";"24/06/1974";"";"ADMINISTRATIVA";"GERENCIAL";"ADMINISTRATIVO                                    ";"DEPARTAMENTO                                                ";"MEIO"
"2683";"2147";"HUOL - DIRETORIA DE ENGENHARIA CLINICA";"DEC/HUOL";"";"";"NATAL";"446";"HOSPITAL UNIVERSITARIO ONOFRE LOPES";"446";"HOSPITAL UNIVERSITARIO ONOFRE LOPES";".605.446.2683.";"24/06/1974";"";"ACADÊMICA";"ESTRATÉGICO";"CIÊNCIAS DA SAÚDE                                 ";"CENTRO                                                      ";"FIM"
"6198";"2189";"HUOL - DIRETORIA DE RECURSOS HUMANOS";"DIRRH";"";"";"NATAL";"446";"HOSPITAL UNIVERSITARIO ONOFRE LOPES";"446";"HOSPITAL UNIVERSITARIO ONOFRE LOPES";".605.446.6198.";"01/01/2000";"";"ADMINISTRATIVA";"OPERACIONAL";"CIÊNCIAS DA SAÚDE                                 ";"ASSESSORIA                                                  ";"FIM"
"392";"2110";"HUOL - DIRETORIA MEDICA";"DMED/HUOL";"";"3202.3719 R 246";"NATAL";"446";"HOSPITAL UNIVERSITARIO ONOFRE LOPES";"446";"HOSPITAL UNIVERSITARIO ONOFRE LOPES";".605.446.392.";"24/06/1974";"";"ADMINISTRATIVA";"OPERACIONAL";"ADMINISTRATIVO                                    ";"DEPARTAMENTO                                                ";"FIM"
"337";"2101";"HUOL - DIVISAO DE ALMOXARIFADO";"ALMOX/HUOL";"huol_almoxarifadocentral@yahoo.com.br";"3342-5111 ou 3342-5124";"NATAL";"446";"HOSPITAL UNIVERSITARIO ONOFRE LOPES";"446";"HOSPITAL UNIVERSITARIO ONOFRE LOPES";".605.446.337.";"24/06/1974";"";"ADMINISTRATIVA";"OPERACIONAL";"ADMINISTRATIVO                                    ";"SETOR                                                       ";"MEIO"
"321";"2106";"HUOL - DIVISAO DE CONTABILIDADE E FINANCAS";"DCF/HUOL";"";"3215.4444 ";"NATAL";"446";"HOSPITAL UNIVERSITARIO ONOFRE LOPES";"446";"HOSPITAL UNIVERSITARIO ONOFRE LOPES";".605.446.321.";"24/06/1974";"";"ADMINISTRATIVA";"OPERACIONAL";"ADMINISTRATIVO                                    ";"DIVISAO                                                     ";"MEIO"
"3781";"210803";"HUOL - EDIFICIO CENTRAL DE INTERNACAO  1º ANDAR";"ECI - 1º andar";"";"";"NATAL";"446";"HOSPITAL UNIVERSITARIO ONOFRE LOPES";"394";"HUOL - DIRETORIA DE ENFERMAGEM";".605.446.394.3781.";"24/06/1974";"";"ADMINISTRATIVA";"OPERACIONAL";"CIÊNCIAS DA SAÚDE                                 ";"SETOR                                                       ";"FIM"
"13353";"320803";"HUOL - EDIFICIO CENTRAL DE INTERNACAO  1º ANDAR";"ECI - 1º andar";"";"";"NATAL";"446";"HOSPITAL UNIVERSITARIO ONOFRE LOPES";"394";"HUOL - DIRETORIA DE ENFERMAGEM";".605.446.394.13353.";"24/06/1974";"";"ADMINISTRATIVA";"OPERACIONAL";"CIÊNCIAS DA SAÚDE                                 ";"SETOR                                                       ";"FIM"
"3782";"210804";"HUOL - EDIFICIO CENTRAL DE INTERNACAO  2º ANDAR";"ECI - 2º Andar";"";"";"NATAL";"446";"HOSPITAL UNIVERSITARIO ONOFRE LOPES";"394";"HUOL - DIRETORIA DE ENFERMAGEM";".605.446.394.3782.";"24/06/1974";"";"ADMINISTRATIVA";"OPERACIONAL";"CIÊNCIAS DA SAÚDE                                 ";"SETOR                                                       ";"FIM"
"13412";"320804";"HUOL - EDIFICIO CENTRAL DE INTERNACAO  2º ANDAR";"ECI - 2º Andar";"";"";"NATAL";"446";"HOSPITAL UNIVERSITARIO ONOFRE LOPES";"394";"HUOL - DIRETORIA DE ENFERMAGEM";".605.446.394.13412.";"24/06/1974";"";"ADMINISTRATIVA";"OPERACIONAL";"CIÊNCIAS DA SAÚDE                                 ";"SETOR                                                       ";"FIM"
"3790";"210812";"HUOL - EDIFICIO CENTRAL DE INTERNACAO  3º ANDAR";"ECI- 3º Andar";"";"";"NATAL";"446";"HOSPITAL UNIVERSITARIO ONOFRE LOPES";"394";"HUOL - DIRETORIA DE ENFERMAGEM";".605.446.394.3790.";"24/06/1974";"";"ADMINISTRATIVA";"OPERACIONAL";"CIÊNCIAS DA SAÚDE                                 ";"SETOR                                                       ";"FIM"
"13884";"320812";"HUOL - EDIFICIO CENTRAL DE INTERNACAO  3º ANDAR";"ECI- 3º Andar";"";"";"NATAL";"446";"HOSPITAL UNIVERSITARIO ONOFRE LOPES";"394";"HUOL - DIRETORIA DE ENFERMAGEM";".605.446.394.13884.";"24/06/1974";"";"ADMINISTRATIVA";"OPERACIONAL";"CIÊNCIAS DA SAÚDE                                 ";"SETOR                                                       ";"FIM"
"3793";"210814";"HUOL - EDIFICIO CENTRAL DE INTERNACAO  4º ANDAR";"ECI-4ºAndar";"";"";"NATAL";"446";"HOSPITAL UNIVERSITARIO ONOFRE LOPES";"394";"HUOL - DIRETORIA DE ENFERMAGEM";".605.446.394.3793.";"24/06/1974";"";"ADMINISTRATIVA";"OPERACIONAL";"CIÊNCIAS DA SAÚDE                                 ";"DIVISAO                                                     ";"FIM"
"14002";"320814";"HUOL - EDIFICIO CENTRAL DE INTERNACAO  4º ANDAR";"ECI-4ºAndar";"";"";"NATAL";"446";"HOSPITAL UNIVERSITARIO ONOFRE LOPES";"394";"HUOL - DIRETORIA DE ENFERMAGEM";".605.446.394.14002.";"24/06/1974";"";"ADMINISTRATIVA";"OPERACIONAL";"CIÊNCIAS DA SAÚDE                                 ";"DIVISAO                                                     ";"FIM"
"4330";"210819";"HUOL - EDIFICIO CENTRAL DE INTERNACAO  5º ANDAR";"ECI-5º Andar";"";"";"NATAL";"446";"HOSPITAL UNIVERSITARIO ONOFRE LOPES";"394";"HUOL - DIRETORIA DE ENFERMAGEM";".605.446.394.4330.";"24/06/1974";"";"ADMINISTRATIVA";"OPERACIONAL";"CIÊNCIAS DA SAÚDE                                 ";"SETOR                                                       ";"FIM"
"14238";"320819";"HUOL - EDIFICIO CENTRAL DE INTERNACAO  5º ANDAR";"ECI-5º Andar";"";"";"NATAL";"446";"HOSPITAL UNIVERSITARIO ONOFRE LOPES";"394";"HUOL - DIRETORIA DE ENFERMAGEM";".605.446.394.14238.";"24/06/1974";"";"ADMINISTRATIVA";"OPERACIONAL";"CIÊNCIAS DA SAÚDE                                 ";"SETOR                                                       ";"FIM"
"3780";"210802";"HUOL - EDIFICIO CENTRAL DE INTERNACAO - TERREO";"ECI-Térreo";"";"";"NATAL";"446";"HOSPITAL UNIVERSITARIO ONOFRE LOPES";"394";"HUOL - DIRETORIA DE ENFERMAGEM";".605.446.394.3780.";"24/06/1974";"";"ADMINISTRATIVA";"OPERACIONAL";"CIÊNCIAS DA SAÚDE                                 ";"SETOR                                                       ";"FIM"
"13294";"320802";"HUOL - EDIFICIO CENTRAL DE INTERNACAO - TERREO";"ECI-Térreo";"";"";"NATAL";"446";"HOSPITAL UNIVERSITARIO ONOFRE LOPES";"394";"HUOL - DIRETORIA DE ENFERMAGEM";".605.446.394.13294.";"24/06/1974";"";"ADMINISTRATIVA";"OPERACIONAL";"CIÊNCIAS DA SAÚDE                                 ";"SETOR                                                       ";"FIM"
"2688";"2152";"HUOL - ENFERMARIAS PAVIMENTO MISTO";"NAAM/HUOL";"";"";"NATAL";"446";"HOSPITAL UNIVERSITARIO ONOFRE LOPES";"446";"HOSPITAL UNIVERSITARIO ONOFRE LOPES";".605.446.2688.";"24/06/1974";"";"ADMINISTRATIVA";"OPERACIONAL";"CIÊNCIAS DA SAÚDE                                 ";"SETOR                                                       ";"FIM"
"2689";"2153";"HUOL - ENFERMARIAS PAVIMENTO TERREO";"NAAT/HUOL";"";"";"NATAL";"446";"HOSPITAL UNIVERSITARIO ONOFRE LOPES";"446";"HOSPITAL UNIVERSITARIO ONOFRE LOPES";".605.446.2689.";"24/06/1974";"";"ADMINISTRATIVA";"OPERACIONAL";"CIÊNCIAS DA SAÚDE                                 ";"SETOR                                                       ";"FIM"
"27808";"320911030101";"HUOL - HEMATOLOGIA";"LABHEMO";"";"";"NATAL";"446";"HOSPITAL UNIVERSITARIO ONOFRE LOPES";"3888";"HUOL - LABORATORIO DE ANALISES CLINICAS/HUOL";".605.446.6199.336.3888.27808.";"24/06/1974";"";"ADMINISTRATIVA";"GERENCIAL";"CIÊNCIAS DA SAÚDE                                 ";"LABORATÓRIO                                                 ";"FIM"
"4410";"210911030107";"HUOL - HORMONIO";"HHUOL";"";"";"NATAL";"446";"HOSPITAL UNIVERSITARIO ONOFRE LOPES";"3888";"HUOL - LABORATORIO DE ANALISES CLINICAS/HUOL";".605.446.6199.336.3888.4410.";"24/06/1974";"";"COMPLEXO HOSPITALAR";"OPERACIONAL";"CIÊNCIAS DA SAÚDE                                 ";"SETOR                                                       ";"FIM"
"28162";"320911030107";"HUOL - HORMONIO";"HHUOL/EBSERH";"";"";"NATAL";"446";"HOSPITAL UNIVERSITARIO ONOFRE LOPES";"3888";"HUOL - LABORATORIO DE ANALISES CLINICAS/HUOL";".605.446.6199.336.3888.28162.";"24/06/1974";"";"ADMINISTRATIVA";"GERENCIAL";"CIÊNCIAS DA SAÚDE                                 ";"SETOR                                                       ";"FIM"
"4405";"210911030103";"HUOL - IMUNOLOGIA";"LABIMU";"";"";"NATAL";"446";"HOSPITAL UNIVERSITARIO ONOFRE LOPES";"3888";"HUOL - LABORATORIO DE ANALISES CLINICAS/HUOL";".605.446.6199.336.3888.4405.";"24/06/1974";"";"COMPLEXO HOSPITALAR";"OPERACIONAL";"CIÊNCIAS DA SAÚDE                                 ";"LABORATÓRIO                                                 ";"FIM"
"27926";"320911030103";"HUOL - IMUNOLOGIA";"LABIMU/EBSERH";"";"";"NATAL";"446";"HOSPITAL UNIVERSITARIO ONOFRE LOPES";"3888";"HUOL - LABORATORIO DE ANALISES CLINICAS/HUOL";".605.446.6199.336.3888.27926.";"24/06/1974";"";"ADMINISTRATIVA";"GERENCIAL";"CIÊNCIAS DA SAÚDE                                 ";"LABORATÓRIO                                                 ";"FIM"
"3888";"2109110301";"HUOL - LABORATORIO DE ANALISES CLINICAS/HUOL";"lac";"";"";"NATAL";"446";"HOSPITAL UNIVERSITARIO ONOFRE LOPES";"336";"HUOL - LABORATORIO DE ANALISES CLINICAS";".605.446.6199.336.3888.";"24/06/1974";"";"ADMINISTRATIVA";"OPERACIONAL";"CIÊNCIAS DA SAÚDE                                 ";"SETOR                                                       ";"FIM"
"27159";"3209110301";"HUOL - LABORATORIO DE ANALISES CLINICAS/HUOL";"lac/EBSERH";"";"";"NATAL";"446";"HOSPITAL UNIVERSITARIO ONOFRE LOPES";"336";"HUOL - LABORATORIO DE ANALISES CLINICAS";".605.446.6199.336.27159.";"24/06/1974";"";"ADMINISTRATIVA";"GERENCIAL";"CIÊNCIAS DA SAÚDE                                 ";"SETOR                                                       ";"FIM"
"4412";"210911030109";"HUOL - LAC ADMINISTRACAO";"LABADM";"";"";"NATAL";"446";"HOSPITAL UNIVERSITARIO ONOFRE LOPES";"3888";"HUOL - LABORATORIO DE ANALISES CLINICAS/HUOL";".605.446.6199.336.3888.4412.";"24/06/1974";"";"ADMINISTRATIVA";"OPERACIONAL";"ADMINISTRATIVO                                    ";"SETOR                                                       ";"MEIO"
"28280";"320911030109";"HUOL - LAC ADMINISTRACAO";"LABADM/EBSERH";"";"";"NATAL";"446";"HOSPITAL UNIVERSITARIO ONOFRE LOPES";"3888";"HUOL - LABORATORIO DE ANALISES CLINICAS/HUOL";".605.446.6199.336.3888.28280.";"24/06/1974";"";"ADMINISTRATIVA";"GERENCIAL";"ADMINISTRATIVO                                    ";"SETOR                                                       ";"MEIO"
"4411";"210911030108";"HUOL - LAC PLANTAO NOTURNO";"PNHUOL";"";"";"NATAL";"446";"HOSPITAL UNIVERSITARIO ONOFRE LOPES";"3888";"HUOL - LABORATORIO DE ANALISES CLINICAS/HUOL";".605.446.6199.336.3888.4411.";"24/06/1974";"";"COMPLEXO HOSPITALAR";"OPERACIONAL";"CIÊNCIAS DA SAÚDE                                 ";"SETOR                                                       ";"FIM"
"28221";"320911030108";"HUOL - LAC PLANTAO NOTURNO";"PNHUOL/EBSERH";"";"";"NATAL";"446";"HOSPITAL UNIVERSITARIO ONOFRE LOPES";"3888";"HUOL - LABORATORIO DE ANALISES CLINICAS/HUOL";".605.446.6199.336.3888.28221.";"24/06/1974";"";"ADMINISTRATIVA";"GERENCIAL";"CIÊNCIAS DA SAÚDE                                 ";"SETOR                                                       ";"FIM"
"4409";"210911030106";"HUOL - LAVAGEM / ESTERILIZACAO";"LE";"";"";"NATAL";"446";"HOSPITAL UNIVERSITARIO ONOFRE LOPES";"3888";"HUOL - LABORATORIO DE ANALISES CLINICAS/HUOL";".605.446.6199.336.3888.4409.";"24/06/1974";"";"COMPLEXO HOSPITALAR";"OPERACIONAL";"CIÊNCIAS DA SAÚDE                                 ";"SETOR                                                       ";"FIM"
"28103";"320911030106";"HUOL - LAVAGEM / ESTERILIZACAO";"LE/EBSERH";"";"";"NATAL";"446";"HOSPITAL UNIVERSITARIO ONOFRE LOPES";"3888";"HUOL - LABORATORIO DE ANALISES CLINICAS/HUOL";".605.446.6199.336.3888.28103.";"24/06/1974";"";"ADMINISTRATIVA";"GERENCIAL";"CIÊNCIAS DA SAÚDE                                 ";"SETOR                                                       ";"FIM"
"4408";"210911030105";"HUOL - MICROBIOLOGIA";"LABMICRO";"";"";"NATAL";"446";"HOSPITAL UNIVERSITARIO ONOFRE LOPES";"3888";"HUOL - LABORATORIO DE ANALISES CLINICAS/HUOL";".605.446.6199.336.3888.4408.";"24/06/1974";"";"COMPLEXO HOSPITALAR";"OPERACIONAL";"CIÊNCIAS DA SAÚDE                                 ";"LABORATÓRIO                                                 ";"FIM"
"28044";"320911030105";"HUOL - MICROBIOLOGIA";"LABMICRO/EBSER";"";"";"NATAL";"446";"HOSPITAL UNIVERSITARIO ONOFRE LOPES";"3888";"HUOL - LABORATORIO DE ANALISES CLINICAS/HUOL";".605.446.6199.336.3888.28044.";"24/06/1974";"";"ADMINISTRATIVA";"GERENCIAL";"CIÊNCIAS DA SAÚDE                                 ";"LABORATÓRIO                                                 ";"FIM"
"2690";"211002";"HUOL - NUCLEO HOSPITALAR DE EPIDEMIOLOGIA";"NHE/HUOL";"";"3202.3719 R 259";"NATAL";"446";"HOSPITAL UNIVERSITARIO ONOFRE LOPES";"392";"HUOL - DIRETORIA MEDICA";".605.446.392.2690.";"24/06/1974";"";"ADMINISTRATIVA";"OPERACIONAL";"CIÊNCIAS DA SAÚDE                                 ";"NÚCLEO                                                      ";"FIM"
"15123";"321002";"HUOL - NUCLEO HOSPITALAR DE EPIDEMIOLOGIA";"NHE/HUOL";"";"3202.3719 R 259";"NATAL";"8193";"SUPERINTENDENCIA DO HUOL - EBSERH";"392";"HUOL - DIRETORIA MEDICA";".605.446.392.15123.";"24/06/1974";"";"ADMINISTRATIVA";"OPERACIONAL";"CIÊNCIAS DA SAÚDE                                 ";"NÚCLEO                                                      ";"FIM"
"6445";"210912";"HUOL - OUVIDORIA";"HUOL-OUVIDORIA";"";"";"NATAL";"446";"HOSPITAL UNIVERSITARIO ONOFRE LOPES";"416";"HUOL - DIRECAO GERAL";".605.446.416.6445.";"10/12/2012";"";"ADMINISTRATIVA";"OPERACIONAL";"CIÊNCIAS DA SAÚDE                                 ";"ASSESSORIA                                                  ";"FIM"
"4032";"210902";"HUOL - PROTOCOLO";"HUOL-PROTOCOLO";"";"";"NATAL";"446";"HOSPITAL UNIVERSITARIO ONOFRE LOPES";"416";"HUOL - DIRECAO GERAL";".605.446.416.4032.";"24/06/1974";"";"ADMINISTRATIVA";"OPERACIONAL";"ADMINISTRATIVO                                    ";"SECRETARIA ADMINISTRATIVA                                   ";"MEIO"
"14356";"320902";"HUOL - PROTOCOLO";"HUOL-PROTOCOLO";"";"";"NATAL";"8193";"SUPERINTENDENCIA DO HUOL - EBSERH";"416";"HUOL - DIRECAO GERAL";".605.446.416.14356.";"24/06/1974";"";"ADMINISTRATIVA";"OPERACIONAL";"ADMINISTRATIVO                                    ";"SECRETARIA ADMINISTRATIVA                                   ";"MEIO"
"7200";"21880601";"HUOL - SERVICO DE CIRURGIA DA OBESIDADE E DOENCAS RELACIONADAS";"scode/huol";"";"";"NATAL";"446";"HOSPITAL UNIVERSITARIO ONOFRE LOPES";"7199";"HUOL - AMBULATORIO DE GASTROENTEROLOGIA";".605.446.6199.7199.7200.";"01/01/2013";"";"ADMINISTRATIVA";"ESTRATÉGICO";"ADMINISTRATIVO                                    ";"ASSESSORIA                                                  ";"FIM"
"25389";"32880601";"HUOL - SERVICO DE CIRURGIA DA OBESIDADE E DOENCAS RELACIONADAS";"scode/huol";"";"";"NATAL";"8193";"SUPERINTENDENCIA DO HUOL - EBSERH";"7199";"HUOL - AMBULATORIO DE GASTROENTEROLOGIA";".605.446.6199.7199.25389.";"01/01/2013";"";"ADMINISTRATIVA";"ESTRATÉGICO";"ADMINISTRATIVO                                    ";"ASSESSORIA                                                  ";"FIM"
"2454";"2125";"HUOL - SERVICO DE CONTROLE PATRIMONIAL";"PATRI/HUOL";"";"";"NATAL";"446";"HOSPITAL UNIVERSITARIO ONOFRE LOPES";"446";"HOSPITAL UNIVERSITARIO ONOFRE LOPES";".605.446.2454.";"01/01/2000";"";"COMPLEXO HOSPITALAR";"ESTRATÉGICO";"ADMINISTRATIVO                                    ";"ASSESSORIA                                                  ";"FIM"
"6955";"213701";"HUOL - SERVICO DE DENSITOMETRIA";"HUOL/SDEN";"";"";"NATAL";"446";"HOSPITAL UNIVERSITARIO ONOFRE LOPES";"2659";"HUOL - CENTRO DE DIAGNOSTICO POR IMAGEM";".605.446.2659.6955.";"01/01/2000";"";"ACADÊMICA";"OPERACIONAL";"ADMINISTRATIVO                                    ";"ASSESSORIA                                                  ";"FIM"
"2694";"2158";"HUOL - SERVICO DE ECOCARDIOGRAFIA";"ECC/HUOL";"";"";"NATAL";"446";"HOSPITAL UNIVERSITARIO ONOFRE LOPES";"2659";"HUOL - CENTRO DE DIAGNOSTICO POR IMAGEM";".605.446.2659.2694.";"24/06/1974";"";"COMPLEXO HOSPITALAR";"OPERACIONAL";"CIÊNCIAS DA SAÚDE                                 ";"SETOR                                                       ";"FIM"
"10875";"3258";"HUOL - SERVICO DE ECOCARDIOGRAFIA";"ECC-HUOL";"";"";"NATAL";"605";"UNIVERSIDADE FEDERAL DO RIO GRANDE DO NORTE";"9990";"GRUPO DE IMPROVISACAO LIVRE DA EMUFRN";".605.446.8193.10875.";"24/06/1974";"";"COMPLEXO HOSPITALAR";"OPERACIONAL";"CIÊNCIAS DA SAÚDE                                 ";"SETOR                                                       ";"FIM"
"2696";"2160";"HUOL - SERVICO DE ELETROENCEFALOGRAFIA";"EEG/HUOL";"";"";"NATAL";"446";"HOSPITAL UNIVERSITARIO ONOFRE LOPES";"2659";"HUOL - CENTRO DE DIAGNOSTICO POR IMAGEM";".605.446.2659.2696.";"24/06/1974";"";"COMPLEXO HOSPITALAR";"OPERACIONAL";"CIÊNCIAS DA SAÚDE                                 ";"SETOR                                                       ";"FIM"
"10993";"3260";"HUOL - SERVICO DE ELETROENCEFALOGRAFIA";"EEG-HUOL";"";"";"NATAL";"605";"UNIVERSIDADE FEDERAL DO RIO GRANDE DO NORTE";"9990";"GRUPO DE IMPROVISACAO LIVRE DA EMUFRN";".605.284.5870.9966.9990.10993.";"24/06/1974";"";"COMPLEXO HOSPITALAR";"OPERACIONAL";"CIÊNCIAS DA SAÚDE                                 ";"SETOR                                                       ";"FIM"
"7564";"213702";"HUOL - SERVICO DE ELETRONEUROMIOGRAFIA";"SERVELETRO";"";"";"NATAL";"446";"HOSPITAL UNIVERSITARIO ONOFRE LOPES";"2659";"HUOL - CENTRO DE DIAGNOSTICO POR IMAGEM";".605.446.2659.7564.";"01/01/2000";"";"ACADÊMICA";"OPERACIONAL";"ADMINISTRATIVO                                    ";"ASSESSORIA                                                  ";"FIM"
"2697";"2161";"HUOL - SERVICO DE ENDOSCOPIA";"EDA/HUOL";"";"";"NATAL";"446";"HOSPITAL UNIVERSITARIO ONOFRE LOPES";"2659";"HUOL - CENTRO DE DIAGNOSTICO POR IMAGEM";".605.446.2659.2697.";"24/06/1974";"";"COMPLEXO HOSPITALAR";"OPERACIONAL";"CIÊNCIAS DA SAÚDE                                 ";"SETOR                                                       ";"FIM"
"11052";"3261";"HUOL - SERVICO DE ENDOSCOPIA";"EDA-HUOL";"";"";"NATAL";"605";"UNIVERSIDADE FEDERAL DO RIO GRANDE DO NORTE";"9990";"GRUPO DE IMPROVISACAO LIVRE DA EMUFRN";".605.284.5870.9966.9990.11052.";"24/06/1974";"";"COMPLEXO HOSPITALAR";"OPERACIONAL";"CIÊNCIAS DA SAÚDE                                 ";"SETOR                                                       ";"FIM"
"2699";"2163";"HUOL - SERVICO DE FATURAMENTO";"FAT/HUOL";"            faturamentohuol@yahoo.com.br";"3202-3719 - R. 255";"NATAL";"446";"HOSPITAL UNIVERSITARIO ONOFRE LOPES";"446";"HOSPITAL UNIVERSITARIO ONOFRE LOPES";".605.446.2699.";"24/06/1974";"";"ADMINISTRATIVA";"OPERACIONAL";"ADMINISTRATIVO                                    ";"SETOR                                                       ";"FIM"
"2700";"2164";"HUOL - SERVICO DE FUNCAO PULMONAR";"FP/HUOL";"";"";"NATAL";"446";"HOSPITAL UNIVERSITARIO ONOFRE LOPES";"2659";"HUOL - CENTRO DE DIAGNOSTICO POR IMAGEM";".605.446.2659.2700.";"24/06/1974";"";"COMPLEXO HOSPITALAR";"OPERACIONAL";"CIÊNCIAS DA SAÚDE                                 ";"SETOR                                                       ";"FIM"
"11229";"3264";"HUOL - SERVICO DE FUNCAO PULMONAR";"FP-HUOL";"";"";"NATAL";"605";"UNIVERSIDADE FEDERAL DO RIO GRANDE DO NORTE";"9990";"GRUPO DE IMPROVISACAO LIVRE DA EMUFRN";".605.284.5870.9966.9990.11229.";"24/06/1974";"";"COMPLEXO HOSPITALAR";"OPERACIONAL";"CIÊNCIAS DA SAÚDE                                 ";"SETOR                                                       ";"FIM"
"2701";"2165";"HUOL - SERVICO DE HEMODIALISE";"DIALI/HUOL";"";"";"NATAL";"446";"HOSPITAL UNIVERSITARIO ONOFRE LOPES";"446";"HOSPITAL UNIVERSITARIO ONOFRE LOPES";".605.446.2701.";"24/06/1974";"";"ADMINISTRATIVA";"OPERACIONAL";"CIÊNCIAS DA SAÚDE                                 ";"SETOR                                                       ";"FIM"
"2702";"2166";"HUOL - SERVICO DE HEMODINAMICA";"HEMO/HUOL";"";"";"NATAL";"446";"HOSPITAL UNIVERSITARIO ONOFRE LOPES";"2659";"HUOL - CENTRO DE DIAGNOSTICO POR IMAGEM";".605.446.2659.2702.";"24/06/1974";"";"COMPLEXO HOSPITALAR";"OPERACIONAL";"CIÊNCIAS DA SAÚDE                                 ";"SETOR                                                       ";"FIM"
"11347";"3266";"HUOL - SERVICO DE HEMODINAMICA";"HEMO-HUOL";"";"";"NATAL";"605";"UNIVERSIDADE FEDERAL DO RIO GRANDE DO NORTE";"9990";"GRUPO DE IMPROVISACAO LIVRE DA EMUFRN";".605.284.5870.9966.9990.11347.";"24/06/1974";"";"COMPLEXO HOSPITALAR";"OPERACIONAL";"CIÊNCIAS DA SAÚDE                                 ";"SETOR                                                       ";"FIM"
"2704";"2168";"HUOL - SERVICO DE MECANOGRAFIA E REPROGRAFIA";"MECA/HUOL";"";"";"NATAL";"446";"HOSPITAL UNIVERSITARIO ONOFRE LOPES";"446";"HOSPITAL UNIVERSITARIO ONOFRE LOPES";".605.446.2704.";"24/06/1974";"";"ADMINISTRATIVA";"OPERACIONAL";"ADMINISTRATIVO                                    ";"SETOR                                                       ";"MEIO"
"2706";"2170";"HUOL - SERVICO DE RADIOLOGIA";"RAIOX/HUOL";"";"";"NATAL";"446";"HOSPITAL UNIVERSITARIO ONOFRE LOPES";"2659";"HUOL - CENTRO DE DIAGNOSTICO POR IMAGEM";".605.446.2659.2706.";"24/06/1974";"";"ADMINISTRATIVA";"OPERACIONAL";"CIÊNCIAS DA SAÚDE                                 ";"SETOR                                                       ";"FIM"
"11583";"3270";"HUOL - SERVICO DE RADIOLOGIA";"RAIOX-HUOL";"";"";"NATAL";"605";"UNIVERSIDADE FEDERAL DO RIO GRANDE DO NORTE";"9990";"GRUPO DE IMPROVISACAO LIVRE DA EMUFRN";".605.284.5870.9966.9990.11583.";"24/06/1974";"";"ADMINISTRATIVA";"OPERACIONAL";"CIÊNCIAS DA SAÚDE                                 ";"SETOR                                                       ";"FIM"
"2708";"2172";"HUOL - SERVICO DE TOMOGRAFIA COMPUTADORIZADA";"TC/HUOL";"";"";"NATAL";"446";"HOSPITAL UNIVERSITARIO ONOFRE LOPES";"2659";"HUOL - CENTRO DE DIAGNOSTICO POR IMAGEM";".605.446.2659.2708.";"24/06/1974";"";"COMPLEXO HOSPITALAR";"OPERACIONAL";"CIÊNCIAS DA SAÚDE                                 ";"SETOR                                                       ";"FIM"
"11701";"3272";"HUOL - SERVICO DE TOMOGRAFIA COMPUTADORIZADA";"TC/HUOL";"";"";"NATAL";"8193";"SUPERINTENDENCIA DO HUOL - EBSERH";"9990";"GRUPO DE IMPROVISACAO LIVRE DA EMUFRN";".605.446.8193.11701.";"24/06/1974";"";"COMPLEXO HOSPITALAR";"OPERACIONAL";"CIÊNCIAS DA SAÚDE                                 ";"SETOR                                                       ";"FIM"
"2709";"2173";"HUOL - SERVICO DE ULTRASSONOGRAFIA";"USG/HUOL";"";"";"NATAL";"446";"HOSPITAL UNIVERSITARIO ONOFRE LOPES";"2659";"HUOL - CENTRO DE DIAGNOSTICO POR IMAGEM";".605.446.2659.2709.";"24/06/1974";"";"COMPLEXO HOSPITALAR";"OPERACIONAL";"CIÊNCIAS DA SAÚDE                                 ";"SETOR                                                       ";"FIM"
"11760";"3273";"HUOL - SERVICO DE ULTRASSONOGRAFIA";"USG-HUOL";"";"";"NATAL";"605";"UNIVERSIDADE FEDERAL DO RIO GRANDE DO NORTE";"9990";"GRUPO DE IMPROVISACAO LIVRE DA EMUFRN";".605.284.5870.9966.9990.11760.";"24/06/1974";"";"COMPLEXO HOSPITALAR";"OPERACIONAL";"CIÊNCIAS DA SAÚDE                                 ";"SETOR                                                       ";"FIM"
"322";"218901";"HUOL - SETOR DE ADMINISTRACAO DE PESSOAL";"SAP/HUOL";"";"4443";"NATAL";"446";"HOSPITAL UNIVERSITARIO ONOFRE LOPES";"6198";"HUOL - DIRETORIA DE RECURSOS HUMANOS";".605.446.6198.322.";"24/06/1974";"";"ADMINISTRATIVA";"OPERACIONAL";"ADMINISTRATIVO                                    ";"SETOR                                                       ";"MEIO"
"3806";"212403";"HUOL - SETOR DE FARMACIA";"HUOLDFH";"";"";"NATAL";"446";"HOSPITAL UNIVERSITARIO ONOFRE LOPES";"1677";"VICE-DIRETORIA DE FARMACIA";".605.446.416.1677.3806.";"24/06/1974";"";"ADMINISTRATIVA";"OPERACIONAL";"CIÊNCIAS DA SAÚDE                                 ";"DIVISAO                                                     ";"FIM"
"2710";"2174";"HUOL - UNIDADE DE TRANSPLANTE RENAL";"UTR/HUOL";"";"";"NATAL";"446";"HOSPITAL UNIVERSITARIO ONOFRE LOPES";"446";"HOSPITAL UNIVERSITARIO ONOFRE LOPES";".605.446.2710.";"24/06/1974";"";"COMPLEXO HOSPITALAR";"OPERACIONAL";"CIÊNCIAS DA SAÚDE                                 ";"SETOR                                                       ";"FIM"
"4407";"210911030104";"HUOL - URINALISE / PARASITOLOGIA";"LABUP";"";"";"NATAL";"446";"HOSPITAL UNIVERSITARIO ONOFRE LOPES";"3888";"HUOL - LABORATORIO DE ANALISES CLINICAS/HUOL";".605.446.6199.336.3888.4407.";"24/06/1974";"";"COMPLEXO HOSPITALAR";"OPERACIONAL";"CIÊNCIAS DA SAÚDE                                 ";"LABORATÓRIO                                                 ";"FIM"
"27985";"320911030104";"HUOL - URINALISE / PARASITOLOGIA";"LABUP/EBSERH";"";"";"NATAL";"446";"HOSPITAL UNIVERSITARIO ONOFRE LOPES";"3888";"HUOL - LABORATORIO DE ANALISES CLINICAS/HUOL";".605.446.6199.336.3888.27985.";"24/06/1974";"";"ADMINISTRATIVA";"GERENCIAL";"CIÊNCIAS DA SAÚDE                                 ";"LABORATÓRIO                                                 ";"FIM"
"5588";"21091105";"HUOL - VICE-DIRETORIA DE FARMACIA";"DFAR";"";"";"NATAL";"446";"HOSPITAL UNIVERSITARIO ONOFRE LOPES";"6199";"HUOL - DIRETORIA TECNICO ASSISTENCIAL";".605.446.6199.5588.";"01/01/2010";"";"COMPLEXO HOSPITALAR";"GERENCIAL";"ADMINISTRATIVO                                    ";"DIVISAO                                                     ";"MEIO"
"20492";"32091105";"HUOL - VICE-DIRETORIA DE FARMACIA";"DFAR";"";"";"NATAL";"8193";"SUPERINTENDENCIA DO HUOL - EBSERH";"6199";"HUOL - DIRETORIA TECNICO ASSISTENCIAL";".605.446.6199.20492.";"01/01/2010";"";"COMPLEXO HOSPITALAR";"GERENCIAL";"ADMINISTRATIVO                                    ";"DIVISAO                                                     ";"MEIO"
"3634";"20110412";"IMAGEM/MEJC";"DDI";"";"";"NATAL";"447";"MATERNIDADE ESCOLA JANUARIO CICCO";"3622";"COORDENACAO EXECUTIVA";".605.447.2712.3622.3634.";"24/06/1974";"";"ADMINISTRATIVA";"OPERACIONAL";"CIÊNCIAS DA SAÚDE                                 ";"SETOR                                                       ";"FIM"
"14932";"31110412";"IMAGEM/MEJC";"DDI";"";"";"NATAL";"8194";"SUPERINTENDENCIA DO MEJC - EBSERH";"13103";"COORDENACAO EXECUTIVA";".441.5728.9285.9327.13103.14932.";"24/06/1974";"";"ADMINISTRATIVA";"OPERACIONAL";"CIÊNCIAS DA SAÚDE                                 ";"SETOR                                                       ";"FIM"
"5479";"151929";"IMAGENOLOGIA";"IMAG";"";"";"NATAL";"441";"CENTRO DE CIENCIAS DA SAUDE";"195";"DEPARTAMENTO DE ODONTOLOGIA";".441.195.5479.";"04/10/2010";"";"ACADÊMICA";"OPERACIONAL";"CIÊNCIAS DA SAÚDE                                 ";"LABORATÓRIO                                                 ";"FIM"
"32943";"1100100001";"IMT - SECRETARIA ADMINISTRATIVA";"SEC-IMT";"";"";"NATAL";"605";"UNIVERSIDADE FEDERAL DO RIO GRANDE DO NORTE";"6919";"INSTITUTO DE MEDICINA TROPICAL - IMT-RN";".605.6919.32943.";"01/01/2013";"";"ADMINISTRATIVA";"OPERACIONAL";"ADMINISTRATIVO                                    ";"SECRETARIA ADMINISTRATIVA                                   ";"FIM"
"10215";"140006";"INCUBADORA TECNATUS";"TECNATUS/CT";"";"";"NATAL";"445";"CENTRO DE TECNOLOGIA";"445";"CENTRO DE TECNOLOGIA";".445.10215.";"03/02/2015";"";"ACADÊMICA";"ESTRATÉGICO";"ADMINISTRATIVO                                    ";"AGÊNCIA                                                     ";"FIM"
"4152";"2011041302";"INFORMATICA";"info";"";"";"NATAL";"447";"MATERNIDADE ESCOLA JANUARIO CICCO";"3635";"DIRECAO ADMINISTRATIVA/MEJC";".605.447.2712.3622.3635.4152.";"24/06/1974";"";"ADMINISTRATIVA";"OPERACIONAL";"ADMINISTRATIVO                                    ";"ASSESSORIA                                                  ";"FIM"
"15817";"3111041302";"INFORMATICA";"info";"";"";"NATAL";"8194";"SUPERINTENDENCIA DO MEJC - EBSERH";"14991";"DIRECAO ADMINISTRATIVA/MEJC";".441.5728.9285.9327.13103.14991.15817.";"24/06/1974";"";"ADMINISTRATIVA";"OPERACIONAL";"ADMINISTRATIVO                                    ";"ASSESSORIA                                                  ";"FIM"
"2717";"2018";"INFORMATICA/MEJC";"MGINF/MEJC";"";"";"NATAL";"447";"MATERNIDADE ESCOLA JANUARIO CICCO";"447";"MATERNIDADE ESCOLA JANUARIO CICCO";".605.447.2717.";"24/06/1974";"";"ADMINISTRATIVA";"OPERACIONAL";"ADMINISTRATIVO                                    ";"SETOR                                                       ";"MEIO"
"6886";"110801";"INFRA - ASSESSORIA TECNICA";"INFRA/ASSETEC";"";"";"NATAL";"605";"UNIVERSIDADE FEDERAL DO RIO GRANDE DO NORTE";"20";"SUPERINTENDENCIA DE INFRAESTRUTURA";".605.20.6886.";"01/01/2015";"";"ADMINISTRATIVA";"OPERACIONAL";"ADMINISTRATIVO                                    ";"ASSESSORIA                                                  ";"FIM"
"3923";"110814";"INFRA - SECRETARIA ADMINISTRATIVA";"INFRA/SECAD";"";"";"NATAL";"605";"UNIVERSIDADE FEDERAL DO RIO GRANDE DO NORTE";"20";"SUPERINTENDENCIA DE INFRAESTRUTURA";".605.20.3923.";"24/06/1974";"";"ADMINISTRATIVA";"OPERACIONAL";"ADMINISTRATIVO                                    ";"SETOR                                                       ";"MEIO"
"10528";"112507";"INPACTA - INCUBADORA DE PROCESSOS ACADEMICOS, CIENTIFICOS E TECNOLOGICOS APLICADOS - ECT";"INPACTA/ECT";"";"";"NATAL";"605";"UNIVERSIDADE FEDERAL DO RIO GRANDE DO NORTE";"4885";"ESCOLA DE CIENCIAS E TECNOLOGIA";".605.4885.10528.";"01/01/2017";"";"ACADÊMICA";"ESTRATÉGICO";"ADMINISTRATIVO                                    ";"ASSESSORIA                                                  ";"FIM"
"4723";"11650414";"INSTITUICOES EXTERNAS";"Externas";"";"";"NATAL";"605";"UNIVERSIDADE FEDERAL DO RIO GRANDE DO NORTE";"9";"DAP/PROGESP - DIRETORIA DE ADMINISTRACAO DE PESSOAL";".605.1421.9.4723.";"01/08/2008";"";"ADMINISTRATIVA";"OPERACIONAL";"ADMINISTRATIVO                                    ";"SETOR                                                       ";"MEIO"
"6919";"110010";"INSTITUTO DE MEDICINA TROPICAL - IMT-RN";"IMT-RN";"";"";"NATAL";"605";"UNIVERSIDADE FEDERAL DO RIO GRANDE DO NORTE";"605";"UNIVERSIDADE FEDERAL DO RIO GRANDE DO NORTE";".605.6919.";"01/01/2013";"";"ÓRGÃO SUPLEMENTAR";"ESTRATÉGICO";"ADMINISTRATIVO                                    ";"INSTITUTO                                                   ";"FIM"
"1824";"1333";"INSTITUTO DE POLITICAS PUBLICAS";"IPP";"secretaria.ipp.ufrn@gmail.com";"";"NATAL";"442";"CENTRO DE CIENCIAS HUMANAS, LETRAS E ARTES";"442";"CENTRO DE CIENCIAS HUMANAS, LETRAS E ARTES";".442.1824.";"17/04/2009";"";"ACADÊMICA";"GERENCIAL";"CIÊNCIAS HUMANAS, JURÍDICAS E ECONÔMICAS          ";"INSTITUTO                                                   ";"FIM"
"6025";"1288";"INSTITUTO DE QUIMICA";"IQ-UFRN";"";"";"NATAL";"439";"CENTRO DE CIENCIAS EXATAS E DA TERRA";"439";"CENTRO DE CIENCIAS EXATAS E DA TERRA";".439.6025.";"01/01/2011";"";"ACADÊMICA";"ESTRATÉGICO";"ADMINISTRATIVO                                    ";"INSTITUTO                                                   ";"FIM"
"30043";"112415";"INSTITUTO DO ENVELHECER";"IEN/UFRN";"";"84 99128-7205";"NATAL";"605";"UNIVERSIDADE FEDERAL DO RIO GRANDE DO NORTE";"4659";"REITORIA";".605.4659.30043.";"12/03/2019";"";"ÓRGÃO SUPLEMENTAR";"OPERACIONAL";"CIÊNCIAS DA SAÚDE                                 ";"SUPERINTENDÊNCIA                                            ";"FIM"
"30304";"13000007";"INSTITUTO HUMANITAS DE ESTUDOS INTEGRADOS";"IH";"";"(84) 99229-6601";"NATAL";"442";"CENTRO DE CIENCIAS HUMANAS, LETRAS E ARTES";"442";"CENTRO DE CIENCIAS HUMANAS, LETRAS E ARTES";".442.30304.";"11/04/2019";"";"ACADÊMICA";"OPERACIONAL";"CIÊNCIAS HUMANAS, JURÍDICAS E ECONÔMICAS          ";"INSTITUTO                                                   ";"FIM"
"6069";"110005";"INSTITUTO METROPOLE DIGITAL";"IMD";"";"";"NATAL";"605";"UNIVERSIDADE FEDERAL DO RIO GRANDE DO NORTE";"605";"UNIVERSIDADE FEDERAL DO RIO GRANDE DO NORTE";".605.6069.";"02/05/2011";"";"ACADÊMICA";"ESTRATÉGICO";"ADMINISTRATIVO                                    ";"INSTITUTO                                                   ";"FIM"
"3184";"1774";"LAB. DE AULAS PRATICAS DE BIOMEDICINA";"LAB-APBIOM";"";"";"NATAL";"440";"CENTRO DE BIOCIENCIAS";"440";"CENTRO DE BIOCIENCIAS";".440.3184.";"24/06/1974";"";"ACADÊMICA";"OPERACIONAL";"CIÊNCIAS BIOLÓGICAS                               ";"LABORATÓRIO                                                 ";"FIM"
"6106";"120507";"LABORATORIO CENTRAL DE MICROCOMPUTADORES/DIMAP";"LCM/DIMAP";"";"";"NATAL";"439";"CENTRO DE CIENCIAS EXATAS E DA TERRA";"125";"DEPARTAMENTO DE INFORMATICA E MATEMATICA APLICADA";".439.125.6106.";"23/08/2011";"";"ACADÊMICA";"OPERACIONAL";"CIÊNCIAS EXATAS E DA NATUREZA                     ";"LABORATÓRIO                                                 ";"FIM"
"6436";"131320";"LABORATORIO DA CENA";"LABCENA";"";"";"NATAL";"442";"CENTRO DE CIENCIAS HUMANAS, LETRAS E ARTES";"139";"DEPARTAMENTO DE ARTES";".442.139.6436.";"18/11/2011";"";"ACADÊMICA";"OPERACIONAL";"ARTES, COMUNICAÇAO E DIFUSAO                      ";"LABORATÓRIO                                                 ";"FIM"
"6144";"128832";"LABORATORIO DE ABSORCAO ATOMICA/IQ";"LAA/IQ";"";"";"NATAL";"439";"CENTRO DE CIENCIAS EXATAS E DA TERRA";"6025";"INSTITUTO DE QUIMICA";".439.6025.6144.";"25/08/2011";"";"ACADÊMICA";"OPERACIONAL";"CIÊNCIAS EXATAS E DA NATUREZA                     ";"LABORATÓRIO                                                 ";"FIM"
"8796";"141905";"LABORATORIO DE ACIONAMENTO, CONTROLE E INSTRUMENTACAO";"LACIN";"";"";"NATAL";"445";"CENTRO DE TECNOLOGIA";"112";"DEPARTAMENTO DE ENGENHARIA ELETRICA";".445.112.8796.";"20/06/2014";"";"ACADÊMICA";"OPERACIONAL";"CIÊNCIAS EXATAS E DA NATUREZA                     ";"LABORATÓRIO                                                 ";"FIM"
"8798";"141908";"LABORATORIO DE ACIONAMENTO DE MAQUINAS";"LAM";"";"";"NATAL";"445";"CENTRO DE TECNOLOGIA";"112";"DEPARTAMENTO DE ENGENHARIA ELETRICA";".445.112.8798.";"20/06/2014";"";"ACADÊMICA";"OPERACIONAL";"CIÊNCIAS EXATAS E DA NATUREZA                     ";"LABORATÓRIO                                                 ";"FIM"
"6155";"141807";"LABORATORIO DE ADMINISTRACAO DE REDES/LECA";"LARE/LECA";"";"";"NATAL";"445";"CENTRO DE TECNOLOGIA";"56";"DEPARTAMENTO DE ENGENHARIA DE COMPUTACAO E AUTOMACAO";".445.56.6155.";"31/08/2011";"";"ACADÊMICA";"OPERACIONAL";"CIÊNCIAS EXATAS E DA NATUREZA                     ";"LABORATÓRIO                                                 ";"FIM"
"6397";"112273";"LABORATORIO DE AGROENERGIA/EAJ";"LABAGROENE/EAJ";"";"";"MACAÍBA";"605";"UNIVERSIDADE FEDERAL DO RIO GRANDE DO NORTE";"351";"ESCOLA AGRICOLA DE JUNDIAI";".605.351.6397.";"16/11/2011";"";"ACADÊMICA";"OPERACIONAL";"AGROPECUÁRIO                                      ";"LABORATÓRIO                                                 ";"FIM"
"6372";"11225005";"LABORATORIO DE AGROINDUSTRIA";"LABAGROIND";"";"";"MACAÍBA";"605";"UNIVERSIDADE FEDERAL DO RIO GRANDE DO NORTE";"6365";"CENTRO VOCACIONAL TECNOLOGICO";".605.351.6365.6372.";"10/11/2011";"";"ACADÊMICA";"OPERACIONAL";"AGROPECUÁRIO                                      ";"LABORATÓRIO                                                 ";"FIM"
"8780";"141709";"LABORATORIO DE AGUA PARA ABASTECIMENTO";"LABAGUABA";"";"";"NATAL";"445";"CENTRO DE TECNOLOGIA";"52";"DEPARTAMENTO DE ENGENHARIA CIVIL E AMBIENTAL";".445.52.8780.";"18/06/2014";"";"ACADÊMICA";"OPERACIONAL";"CIÊNCIAS EXATAS E DA NATUREZA                     ";"LABORATÓRIO                                                 ";"FIM"
"4173";"151401";"LABORATORIO DE ANALISE DO MOVIMENTO E MARCHA HUMANA";"LAMMH";"";"";"NATAL";"441";"CENTRO DE CIENCIAS DA SAUDE";"201";"DEPARTAMENTO DE FISIOTERAPIA";".441.201.4173.";"24/06/1974";"";"ACADÊMICA";"OPERACIONAL";"CIÊNCIAS DA SAÚDE                                 ";"LABORATÓRIO                                                 ";"FIM"
"7567";"10320004";"LABORATORIO DE ANALISE E BIOQUIMICA DE ALIMENTOS";"LABA";"";"";"SANTA CRUZ";"605";"UNIVERSIDADE FEDERAL DO RIO GRANDE DO NORTE";"4890";"FACULDADE DE CIENCIAS DA SAUDE DO TRAIRI - FACISA";".605.4890.7567.";"20/03/2013";"";"ACADÊMICA";"OPERACIONAL";"CIÊNCIAS BIOLÓGICAS                               ";"LABORATÓRIO                                                 ";"FIM"
"6406";"112291";"LABORATORIO DE ANALISE FISICO-QUIMICA DE ALIMENTOS";"LABANAFIQUIALI";"";"";"MACAÍBA";"605";"UNIVERSIDADE FEDERAL DO RIO GRANDE DO NORTE";"351";"ESCOLA AGRICOLA DE JUNDIAI";".605.351.6406.";"16/11/2011";"";"ACADÊMICA";"OPERACIONAL";"AGROPECUÁRIO                                      ";"LABORATÓRIO                                                 ";"FIM"
"3717";"22321706";"LABORATORIO DE ANALISES CLINICAS";"LAC";"";"";"NATAL";"1424";"HOSPED - HOSPITAL DE PEDIATRIA";"3688";"SETOR DE APOIO ASSITENCIAL";".1424.3640.3679.3688.3717.";"24/06/1974";"";"ADMINISTRATIVA";"OPERACIONAL";"CIÊNCIAS DA SAÚDE                                 ";"SETOR                                                       ";"FIM"
"4180";"151801";"LABORATORIO DE ANALISES DE ALIMENTOS";"LAA";"";"";"NATAL";"441";"CENTRO DE CIENCIAS DA SAUDE";"203";"DEPARTAMENTO DE NUTRICAO";".441.203.4180.";"24/06/1974";"";"ACADÊMICA";"OPERACIONAL";"CIÊNCIAS DA SAÚDE                                 ";"LABORATÓRIO                                                 ";"FIM"
"33458";"143309";"LABORATORIO DE ANALISES DE PETROLEO, GAS NATURAL E AGUA PRODUZIDA";"LAPGAP";"";"";"NATAL";"445";"CENTRO DE TECNOLOGIA";"5075";"DEPARTAMENTO DE ENGENHARIA DE PETROLEO";".445.5075.33458.";"30/10/2017";"";"ACADÊMICA";"OPERACIONAL";"TECNOLOGIA                                        ";"LABORATÓRIO                                                 ";"FIM"
"8039";"151807";"LABORATORIO DE ANALISE SENSORIAL";"LAS/DENUT";"";"";"NATAL";"441";"CENTRO DE CIENCIAS DA SAUDE";"203";"DEPARTAMENTO DE NUTRICAO";".441.203.8039.";"01/01/2013";"";"ACADÊMICA";"OPERACIONAL";"ADMINISTRATIVO                                    ";"ASSESSORIA                                                  ";"FIM"
"7573";"10320009";"LABORATORIO DE ANALISE SENSORIAL DE ALIMENTOS";"LASA";"";"";"SANTA CRUZ";"605";"UNIVERSIDADE FEDERAL DO RIO GRANDE DO NORTE";"4890";"FACULDADE DE CIENCIAS DA SAUDE DO TRAIRI - FACISA";".605.4890.7573.";"21/03/2013";"";"ACADÊMICA";"OPERACIONAL";"CIÊNCIAS BIOLÓGICAS                               ";"LABORATÓRIO                                                 ";"FIM"
"33455";"15130001";"LABORATORIO DE ANALISES E TECNOLOGIA";"LANTEC";"lantec.ufrn@gmail.com";"(84) 3342-2376";"NATAL";"441";"CENTRO DE CIENCIAS DA SAUDE";"196";"DEPARTAMENTO DE FARMACIA";".441.196.33455.";"17/10/2024";"";"ACADÊMICA";"OPERACIONAL";"CIÊNCIAS DA SAÚDE                                 ";"LABORATÓRIO                                                 ";"FIM"
"8781";"141710";"LABORATORIO DE ANALISES FISICO-QUIMICAS E MICROBIOLOGICAS";"LABFQM/CIV";"";"";"NATAL";"445";"CENTRO DE TECNOLOGIA";"52";"DEPARTAMENTO DE ENGENHARIA CIVIL E AMBIENTAL";".445.52.8781.";"18/06/2014";"";"ACADÊMICA";"OPERACIONAL";"CIÊNCIAS EXATAS E DA NATUREZA                     ";"LABORATÓRIO                                                 ";"FIM"
"6181";"14001106";"LABORATORIO DE ANALISES SENSORIAL";"LABANS";"";"";"NATAL";"445";"CENTRO DE TECNOLOGIA";"33448";"DEPARTAMENTO DE ENGENHARIA DE ALIMENTOS";".445.33448.6181.";"01/09/2011";"";"ACADÊMICA";"OPERACIONAL";"CIÊNCIAS EXATAS E DA NATUREZA                     ";"LABORATÓRIO                                                 ";"FIM"
"30502";"141614";"LABORATORIO DE ANALISES TERMICAS E ESPECTROSCOPIA";"LATES/DEMAT";"";"(84)33422254";"NATAL";"445";"CENTRO DE TECNOLOGIA";"1589";"DEPARTAMENTO DE ENGENHARIA DE MATERIAIS";".445.1589.30502.";"01/10/2019";"";"ACADÊMICA";"OPERACIONAL";"CIÊNCIAS EXATAS E DA NATUREZA                     ";"LABORATÓRIO                                                 ";"FIM"
"4274";"171413";"LABORATORIO DE ANATOMIA ANIMAL";"labanatan";"";"";"NATAL";"440";"CENTRO DE BIOCIENCIAS";"177";"DEPARTAMENTO DE MORFOLOGIA";".440.177.4274.";"26/04/1974";"";"ACADÊMICA";"OPERACIONAL";"CIÊNCIAS BIOLÓGICAS                               ";"LABORATÓRIO                                                 ";"FIM"
"6393";"112269";"LABORATORIO DE ANATOMIA E FISIOLOGIA VEGETAL";"LABANAFISIOVEG";"";"";"MACAÍBA";"605";"UNIVERSIDADE FEDERAL DO RIO GRANDE DO NORTE";"351";"ESCOLA AGRICOLA DE JUNDIAI";".605.351.6393.";"16/11/2011";"";"ACADÊMICA";"OPERACIONAL";"AGROPECUÁRIO                                      ";"LABORATÓRIO                                                 ";"FIM"
"5252";"103211";"LABORATORIO DE ANATOMIA - FACISA";"LABANATOMIA";"";"";"SANTA CRUZ";"605";"UNIVERSIDADE FEDERAL DO RIO GRANDE DO NORTE";"4890";"FACULDADE DE CIENCIAS DA SAUDE DO TRAIRI - FACISA";".605.4890.5252.";"11/12/2009";"";"ACADÊMICA";"OPERACIONAL";"CIÊNCIAS DA SAÚDE                                 ";"LABORATÓRIO                                                 ";"FIM"
"4310";"151903";"LABORATORIO DE ANATOMIA PATOLOGICA";"LAB/ANAPAT";"";"";"NATAL";"441";"CENTRO DE CIENCIAS DA SAUDE";"195";"DEPARTAMENTO DE ODONTOLOGIA";".441.195.4310.";"24/06/1974";"";"ACADÊMICA";"OPERACIONAL";"CIÊNCIAS DA SAÚDE                                 ";"LABORATÓRIO                                                 ";"FIM"
"8768";"17001216";"LABORATORIO DE APARELHOS DE PRECISAO";"LAP/ECOLOGIA";"";"";"NATAL";"440";"CENTRO DE BIOCIENCIAS";"8366";"DEPARTAMENTO DE ECOLOGIA";".440.8366.8768.";"06/06/2014";"";"ACADÊMICA";"OPERACIONAL";"CIÊNCIAS BIOLÓGICAS                               ";"LABORATÓRIO                                                 ";"FIM"
"6215";"171506";"LABORATORIO DE AQUICULTURA";"LAB-AQUIC";"";"";"NATAL";"440";"CENTRO DE BIOCIENCIAS";"180";"DEPARTAMENTO DE OCEANOGRAFIA E LIMNOLOGIA";".440.180.6215.";"27/09/2011";"";"ADMINISTRATIVA";"OPERACIONAL";"CIÊNCIAS BIOLÓGICAS                               ";"LABORATÓRIO                                                 ";"FIM"
"11404";"143504";"LABORATORIO DE AQUISICAO E PROCESSAMENTO DE SINAIS E IMAGENS MEDICAS";"LAPSIM/DEB";"";"99193-6395";"NATAL";"445";"CENTRO DE TECNOLOGIA";"5205";"DEPARTAMENTO DE ENGENHARIA BIOMEDICA";".445.5205.11404.";"14/05/2018";"";"ACADÊMICA";"OPERACIONAL";"CIÊNCIAS EXATAS E DA NATUREZA                     ";"LABORATÓRIO                                                 ";"FIM"
"4420";"131803";"LABORATORIO DE ARQUEOLOGIA";"LARQ";"laboratorioarqueologia.dehis@gmail.com";"";"NATAL";"442";"CENTRO DE CIENCIAS HUMANAS, LETRAS E ARTES";"141";"DEPARTAMENTO DE HISTORIA";".442.141.4420.";"24/06/1974";"";"ADMINISTRATIVA";"OPERACIONAL";"CIÊNCIAS HUMANAS, JURÍDICAS E ECONÔMICAS          ";"LABORATÓRIO                                                 ";"FIM"
"9010";"182701";"LABORATORIO DE ARQUEOLOGIA/CERES";"LABARQUEOLOGIA";"";"";"CAICÓ";"1482";"CENTRO DE  ENSINO SUPERIOR DO SERIDO";"5486";"CERES - DEPARTAMENTO DE HISTORIA";".1482.5486.9010.";"02/09/2014";"";"ACADÊMICA";"OPERACIONAL";"CIÊNCIAS HUMANAS, JURÍDICAS E ECONÔMICAS          ";"LABORATÓRIO                                                 ";"FIM"
"11193";"151323";"LABORATORIO DE ASSISTENCIA FARMACEUTICA";"LAB/ASSISFARM";"";"";"NATAL";"441";"CENTRO DE CIENCIAS DA SAUDE";"196";"DEPARTAMENTO DE FARMACIA";".441.196.11193.";"31/01/2018";"";"ACADÊMICA";"OPERACIONAL";"CIÊNCIAS DA SAÚDE                                 ";"LABORATÓRIO                                                 ";"FIM"
"3182";"1772";"LABORATORIO DE AULAS PRATICAS DE BIOFISICA";"LAB-BIOFISICA";"";"";"NATAL";"440";"CENTRO DE BIOCIENCIAS";"440";"CENTRO DE BIOCIENCIAS";".440.3182.";"24/06/1974";"";"ACADÊMICA";"OPERACIONAL";"CIÊNCIAS BIOLÓGICAS                               ";"LABORATÓRIO                                                 ";"FIM"
"6165";"141817";"LABORATORIO DE AUTOMACAO";"LAUTO/LECA";"";"";"NATAL";"445";"CENTRO DE TECNOLOGIA";"56";"DEPARTAMENTO DE ENGENHARIA DE COMPUTACAO E AUTOMACAO";".445.56.6165.";"31/08/2011";"";"ACADÊMICA";"OPERACIONAL";"CIÊNCIAS EXATAS E DA NATUREZA                     ";"LABORATÓRIO                                                 ";"FIM"
"6172";"141824";"LABORATORIO DE AUTOMACAO DA ELEVACAO ARTIFICIAL";"LAEA/LAUT";"";"";"NATAL";"445";"CENTRO DE TECNOLOGIA";"56";"DEPARTAMENTO DE ENGENHARIA DE COMPUTACAO E AUTOMACAO";".445.56.6172.";"31/08/2011";"";"ACADÊMICA";"OPERACIONAL";"CIÊNCIAS EXATAS E DA NATUREZA                     ";"LABORATÓRIO                                                 ";"FIM"
"5283";"142013";"LABORATORIO DE AUTOMACAO DE PROJETOS E TECNOLOGIA 3D";"LAPT3D";"";"";"NATAL";"445";"CENTRO DE TECNOLOGIA";"50";"DEPARTAMENTO DE ENGENHARIA MECANICA";".445.50.5283.";"08/11/2012";"";"ACADÊMICA";"ESTRATÉGICO";"ADMINISTRATIVO                                    ";"ASSESSORIA                                                  ";"FIM"
"8790";"143301";"Laboratorio de Automacao e Elevacao";"AUTOLEVE";"";"";"NATAL";"445";"CENTRO DE TECNOLOGIA";"5075";"DEPARTAMENTO DE ENGENHARIA DE PETROLEO";".445.5075.8790.";"20/06/2014";"";"ACADÊMICA";"OPERACIONAL";"CIÊNCIAS EXATAS E DA NATUREZA                     ";"LABORATÓRIO                                                 ";"FIM"
"6167";"141819";"LABORATORIO DE AUTOMACAO EM PETROLEO";"LAUT";"";"";"NATAL";"445";"CENTRO DE TECNOLOGIA";"56";"DEPARTAMENTO DE ENGENHARIA DE COMPUTACAO E AUTOMACAO";".445.56.6167.";"31/08/2011";"";"ACADÊMICA";"OPERACIONAL";"CIÊNCIAS EXATAS E DA NATUREZA                     ";"LABORATÓRIO                                                 ";"FIM"
"4176";"151403";"LABORATORIO DE AVALIACAO CARDIO-RESPIRATORIA E ESPIROMETRIA";"LACRE";"";"";"NATAL";"441";"CENTRO DE CIENCIAS DA SAUDE";"201";"DEPARTAMENTO DE FISIOTERAPIA";".441.201.4176.";"24/06/1974";"";"ACADÊMICA";"OPERACIONAL";"CIÊNCIAS DA SAÚDE                                 ";"LABORATÓRIO                                                 ";"FIM"
"6174";"141826";"LABORATORIO DE AVALIACAO DE MEDICAO EM PETROLEO";"LAMP";"";"";"NATAL";"445";"CENTRO DE TECNOLOGIA";"56";"DEPARTAMENTO DE ENGENHARIA DE COMPUTACAO E AUTOMACAO";".445.56.6174.";"31/08/2011";"";"ACADÊMICA";"OPERACIONAL";"CIÊNCIAS EXATAS E DA NATUREZA                     ";"LABORATÓRIO                                                 ";"FIM"
"4177";"151404";"LABORATORIO DE AVALIACAO DE PERFORMANCE NEUROMUSCULAR";"LAPN";"";"";"NATAL";"441";"CENTRO DE CIENCIAS DA SAUDE";"201";"DEPARTAMENTO DE FISIOTERAPIA";".441.201.4177.";"24/06/1974";"";"ACADÊMICA";"OPERACIONAL";"CIÊNCIAS DA SAÚDE                                 ";"LABORATÓRIO                                                 ";"FIM"
"4181";"151802";"LABORATORIO DE AVALIACAO NUTRICIONAL";"LAN";"";"";"NATAL";"441";"CENTRO DE CIENCIAS DA SAUDE";"203";"DEPARTAMENTO DE NUTRICAO";".441.203.4181.";"24/06/1974";"";"ACADÊMICA";"OPERACIONAL";"CIÊNCIAS DA SAÚDE                                 ";"LABORATÓRIO                                                 ";"FIM"
"8354";"10320016";"LABORATORIO DE AVALIACAO NUTRICIONAL DA FACISA";"LABAVALNUT";"";"";"SANTA CRUZ";"605";"UNIVERSIDADE FEDERAL DO RIO GRANDE DO NORTE";"4890";"FACULDADE DE CIENCIAS DA SAUDE DO TRAIRI - FACISA";".605.4890.8354.";"06/03/2014";"";"ACADÊMICA";"OPERACIONAL";"CIÊNCIAS DA SAÚDE                                 ";"LABORATÓRIO                                                 ";"FIM"
"4444";"171306";"LABORATORIO DE BACTERIOLOGIA MEDICA";"LABBACMED";"";"";"NATAL";"440";"CENTRO DE BIOCIENCIAS";"181";"DEPARTAMENTO DE MICROBIOLOGIA E PARASITOLOGIA";".440.181.4444.";"24/06/1974";"";"ACADÊMICA";"OPERACIONAL";"CIÊNCIAS BIOLÓGICAS                               ";"LABORATÓRIO                                                 ";"FIM"
"8631";"171207";"LABORATORIO DE BIOACUSTICA";"LABIOAC";"";"";"NATAL";"440";"CENTRO DE BIOCIENCIAS";"178";"DEPARTAMENTO DE FISIOLOGIA E COMPORTAMENTO";".440.178.8631.";"15/04/2014";"";"ACADÊMICA";"OPERACIONAL";"CIÊNCIAS BIOLÓGICAS                               ";"LABORATÓRIO                                                 ";"FIM"
"8624";"151114";"LABORATORIO DE BIODINAMICA DO MOVIMENTO HUMANO";"LABBIOMOVIMENT";"";"";"NATAL";"441";"CENTRO DE CIENCIAS DA SAUDE";"199";"DEPARTAMENTO DE EDUCACAO FISICA";".441.199.8624.";"15/04/2014";"";"ACADÊMICA";"OPERACIONAL";"CIÊNCIAS DA SAÚDE                                 ";"LABORATÓRIO                                                 ";"FIM"
"4116";"181510";"LABORATORIO DE BIOGEOGRAFIA";"LABIOGEO";"";"";"CAICÓ";"1482";"CENTRO DE  ENSINO SUPERIOR DO SERIDO";"234";"CERES - DEPARTAMENTO DE GEOGRAFIA";".1482.234.4116.";"24/06/1974";"";"ACADÊMICA";"OPERACIONAL";"CIÊNCIAS EXATAS E DA NATUREZA                     ";"LABORATÓRIO                                                 ";"FIM"
"6225";"171516";"LABORATORIO DE BIOGEOQUIMICA MARINHA";"BGQMar";"";"";"NATAL";"440";"CENTRO DE BIOCIENCIAS";"180";"DEPARTAMENTO DE OCEANOGRAFIA E LIMNOLOGIA";".440.180.6225.";"28/09/2011";"";"ACADÊMICA";"OPERACIONAL";"CIÊNCIAS BIOLÓGICAS                               ";"LABORATÓRIO                                                 ";"FIM"
"6368";"11225001";"LABORATORIO DE BIOLOGIA";"LABBIO";"";"";"MACAÍBA";"605";"UNIVERSIDADE FEDERAL DO RIO GRANDE DO NORTE";"6365";"CENTRO VOCACIONAL TECNOLOGICO";".605.351.6365.6368.";"10/11/2011";"";"ACADÊMICA";"OPERACIONAL";"AGROPECUÁRIO                                      ";"LABORATÓRIO                                                 ";"FIM"
"8632";"171208";"LABORATORIO DE BIOLOGIA COMPORTAMENTAL";"LABIOCOMP";"";"";"NATAL";"440";"CENTRO DE BIOCIENCIAS";"178";"DEPARTAMENTO DE FISIOLOGIA E COMPORTAMENTO";".440.178.8632.";"15/04/2014";"";"ACADÊMICA";"OPERACIONAL";"CIÊNCIAS BIOLÓGICAS                               ";"LABORATÓRIO                                                 ";"FIM"
"4457";"171315";"LABORATORIO DE BIOLOGIA DO TRYPANOSOMA CRUZI";"LBTC";"";"";"NATAL";"440";"CENTRO DE BIOCIENCIAS";"181";"DEPARTAMENTO DE MICROBIOLOGIA E PARASITOLOGIA";".440.181.4457.";"24/06/1974";"";"ACADÊMICA";"OPERACIONAL";"CIÊNCIAS BIOLÓGICAS                               ";"LABORATÓRIO                                                 ";"FIM"
"4143";"150901";"LABORATORIO DE BIOLOGIA MOLECULAR";"LBM";"";"";"NATAL";"441";"CENTRO DE CIENCIAS DA SAUDE";"117";"DEPARTAMENTO DE ANALISES CLINICAS E TOXICOLOGICAS";".441.117.4143.";"24/06/1974";"";"ACADÊMICA";"OPERACIONAL";"CIÊNCIAS DA SAÚDE                                 ";"LABORATÓRIO                                                 ";"FIM"
"4447";"171309";"LABORATORIO DE BIOLOGIA MOLECULAR E DOENCAS INFECIOSAS E DO CANCER";"LABBMDIC";"";"";"NATAL";"440";"CENTRO DE BIOCIENCIAS";"181";"DEPARTAMENTO DE MICROBIOLOGIA E PARASITOLOGIA";".440.181.4447.";"24/06/1974";"";"ACADÊMICA";"OPERACIONAL";"CIÊNCIAS BIOLÓGICAS                               ";"LABORATÓRIO                                                 ";"FIM"
"6212";"171503";"LABORATORIO DE BIOLOGIA PESQUEIRA";"LABPESQ";"";"";"NATAL";"440";"CENTRO DE BIOCIENCIAS";"180";"DEPARTAMENTO DE OCEANOGRAFIA E LIMNOLOGIA";".440.180.6212.";"27/09/2011";"";"ACADÊMICA";"OPERACIONAL";"CIÊNCIAS BIOLÓGICAS                               ";"LABORATÓRIO                                                 ";"FIM"
"6182";"142117";"LABORATORIO DE BIOMASSA E BIOCOMBUSTIVEL";"LABBB";"";"";"NATAL";"445";"CENTRO DE TECNOLOGIA";"57";"DEPARTAMENTO DE ENGENHARIA QUIMICA";".445.57.6182.";"01/09/2011";"";"ACADÊMICA";"OPERACIONAL";"CIÊNCIAS EXATAS E DA NATUREZA                     ";"LABORATÓRIO                                                 ";"FIM"
"6183";"14001107";"LABORATORIO DE BIOPROCESSOS";"LABBIO";"";"";"NATAL";"445";"CENTRO DE TECNOLOGIA";"33448";"DEPARTAMENTO DE ENGENHARIA DE ALIMENTOS";".445.33448.6183.";"01/09/2011";"";"ACADÊMICA";"OPERACIONAL";"CIÊNCIAS EXATAS E DA NATUREZA                     ";"LABORATÓRIO                                                 ";"FIM"
"4144";"150902";"LABORATORIO DE BIOQUIMICA CLINICA";"LBC";"tereza@ufrnet.br";"";"NATAL";"441";"CENTRO DE CIENCIAS DA SAUDE";"117";"DEPARTAMENTO DE ANALISES CLINICAS E TOXICOLOGICAS";".441.117.4144.";"24/06/1974";"";"ACADÊMICA";"OPERACIONAL";"CIÊNCIAS DA SAÚDE                                 ";"LABORATÓRIO                                                 ";"FIM"
"8040";"151808";"LABORATORIO DE BIOQUIMICA DA NUTRICAO";"LBN/DENUT";"";"";"NATAL";"441";"CENTRO DE CIENCIAS DA SAUDE";"203";"DEPARTAMENTO DE NUTRICAO";".441.203.8040.";"01/01/2013";"";"ACADÊMICA";"OPERACIONAL";"ADMINISTRATIVO                                    ";"ASSESSORIA                                                  ";"FIM"
"4505";"171008";"LABORATORIO DE BIOQUIMICA DA NUTRICAO/BIOLOGIA MOLECULAR";"LABNBM";"";"";"NATAL";"440";"CENTRO DE BIOCIENCIAS";"182";"DEPARTAMENTO DE BIOQUIMICA";".440.182.4505.";"29/03/2003";"";"ACADÊMICA";"OPERACIONAL";"CIÊNCIAS BIOLÓGICAS                               ";"LABORATÓRIO                                                 ";"FIM"
"8880";"171106";"LABORATORIO DE BOTANICA SISTEMATICA";"Labots";"acalvente@gmail.com";"3342-2298 ramal 502";"NATAL";"440";"CENTRO DE BIOCIENCIAS";"183";"DEPARTAMENTO DE BOTANICA E ZOOLOGIA";".440.183.8880.";"19/08/2014";"";"ACADÊMICA";"OPERACIONAL";"CIÊNCIAS BIOLÓGICAS                               ";"LABORATÓRIO                                                 ";"FIM"
"4156";"151302";"LABORATORIO DE BROMATOLOGIA";"LB";"";"";"NATAL";"441";"CENTRO DE CIENCIAS DA SAUDE";"196";"DEPARTAMENTO DE FARMACIA";".441.196.4156.";"24/06/1974";"";"ACADÊMICA";"OPERACIONAL";"CIÊNCIAS DA SAÚDE                                 ";"LABORATÓRIO                                                 ";"FIM"
"8814";"142410";"LABORATORIO DE CAD - CRIACAO DE COLECAO E DESENVOLVIMENTO DE PRODUTO";"LABVEST";"";"";"NATAL";"445";"CENTRO DE TECNOLOGIA";"424";"DEPARTAMENTO DE ENGENHARIA TEXTIL";".445.424.8814.";"25/06/2014";"";"ACADÊMICA";"OPERACIONAL";"CIÊNCIAS EXATAS E DA NATUREZA                     ";"LABORATÓRIO                                                 ";"FIM"
"6133";"128822";"LABORATORIO DE CARACTERIZACAO DE MATERIAIS/IQ";"LCM/IQ";"";"";"NATAL";"439";"CENTRO DE CIENCIAS EXATAS E DA TERRA";"6025";"INSTITUTO DE QUIMICA";".439.6025.6133.";"25/08/2011";"";"ACADÊMICA";"OPERACIONAL";"CIÊNCIAS EXATAS E DA NATUREZA                     ";"LABORATÓRIO                                                 ";"FIM"
"8811";"142407";"LABORATORIO DE CARACTERIZACAO DE MATERIAIS TEXTEIS";"LABCARACTMAT";"";"";"NATAL";"445";"CENTRO DE TECNOLOGIA";"424";"DEPARTAMENTO DE ENGENHARIA TEXTIL";".445.424.8811.";"25/06/2014";"";"ACADÊMICA";"OPERACIONAL";"CIÊNCIAS EXATAS E DA NATUREZA                     ";"LABORATÓRIO                                                 ";"FIM"
"8787";"141611";"LABORATORIO DE CARACTERIZACAO ESTRUTURAL DE MATERIAIS";"LACEM";"";"";"NATAL";"445";"CENTRO DE TECNOLOGIA";"1589";"DEPARTAMENTO DE ENGENHARIA DE MATERIAIS";".445.1589.8787.";"20/06/2014";"";"ACADÊMICA";"OPERACIONAL";"CIÊNCIAS EXATAS E DA NATUREZA                     ";"LABORATÓRIO                                                 ";"FIM"
"6214";"171505";"LABORATORIO DE CARCINOCULTURA";"LABCARCI";"";"";"NATAL";"440";"CENTRO DE BIOCIENCIAS";"180";"DEPARTAMENTO DE OCEANOGRAFIA E LIMNOLOGIA";".440.180.6214.";"27/09/2011";"";"ACADÊMICA";"OPERACIONAL";"CIÊNCIAS BIOLÓGICAS                               ";"LABORATÓRIO                                                 ";"FIM"
"10509";"131707";"LABORATORIO DE CARTOGRAFIA";"LABCART/GEO";"";"";"NATAL";"442";"CENTRO DE CIENCIAS HUMANAS, LETRAS E ARTES";"142";"DEPARTAMENTO DE GEOGRAFIA/CCHLA";".442.142.10509.";"20/03/2019";"";"ACADÊMICA";"OPERACIONAL";"CIÊNCIAS HUMANAS, JURÍDICAS E ECONÔMICAS          ";"LABORATÓRIO                                                 ";"FIM"
"3188";"141606";"LABORATORIO DE CERAMICAS";"LAB-CERAMICAS";"";"";"NATAL";"445";"CENTRO DE TECNOLOGIA";"1589";"DEPARTAMENTO DE ENGENHARIA DE MATERIAIS";".445.1589.3188.";"29/07/2014";"";"ACADÊMICA";"OPERACIONAL";"CIÊNCIAS EXATAS E DA NATUREZA                     ";"LABORATÓRIO                                                 ";"FIM"
"6141";"128829";"LABORATORIO DE CERAMICAS AVANCADAS/IQ";"LCA/IQ";"";"";"NATAL";"439";"CENTRO DE CIENCIAS EXATAS E DA TERRA";"6025";"INSTITUTO DE QUIMICA";".439.6025.6141.";"25/08/2011";"";"ACADÊMICA";"OPERACIONAL";"CIÊNCIAS EXATAS E DA NATUREZA                     ";"LABORATÓRIO                                                 ";"FIM"
"6107";"120508";"LABORATORIO DE CIENCIAS DA COMPUTACAO I/DIMAP";"LCC I/DIMAP";"";"";"NATAL";"439";"CENTRO DE CIENCIAS EXATAS E DA TERRA";"125";"DEPARTAMENTO DE INFORMATICA E MATEMATICA APLICADA";".439.125.6107.";"23/08/2011";"";"ACADÊMICA";"OPERACIONAL";"CIÊNCIAS EXATAS E DA NATUREZA                     ";"LABORATÓRIO                                                 ";"FIM"
"6108";"120509";"LABORATORIO DE CIENCIAS DA COMPUTACAO II/DIMAP";"LCC II/DIMAP";"";"";"NATAL";"439";"CENTRO DE CIENCIAS EXATAS E DA TERRA";"125";"DEPARTAMENTO DE INFORMATICA E MATEMATICA APLICADA";".439.125.6108.";"23/08/2011";"";"ACADÊMICA";"OPERACIONAL";"CIÊNCIAS EXATAS E DA NATUREZA                     ";"LABORATÓRIO                                                 ";"FIM"
"4146";"150903";"LABORATORIO DE CITOLOGIA CLINICA";"LCC";"";"";"NATAL";"441";"CENTRO DE CIENCIAS DA SAUDE";"117";"DEPARTAMENTO DE ANALISES CLINICAS E TOXICOLOGICAS";".441.117.4146.";"24/06/1974";"";"ACADÊMICA";"OPERACIONAL";"CIÊNCIAS DA SAÚDE                                 ";"LABORATÓRIO                                                 ";"FIM"
"4450";"171312";"LABORATORIO DE COLETAS BIODIVERSIDADE DE INVERTEBRADOS";"LABCBI";"";"";"NATAL";"440";"CENTRO DE BIOCIENCIAS";"181";"DEPARTAMENTO DE MICROBIOLOGIA E PARASITOLOGIA";".440.181.4450.";"24/06/1974";"";"ACADÊMICA";"OPERACIONAL";"CIÊNCIAS BIOLÓGICAS                               ";"LABORATÓRIO                                                 ";"FIM"
"8884";"171110";"LABORATORIO DE COLLEMBOLA";"LABCOLLEMBOLA";"";"";"NATAL";"440";"CENTRO DE BIOCIENCIAS";"183";"DEPARTAMENTO DE BOTANICA E ZOOLOGIA";".440.183.8884.";"19/08/2014";"";"ACADÊMICA";"OPERACIONAL";"CIÊNCIAS BIOLÓGICAS                               ";"LABORATÓRIO                                                 ";"FIM"
"3187";"141605";"LABORATORIO DE COMPOSITOS";"LAB-CMPSITOS";"";"";"NATAL";"445";"CENTRO DE TECNOLOGIA";"1589";"DEPARTAMENTO DE ENGENHARIA DE MATERIAIS";".445.1589.3187.";"29/07/2014";"";"ACADÊMICA";"OPERACIONAL";"CIÊNCIAS EXATAS E DA NATUREZA                     ";"LABORATÓRIO                                                 ";"FIM"
"6202";"170008";"LABORATORIO DE COMPUTACAO CIENTIFICA";"LCC/DBF";"";"";"NATAL";"440";"CENTRO DE BIOCIENCIAS";"440";"CENTRO DE BIOCIENCIAS";".440.6202.";"27/09/2011";"";"ACADÊMICA";"OPERACIONAL";"CIÊNCIAS BIOLÓGICAS                               ";"LABORATÓRIO                                                 ";"FIM"
"5291";"128207";"LABORATORIO DE COMPUTACAO CIENTIFICA EM GEOFISICA";"LAGAP";"";"";"NATAL";"439";"CENTRO DE CIENCIAS EXATAS E DA TERRA";"4894";"DEPARTAMENTO DE GEOFISICA";".439.4894.5291.";"08/03/2010";"";"ACADÊMICA";"OPERACIONAL";"CIÊNCIAS EXATAS E DA NATUREZA                     ";"LABORATÓRIO                                                 ";"FIM"
"6430";"131314";"LABORATORIO DE COMPUTACAO GRAFICA";"LABCOMPGRAF";"";"";"NATAL";"442";"CENTRO DE CIENCIAS HUMANAS, LETRAS E ARTES";"139";"DEPARTAMENTO DE ARTES";".442.139.6430.";"18/11/2011";"";"ACADÊMICA";"OPERACIONAL";"ARTES, COMUNICAÇAO E DIFUSAO                      ";"LABORATÓRIO                                                 ";"FIM"
"6166";"141818";"LABORATORIO DE COMPUTADORES DE GRADUACAO";"LCG/LECA";"";"";"NATAL";"445";"CENTRO DE TECNOLOGIA";"56";"DEPARTAMENTO DE ENGENHARIA DE COMPUTACAO E AUTOMACAO";".445.56.6166.";"31/08/2011";"";"ACADÊMICA";"OPERACIONAL";"CIÊNCIAS EXATAS E DA NATUREZA                     ";"LABORATÓRIO                                                 ";"FIM"
"4386";"131502";"LABORATORIO DE COMUNICACAO";"labcom";"";"";"NATAL";"442";"CENTRO DE CIENCIAS HUMANAS, LETRAS E ARTES";"140";"DEPARTAMENTO DE COMUNICACAO SOCIAL";".442.140.4386.";"24/06/1974";"";"ACADÊMICA";"OPERACIONAL";"CIÊNCIAS HUMANAS, JURÍDICAS E ECONÔMICAS          ";"SETOR                                                       ";"FIM"
"6113";"120514";"LABORATORIO DE CONCEPCOES DE SISTEMAS/DIMAP";"LCS/DIMAP";"";"";"NATAL";"439";"CENTRO DE CIENCIAS EXATAS E DA TERRA";"125";"DEPARTAMENTO DE INFORMATICA E MATEMATICA APLICADA";".439.125.6113.";"23/08/2011";"";"ACADÊMICA";"OPERACIONAL";"CIÊNCIAS EXATAS E DA NATUREZA                     ";"LABORATÓRIO                                                 ";"FIM"
"8777";"141511";"LABORATORIO DE CONFORTO AMBIENTAL";"LabCon";"";"";"NATAL";"445";"CENTRO DE TECNOLOGIA";"54";"DEPARTAMENTO DE ARQUITETURA";".445.54.8777.";"18/06/2014";"";"ACADÊMICA";"OPERACIONAL";"CIÊNCIAS EXATAS E DA NATUREZA                     ";"LABORATÓRIO                                                 ";"FIM"
"8882";"171108";"LABORATORIO DE CONSERVACAO DE ESPECIES NATIVAS";"lABESPENAT";"";"";"NATAL";"440";"CENTRO DE BIOCIENCIAS";"183";"DEPARTAMENTO DE BOTANICA E ZOOLOGIA";".440.183.8882.";"19/08/2014";"";"ACADÊMICA";"OPERACIONAL";"CIÊNCIAS BIOLÓGICAS                               ";"LABORATÓRIO                                                 ";"FIM"
"6171";"141823";"LABORATORIO DE CONTROLE AVANCADO E OTIMIZACAO DE PROCESSOS";"LCAOP/LAUT";"";"";"NATAL";"445";"CENTRO DE TECNOLOGIA";"56";"DEPARTAMENTO DE ENGENHARIA DE COMPUTACAO E AUTOMACAO";".445.56.6171.";"31/08/2011";"";"ACADÊMICA";"OPERACIONAL";"CIÊNCIAS EXATAS E DA NATUREZA                     ";"LABORATÓRIO                                                 ";"FIM"
"6162";"141814";"LABORATORIO DE CONTROLE DE PROCESSOS";"LCP/LECA";"";"";"NATAL";"445";"CENTRO DE TECNOLOGIA";"56";"DEPARTAMENTO DE ENGENHARIA DE COMPUTACAO E AUTOMACAO";".445.56.6162.";"31/08/2011";"";"ACADÊMICA";"OPERACIONAL";"CIÊNCIAS EXATAS E DA NATUREZA                     ";"LABORATÓRIO                                                 ";"FIM"
"4157";"151303";"LABORATORIO DE CONTROLE DE QUALIDADE DE MEDICAMENTOS";"LCQM";"";"";"NATAL";"441";"CENTRO DE CIENCIAS DA SAUDE";"196";"DEPARTAMENTO DE FARMACIA";".441.196.4157.";"24/06/1974";"";"ACADÊMICA";"OPERACIONAL";"CIÊNCIAS DA SAÚDE                                 ";"LABORATÓRIO                                                 ";"FIM"
"6170";"141822";"LABORATORIO DE CONTROLE E SUPERVISAO DE PROCESSOS";"LCSP/LAUT";"";"";"NATAL";"445";"CENTRO DE TECNOLOGIA";"56";"DEPARTAMENTO DE ENGENHARIA DE COMPUTACAO E AUTOMACAO";".445.56.6170.";"31/08/2011";"";"ACADÊMICA";"OPERACIONAL";"CIÊNCIAS EXATAS E DA NATUREZA                     ";"LABORATÓRIO                                                 ";"FIM"
"6338";"112285";"LABORATORIO DE COOPERATIVISMO";"LABCOOPERAT";"";"";"MACAÍBA";"605";"UNIVERSIDADE FEDERAL DO RIO GRANDE DO NORTE";"351";"ESCOLA AGRICOLA DE JUNDIAI";".605.351.6338.";"10/11/2011";"";"ACADÊMICA";"OPERACIONAL";"AGROPECUÁRIO                                      ";"LABORATÓRIO                                                 ";"FIM"
"6443";"11690023";"LABORATORIO DE CORPOREIDADE E PROMOCAO DA SAUDE I";"LAB-1/CORPROMO";"";"";"NATAL";"605";"UNIVERSIDADE FEDERAL DO RIO GRANDE DO NORTE";"205";"ESCOLA DE SAUDE";".605.205.6443.";"18/11/2011";"";"ACADÊMICA";"OPERACIONAL";"CIÊNCIAS DA SAÚDE                                 ";"LABORATÓRIO                                                 ";"FIM"
"6444";"11690025";"LABORATORIO DE CORPOREIDADE E PROMOCAO DA SAUDE II";"LAB-II/CORPROM";"";"";"NATAL";"605";"UNIVERSIDADE FEDERAL DO RIO GRANDE DO NORTE";"205";"ESCOLA DE SAUDE";".605.205.6444.";"18/11/2011";"";"ACADÊMICA";"OPERACIONAL";"CIÊNCIAS DA SAÚDE                                 ";"LABORATÓRIO                                                 ";"FIM"
"4159";"151305";"LABORATORIO DE COSMETICOS";"LC/CCS";"";"";"NATAL";"441";"CENTRO DE CIENCIAS DA SAUDE";"196";"DEPARTAMENTO DE FARMACIA";".441.196.4159.";"24/06/1974";"";"ACADÊMICA";"OPERACIONAL";"CIÊNCIAS DA SAÚDE                                 ";"LABORATÓRIO                                                 ";"FIM"
"8629";"171205";"LABORATORIO DE CRONOBIOLOGIA E COMPORTAMENTO";"LABCRONOCOMP";"";"";"NATAL";"440";"CENTRO DE BIOCIENCIAS";"178";"DEPARTAMENTO DE FISIOLOGIA E COMPORTAMENTO";".440.178.8629.";"15/04/2014";"";"ACADÊMICA";"OPERACIONAL";"CIÊNCIAS BIOLÓGICAS                               ";"LABORATÓRIO                                                 ";"FIM"
"6216";"171507";"LABORATORIO DE CULTIVO DE ORGANISMOS AQUATICOS";"LABCOAQUA";"";"";"NATAL";"440";"CENTRO DE BIOCIENCIAS";"180";"DEPARTAMENTO DE OCEANOGRAFIA E LIMNOLOGIA";".440.180.6216.";"27/09/2011";"";"ADMINISTRATIVA";"OPERACIONAL";"CIÊNCIAS BIOLÓGICAS                               ";"LABORATÓRIO                                                 ";"FIM"
"8810";"142406";"LABORATORIO DE DESENHO TEXTIL E CRIACAO DE COLECAO";"LabDTCC";"";"";"NATAL";"445";"CENTRO DE TECNOLOGIA";"424";"DEPARTAMENTO DE ENGENHARIA TEXTIL";".445.424.8810.";"25/06/2014";"";"ACADÊMICA";"OPERACIONAL";"CIÊNCIAS EXATAS E DA NATUREZA                     ";"LABORATÓRIO                                                 ";"FIM"
"4164";"151310";"LABORATORIO DE DESENVOLVIMENTO DE MEDICAMENTOS";"LABDESMED";"";"";"NATAL";"441";"CENTRO DE CIENCIAS DA SAUDE";"196";"DEPARTAMENTO DE FARMACIA";".441.196.4164.";"24/06/1974";"";"ACADÊMICA";"OPERACIONAL";"CIÊNCIAS DA SAÚDE                                 ";"LABORATÓRIO                                                 ";"FIM"
"8803";"142018";"LABORATORIO DE DISPOSITIVOS TERMICOS";"LDT";"";"";"NATAL";"445";"CENTRO DE TECNOLOGIA";"50";"DEPARTAMENTO DE ENGENHARIA MECANICA";".445.50.8803.";"20/06/2014";"";"ACADÊMICA";"OPERACIONAL";"CIÊNCIAS EXATAS E DA NATUREZA                     ";"LABORATÓRIO                                                 ";"FIM"
"4115";"182702";"LABORATORIO DE DOCUMENTACAO HISTORICA";"LABDH";"";"";"CAICÓ";"1482";"CENTRO DE  ENSINO SUPERIOR DO SERIDO";"5486";"CERES - DEPARTAMENTO DE HISTORIA";".1482.5486.4115.";"24/06/1974";"";"ACADÊMICA";"OPERACIONAL";"CIÊNCIAS HUMANAS, JURÍDICAS E ECONÔMICAS          ";"LABORATÓRIO                                                 ";"FIM"
"6110";"120511";"LABORATORIO DE DOUTORADO I/DIMAP";"LD I/DIMAP";"";"";"NATAL";"439";"CENTRO DE CIENCIAS EXATAS E DA TERRA";"125";"DEPARTAMENTO DE INFORMATICA E MATEMATICA APLICADA";".439.125.6110.";"23/08/2011";"";"ACADÊMICA";"OPERACIONAL";"CIÊNCIAS EXATAS E DA NATUREZA                     ";"LABORATÓRIO                                                 ";"FIM"
"6111";"120512";"LABORATORIO DE DOUTORADO II/DIMAP";"LD II/DIMAP";"";"";"NATAL";"439";"CENTRO DE CIENCIAS EXATAS E DA TERRA";"125";"DEPARTAMENTO DE INFORMATICA E MATEMATICA APLICADA";".439.125.6111.";"23/08/2011";"";"ACADÊMICA";"OPERACIONAL";"CIÊNCIAS EXATAS E DA NATUREZA                     ";"LABORATÓRIO                                                 ";"FIM"
"6334";"112241";"LABORATORIO DE ECOLOGIA FLORESTAL";"LABECOFLO";"";"";"MACAÍBA";"605";"UNIVERSIDADE FEDERAL DO RIO GRANDE DO NORTE";"351";"ESCOLA AGRICOLA DE JUNDIAI";".605.351.6334.";"14/11/2011";"";"ACADÊMICA";"OPERACIONAL";"AGROPECUÁRIO                                      ";"LABORATÓRIO                                                 ";"FIM"
"8633";"171209";"LABORATORIO DE ECOLOGIA SENSORIAL";"LABECOS";"";"";"NATAL";"440";"CENTRO DE BIOCIENCIAS";"178";"DEPARTAMENTO DE FISIOLOGIA E COMPORTAMENTO";".440.178.8633.";"15/04/2014";"";"ACADÊMICA";"OPERACIONAL";"CIÊNCIAS BIOLÓGICAS                               ";"LABORATÓRIO                                                 ";"FIM"
"6228";"171519";"LABORATORIO DE ECOTOXICOLOGIA";"LABECOTOXI";"";"";"NATAL";"440";"CENTRO DE BIOCIENCIAS";"180";"DEPARTAMENTO DE OCEANOGRAFIA E LIMNOLOGIA";".440.180.6228.";"28/09/2011";"";"ACADÊMICA";"OPERACIONAL";"CIÊNCIAS BIOLÓGICAS                               ";"LABORATÓRIO                                                 ";"FIM"
"8041";"151809";"LABORATORIO DE EDUCACAO ALIMENTAR E NUTRICIONAL ";"LEAN/DENUT";"";"";"NATAL";"441";"CENTRO DE CIENCIAS DA SAUDE";"203";"DEPARTAMENTO DE NUTRICAO";".441.203.8041.";"01/01/2013";"";"ACADÊMICA";"ESTRATÉGICO";"ADMINISTRATIVO                                    ";"ASSESSORIA                                                  ";"FIM"
"9011";"182201";"LABORATORIO DE EDUCACAO, NOVAS TECNOLOGIAS E ESTUDOS ETNICO-RACIAIS";"LENTE";"";"";"CAICÓ";"1482";"CENTRO DE  ENSINO SUPERIOR DO SERIDO";"4880";"DEPARTAMENTO DE EDUCACAO - CERES";".1482.4880.9011.";"04/09/2014";"";"ACADÊMICA";"OPERACIONAL";"CIÊNCIAS HUMANAS, JURÍDICAS E ECONÔMICAS          ";"LABORATÓRIO                                                 ";"FIM"
"11194";"151324";"LABORATORIO DE EFICACIA DE COSMETICOS";"LAB/EFICOS";"";"";"NATAL";"441";"CENTRO DE CIENCIAS DA SAUDE";"196";"DEPARTAMENTO DE FARMACIA";".441.196.11194.";"31/01/2018";"";"ACADÊMICA";"OPERACIONAL";"CIÊNCIAS DA SAÚDE                                 ";"LABORATÓRIO                                                 ";"FIM"
"6363";"11220003";"LABORATORIO DE ELETRONICA";"LABELETRO/EAJ";"";"";"MACAÍBA";"605";"UNIVERSIDADE FEDERAL DO RIO GRANDE DO NORTE";"351";"ESCOLA AGRICOLA DE JUNDIAI";".605.351.6363.";"10/11/2011";"";"ADMINISTRATIVA";"OPERACIONAL";"AGROPECUÁRIO                                      ";"LABORATÓRIO                                                 ";"FIM"
"4560";"141914";"LABORATORIO DE ELETRONICA - DEE";"LEA";"";"";"NATAL";"445";"CENTRO DE TECNOLOGIA";"112";"DEPARTAMENTO DE ENGENHARIA ELETRICA";".445.112.4560.";"24/06/1974";"";"ACADÊMICA";"OPERACIONAL";"CIÊNCIAS EXATAS E DA NATUREZA                     ";"LABORATÓRIO                                                 ";"FIM"
"8799";"141909";"LABORATORIO DE ELETRONICA DE POTENCIA E ENERGIAS RENOVAVEIS";"LEPER";"";"";"NATAL";"445";"CENTRO DE TECNOLOGIA";"112";"DEPARTAMENTO DE ENGENHARIA ELETRICA";".445.112.8799.";"20/06/2014";"";"ACADÊMICA";"OPERACIONAL";"CIÊNCIAS EXATAS E DA NATUREZA                     ";"LABORATÓRIO                                                 ";"FIM"
"2479";"141901";"LABORATORIO DE ELETROTECNICA";"Lab Eletrt";"";"";"NATAL";"445";"CENTRO DE TECNOLOGIA";"112";"DEPARTAMENTO DE ENGENHARIA ELETRICA";".445.112.2479.";"24/06/1974";"";"ACADÊMICA";"OPERACIONAL";"CIÊNCIAS EXATAS E DA NATUREZA                     ";"LABORATÓRIO                                                 ";"FIM"
"5379";"11250602";"LABORATORIO DE ELETROTECNICA - ECT";"LABELETROTEC";"";"";"NATAL";"605";"UNIVERSIDADE FEDERAL DO RIO GRANDE DO NORTE";"10526";"LABORATORIOS DE ENSINO E PESQUISA DA ECT";".605.4885.10526.5379.";"28/05/2010";"";"ACADÊMICA";"OPERACIONAL";"CIÊNCIAS EXATAS E DA NATUREZA                     ";"LABORATÓRIO                                                 ";"FIM"
"6180";"141832";"LABORATORIO DE ELEVACAO DE PETROLEO";"LABEL";"";"";"NATAL";"445";"CENTRO DE TECNOLOGIA";"56";"DEPARTAMENTO DE ENGENHARIA DE COMPUTACAO E AUTOMACAO";".445.56.6180.";"31/08/2011";"";"ACADÊMICA";"OPERACIONAL";"CIÊNCIAS EXATAS E DA NATUREZA                     ";"LABORATÓRIO                                                 ";"FIM"
"4259";"171405";"LABORATORIO DE EMBALSAMAMENTO DE CADAVERES";"labec";"";"";"NATAL";"440";"CENTRO DE BIOCIENCIAS";"177";"DEPARTAMENTO DE MORFOLOGIA";".440.177.4259.";"24/06/1974";"";"ACADÊMICA";"OPERACIONAL";"CIÊNCIAS BIOLÓGICAS                               ";"LABORATÓRIO                                                 ";"FIM"
"4261";"171407";"LABORATORIO DE EMBRIOLOGIA";"labemb";"";"";"NATAL";"440";"CENTRO DE BIOCIENCIAS";"177";"DEPARTAMENTO DE MORFOLOGIA";".440.177.4261.";"24/06/1974";"";"ACADÊMICA";"OPERACIONAL";"CIÊNCIAS DA SAÚDE                                 ";"LABORATÓRIO                                                 ";"FIM"
"4470";"142107";"Laboratorio de Energia Alternativa e Fenomenos de Transporte";"LEAFT";"";"";"NATAL";"445";"CENTRO DE TECNOLOGIA";"57";"DEPARTAMENTO DE ENGENHARIA QUIMICA";".445.57.4470.";"24/06/1974";"";"ACADÊMICA";"OPERACIONAL";"CIÊNCIAS EXATAS E DA NATUREZA                     ";"LABORATÓRIO                                                 ";"FIM"
"2884";"142003";"LABORATORIO DE ENERGIAS RENOVAVEIS";"LAB. E. RENOV.";"";"";"NATAL";"445";"CENTRO DE TECNOLOGIA";"50";"DEPARTAMENTO DE ENGENHARIA MECANICA";".445.50.2884.";"24/06/1974";"";"ACADÊMICA";"OPERACIONAL";"CIÊNCIAS EXATAS E DA NATUREZA                     ";"LABORATÓRIO                                                 ";"FIM"
"6278";"153208";"LABORATORIO DE ENFERMAGEM II";"LE II/DE";"";"";"NATAL";"441";"CENTRO DE CIENCIAS DA SAUDE";"389";"ADMINISTRACAO DO CENTRO DE CIENCIAS DA SAUDE";".441.389.6278.";"24/06/1974";"";"ACADÊMICA";"OPERACIONAL";"CIÊNCIAS DA SAÚDE                                 ";"LABORATÓRIO                                                 ";"FIM"
"6279";"153209";"LABORATORIO DE ENFERMAGEM III";"LE III/DE";"";"";"NATAL";"441";"CENTRO DE CIENCIAS DA SAUDE";"389";"ADMINISTRACAO DO CENTRO DE CIENCIAS DA SAUDE";".441.389.6279.";"24/06/1974";"";"ACADÊMICA";"OPERACIONAL";"CIÊNCIAS DA SAÚDE                                 ";"LABORATÓRIO                                                 ";"FIM"
"4469";"142106";"LABORATORIO DE ENGENHARIA AMBIENTAL E CONTROLE DE QUALIDADE";"LEACQ";"";"";"NATAL";"445";"CENTRO DE TECNOLOGIA";"57";"DEPARTAMENTO DE ENGENHARIA QUIMICA";".445.57.4469.";"24/06/1974";"";"ACADÊMICA";"OPERACIONAL";"CIÊNCIAS EXATAS E DA NATUREZA                     ";"LABORATÓRIO                                                 ";"FIM"
"4472";"142109";"LABORATORIO DE ENGENHARIA BIOQUIMICA";"LEB";"";"";"NATAL";"445";"CENTRO DE TECNOLOGIA";"57";"DEPARTAMENTO DE ENGENHARIA QUIMICA";".445.57.4472.";"24/06/1974";"";"ACADÊMICA";"OPERACIONAL";"CIÊNCIAS EXATAS E DA NATUREZA                     ";"LABORATÓRIO                                                 ";"FIM"
"6153";"141805";"LABORATORIO DE ENGENHARIA DE COMPUTACAO E AUTOMACAO";"LECA";"";"";"NATAL";"445";"CENTRO DE TECNOLOGIA";"56";"DEPARTAMENTO DE ENGENHARIA DE COMPUTACAO E AUTOMACAO";".445.56.6153.";"31/08/2011";"";"ACADÊMICA";"OPERACIONAL";"CIÊNCIAS EXATAS E DA NATUREZA                     ";"LABORATÓRIO                                                 ";"FIM"
"8793";"143304";"LABORATORIO DE ENGENHARIA DE POCOS DE PETROLEO";"LABPOÇO";"";"";"NATAL";"445";"CENTRO DE TECNOLOGIA";"5075";"DEPARTAMENTO DE ENGENHARIA DE PETROLEO";".445.5075.8793.";"20/06/2014";"";"ACADÊMICA";"OPERACIONAL";"CIÊNCIAS EXATAS E DA NATUREZA                     ";"LABORATÓRIO                                                 ";"FIM"
"8794";"143305";"Laboratorio de Engenharia de Reservatorios de Petroleo";"LABRES";"";"";"NATAL";"445";"CENTRO DE TECNOLOGIA";"5075";"DEPARTAMENTO DE ENGENHARIA DE PETROLEO";".445.5075.8794.";"20/06/2014";"";"ACADÊMICA";"OPERACIONAL";"CIÊNCIAS EXATAS E DA NATUREZA                     ";"LABORATÓRIO                                                 ";"FIM"
"8801";"141911";"LABORATORIO DE ENGENHARIA INTELIGENTE DE DADOS E SISTEMAS ADAPTATIVOS";"IDEAS";"";"";"NATAL";"445";"CENTRO DE TECNOLOGIA";"112";"DEPARTAMENTO DE ENGENHARIA ELETRICA";".445.112.8801.";"20/06/2014";"";"ACADÊMICA";"OPERACIONAL";"CIÊNCIAS EXATAS E DA NATUREZA                     ";"LABORATÓRIO                                                 ";"FIM"
"11402";"143502";"LABORATORIO DE ENGENHARIA TECIDUAL E REABILITACAO";"LABETRE";"";"99193-6395";"NATAL";"445";"CENTRO DE TECNOLOGIA";"5205";"DEPARTAMENTO DE ENGENHARIA BIOMEDICA";".445.5205.11402.";"14/05/2018";"";"ACADÊMICA";"OPERACIONAL";"CIÊNCIAS EXATAS E DA NATUREZA                     ";"LABORATÓRIO                                                 ";"FIM"
"4451";"171313";"LABORATORIO DE ENSAIOS ANTIPARASITARIOS E DE RADIOBIOLOGIA EXPERIMENTAL";"LABEARE";"";"";"NATAL";"440";"CENTRO DE BIOCIENCIAS";"181";"DEPARTAMENTO DE MICROBIOLOGIA E PARASITOLOGIA";".440.181.4451.";"24/06/1974";"";"ACADÊMICA";"OPERACIONAL";"CIÊNCIAS BIOLÓGICAS                               ";"LABORATÓRIO                                                 ";"FIM"
"9002";"19010802";"LABORATORIO DE ENSINO-APRENDIZAGEM";"LABENSAPREN";"";"";"NATAL";"5965";"CENTRO DE EDUCACAO";"10543";"LABORATORIO INTERDISCIPLINAR DE FORMACAO DE EDUCADORES - LIFE";".5965.5966.10543.9002.";"01/06/2008";"";"ACADÊMICA";"OPERACIONAL";"CIÊNCIAS HUMANAS, JURÍDICAS E ECONÔMICAS          ";"LABORATÓRIO                                                 ";"FIM"
"7144";"170911";"LABORATORIO DE ENSINO DE GENETICA";"LEG";"";"";"NATAL";"440";"CENTRO DE BIOCIENCIAS";"179";"DEPARTAMENTO DE BIOLOGIA CELULAR E GENETICA";".440.179.7144.";"08/10/2012";"";"ACADÊMICA";"OPERACIONAL";"CIÊNCIAS BIOLÓGICAS                               ";"LABORATÓRIO                                                 ";"FIM"
"6859";"181513";"LABORATORIO DE ENSINO DE GEOGRAFIA";"LABEGE";"";"";"CAICÓ";"1482";"CENTRO DE  ENSINO SUPERIOR DO SERIDO";"234";"CERES - DEPARTAMENTO DE GEOGRAFIA";".1482.234.6859.";"10/03/2016";"";"ADMINISTRATIVA";"OPERACIONAL";"CIÊNCIAS HUMANAS, JURÍDICAS E ECONÔMICAS          ";"LABORATÓRIO                                                 ";"FIM"
"6055";"171319";"LABORATORIO DE ENSINO DE MICROBIOLOGIA I";"LABMICROI";"";"";"NATAL";"440";"CENTRO DE BIOCIENCIAS";"181";"DEPARTAMENTO DE MICROBIOLOGIA E PARASITOLOGIA";".440.181.6055.";"24/06/1974";"";"ACADÊMICA";"OPERACIONAL";"CIÊNCIAS BIOLÓGICAS                               ";"LABORATÓRIO                                                 ";"FIM"
"6056";"171320";"LABORATORIO DE ENSINO DE MICROBIOLOGIA II";"LABMICROII";"";"";"NATAL";"440";"CENTRO DE BIOCIENCIAS";"181";"DEPARTAMENTO DE MICROBIOLOGIA E PARASITOLOGIA";".440.181.6056.";"24/06/1974";"";"ACADÊMICA";"OPERACIONAL";"CIÊNCIAS BIOLÓGICAS                               ";"LABORATÓRIO                                                 ";"FIM"
"6057";"171321";"LABORATORIO DE ENSINO DE PARASITOLOGIA I";"LABPARASITOI";"";"";"NATAL";"440";"CENTRO DE BIOCIENCIAS";"181";"DEPARTAMENTO DE MICROBIOLOGIA E PARASITOLOGIA";".440.181.6057.";"24/06/1974";"";"ACADÊMICA";"OPERACIONAL";"CIÊNCIAS BIOLÓGICAS                               ";"LABORATÓRIO                                                 ";"FIM"
"6058";"171322";"LABORATORIO DE ENSINO DE PARASITOLOGIA II";"LABPARASITOII";"";"";"NATAL";"440";"CENTRO DE BIOCIENCIAS";"181";"DEPARTAMENTO DE MICROBIOLOGIA E PARASITOLOGIA";".440.181.6058.";"24/06/1974";"";"ACADÊMICA";"OPERACIONAL";"CIÊNCIAS BIOLÓGICAS                               ";"LABORATÓRIO                                                 ";"FIM"
"6143";"128831";"LABORATORIO DE ENSINO DE QUIMICA/IQ";"LEQ/IQ";"";"";"NATAL";"439";"CENTRO DE CIENCIAS EXATAS E DA TERRA";"6025";"INSTITUTO DE QUIMICA";".439.6025.6143.";"25/08/2011";"";"ACADÊMICA";"OPERACIONAL";"CIÊNCIAS EXATAS E DA NATUREZA                     ";"LABORATÓRIO                                                 ";"FIM"
"4506";"171009";"LABORATORIO DE ENSINO EM BIOQUIMICA";"LEBIOQ";"";"";"NATAL";"440";"CENTRO DE BIOCIENCIAS";"182";"DEPARTAMENTO DE BIOQUIMICA";".440.182.4506.";"29/03/2003";"";"ACADÊMICA";"OPERACIONAL";"CIÊNCIAS BIOLÓGICAS                               ";"LABORATÓRIO                                                 ";"FIM"
"10510";"131708";"LABORATORIO DE ENSINO EM GEOGRAFIA FISICA (LABEGEO)";"LABEGEO";"";"";"NATAL";"442";"CENTRO DE CIENCIAS HUMANAS, LETRAS E ARTES";"142";"DEPARTAMENTO DE GEOGRAFIA/CCHLA";".442.142.10510.";"20/03/2019";"";"ACADÊMICA";"OPERACIONAL";"CIÊNCIAS HUMANAS, JURÍDICAS E ECONÔMICAS          ";"LABORATÓRIO                                                 ";"FIM"
"10513";"131710";"LABORATORIO DE ENSINO E PESQUISA EM GEOGRAFIA - LEPEG";"LEPEG";"";"";"NATAL";"442";"CENTRO DE CIENCIAS HUMANAS, LETRAS E ARTES";"142";"DEPARTAMENTO DE GEOGRAFIA/CCHLA";".442.142.10513.";"20/03/2019";"";"ACADÊMICA";"OPERACIONAL";"CIÊNCIAS HUMANAS, JURÍDICAS E ECONÔMICAS          ";"LABORATÓRIO                                                 ";"FIM"
"4502";"171005";"LABORATORIO DE ENSINO, PESQUISA E EXTENSAO EM BIOMOLECULAS";"LaBio";"";"";"NATAL";"440";"CENTRO DE BIOCIENCIAS";"182";"DEPARTAMENTO DE BIOQUIMICA";".440.182.4502.";"29/03/2003";"";"ACADÊMICA";"OPERACIONAL";"CIÊNCIAS BIOLÓGICAS                               ";"LABORATÓRIO                                                 ";"FIM"
"8641";"152503";"LABORATORIO DE EPIDEMIOLOGIA E SALA DE SITUACOES";"LAEPISASI";"";"";"NATAL";"441";"CENTRO DE CIENCIAS DA SAUDE";"409";"NUCLEO DE ESTUDOS EM SAUDE COLETIVA";".441.409.8641.";"16/04/2014";"";"ACADÊMICA";"OPERACIONAL";"CIÊNCIAS DA SAÚDE                                 ";"LABORATÓRIO                                                 ";"FIM"
"5292";"128208";"LABORATORIO DE EQUIPAMENTOS GEOFISICOS";"LABORATÓRIO";"";"";"NATAL";"439";"CENTRO DE CIENCIAS EXATAS E DA TERRA";"4894";"DEPARTAMENTO DE GEOFISICA";".439.4894.5292.";"08/03/2010";"";"ADMINISTRATIVA";"OPERACIONAL";"CIÊNCIAS EXATAS E DA NATUREZA                     ";"SETOR                                                       ";"MEIO"
"6425";"131309";"LABORATORIO DE ERGONOMIA/DEART";"LABERGO";"";"";"NATAL";"442";"CENTRO DE CIENCIAS HUMANAS, LETRAS E ARTES";"139";"DEPARTAMENTO DE ARTES";".442.139.6425.";"18/11/2011";"";"ACADÊMICA";"OPERACIONAL";"ARTES, COMUNICAÇAO E DIFUSAO                      ";"LABORATÓRIO                                                 ";"FIM"
"6138";"128826";"LABORATORIO DE ESPECTROMETRIA DE MASSA E DE DIFRACAO DE RAIOS-X/IQ";"LEMDR/IQ";"";"";"NATAL";"439";"CENTRO DE CIENCIAS EXATAS E DA TERRA";"6025";"INSTITUTO DE QUIMICA";".439.6025.6138.";"25/08/2011";"";"ACADÊMICA";"OPERACIONAL";"CIÊNCIAS EXATAS E DA NATUREZA                     ";"LABORATÓRIO                                                 ";"FIM"
"8816";"142412";"LABORATORIO DE ESPECTROSCOPIA";"LABESPECTRO";"";"";"NATAL";"445";"CENTRO DE TECNOLOGIA";"424";"DEPARTAMENTO DE ENGENHARIA TEXTIL";".445.424.8816.";"25/06/2014";"";"ACADÊMICA";"OPERACIONAL";"CIÊNCIAS EXATAS E DA NATUREZA                     ";"LABORATÓRIO                                                 ";"FIM"
"8815";"142411";"LABORATORIO DE ESTAMPARIA";"LABESTAMP";"";"";"NATAL";"445";"CENTRO DE TECNOLOGIA";"424";"DEPARTAMENTO DE ENGENHARIA TEXTIL";".445.424.8815.";"25/06/2014";"";"ACADÊMICA";"OPERACIONAL";"CIÊNCIAS EXATAS E DA NATUREZA                     ";"LABORATÓRIO                                                 ";"FIM"
"6081";"120206";"LABORATORIO DE ESTATISTICA APLICADA - LEA";"CONSULTEST";"";"";"NATAL";"439";"CENTRO DE CIENCIAS EXATAS E DA TERRA";"47";"DEPARTAMENTO DE ESTATISTICA";".439.47.6081.";"23/08/2011";"";"ADMINISTRATIVA";"TÁTICO";"CIÊNCIAS EXATAS E DA NATUREZA                     ";"ASSESSORIA                                                  ";"MEIO"
"3189";"120204";"LABORATORIO DE ESTATISTICA E MATEMATICA";"ESTMAT";"";"";"NATAL";"439";"CENTRO DE CIENCIAS EXATAS E DA TERRA";"47";"DEPARTAMENTO DE ESTATISTICA";".439.47.3189.";"29/05/1999";"04/09/2007";"ACADÊMICA";"OPERACIONAL";"CIÊNCIAS EXATAS E DA NATUREZA                     ";"LABORATÓRIO                                                 ";"FIM"
"4117";"181511";"LABORATORIO DE ESTUDOS GEOGRAFICOS";"LABEGE";"";"";"CAICÓ";"1482";"CENTRO DE  ENSINO SUPERIOR DO SERIDO";"234";"CERES - DEPARTAMENTO DE GEOGRAFIA";".1482.234.4117.";"24/06/1974";"";"ACADÊMICA";"OPERACIONAL";"CIÊNCIAS EXATAS E DA NATUREZA                     ";"LABORATÓRIO                                                 ";"FIM"
"4109";"181410";"LABORATORIO DE ESTUDOS GRAMATICAIS E LETRAS";"LEGEL";"";"";"CURRAIS NOVOS";"1482";"CENTRO DE  ENSINO SUPERIOR DO SERIDO";"236";"CERES - DEPTO CIENCIAS SOCIAIS E HUMANAS";".1482.236.4109.";"24/06/1974";"";"ACADÊMICA";"OPERACIONAL";"CIÊNCIAS HUMANAS, JURÍDICAS E ECONÔMICAS          ";"LABORATÓRIO                                                 ";"FIM"
"8634";"171210";"LABORATORIO DE ESTUDOS NEUROQUIMICOS E DE MEMORIA";"LABNEUROQUIM";"";"";"NATAL";"440";"CENTRO DE BIOCIENCIAS";"178";"DEPARTAMENTO DE FISIOLOGIA E COMPORTAMENTO";".440.178.8634.";"15/04/2014";"";"ACADÊMICA";"OPERACIONAL";"CIÊNCIAS BIOLÓGICAS                               ";"LABORATÓRIO                                                 ";"FIM"
"9131";"131805";"LABORATORIO DE EXPERIMENTACAO EM HISTORIA SOCIAL";"LEHS";"";"";"NATAL";"442";"CENTRO DE CIENCIAS HUMANAS, LETRAS E ARTES";"141";"DEPARTAMENTO DE HISTORIA";".442.141.9131.";"06/04/2015";"";"ADMINISTRATIVA";"OPERACIONAL";"CIÊNCIAS HUMANAS, JURÍDICAS E ECONÔMICAS          ";"LABORATÓRIO                                                 ";"FIM"
"8769";"17001217";"LABORATORIO DE EXTENSAO/DECO";"LABEXT/DECO";"";"";"NATAL";"440";"CENTRO DE BIOCIENCIAS";"8366";"DEPARTAMENTO DE ECOLOGIA";".440.8366.8769.";"06/06/2014";"";"ACADÊMICA";"OPERACIONAL";"CIÊNCIAS BIOLÓGICAS                               ";"LABORATÓRIO                                                 ";"FIM"
"4292";"151320";"LABORATORIO DE FARMACIA HOSPITALAR";"labfarmh";"";"";"NATAL";"441";"CENTRO DE CIENCIAS DA SAUDE";"196";"DEPARTAMENTO DE FARMACIA";".441.196.4292.";"24/06/1974";"";"ACADÊMICA";"OPERACIONAL";"CIÊNCIAS DA SAÚDE                                 ";"LABORATÓRIO                                                 ";"FIM"
"4165";"151311";"LABORATORIO DE FARMACOGNOSIA";"LF";"";"";"NATAL";"441";"CENTRO DE CIENCIAS DA SAUDE";"196";"DEPARTAMENTO DE FARMACIA";".441.196.4165.";"24/06/1974";"";"ACADÊMICA";"OPERACIONAL";"CIÊNCIAS DA SAÚDE                                 ";"LABORATÓRIO                                                 ";"FIM"
"6208";"170006";"LABORATORIO DE FARMACOLOGIA COMPORTAMENTAL";"LFC/DBF";"";"";"NATAL";"440";"CENTRO DE BIOCIENCIAS";"440";"CENTRO DE BIOCIENCIAS";".440.6208.";"27/09/2011";"";"ACADÊMICA";"OPERACIONAL";"CIÊNCIAS BIOLÓGICAS                               ";"LABORATÓRIO                                                 ";"FIM"
"6210";"170007";"LABORATORIO DE FARMACOLOGIA GERAL";"LAB-FARMC GER";"";"";"NATAL";"440";"CENTRO DE BIOCIENCIAS";"440";"CENTRO DE BIOCIENCIAS";".440.6210.";"27/09/2011";"";"ACADÊMICA";"OPERACIONAL";"CIÊNCIAS BIOLÓGICAS                               ";"LABORATÓRIO                                                 ";"FIM"
"6203";"170001";"LABORATORIO DE FARMACOLOGIA II";"LAB - FARM II";"";"";"NATAL";"440";"CENTRO DE BIOCIENCIAS";"440";"CENTRO DE BIOCIENCIAS";".440.6203.";"27/09/2011";"";"ACADÊMICA";"OPERACIONAL";"CIÊNCIAS BIOLÓGICAS                               ";"LABORATÓRIO                                                 ";"FIM"
"6204";"170002";"LABORATORIO DE FARMACOLOGIA III";"LAB/FARMC III";"";"";"NATAL";"440";"CENTRO DE BIOCIENCIAS";"440";"CENTRO DE BIOCIENCIAS";".440.6204.";"27/09/2011";"";"ACADÊMICA";"OPERACIONAL";"CIÊNCIAS BIOLÓGICAS                               ";"LABORATÓRIO                                                 ";"FIM"
"4346";"151322";"LABORATORIO DE FARMACOTECNICA";"LFAR";"";"";"NATAL";"441";"CENTRO DE CIENCIAS DA SAUDE";"196";"DEPARTAMENTO DE FARMACIA";".441.196.4346.";"24/06/1974";"";"ACADÊMICA";"OPERACIONAL";"CIÊNCIAS DA SAÚDE                                 ";"LABORATÓRIO                                                 ";"FIM"
"4167";"151313";"LABORATORIO DE FARMACOTECNICA HOMEOPATICA";"LFH";"";"";"NATAL";"441";"CENTRO DE CIENCIAS DA SAUDE";"196";"DEPARTAMENTO DE FARMACIA";".441.196.4167.";"24/06/1974";"";"ACADÊMICA";"OPERACIONAL";"CIÊNCIAS DA SAÚDE                                 ";"LABORATÓRIO                                                 ";"FIM"
"8885";"171111";"LABORATORIO DE FAUNA AQUATICA";"FAUNAQUA";"";"";"NATAL";"440";"CENTRO DE BIOCIENCIAS";"183";"DEPARTAMENTO DE BOTANICA E ZOOLOGIA";".440.183.8885.";"19/08/2014";"";"ACADÊMICA";"OPERACIONAL";"CIÊNCIAS BIOLÓGICAS                               ";"LABORATÓRIO                                                 ";"FIM"
"8886";"171112";"LABORATORIO DE FAUNA BENTONICA";"FAUBENTONICA";"";"";"NATAL";"440";"CENTRO DE BIOCIENCIAS";"183";"DEPARTAMENTO DE BOTANICA E ZOOLOGIA";".440.183.8886.";"19/08/2014";"";"ACADÊMICA";"OPERACIONAL";"CIÊNCIAS BIOLÓGICAS                               ";"LABORATÓRIO                                                 ";"FIM"
"8812";"142408";"LABORATORIO DE FIACAO";"LABFIAÇÃO";"";"";"NATAL";"445";"CENTRO DE TECNOLOGIA";"424";"DEPARTAMENTO DE ENGENHARIA TEXTIL";".445.424.8812.";"25/06/2014";"";"ACADÊMICA";"OPERACIONAL";"CIÊNCIAS EXATAS E DA NATUREZA                     ";"LABORATÓRIO                                                 ";"FIM"
"6434";"131318";"LABORATORIO DE FIGURINO/DART";"LABFIGURINO";"";"";"NATAL";"442";"CENTRO DE CIENCIAS HUMANAS, LETRAS E ARTES";"139";"DEPARTAMENTO DE ARTES";".442.139.6434.";"18/11/2011";"";"ACADÊMICA";"OPERACIONAL";"ARTES, COMUNICAÇAO E DIFUSAO                      ";"LABORATÓRIO                                                 ";"FIM"
"30503";"141615";"LABORATORIO DE FILMES FINOS";"LAFIL/DEMAT";"";"(84)33422254";"NATAL";"445";"CENTRO DE TECNOLOGIA";"1589";"DEPARTAMENTO DE ENGENHARIA DE MATERIAIS";".445.1589.30503.";"01/10/2019";"";"ACADÊMICA";"OPERACIONAL";"CIÊNCIAS EXATAS E DA NATUREZA                     ";"LABORATÓRIO                                                 ";"FIM"
"6370";"11225003";"LABORATORIO DE FISICA";"LABFISI";"";"";"MACAÍBA";"605";"UNIVERSIDADE FEDERAL DO RIO GRANDE DO NORTE";"6365";"CENTRO VOCACIONAL TECNOLOGICO";".605.351.6365.6370.";"10/11/2011";"";"ACADÊMICA";"OPERACIONAL";"AGROPECUÁRIO                                      ";"LABORATÓRIO                                                 ";"FIM"
"6082";"120310";"LABORATORIO DE FISICA COMPUTACIONAL";"LABFISCOM";"";"";"NATAL";"439";"CENTRO DE CIENCIAS EXATAS E DA TERRA";"121";"DEPARTAMENTO DE FISICA TEORICA E EXPERIMENTAL";".439.121.6082.";"23/08/2011";"";"ACADÊMICA";"OPERACIONAL";"CIÊNCIAS EXATAS E DA NATUREZA                     ";"LABORATÓRIO                                                 ";"FIM"
"5352";"11250606";"LABORATORIO DE FISICA - ECT";"LABFIS";"";"";"NATAL";"605";"UNIVERSIDADE FEDERAL DO RIO GRANDE DO NORTE";"10526";"LABORATORIOS DE ENSINO E PESQUISA DA ECT";".605.4885.10526.5352.";"14/05/2010";"";"ACADÊMICA";"OPERACIONAL";"ADMINISTRATIVO                                    ";"LABORATÓRIO                                                 ";"FIM"
"6083";"120311";"LABORATORIO DE FISICA EXPERIMENTAL I";"LABFIEX I";"";"";"NATAL";"439";"CENTRO DE CIENCIAS EXATAS E DA TERRA";"121";"DEPARTAMENTO DE FISICA TEORICA E EXPERIMENTAL";".439.121.6083.";"23/08/2011";"";"ACADÊMICA";"OPERACIONAL";"CIÊNCIAS EXATAS E DA NATUREZA                     ";"LABORATÓRIO                                                 ";"FIM"
"6084";"120312";"LABORATORIO DE FISICA EXPERIMENTAL II";"LABFIEX II";"";"";"NATAL";"439";"CENTRO DE CIENCIAS EXATAS E DA TERRA";"121";"DEPARTAMENTO DE FISICA TEORICA E EXPERIMENTAL";".439.121.6084.";"23/08/2011";"";"ACADÊMICA";"OPERACIONAL";"CIÊNCIAS EXATAS E DA NATUREZA                     ";"LABORATÓRIO                                                 ";"FIM"
"4237";"120306";"LABORATORIO DE FISICA I";"lab/fI";"";"";"NATAL";"439";"CENTRO DE CIENCIAS EXATAS E DA TERRA";"121";"DEPARTAMENTO DE FISICA TEORICA E EXPERIMENTAL";".439.121.4237.";"24/06/1974";"";"ACADÊMICA";"OPERACIONAL";"CIÊNCIAS EXATAS E DA NATUREZA                     ";"LABORATÓRIO                                                 ";"FIM"
"4236";"120305";"LABORATORIO DE FISICA II";"lab/fII";"";"";"NATAL";"439";"CENTRO DE CIENCIAS EXATAS E DA TERRA";"121";"DEPARTAMENTO DE FISICA TEORICA E EXPERIMENTAL";".439.121.4236.";"24/06/1974";"";"ACADÊMICA";"OPERACIONAL";"CIÊNCIAS EXATAS E DA NATUREZA                     ";"LABORATÓRIO                                                 ";"FIM"
"6085";"120313";"LABORATORIO DE FISICA MODERNA";"LABFIMOD";"";"";"NATAL";"439";"CENTRO DE CIENCIAS EXATAS E DA TERRA";"121";"DEPARTAMENTO DE FISICA TEORICA E EXPERIMENTAL";".439.121.6085.";"23/08/2011";"";"ACADÊMICA";"OPERACIONAL";"CIÊNCIAS EXATAS E DA NATUREZA                     ";"LABORATÓRIO                                                 ";"FIM"
"4178";"151405";"LABORATORIO DE FISIOTERAPIA GERIATRICA E EPIDEMOLOGIA CLINICA";"LFGEC";"";"";"NATAL";"441";"CENTRO DE CIENCIAS DA SAUDE";"201";"DEPARTAMENTO DE FISIOTERAPIA";".441.201.4178.";"24/06/1974";"";"ACADÊMICA";"OPERACIONAL";"CIÊNCIAS DA SAÚDE                                 ";"LABORATÓRIO                                                 ";"FIM"
"6149";"128837";"LABORATORIO DE FLUIDOS DE PERFURACAO, COMPLETACAO E ESTIMULACAO/IQ";"LFPCE/IQ";"";"";"NATAL";"439";"CENTRO DE CIENCIAS EXATAS E DA TERRA";"6025";"INSTITUTO DE QUIMICA";".439.6025.6149.";"25/08/2011";"";"ACADÊMICA";"OPERACIONAL";"CIÊNCIAS EXATAS E DA NATUREZA                     ";"LABORATÓRIO                                                 ";"FIM"
"6087";"120315";"LABORATORIO DE FLUIDOS E TERMODINAMICA";"LABFLUTERM";"";"";"NATAL";"439";"CENTRO DE CIENCIAS EXATAS E DA TERRA";"121";"DEPARTAMENTO DE FISICA TEORICA E EXPERIMENTAL";".439.121.6087.";"23/08/2011";"";"ACADÊMICA";"TÁTICO";"CIÊNCIAS EXATAS E DA NATUREZA                     ";"LABORATÓRIO                                                 ";"FIM"
"6421";"131506";"LABORATORIO DE FOTOGRAFIA/LABCOM";"LABFOTO";"";"";"NATAL";"442";"CENTRO DE CIENCIAS HUMANAS, LETRAS E ARTES";"140";"DEPARTAMENTO DE COMUNICACAO SOCIAL";".442.140.6421.";"16/11/2011";"";"ACADÊMICA";"OPERACIONAL";"CIÊNCIAS HUMANAS, JURÍDICAS E ECONÔMICAS          ";"LABORATÓRIO                                                 ";"FIM"
"7139";"170906";"LABORATORIO DE GENETICA DE RECURSOS MARINHOS";"LGRM";"";"";"NATAL";"440";"CENTRO DE BIOCIENCIAS";"179";"DEPARTAMENTO DE BIOLOGIA CELULAR E GENETICA";".440.179.7139.";"08/12/2012";"";"ACADÊMICA";"OPERACIONAL";"CIÊNCIAS BIOLÓGICAS                               ";"LABORATÓRIO                                                 ";"FIM"
"7138";"170905";"LABORATORIO DE GENETICA MOLECULAR DE PLANTAS E BIOINTERACOES";"LGMPB";"";"";"NATAL";"440";"CENTRO DE BIOCIENCIAS";"179";"DEPARTAMENTO DE BIOLOGIA CELULAR E GENETICA";".440.179.7138.";"08/12/2012";"";"ACADÊMICA";"OPERACIONAL";"CIÊNCIAS BIOLÓGICAS                               ";"LABORATÓRIO                                                 ";"FIM"
"5290";"128202";"LABORATORIO DE GEOFISICA APLICADA";"LAGAP/GEOFIS";"";"";"NATAL";"439";"CENTRO DE CIENCIAS EXATAS E DA TERRA";"4894";"DEPARTAMENTO DE GEOFISICA";".439.4894.5290.";"08/03/2010";"";"ACADÊMICA";"OPERACIONAL";"CIÊNCIAS EXATAS E DA NATUREZA                     ";"LABORATÓRIO                                                 ";"FIM"
"6304";"128216";"LABORATORIO DE GEOFISICA ESPACIAL";"LABGEOESPA";"";"";"NATAL";"439";"CENTRO DE CIENCIAS EXATAS E DA TERRA";"4894";"DEPARTAMENTO DE GEOFISICA";".439.4894.6304.";"10/11/2011";"";"ACADÊMICA";"OPERACIONAL";"CIÊNCIAS EXATAS E DA NATUREZA                     ";"LABORATÓRIO                                                 ";"FIM"
"10511";"131709";"LABORATORIO DE GEOGRAFIA FISICA (ENSINO/PESQUISA)";"LABGEOFIS/ENS";"";"";"NATAL";"442";"CENTRO DE CIENCIAS HUMANAS, LETRAS E ARTES";"142";"DEPARTAMENTO DE GEOGRAFIA/CCHLA";".442.142.10511.";"20/03/2019";"";"ACADÊMICA";"OPERACIONAL";"CIÊNCIAS HUMANAS, JURÍDICAS E ECONÔMICAS          ";"LABORATÓRIO                                                 ";"FIM"
"6751";"120001";"LABORATORIO DE GEOLOGIA E GEOFISICA DO PETROLEO";"LABGEOPETRO";"";"";"NATAL";"439";"CENTRO DE CIENCIAS EXATAS E DA TERRA";"439";"CENTRO DE CIENCIAS EXATAS E DA TERRA";".439.6751.";"13/12/2011";"";"ACADÊMICA";"OPERACIONAL";"CIÊNCIAS EXATAS E DA NATUREZA                     ";"LABORATÓRIO                                                 ";"FIM"
"4239";"120402";"LABORATORIO DE GEOLOGIA E GEOFISICA MARINHA";"lggm";"";"";"NATAL";"439";"CENTRO DE CIENCIAS EXATAS E DA TERRA";"123";"DEPARTAMENTO DE GEOLOGIA";".439.123.4239.";"24/06/1974";"";"ACADÊMICA";"OPERACIONAL";"CIÊNCIAS EXATAS E DA NATUREZA                     ";"LABORATÓRIO                                                 ";"FIM"
"4118";"181512";"LABORATORIO DE GEOMORFOLOGIA E SEDIMENTOLOGIA APLICADA";"LAGESA/CERES";"";"";"CAICÓ";"1482";"CENTRO DE  ENSINO SUPERIOR DO SERIDO";"234";"CERES - DEPARTAMENTO DE GEOGRAFIA";".1482.234.4118.";"24/06/1974";"";"ACADÊMICA";"OPERACIONAL";"CIÊNCIAS EXATAS E DA NATUREZA                     ";"LABORATÓRIO                                                 ";"FIM"
"6396";"112272";"LABORATORIO DE GEOPROCESSAMENTO/EAJ";"LABGEOPROC/EAJ";"";"";"MACAÍBA";"605";"UNIVERSIDADE FEDERAL DO RIO GRANDE DO NORTE";"351";"ESCOLA AGRICOLA DE JUNDIAI";".605.351.6396.";"16/11/2011";"";"ACADÊMICA";"OPERACIONAL";"AGROPECUÁRIO                                      ";"LABORATÓRIO                                                 ";"FIM"
"10506";"131706";"LABORATORIO DE GEOPROCESSAMENTO E CARTOGRAFIA DIGITAL";"LABGEO/CDIGI";"";"";"NATAL";"442";"CENTRO DE CIENCIAS HUMANAS, LETRAS E ARTES";"142";"DEPARTAMENTO DE GEOGRAFIA/CCHLA";".442.142.10506.";"20/03/2019";"";"ACADÊMICA";"OPERACIONAL";"CIÊNCIAS HUMANAS, JURÍDICAS E ECONÔMICAS          ";"LABORATÓRIO                                                 ";"FIM"
"4114";"181508";"LABORATORIO DE GEOPROCESSAMENTO E GEOGRAFIA FISICA";"LAGGEF";"";"";"CAICÓ";"1482";"CENTRO DE  ENSINO SUPERIOR DO SERIDO";"234";"CERES - DEPARTAMENTO DE GEOGRAFIA";".1482.234.4114.";"24/06/1974";"";"ACADÊMICA";"OPERACIONAL";"CIÊNCIAS EXATAS E DA NATUREZA                     ";"LABORATÓRIO                                                 ";"FIM"
"4240";"120403";"LABORATORIO DE GEOQUIMICA";"labgeo";"";"";"NATAL";"439";"CENTRO DE CIENCIAS EXATAS E DA TERRA";"123";"DEPARTAMENTO DE GEOLOGIA";".439.123.4240.";"24/06/1974";"";"ACADÊMICA";"OPERACIONAL";"CIÊNCIAS EXATAS E DA NATUREZA                     ";"LABORATÓRIO                                                 ";"FIM"
"6173";"141825";"LABORATORIO DE GERENCIAMENTO DA INFORMACAO";"LGI/LAUT";"";"";"NATAL";"445";"CENTRO DE TECNOLOGIA";"56";"DEPARTAMENTO DE ENGENHARIA DE COMPUTACAO E AUTOMACAO";".445.56.6173.";"31/08/2011";"";"ACADÊMICA";"OPERACIONAL";"CIÊNCIAS EXATAS E DA NATUREZA                     ";"LABORATÓRIO                                                 ";"FIM"
"6218";"171509";"LABORATORIO DE GESTAO COSTEIRA INTEGRADA";"LABGECOI";"";"";"NATAL";"440";"CENTRO DE BIOCIENCIAS";"180";"DEPARTAMENTO DE OCEANOGRAFIA E LIMNOLOGIA";".440.180.6218.";"27/09/2011";"";"ACADÊMICA";"OPERACIONAL";"CIÊNCIAS BIOLÓGICAS                               ";"LABORATÓRIO                                                 ";"FIM"
"6857";"181515";"LABORATORIO DE GESTAO TERRITORIAL E AMBIENTAL";"LGTA";"";"";"CAICÓ";"1482";"CENTRO DE  ENSINO SUPERIOR DO SERIDO";"234";"CERES - DEPARTAMENTO DE GEOGRAFIA";".1482.234.6857.";"26/02/2016";"";"ACADÊMICA";"ESTRATÉGICO";"ADMINISTRATIVO                                    ";"ASSESSORIA                                                  ";"FIM"
"7827";"171015";"LABORATORIO DE GLICOBIOLOGIA MOLECULAR";"LABGLIMOL";"";"";"NATAL";"440";"CENTRO DE BIOCIENCIAS";"182";"DEPARTAMENTO DE BIOQUIMICA";".440.182.7827.";"01/01/2013";"";"ACADÊMICA";"ESTRATÉGICO";"ADMINISTRATIVO                                    ";"LABORATÓRIO                                                 ";"FIM"
"1638";"171016";"LABORATORIO DE GLICOCONJUGADOS BIOATIVOS";"LABGBIO";"";"";"NATAL";"440";"CENTRO DE BIOCIENCIAS";"182";"DEPARTAMENTO DE BIOQUIMICA";".440.182.1638.";"24/06/1974";"";"ACADÊMICA";"OPERACIONAL";"CIÊNCIAS BIOLÓGICAS                               ";"LABORATÓRIO                                                 ";"FIM"
"11147";"183301";"LABORATORIO DE GOVERNANCA PUBLICA";"LABGOV/CERES";"";"981744747";"CAICÓ";"1482";"CENTRO DE  ENSINO SUPERIOR DO SERIDO";"4881";"DEPARTAMENTO DE DIREITO - CERES";".1482.4881.11147.";"30/11/2017";"";"ACADÊMICA";"OPERACIONAL";"CIÊNCIAS HUMANAS, JURÍDICAS E ECONÔMICAS          ";"LABORATÓRIO                                                 ";"FIM"
"1493";"153204";"LABORATORIO DE HABILIDADE";"LH/CCS";"";"";"NATAL";"441";"CENTRO DE CIENCIAS DA SAUDE";"389";"ADMINISTRACAO DO CENTRO DE CIENCIAS DA SAUDE";".441.389.1493.";"24/06/1974";"";"ACADÊMICA";"OPERACIONAL";"CIÊNCIAS DA SAÚDE                                 ";"LABORATÓRIO                                                 ";"FIM"
"8776";"11322907";"LABORATORIO DE HABILIDADES CLINICAS - EMCM";"LABHABCLI/EMCM";"";"";"CAICÓ";"605";"UNIVERSIDADE FEDERAL DO RIO GRANDE DO NORTE";"7278";"ESCOLA MULTICAMPI DE CIENCIAS MEDICAS DO RIO GRANDE DO NORTE";".605.262.7278.8776.";"01/01/2013";"";"ACADÊMICA";"ESTRATÉGICO";"ADMINISTRATIVO                                    ";"ASSESSORIA                                                  ";"FIM"
"4385";"11690014";"LABORATORIO DE HABILIDADES TECNICAS EM SAUDE I";"LHTS-I";"";"";"NATAL";"605";"UNIVERSIDADE FEDERAL DO RIO GRANDE DO NORTE";"205";"ESCOLA DE SAUDE";".605.205.4385.";"24/06/1974";"";"ADMINISTRATIVA";"OPERACIONAL";"CIÊNCIAS DA SAÚDE                                 ";"LABORATÓRIO                                                 ";"FIM"
"6275";"11690019";"LABORATORIO DE HABILIDADES TECNICAS EM SAUDE II";"LHTS-II";"";"";"NATAL";"605";"UNIVERSIDADE FEDERAL DO RIO GRANDE DO NORTE";"205";"ESCOLA DE SAUDE";".605.205.6275.";"24/06/1974";"";"ACADÊMICA";"OPERACIONAL";"CIÊNCIAS DA SAÚDE                                 ";"LABORATÓRIO                                                 ";"FIM"
"6164";"141816";"LABORATORIO DE HARDWARE RECONFIGURAVEL";"LHR";"";"";"NATAL";"445";"CENTRO DE TECNOLOGIA";"56";"DEPARTAMENTO DE ENGENHARIA DE COMPUTACAO E AUTOMACAO";".445.56.6164.";"31/08/2011";"";"ACADÊMICA";"OPERACIONAL";"CIÊNCIAS EXATAS E DA NATUREZA                     ";"LABORATÓRIO                                                 ";"FIM"
"4452";"17130101";"LABORATORIO DE HELMINTOLOGIA";"LABH";"";"";"NATAL";"440";"CENTRO DE BIOCIENCIAS";"3986";"SECRETARIA DE MICROBIOLOGIA E PARASITOLOGIA";".440.181.3986.4452.";"24/06/1974";"";"ACADÊMICA";"OPERACIONAL";"CIÊNCIAS BIOLÓGICAS                               ";"LABORATÓRIO                                                 ";"FIM"
"3529";"1554000003";"LABORATORIO DE HEMATOLOGIA";"LHEMATO";"";"";"NATAL";"441";"CENTRO DE CIENCIAS DA SAUDE";"3524";"SERVICOS MEDICOS";".605.292.3523.3524.3529.";"24/06/1974";"";"ACADÊMICA";"OPERACIONAL";"CIÊNCIAS DA SAÚDE                                 ";"LABORATÓRIO                                                 ";"FIM"
"4391";"150910";"LABORATORIO DE HEMATOLOGIA CLINICA";"labhemato";"";"";"NATAL";"441";"CENTRO DE CIENCIAS DA SAUDE";"117";"DEPARTAMENTO DE ANALISES CLINICAS E TOXICOLOGICAS";".441.117.4391.";"24/06/1974";"";"ACADÊMICA";"OPERACIONAL";"CIÊNCIAS DA SAÚDE                                 ";"LABORATÓRIO                                                 ";"FIM"
"3531";"1554000005";"LABORATORIO DE HEMOGLOBINA";"LHEMOG";"";"";"NATAL";"441";"CENTRO DE CIENCIAS DA SAUDE";"3524";"SERVICOS MEDICOS";".605.292.3523.3524.3531.";"24/06/1974";"";"ACADÊMICA";"OPERACIONAL";"CIÊNCIAS DA SAÚDE                                 ";"LABORATÓRIO                                                 ";"FIM"
"3530";"1554000004";"LABORATORIO DE HEMOTERAPIA";"LHEMOT";"mag_nhhufrn@hotmail.com";"3202-3955, 3202-3976";"NATAL";"441";"CENTRO DE CIENCIAS DA SAUDE";"3524";"SERVICOS MEDICOS";".605.292.3523.3524.3530.";"24/06/1974";"";"ACADÊMICA";"OPERACIONAL";"CIÊNCIAS DA SAÚDE                                 ";"LABORATÓRIO                                                 ";"FIM"
"8888";"171114";"LABORATORIO DE HERPETOLOGIA";"LABHERPETO";"";"";"NATAL";"440";"CENTRO DE BIOCIENCIAS";"183";"DEPARTAMENTO DE BOTANICA E ZOOLOGIA";".440.183.8888.";"19/08/2014";"";"ACADÊMICA";"OPERACIONAL";"CIÊNCIAS BIOLÓGICAS                               ";"LABORATÓRIO                                                 ";"FIM"
"8779";"141708";"LABORATORIO DE HIDRAULICA";"LABHIDRA";"";"";"NATAL";"445";"CENTRO DE TECNOLOGIA";"52";"DEPARTAMENTO DE ENGENHARIA CIVIL E AMBIENTAL";".445.52.8779.";"18/06/2014";"";"ACADÊMICA";"OPERACIONAL";"CIÊNCIAS EXATAS E DA NATUREZA                     ";"LABORATÓRIO                                                 ";"FIM"
"6391";"112267";"LABORATORIO DE HIDRAULICA E IRRIGACAO/EAJ";"LABHIDIRRI";"";"";"MACAÍBA";"605";"UNIVERSIDADE FEDERAL DO RIO GRANDE DO NORTE";"351";"ESCOLA AGRICOLA DE JUNDIAI";".605.351.6391.";"16/11/2011";"";"ACADÊMICA";"OPERACIONAL";"AGROPECUÁRIO                                      ";"LABORATÓRIO                                                 ";"FIM"
"8623";"151113";"LABORATORIO DE IMAGEM E SOM";"LABIMASOM";"";"";"NATAL";"441";"CENTRO DE CIENCIAS DA SAUDE";"199";"DEPARTAMENTO DE EDUCACAO FISICA";".441.199.8623.";"15/04/2014";"";"ACADÊMICA";"OPERACIONAL";"CIÊNCIAS DA SAÚDE                                 ";"LABORATÓRIO                                                 ";"FIM"
"9130";"131804";"LABORATORIO DE IMAGENS";"LABIMG";"";"";"NATAL";"442";"CENTRO DE CIENCIAS HUMANAS, LETRAS E ARTES";"141";"DEPARTAMENTO DE HISTORIA";".442.141.9130.";"06/04/2015";"";"ADMINISTRATIVA";"OPERACIONAL";"CIÊNCIAS HUMANAS, JURÍDICAS E ECONÔMICAS          ";"LABORATÓRIO                                                 ";"FIM"
"4446";"171308";"LABORATORIO DE IMUNOFARMACOLOGIA";"LABIMUNO";"";"";"NATAL";"440";"CENTRO DE BIOCIENCIAS";"181";"DEPARTAMENTO DE MICROBIOLOGIA E PARASITOLOGIA";".440.181.4446.";"24/06/1974";"";"ACADÊMICA";"OPERACIONAL";"ADMINISTRATIVO                                    ";"LABORATÓRIO                                                 ";"FIM"
"4499";"171002";"LABORATORIO DE IMUNOGENETICA";"LAB IMUNO";"";"";"NATAL";"440";"CENTRO DE BIOCIENCIAS";"182";"DEPARTAMENTO DE BIOQUIMICA";".440.182.4499.";"24/06/1974";"";"ACADÊMICA";"OPERACIONAL";"CIÊNCIAS BIOLÓGICAS                               ";"LABORATÓRIO                                                 ";"FIM"
"4707";"171010";"LABORATORIO DE IMUNOGENETICA-TMRC";"LI-TMRC";"";"";"NATAL";"440";"CENTRO DE BIOCIENCIAS";"182";"DEPARTAMENTO DE BIOQUIMICA";".440.182.4707.";"17/01/2018";"";"ACADÊMICA";"ESTRATÉGICO";"CIÊNCIAS BIOLÓGICAS                               ";"LABORATÓRIO                                                 ";"FIM"
"4147";"150904";"LABORATORIO DE IMUNOLOGIA CLINICA";"LIC";"";"";"NATAL";"441";"CENTRO DE CIENCIAS DA SAUDE";"117";"DEPARTAMENTO DE ANALISES CLINICAS E TOXICOLOGICAS";".441.117.4147.";"24/06/1974";"";"ACADÊMICA";"OPERACIONAL";"CIÊNCIAS DA SAÚDE                                 ";"LABORATÓRIO                                                 ";"FIM"
"4449";"171311";"LABORATORIO DE IMUNOLOGIA E DIAGNOSTICO DE INFECCOES DE ORGANISMOS AQUATICOS";"LABIDIOA";"";"";"NATAL";"440";"CENTRO DE BIOCIENCIAS";"181";"DEPARTAMENTO DE MICROBIOLOGIA E PARASITOLOGIA";".440.181.4449.";"24/06/1974";"";"ACADÊMICA";"OPERACIONAL";"CIÊNCIAS BIOLÓGICAS                               ";"LABORATÓRIO                                                 ";"FIM"
"6060";"171324";"LABORATORIO DE IMUNOPARASITOLOGIA";"LABIMUNOPARASI";"";"";"NATAL";"440";"CENTRO DE BIOCIENCIAS";"181";"DEPARTAMENTO DE MICROBIOLOGIA E PARASITOLOGIA";".440.181.6060.";"22/08/2011";"";"ACADÊMICA";"OPERACIONAL";"CIÊNCIAS BIOLÓGICAS                               ";"LABORATÓRIO                                                 ";"FIM"
"6148";"128836";"LABORATORIO DE INCRUSTACAO/IQ";"LI/IQ";"";"";"NATAL";"439";"CENTRO DE CIENCIAS EXATAS E DA TERRA";"6025";"INSTITUTO DE QUIMICA";".439.6025.6148.";"25/08/2011";"";"ACADÊMICA";"OPERACIONAL";"CIÊNCIAS EXATAS E DA NATUREZA                     ";"LABORATÓRIO                                                 ";"FIM"
"4539";"180401";"LABORATORIO DE INFOMATICA";"LABOINF";"";"";"CAICÓ";"1482";"CENTRO DE  ENSINO SUPERIOR DO SERIDO";"61";"ADMINISTRACAO DO CERES - CAICO";".1482.61.4539.";"24/06/1974";"";"ACADÊMICA";"OPERACIONAL";"INFORMAÇÃO                                        ";"LABORATÓRIO                                                 ";"FIM"
"3442";"11210307";"LABORATORIO DE INFORMATICA";"LAB/INFO";"";"";"NOVA CRUZ";"605";"UNIVERSIDADE FEDERAL DO RIO GRANDE DO NORTE";"3435";"DIRECAO DO NUCLEO DE NOVA CRUZ";".605.1450.3433.3435.3442.";"24/06/1974";"";"ADMINISTRATIVA";"OPERACIONAL";"INFORMAÇÃO                                        ";"LABORATÓRIO                                                 ";"MEIO"
"4397";"11690016";"LABORATORIO DE INFORMATICA";"LABINFO/EEN";"";"";"NATAL";"605";"UNIVERSIDADE FEDERAL DO RIO GRANDE DO NORTE";"205";"ESCOLA DE SAUDE";".605.205.4397.";"24/06/1974";"";"ADMINISTRATIVA";"OPERACIONAL";"CIÊNCIAS DA SAÚDE                                 ";"LABORATÓRIO                                                 ";"FIM"
"6362";"11220004";"LABORATORIO DE INFORMATICA";"LABINFOR/EAJ";"";"";"MACAÍBA";"605";"UNIVERSIDADE FEDERAL DO RIO GRANDE DO NORTE";"351";"ESCOLA AGRICOLA DE JUNDIAI";".605.351.6362.";"10/11/2011";"";"ADMINISTRATIVA";"OPERACIONAL";"AGROPECUÁRIO                                      ";"LABORATÓRIO                                                 ";"FIM"
"6371";"11225004";"LABORATORIO DE INFORMATICA";"LABINFOR";"";"";"MACAÍBA";"605";"UNIVERSIDADE FEDERAL DO RIO GRANDE DO NORTE";"6365";"CENTRO VOCACIONAL TECNOLOGICO";".605.351.6365.6371.";"10/11/2011";"";"ADMINISTRATIVA";"OPERACIONAL";"AGROPECUÁRIO                                      ";"LABORATÓRIO                                                 ";"FIM"
"6398";"112274";"LABORATORIO DE INFORMATICA/AGRONOMIA";"LABINFOAGRON";"";"";"MACAÍBA";"605";"UNIVERSIDADE FEDERAL DO RIO GRANDE DO NORTE";"351";"ESCOLA AGRICOLA DE JUNDIAI";".605.351.6398.";"16/11/2011";"";"ACADÊMICA";"OPERACIONAL";"INFORMAÇÃO                                        ";"LABORATÓRIO                                                 ";"FIM"
"4535";"141504";"LABORATORIO DE INFORMATICA APLICADA A ARQUITETURA E URBANISMO";"LABINFO";"";"";"NATAL";"445";"CENTRO DE TECNOLOGIA";"54";"DEPARTAMENTO DE ARQUITETURA";".445.54.4535.";"24/06/1974";"";"ACADÊMICA";"OPERACIONAL";"INFORMAÇÃO                                        ";"LABORATÓRIO                                                 ";"FIM"
"4464";"142202";"LABORATORIO DE INFORMATICA APLICADA A ENGENHARIA DE PRODUCAO ";"LIEP";"";"";"NATAL";"445";"CENTRO DE TECNOLOGIA";"115";"DEPARTAMENTO DE ENGENHARIA PRODUCAO";".445.115.4464.";"24/06/1974";"";"ACADÊMICA";"OPERACIONAL";"CIÊNCIAS EXATAS E DA NATUREZA                     ";"LABORATÓRIO                                                 ";"FIM"
"4383";"11210206";"LABORATORIO DE INFORMATICA/CAMPUS DE MACAU";"LICM";"";"";"MACAU";"605";"UNIVERSIDADE FEDERAL DO RIO GRANDE DO NORTE";"3430";"NUCLEO DE MACAU";".605.1450.3418.3425.3430.4383.";"24/06/1974";"";"ADMINISTRATIVA";"OPERACIONAL";"AGROPECUÁRIO                                      ";"LABORATÓRIO                                                 ";"FIM"
"4578";"170107";"LABORATORIO DE INFORMATICA/CB";"lainf/cb";"";"";"NATAL";"440";"CENTRO DE BIOCIENCIAS";"176";"ADMINISTRACAO DO CB";".440.176.4578.";"24/06/1974";"";"ADMINISTRATIVA";"OPERACIONAL";"INFORMAÇÃO                                        ";"LABORATÓRIO                                                 ";"MEIO"
"4323";"144201";"LABORATORIO DE INFORMATICA DA PPGM";"LABOINFOPPGM";"";"";"NATAL";"445";"CENTRO DE TECNOLOGIA";"1576";"COORD. CURSO DE POS-GRAD. EM ENGENHARIA MECANICA";".445.1576.4323.";"24/06/1974";"";"ACADÊMICA";"OPERACIONAL";"INFORMAÇÃO                                        ";"LABORATÓRIO                                                 ";"FIM"
"4400";"151103";"LABORATORIO DE INFORMATICA/DEF";"labinf/def";"";"";"NATAL";"441";"CENTRO DE CIENCIAS DA SAUDE";"199";"DEPARTAMENTO DE EDUCACAO FISICA";".441.199.4400.";"24/06/1974";"";"ACADÊMICA";"OPERACIONAL";"INFORMAÇÃO                                        ";"LABORATÓRIO                                                 ";"MEIO"
"8802";"142017";"LABORATORIO DE INFORMATICA/DEM";"LABINFO/DEM";"";"";"NATAL";"445";"CENTRO DE TECNOLOGIA";"50";"DEPARTAMENTO DE ENGENHARIA MECANICA";".445.50.8802.";"20/06/2014";"";"ACADÊMICA";"OPERACIONAL";"INFORMAÇÃO                                        ";"LABORATÓRIO                                                 ";"FIM"
"4537";"151202";"LABORATORIO DE INFORMATICA/DENF";"labinf/denf";"";"";"NATAL";"441";"CENTRO DE CIENCIAS DA SAUDE";"198";"DEPARTAMENTO DE ENFERMAGEM";".441.198.4537.";"24/06/1974";"";"ACADÊMICA";"OPERACIONAL";"ADMINISTRATIVO                                    ";"SETOR                                                       ";"MEIO"
"8175";"161503";"LABORATORIO DE INFORMATICA DO CURSO DE CIENCIAS CONTABEIS I";"LBINFOCIECON I";"";"";"NATAL";"443";"CENTRO DE CIENCIAS SOCIAIS APLICADAS";"163";"DEPARTAMENTO DE CIENCIAS CONTABEIS - DCC";".443.163.8175.";"16/12/2013";"";"ACADÊMICA";"OPERACIONAL";"INFORMAÇÃO                                        ";"LABORATÓRIO                                                 ";"FIM"
"8438";"161504";"LABORATORIO DE INFORMATICA DO CURSO DE CIENCIAS CONTABEIS II";"LABCIENCON II";"";"";"NATAL";"443";"CENTRO DE CIENCIAS SOCIAIS APLICADAS";"163";"DEPARTAMENTO DE CIENCIAS CONTABEIS - DCC";".443.163.8438.";"19/02/0014";"";"ACADÊMICA";"OPERACIONAL";"CIÊNCIAS HUMANAS, JURÍDICAS E ECONÔMICAS          ";"LABORATÓRIO                                                 ";"FIM"
"3192";"1810";"LABORATORIO DE INFORMATICA DO DCSH";"LABINF-DCSH";"";"";"CURRAIS NOVOS";"1482";"CENTRO DE  ENSINO SUPERIOR DO SERIDO";"236";"CERES - DEPTO CIENCIAS SOCIAIS E HUMANAS";".1482.236.3192.";"24/06/1974";"";"ACADÊMICA";"OPERACIONAL";"CIÊNCIAS HUMANAS, JURÍDICAS E ECONÔMICAS          ";"LABORATÓRIO                                                 ";"FIM"
"8800";"141910";"LABORATORIO DE INFORMATICA DO DEPARTAMENTO DE ENGENHARIA ELETRICA";"LABINFODEE";"";"";"NATAL";"445";"CENTRO DE TECNOLOGIA";"112";"DEPARTAMENTO DE ENGENHARIA ELETRICA";".445.112.8800.";"20/06/2014";"";"ACADÊMICA";"OPERACIONAL";"INFORMAÇÃO                                        ";"LABORATÓRIO                                                 ";"FIM"
"5378";"11250607";"LABORATORIO DE INFORMATICA - ECT";"LABINFO/ECT";"";"";"NATAL";"605";"UNIVERSIDADE FEDERAL DO RIO GRANDE DO NORTE";"10526";"LABORATORIOS DE ENSINO E PESQUISA DA ECT";".605.4885.10526.5378.";"28/05/2010";"";"ACADÊMICA";"OPERACIONAL";"CIÊNCIAS EXATAS E DA NATUREZA                     ";"LABORATÓRIO                                                 ";"FIM"
"4244";"128813";"LABORATORIO DE INFORMATICA/IQ";"labinfo/dq";"";"";"NATAL";"439";"CENTRO DE CIENCIAS EXATAS E DA TERRA";"6025";"INSTITUTO DE QUIMICA";".439.6025.4244.";"24/06/1974";"";"ACADÊMICA";"OPERACIONAL";"CIÊNCIAS EXATAS E DA NATUREZA                     ";"LABORATÓRIO                                                 ";"FIM"
"4496";"19050103";"LABORATORIO DE INFORMATICA - NEI";"LABINFO/NEI";"";"";"NATAL";"5965";"CENTRO DE EDUCACAO";"10552";"COORDENACAO DE ADMINISTRACAO";".5965.1452.10552.4496.";"24/06/1974";"";"ACADÊMICA";"OPERACIONAL";"ADMINISTRATIVO                                    ";"SETOR                                                       ";"MEIO"
"8759";"17001207";"LABORATORIO DE INICIACAO CIENTIFICA E POS-GRADUACAO";"LABINCIENPOS";"";"";"NATAL";"440";"CENTRO DE BIOCIENCIAS";"8366";"DEPARTAMENTO DE ECOLOGIA";".440.8366.8759.";"06/06/2014";"";"ACADÊMICA";"OPERACIONAL";"CIÊNCIAS BIOLÓGICAS                               ";"LABORATÓRIO                                                 ";"FIM"
"6059";"171323";"LABORATORIO DE INSETOS E VETORES";"LABINSEVET";"";"";"NATAL";"440";"CENTRO DE BIOCIENCIAS";"181";"DEPARTAMENTO DE MICROBIOLOGIA E PARASITOLOGIA";".440.181.6059.";"22/08/2011";"";"ACADÊMICA";"OPERACIONAL";"CIÊNCIAS BIOLÓGICAS                               ";"LABORATÓRIO                                                 ";"FIM"
"6177";"141829";"LABORATORIO DE INSTRUMENTACAO INTELIGENTE";"LII/LAMP";"";"";"NATAL";"445";"CENTRO DE TECNOLOGIA";"56";"DEPARTAMENTO DE ENGENHARIA DE COMPUTACAO E AUTOMACAO";".445.56.6177.";"31/08/2011";"";"ACADÊMICA";"OPERACIONAL";"CIÊNCIAS EXATAS E DA NATUREZA                     ";"LABORATÓRIO                                                 ";"FIM"
"6178";"141830";"LABORATORIO DE INSTRUMENTACAO PARA AUTOMACAO INDUSTRIAL";"LIAI/LAMP";"";"";"NATAL";"445";"CENTRO DE TECNOLOGIA";"56";"DEPARTAMENTO DE ENGENHARIA DE COMPUTACAO E AUTOMACAO";".445.56.6178.";"31/08/2011";"";"ACADÊMICA";"OPERACIONAL";"CIÊNCIAS EXATAS E DA NATUREZA                     ";"LABORATÓRIO                                                 ";"FIM"
"6187";"14001104";"LABORATORIO DE INTEGRACAO DE PROCESSOS EM ENGENHARIA DE ALIMENTOS";"LIPEA";"";"";"NATAL";"445";"CENTRO DE TECNOLOGIA";"33448";"DEPARTAMENTO DE ENGENHARIA DE ALIMENTOS";".445.33448.6187.";"01/09/2011";"";"ACADÊMICA";"OPERACIONAL";"CIÊNCIAS EXATAS E DA NATUREZA                     ";"LABORATÓRIO                                                 ";"FIM"
"6437";"131321";"LABORATORIO DE INTERPRETACAO";"LABINTERPRET";"";"";"NATAL";"442";"CENTRO DE CIENCIAS HUMANAS, LETRAS E ARTES";"139";"DEPARTAMENTO DE ARTES";".442.139.6437.";"18/11/2011";"";"ACADÊMICA";"OPERACIONAL";"ARTES, COMUNICAÇAO E DIFUSAO                      ";"LABORATÓRIO                                                 ";"FIM"
"8881";"171107";"LABORATORIO DE INVESTIGACAO DE MATRIZES VEGETAIS ENERGETICAS";"LABINVEST";"";"";"NATAL";"440";"CENTRO DE BIOCIENCIAS";"183";"DEPARTAMENTO DE BOTANICA E ZOOLOGIA";".440.183.8881.";"19/08/2014";"";"ADMINISTRATIVA";"GERENCIAL";"CIÊNCIAS BIOLÓGICAS                               ";"LABORATÓRIO                                                 ";"FIM"
"10873";"171423";"LABORATORIO DE INVESTIGACAO DO CANCER E INFLAMACAO";"LICI/MOR";"";"";"NATAL";"440";"CENTRO DE BIOCIENCIAS";"177";"DEPARTAMENTO DE MORFOLOGIA";".440.177.10873.";"31/05/2017";"";"ACADÊMICA";"ESTRATÉGICO";"ADMINISTRATIVO                                    ";"ASSESSORIA                                                  ";"FIM"
"5688";"120407";"LABORATORIO DE LAMINACAO";"LABLAM";"";"";"NATAL";"439";"CENTRO DE CIENCIAS EXATAS E DA TERRA";"123";"DEPARTAMENTO DE GEOLOGIA";".439.123.5688.";"08/04/2011";"";"ACADÊMICA";"OPERACIONAL";"CIÊNCIAS EXATAS E DA NATUREZA                     ";"LABORATÓRIO                                                 ";"MEIO"
"11186";"128701";"LABORATORIO DE LIDAR ATMOSFERICO";"LALIA";"";"";"NATAL";"439";"CENTRO DE CIENCIAS EXATAS E DA TERRA";"8116";"DEPARTAMENTO DE CIENCIAS ATMOSFERICAS E CLIMATICAS";".439.8116.11186.";"16/01/2018";"";"ACADÊMICA";"ESTRATÉGICO";"CIÊNCIAS EXATAS E DA NATUREZA                     ";"LABORATÓRIO                                                 ";"FIM"
"6115";"120516";"LABORATORIO DE LINGUAGEM E METODOS FORMAIS/DIMAP";"LLM/DIMAP";"";"";"NATAL";"439";"CENTRO DE CIENCIAS EXATAS E DA TERRA";"125";"DEPARTAMENTO DE INFORMATICA E MATEMATICA APLICADA";".439.125.6115.";"23/08/2011";"";"ACADÊMICA";"OPERACIONAL";"CIÊNCIAS EXATAS E DA NATUREZA                     ";"LABORATÓRIO                                                 ";"FIM"
"4110";"181411";"LABORATORIO DE LINGUAS";"LABL";"";"";"CURRAIS NOVOS";"1482";"CENTRO DE  ENSINO SUPERIOR DO SERIDO";"236";"CERES - DEPTO CIENCIAS SOCIAIS E HUMANAS";".1482.236.4110.";"24/06/1974";"";"ACADÊMICA";"OPERACIONAL";"CIÊNCIAS HUMANAS, JURÍDICAS E ECONÔMICAS          ";"LABORATÓRIO                                                 ";"FIM"
"6116";"120517";"LABORATORIO DE LOGICA, LINGUAGEM, INFORMACAO, TEORIA E APLICACOES/DIMAP";"LLLITA/DIMAP";"";"";"NATAL";"439";"CENTRO DE CIENCIAS EXATAS E DA TERRA";"125";"DEPARTAMENTO DE INFORMATICA E MATEMATICA APLICADA";".439.125.6116.";"23/08/2011";"";"ACADÊMICA";"OPERACIONAL";"CIÊNCIAS EXATAS E DA NATUREZA                     ";"LABORATÓRIO                                                 ";"FIM"
"6221";"171512";"LABORATORIO DE MACROALGAS BENTONICAS E ALGOCULTURA";"LABMABALGO";"";"";"NATAL";"440";"CENTRO DE BIOCIENCIAS";"180";"DEPARTAMENTO DE OCEANOGRAFIA E LIMNOLOGIA";".440.180.6221.";"28/09/2011";"";"ACADÊMICA";"OPERACIONAL";"CIÊNCIAS BIOLÓGICAS                               ";"LABORATÓRIO                                                 ";"FIM"
"6094";"120322";"LABORATORIO DE MAGNETISMO E MATERIAIS MAGNETICOS";"LABMAG";"";"";"NATAL";"439";"CENTRO DE CIENCIAS EXATAS E DA TERRA";"121";"DEPARTAMENTO DE FISICA TEORICA E EXPERIMENTAL";".439.121.6094.";"23/08/2011";"";"ACADÊMICA";"OPERACIONAL";"CIÊNCIAS EXATAS E DA NATUREZA                     ";"LABORATÓRIO                                                 ";"FIM"
"6222";"171513";"LABORATORIO DE MALACOLOGIA";"LABMALACO";"";"";"NATAL";"440";"CENTRO DE BIOCIENCIAS";"180";"DEPARTAMENTO DE OCEANOGRAFIA E LIMNOLOGIA";".440.180.6222.";"28/09/2011";"";"ACADÊMICA";"OPERACIONAL";"CIÊNCIAS BIOLÓGICAS                               ";"LABORATÓRIO                                                 ";"FIM"
"8807";"142403";"LABORATORIO DE MALHARIAS";"LABMALHA";"";"";"NATAL";"445";"CENTRO DE TECNOLOGIA";"424";"DEPARTAMENTO DE ENGENHARIA TEXTIL";".445.424.8807.";"25/06/2014";"";"ACADÊMICA";"OPERACIONAL";"CIÊNCIAS EXATAS E DA NATUREZA                     ";"LABORATÓRIO                                                 ";"FIM"
"2888";"142008";"LABORATORIO DE MANUFATURA";"LAB/MANUFATURA";"";"";"NATAL";"445";"CENTRO DE TECNOLOGIA";"50";"DEPARTAMENTO DE ENGENHARIA MECANICA";".445.50.2888.";"24/06/1974";"";"ACADÊMICA";"OPERACIONAL";"CIÊNCIAS EXATAS E DA NATUREZA                     ";"LABORATÓRIO                                                 ";"FIM"
"6411";"11220007";"LABORATORIO DE MANUTENCAO EM EQUIPAMENTOS DE INFORMATICA/ELETRONICA";"LABMANEQUIP";"";"";"MACAÍBA";"605";"UNIVERSIDADE FEDERAL DO RIO GRANDE DO NORTE";"351";"ESCOLA AGRICOLA DE JUNDIAI";".605.351.6411.";"16/11/2011";"";"ACADÊMICA";"OPERACIONAL";"AGROPECUÁRIO                                      ";"LABORATÓRIO                                                 ";"FIM"
"4545";"141506";"LABORATORIO DE MAQUETES";"LABMAQ";"";"";"NATAL";"445";"CENTRO DE TECNOLOGIA";"54";"DEPARTAMENTO DE ARQUITETURA";".445.54.4545.";"24/06/1974";"";"ACADÊMICA";"OPERACIONAL";"CIÊNCIAS EXATAS E DA NATUREZA                     ";"LABORATÓRIO                                                 ";"FIM"
"8817";"142413";"LABORATORIO DE MATERIAIS FIBROSOS";"LABMF";"";"";"NATAL";"445";"CENTRO DE TECNOLOGIA";"424";"DEPARTAMENTO DE ENGENHARIA TEXTIL";".445.424.8817.";"25/06/2014";"";"ACADÊMICA";"OPERACIONAL";"CIÊNCIAS EXATAS E DA NATUREZA                     ";"LABORATÓRIO                                                 ";"FIM"
"6186";"142121";"LABORATORIO DE MATERIAIS NANOESTRUTURADOS E REATORES CATALITICOS";"LMNRC";"";"";"NATAL";"445";"CENTRO DE TECNOLOGIA";"57";"DEPARTAMENTO DE ENGENHARIA QUIMICA";".445.57.6186.";"01/09/2011";"";"ACADÊMICA";"OPERACIONAL";"CIÊNCIAS EXATAS E DA NATUREZA                     ";"LABORATÓRIO                                                 ";"FIM"
"2481";"142001";"LABORATORIO DE MECANICA COMPUTACIONAL";"CT/DEM/LMC";"";"";"NATAL";"445";"CENTRO DE TECNOLOGIA";"50";"DEPARTAMENTO DE ENGENHARIA MECANICA";".445.50.2481.";"24/06/1974";"";"ACADÊMICA";"OPERACIONAL";"CIÊNCIAS EXATAS E DA NATUREZA                     ";"LABORATÓRIO                                                 ";"FIM"
"6109";"120510";"LABORATORIO DE MESTRADO/DIMAP";"LM/DIMAP";"";"";"NATAL";"439";"CENTRO DE CIENCIAS EXATAS E DA TERRA";"125";"DEPARTAMENTO DE INFORMATICA E MATEMATICA APLICADA";".439.125.6109.";"23/08/2011";"";"ACADÊMICA";"OPERACIONAL";"CIÊNCIAS EXATAS E DA NATUREZA                     ";"LABORATÓRIO                                                 ";"FIM"
"6146";"128834";"LABORATORIO DE METODOS ESPECTROSCOPICOS";"LME/IQ";"";"";"NATAL";"439";"CENTRO DE CIENCIAS EXATAS E DA TERRA";"6025";"INSTITUTO DE QUIMICA";".439.6025.6146.";"25/08/2011";"";"ACADÊMICA";"OPERACIONAL";"CIÊNCIAS EXATAS E DA NATUREZA                     ";"LABORATÓRIO                                                 ";"FIM"
"6145";"128833";"LABORATORIO DE METODOS TERMOANALITICOS/IQ";"LMT/IQ";"";"";"NATAL";"439";"CENTRO DE CIENCIAS EXATAS E DA TERRA";"6025";"INSTITUTO DE QUIMICA";".439.6025.6145.";"25/08/2011";"";"ACADÊMICA";"OPERACIONAL";"CIÊNCIAS EXATAS E DA NATUREZA                     ";"LABORATÓRIO                                                 ";"FIM"
"1587";"142002";"LABORATORIO DE METROLOGIA";"LAB-METROL";"";"";"NATAL";"445";"CENTRO DE TECNOLOGIA";"50";"DEPARTAMENTO DE ENGENHARIA MECANICA";".445.50.1587.";"24/06/1974";"";"ACADÊMICA";"OPERACIONAL";"CIÊNCIAS EXATAS E DA NATUREZA                     ";"LABORATÓRIO                                                 ";"FIM"
"6038";"171318";"LABORATORIO DE MICOBACTERIAS";"LABMIC";"";"";"NATAL";"440";"CENTRO DE BIOCIENCIAS";"181";"DEPARTAMENTO DE MICROBIOLOGIA E PARASITOLOGIA";".440.181.6038.";"15/07/2011";"";"ACADÊMICA";"OPERACIONAL";"CIÊNCIAS BIOLÓGICAS                               ";"LABORATÓRIO                                                 ";"FIM"
"4179";"151501";"LABORATORIO DE MICOLOGIA";"LM";"";"";"NATAL";"441";"CENTRO DE CIENCIAS DA SAUDE";"200";"DEPARTAMENTO DE INFECTOLOGIA";".441.200.4179.";"24/06/1974";"";"ACADÊMICA";"OPERACIONAL";"CIÊNCIAS DA SAÚDE                                 ";"LABORATÓRIO                                                 ";"FIM"
"4460";"171316";"LABORATORIO DE MICOLOGIA/CB";"LDMCB";"";"";"NATAL";"440";"CENTRO DE BIOCIENCIAS";"181";"DEPARTAMENTO DE MICROBIOLOGIA E PARASITOLOGIA";".440.181.4460.";"24/06/1974";"";"ACADÊMICA";"OPERACIONAL";"CIÊNCIAS BIOLÓGICAS                               ";"LABORATÓRIO                                                 ";"FIM"
"8878";"171104";"LABORATORIO DE MICORRIZAS";"LABMICORRIZAS";"";"";"NATAL";"440";"CENTRO DE BIOCIENCIAS";"183";"DEPARTAMENTO DE BOTANICA E ZOOLOGIA";".440.183.8878.";"19/08/2014";"";"ACADÊMICA";"OPERACIONAL";"CIÊNCIAS BIOLÓGICAS                               ";"LABORATÓRIO                                                 ";"FIM"
"8778";"141707";"LABORATORIO DE MICROBIOLOGIA";"LABFQM";"";"";"NATAL";"445";"CENTRO DE TECNOLOGIA";"52";"DEPARTAMENTO DE ENGENHARIA CIVIL E AMBIENTAL";".445.52.8778.";"18/06/2014";"";"ACADÊMICA";"OPERACIONAL";"CIÊNCIAS EXATAS E DA NATUREZA                     ";"LABORATÓRIO                                                 ";"FIM"
"4443";"171305";"LABORATORIO DE MICROBIOLOGIA AQUATICA";"LABMICROAQUA";"";"";"NATAL";"440";"CENTRO DE BIOCIENCIAS";"181";"DEPARTAMENTO DE MICROBIOLOGIA E PARASITOLOGIA";".440.181.4443.";"24/06/1974";"";"ACADÊMICA";"OPERACIONAL";"CIÊNCIAS BIOLÓGICAS                               ";"LABORATÓRIO                                                 ";"FIM"
"4149";"150906";"LABORATORIO DE MICROBIOLOGIA CLINICA";"LMC";"";"";"NATAL";"441";"CENTRO DE CIENCIAS DA SAUDE";"117";"DEPARTAMENTO DE ANALISES CLINICAS E TOXICOLOGICAS";".441.117.4149.";"24/06/1974";"";"ACADÊMICA";"OPERACIONAL";"CIÊNCIAS DA SAÚDE                                 ";"LABORATÓRIO                                                 ";"FIM"
"6405";"112290";"LABORATORIO DE MICROBIOLOGIA DE ALIMENTOS";"LABMICROALI";"";"";"MACAÍBA";"605";"UNIVERSIDADE FEDERAL DO RIO GRANDE DO NORTE";"351";"ESCOLA AGRICOLA DE JUNDIAI";".605.351.6405.";"16/11/2011";"";"ADMINISTRATIVA";"GERENCIAL";"AGROPECUÁRIO                                      ";"LABORATÓRIO                                                 ";"FIM"
"7569";"10320005";"LABORATORIO DE MICROBIOLOGIA DE ALIMENTOS";"LMA/FACISA";"";"";"SANTA CRUZ";"605";"UNIVERSIDADE FEDERAL DO RIO GRANDE DO NORTE";"4890";"FACULDADE DE CIENCIAS DA SAUDE DO TRAIRI - FACISA";".605.4890.7569.";"21/03/2013";"";"ACADÊMICA";"OPERACIONAL";"CIÊNCIAS BIOLÓGICAS                               ";"LABORATÓRIO                                                 ";"FIM"
"6412";"11220005";"LABORATORIO DE MICROCOMPUTADOR I";"LABMICRO I";"";"";"MACAÍBA";"605";"UNIVERSIDADE FEDERAL DO RIO GRANDE DO NORTE";"351";"ESCOLA AGRICOLA DE JUNDIAI";".605.351.6412.";"16/11/2011";"";"ACADÊMICA";"OPERACIONAL";"AGROPECUÁRIO                                      ";"LABORATÓRIO                                                 ";"FIM"
"6413";"11220006";"LABORATORIO DE MICROCOMPUTADOR II";"LABMICRO II";"";"";"MACAÍBA";"605";"UNIVERSIDADE FEDERAL DO RIO GRANDE DO NORTE";"351";"ESCOLA AGRICOLA DE JUNDIAI";".605.351.6413.";"16/11/2011";"";"ACADÊMICA";"OPERACIONAL";"AGROPECUÁRIO                                      ";"LABORATÓRIO                                                 ";"FIM"
"4563";"141906";"LABORATORIO DE MICROELETRONICA E SISTEMAS EMBARCADOS";"LMSE";"";"";"NATAL";"445";"CENTRO DE TECNOLOGIA";"112";"DEPARTAMENTO DE ENGENHARIA ELETRICA";".445.112.4563.";"24/06/1974";"";"ACADÊMICA";"OPERACIONAL";"CIÊNCIAS EXATAS E DA NATUREZA                     ";"LABORATÓRIO                                                 ";"FIM"
"4322";"171416";"LABORATORIO DE MICROSCOPIA";"LABOMICRO";"";"";"NATAL";"440";"CENTRO DE BIOCIENCIAS";"177";"DEPARTAMENTO DE MORFOLOGIA";".440.177.4322.";"24/06/1974";"";"ACADÊMICA";"OPERACIONAL";"CIÊNCIAS BIOLÓGICAS                               ";"LABORATÓRIO                                                 ";"FIM"
"4269";"171408";"LABORATORIO DE MICROSCOPIA CELULAR E TECIDUAL";"labmicet";"";"";"NATAL";"440";"CENTRO DE BIOCIENCIAS";"177";"DEPARTAMENTO DE MORFOLOGIA";".440.177.4269.";"24/06/1974";"";"ACADÊMICA";"OPERACIONAL";"CIÊNCIAS BIOLÓGICAS                               ";"LABORATÓRIO                                                 ";"FIM"
"8765";"17001213";"LABORATORIO DE MICROSCOPIA/DECO";"LABMICRO/ECOL";"";"";"NATAL";"440";"CENTRO DE BIOCIENCIAS";"8366";"DEPARTAMENTO DE ECOLOGIA";".440.8366.8765.";"06/06/2014";"";"ACADÊMICA";"OPERACIONAL";"CIÊNCIAS BIOLÓGICAS                               ";"LABORATÓRIO                                                 ";"FIM"
"9965";"120409";"LABORATORIO DE MINERALOGIA E PETROGRAFIA DO DEPARTAMENTO DE GEOLOGIA";"LABMINEP";"";"";"NATAL";"439";"CENTRO DE CIENCIAS EXATAS E DA TERRA";"123";"DEPARTAMENTO DE GEOLOGIA";".439.123.9965.";"01/01/2016";"";"ADMINISTRATIVA";"OPERACIONAL";"ADMINISTRATIVO                                    ";"ASSESSORIA                                                  ";"FIM"
"5689";"120408";"LABORATORIO DE MOAGEM E PREPARACAO DE AMOSTRAS";"LABMPA";"";"";"NATAL";"439";"CENTRO DE CIENCIAS EXATAS E DA TERRA";"123";"DEPARTAMENTO DE GEOLOGIA";".439.123.5689.";"08/04/2011";"";"ACADÊMICA";"OPERACIONAL";"CIÊNCIAS EXATAS E DA NATUREZA                     ";"LABORATÓRIO                                                 ";"MEIO"
"4468";"142105";"LABORATORIO DE MODELAGEM E SIMULACAO";"LMS";"";"";"NATAL";"445";"CENTRO DE TECNOLOGIA";"57";"DEPARTAMENTO DE ENGENHARIA QUIMICA";".445.57.4468.";"24/06/1974";"";"ACADÊMICA";"OPERACIONAL";"CIÊNCIAS EXATAS E DA NATUREZA                     ";"LABORATÓRIO                                                 ";"FIM"
"33354";"170807";"LABORATORIO DE MODELAGEM MOLECULAR DE SISTEMAS BIOLOGICOS";"M2Bio";"";"3215 3419";"NATAL";"440";"CENTRO DE BIOCIENCIAS";"184";"DEPARTAMENTO DE BIOFISICA E FARMACOLOGIA";".440.184.33354.";"22/11/2022";"";"ADMINISTRATIVA";"OPERACIONAL";"CIÊNCIAS BIOLÓGICAS                               ";"LABORATÓRIO                                                 ";"FIM"
"7137";"170904";"LABORATORIO DE MOSCAS-DAS-FRUTAS";"LMF";"";"";"NATAL";"440";"CENTRO DE BIOCIENCIAS";"179";"DEPARTAMENTO DE BIOLOGIA CELULAR E GENETICA";".440.179.7137.";"08/10/2012";"";"ACADÊMICA";"OPERACIONAL";"CIÊNCIAS BIOLÓGICAS                               ";"LABORATÓRIO                                                 ";"FIM"
"8321";"103221";"LABORATORIO DE MOTRICIDADE E FISIOLOGIA HUMANA DA FACISA";"LABMOFISHFAC";"";"";"SANTA CRUZ";"605";"UNIVERSIDADE FEDERAL DO RIO GRANDE DO NORTE";"4890";"FACULDADE DE CIENCIAS DA SAUDE DO TRAIRI - FACISA";".605.4890.8321.";"19/02/2014";"";"ACADÊMICA";"OPERACIONAL";"CIÊNCIAS DA SAÚDE                                 ";"LABORATÓRIO                                                 ";"FIM"
"6095";"120323";"LABORATORIO DE NANOESTRUTURAS";"LABNANO";"";"";"NATAL";"439";"CENTRO DE CIENCIAS EXATAS E DA TERRA";"121";"DEPARTAMENTO DE FISICA TEORICA E EXPERIMENTAL";".439.121.6095.";"23/08/2011";"";"ACADÊMICA";"OPERACIONAL";"CIÊNCIAS EXATAS E DA NATUREZA                     ";"LABORATÓRIO                                                 ";"FIM"
"4271";"171410";"LABORATORIO DE NEURANATOMIA";"labneuranat";"";"";"NATAL";"440";"CENTRO DE BIOCIENCIAS";"177";"DEPARTAMENTO DE MORFOLOGIA";".440.177.4271.";"24/06/1974";"";"ACADÊMICA";"OPERACIONAL";"CIÊNCIAS BIOLÓGICAS                               ";"LABORATÓRIO                                                 ";"FIM"
"8635";"171211";"LABORATORIO DE NEUROBIOLOGIA E RITMICIDADE BIOLOGICA";"LANEURITBIO";"";"";"NATAL";"440";"CENTRO DE BIOCIENCIAS";"178";"DEPARTAMENTO DE FISIOLOGIA E COMPORTAMENTO";".440.178.8635.";"15/04/2014";"";"ACADÊMICA";"OPERACIONAL";"CIÊNCIAS BIOLÓGICAS                               ";"LABORATÓRIO                                                 ";"FIM"
"11403";"143503";"LABORATORIO DE NEUROENGENHARIA";"LabNeuro/DEB";"";"99193-6395";"NATAL";"445";"CENTRO DE TECNOLOGIA";"5205";"DEPARTAMENTO DE ENGENHARIA BIOMEDICA";".445.5205.11403.";"14/05/2018";"";"ACADÊMICA";"OPERACIONAL";"CIÊNCIAS EXATAS E DA NATUREZA                     ";"LABORATÓRIO                                                 ";"FIM"
"4531";"141402";"LABORATORIO DE NUTRICAO ANIMAL";"LNA/AGP";"";"";"NATAL";"445";"CENTRO DE TECNOLOGIA";"49";"DEPARTAMENTO DE AGROPECUARIA";".445.49.4531.";"24/06/1974";"";"ACADÊMICA";"OPERACIONAL";"AGROPECUÁRIO                                      ";"LABORATÓRIO                                                 ";"FIM"
"6223";"171514";"LABORATORIO DE NUTRICAO AQUATICA";"LABNUTAQUA";"";"";"NATAL";"440";"CENTRO DE BIOCIENCIAS";"180";"DEPARTAMENTO DE OCEANOGRAFIA E LIMNOLOGIA";".440.180.6223.";"28/09/2011";"";"ACADÊMICA";"OPERACIONAL";"CIÊNCIAS BIOLÓGICAS                               ";"LABORATÓRIO                                                 ";"FIM"
"7571";"10320007";"LABORATORIO DE NUTRICAO EXPERIMENTAL E BIOTERIO";"LNEB";"";"";"SANTA CRUZ";"605";"UNIVERSIDADE FEDERAL DO RIO GRANDE DO NORTE";"4890";"FACULDADE DE CIENCIAS DA SAUDE DO TRAIRI - FACISA";".605.4890.7571.";"21/03/2013";"";"ACADÊMICA";"OPERACIONAL";"CIÊNCIAS BIOLÓGICAS                               ";"LABORATÓRIO                                                 ";"FIM"
"6224";"171515";"LABORATORIO DE OCEANOGRAFIA";"LABOCEAN";"";"";"NATAL";"440";"CENTRO DE BIOCIENCIAS";"180";"DEPARTAMENTO DE OCEANOGRAFIA E LIMNOLOGIA";".440.180.6224.";"28/09/2011";"";"ACADÊMICA";"OPERACIONAL";"CIÊNCIAS BIOLÓGICAS                               ";"LABORATÓRIO                                                 ";"FIM"
"6303";"128215";"LABORATORIO DE OCEANOGRAFIA FISICA E ENERGIAS RENOVAVEIS";"LABOCEFISE";"";"";"NATAL";"439";"CENTRO DE CIENCIAS EXATAS E DA TERRA";"4894";"DEPARTAMENTO DE GEOFISICA";".439.4894.6303.";"10/11/2011";"";"ACADÊMICA";"OPERACIONAL";"CIÊNCIAS EXATAS E DA NATUREZA                     ";"LABORATÓRIO                                                 ";"FIM"
"6086";"120314";"LABORATORIO DE ONDAS E OPTICA";"LABONDOPT";"";"";"NATAL";"439";"CENTRO DE CIENCIAS EXATAS E DA TERRA";"121";"DEPARTAMENTO DE FISICA TEORICA E EXPERIMENTAL";".439.121.6086.";"23/08/2011";"";"ACADÊMICA";"OPERACIONAL";"CIÊNCIAS EXATAS E DA NATUREZA                     ";"LABORATÓRIO                                                 ";"FIM"
"4471";"142108";"LABORATORIO DE OPERACOES UNITARIAS";"LOU";"";"";"NATAL";"445";"CENTRO DE TECNOLOGIA";"57";"DEPARTAMENTO DE ENGENHARIA QUIMICA";".445.57.4471.";"24/06/1974";"";"ACADÊMICA";"OPERACIONAL";"CIÊNCIAS EXATAS E DA NATUREZA                     ";"LABORATÓRIO                                                 ";"FIM"
"8889";"171115";"LABORATORIO DE ORNITOLOGIA";"LABORNITOLOGIA";"";"";"NATAL";"440";"CENTRO DE BIOCIENCIAS";"183";"DEPARTAMENTO DE BOTANICA E ZOOLOGIA";".440.183.8889.";"19/08/2014";"";"ACADÊMICA";"OPERACIONAL";"CIÊNCIAS BIOLÓGICAS                               ";"LABORATÓRIO                                                 ";"FIM"
"6159";"141811";"LABORATORIO DE OTIMIZACAO E SUPERVISAO DE SISTEMAS";"LOSS/LECA";"";"";"NATAL";"445";"CENTRO DE TECNOLOGIA";"56";"DEPARTAMENTO DE ENGENHARIA DE COMPUTACAO E AUTOMACAO";".445.56.6159.";"31/08/2011";"";"ACADÊMICA";"OPERACIONAL";"CIÊNCIAS EXATAS E DA NATUREZA                     ";"LABORATÓRIO                                                 ";"FIM"
"6382";"112258";"LABORATORIO DE PARASITOLOGIA";"LABPARASITO";"";"";"MACAÍBA";"605";"UNIVERSIDADE FEDERAL DO RIO GRANDE DO NORTE";"351";"ESCOLA AGRICOLA DE JUNDIAI";".605.351.6382.";"14/11/2011";"";"ACADÊMICA";"OPERACIONAL";"AGROPECUÁRIO                                      ";"LABORATÓRIO                                                 ";"FIM"
"4151";"150908";"LABORATORIO DE PARASITOLOGIA CLINICA";"LPC";"";"";"NATAL";"441";"CENTRO DE CIENCIAS DA SAUDE";"117";"DEPARTAMENTO DE ANALISES CLINICAS E TOXICOLOGICAS";".441.117.4151.";"24/06/1974";"";"ACADÊMICA";"OPERACIONAL";"CIÊNCIAS DA SAÚDE                                 ";"LABORATÓRIO                                                 ";"FIM"
"8630";"171206";"LABORATORIO DE PEIXES ORNAMENTAIS";"LAPOR";"";"";"NATAL";"440";"CENTRO DE BIOCIENCIAS";"178";"DEPARTAMENTO DE FISIOLOGIA E COMPORTAMENTO";".440.178.8630.";"15/04/2014";"";"ACADÊMICA";"OPERACIONAL";"CIÊNCIAS BIOLÓGICAS                               ";"LABORATÓRIO                                                 ";"FIM"
"6134";"128823";"LABORATORIO DE PENEIRAS MOLECULARES/IQ";"LPM/IQ";"";"";"NATAL";"439";"CENTRO DE CIENCIAS EXATAS E DA TERRA";"6025";"INSTITUTO DE QUIMICA";".439.6025.6134.";"25/08/2011";"";"ACADÊMICA";"OPERACIONAL";"CIÊNCIAS EXATAS E DA NATUREZA                     ";"LABORATÓRIO                                                 ";"FIM"
"8626";"151116";"LABORATORIO DE PEQUISA EM ATIVIDADE FISICA, NEUROCIENCIAS E COMPORTAMENTO HUMANO";"LABEX";"";"";"NATAL";"441";"CENTRO DE CIENCIAS DA SAUDE";"199";"DEPARTAMENTO DE EDUCACAO FISICA";".441.199.8626.";"15/04/2014";"";"ACADÊMICA";"OPERACIONAL";"CIÊNCIAS DA SAÚDE                                 ";"LABORATÓRIO                                                 ";"FIM"
"33457";"143308";"LABORATORIO DE PERDA DE INJETIVIDADE";"LAPI";"";"84 991445631";"NATAL";"445";"CENTRO DE TECNOLOGIA";"5075";"DEPARTAMENTO DE ENGENHARIA DE PETROLEO";".445.5075.33457.";"02/05/2024";"";"ACADÊMICA";"OPERACIONAL";"TECNOLOGIA                                        ";"LABORATÓRIO                                                 ";"FIM"
"4453";"171314";"LABORATORIO DE PESQUISA DE ENTOMOLOGIA";"LPE/CB";"";"";"NATAL";"440";"CENTRO DE BIOCIENCIAS";"181";"DEPARTAMENTO DE MICROBIOLOGIA E PARASITOLOGIA";".440.181.4453.";"24/06/1974";"";"ACADÊMICA";"OPERACIONAL";"CIÊNCIAS BIOLÓGICAS                               ";"LABORATÓRIO                                                 ";"FIM"
"4475";"142112";"LABORATORIO DE PESQUISA DE PETROLEO E GAS";"LPPG";"";"";"NATAL";"445";"CENTRO DE TECNOLOGIA";"57";"DEPARTAMENTO DE ENGENHARIA QUIMICA";".445.57.4475.";"24/06/1974";"";"ACADÊMICA";"OPERACIONAL";"CIÊNCIAS EXATAS E DA NATUREZA                     ";"LABORATÓRIO                                                 ";"FIM"
"6139";"128827";"LABORATORIO DE PESQUISA EM ELETROQUIMICA E CORROSAO/IQ";"LPELECOR/IQ";"";"";"NATAL";"439";"CENTRO DE CIENCIAS EXATAS E DA TERRA";"6025";"INSTITUTO DE QUIMICA";".439.6025.6139.";"25/08/2011";"";"ACADÊMICA";"OPERACIONAL";"CIÊNCIAS EXATAS E DA NATUREZA                     ";"LABORATÓRIO                                                 ";"FIM"
"30041";"131711";"LABORATORIO DE PESQUISA EM GEOGRAFIA HUMANA - LPGH";"LPGH";"";"";"NATAL";"442";"CENTRO DE CIENCIAS HUMANAS, LETRAS E ARTES";"142";"DEPARTAMENTO DE GEOGRAFIA/CCHLA";".442.142.30041.";"20/03/2019";"";"ACADÊMICA";"OPERACIONAL";"CIÊNCIAS HUMANAS, JURÍDICAS E ECONÔMICAS          ";"LABORATÓRIO                                                 ";"FIM"
"6147";"128835";"LABORATORIO DE PESQUISA EM PETROLEO/IQ";"LPP/IQ";"";"";"NATAL";"439";"CENTRO DE CIENCIAS EXATAS E DA TERRA";"6025";"INSTITUTO DE QUIMICA";".439.6025.6147.";"25/08/2011";"";"ACADÊMICA";"OPERACIONAL";"CIÊNCIAS EXATAS E DA NATUREZA                     ";"LABORATÓRIO                                                 ";"FIM"
"6140";"128828";"LABORATORIO DE PESQUISA EM QUIMICA INORGANICA/IQ";"LPQI/IQ";"";"";"NATAL";"439";"CENTRO DE CIENCIAS EXATAS E DA TERRA";"6025";"INSTITUTO DE QUIMICA";".439.6025.6140.";"25/08/2011";"";"ACADÊMICA";"OPERACIONAL";"CIÊNCIAS EXATAS E DA NATUREZA                     ";"LABORATÓRIO                                                 ";"FIM"
"6125";"128814";"LABORATORIO DE PESQUISA I DE QUIMICA ORGANICA/IQ";"LPQO I/IQ";"";"";"NATAL";"439";"CENTRO DE CIENCIAS EXATAS E DA TERRA";"6025";"INSTITUTO DE QUIMICA";".439.6025.6125.";"25/08/2011";"";"ACADÊMICA";"OPERACIONAL";"CIÊNCIAS EXATAS E DA NATUREZA                     ";"LABORATÓRIO                                                 ";"FIM"
"6126";"128815";"LABORATORIO DE PESQUISA II DE QUIMICA ANALITICA/IQ";"LPQA II/IQ";"";"";"NATAL";"439";"CENTRO DE CIENCIAS EXATAS E DA TERRA";"6025";"INSTITUTO DE QUIMICA";".439.6025.6126.";"25/08/2011";"";"ACADÊMICA";"OPERACIONAL";"CIÊNCIAS EXATAS E DA NATUREZA                     ";"LABORATÓRIO                                                 ";"FIM"
"6130";"128819";"LABORATORIO DE PESQUISA III EM QUIMICA ANALITICA E ALIMENTOS/IQ";"LPQAA III/IQ";"";"";"NATAL";"439";"CENTRO DE CIENCIAS EXATAS E DA TERRA";"6025";"INSTITUTO DE QUIMICA";".439.6025.6130.";"25/08/2011";"";"ACADÊMICA";"OPERACIONAL";"CIÊNCIAS EXATAS E DA NATUREZA                     ";"LABORATÓRIO                                                 ";"FIM"
"6131";"128820";"LABORATORIO DE PESQUISA IV EM QUIMICA ANALITICA/IQ";"LPQA IV/IQ";"";"";"NATAL";"439";"CENTRO DE CIENCIAS EXATAS E DA TERRA";"6025";"INSTITUTO DE QUIMICA";".439.6025.6131.";"25/08/2011";"";"ACADÊMICA";"OPERACIONAL";"CIÊNCIAS EXATAS E DA NATUREZA                     ";"LABORATÓRIO                                                 ";"FIM"
"6136";"128824";"LABORATORIO DE PESQUISA SOBRE MEMBRANAS E COLOIDES/IQ";"LPMC/IQ";"";"";"NATAL";"439";"CENTRO DE CIENCIAS EXATAS E DA TERRA";"6025";"INSTITUTO DE QUIMICA";".439.6025.6136.";"25/08/2011";"";"ACADÊMICA";"OPERACIONAL";"CIÊNCIAS EXATAS E DA NATUREZA                     ";"LABORATÓRIO                                                 ";"FIM"
"8792";"143303";"Laboratorio de Petrofisica e Geofisica";"PETROGEO";"";"";"NATAL";"445";"CENTRO DE TECNOLOGIA";"5075";"DEPARTAMENTO DE ENGENHARIA DE PETROLEO";".445.5075.8792.";"20/06/2014";"";"ACADÊMICA";"OPERACIONAL";"CIÊNCIAS EXATAS E DA NATUREZA                     ";"LABORATÓRIO                                                 ";"FIM"
"6227";"171518";"LABORATORIO DE PISCICULTURA CONTINENTAL";"LABPISCICONT";"";"";"NATAL";"440";"CENTRO DE BIOCIENCIAS";"180";"DEPARTAMENTO DE OCEANOGRAFIA E LIMNOLOGIA";".440.180.6227.";"28/09/2011";"";"ACADÊMICA";"OPERACIONAL";"CIÊNCIAS BIOLÓGICAS                               ";"LABORATÓRIO                                                 ";"FIM"
"6226";"171517";"LABORATORIO DE PISCICULTURA MARINHA E TECNOLOGIA DE AQUICULTUTRA";"LABPSIMTAQUI";"";"";"NATAL";"440";"CENTRO DE BIOCIENCIAS";"180";"DEPARTAMENTO DE OCEANOGRAFIA E LIMNOLOGIA";".440.180.6226.";"28/09/2011";"";"ACADÊMICA";"OPERACIONAL";"CIÊNCIAS BIOLÓGICAS                               ";"LABORATÓRIO                                                 ";"FIM"
"6229";"171520";"LABORATORIO DE PLANCTOLOGIA";"LABPLANCT";"";"";"NATAL";"440";"CENTRO DE BIOCIENCIAS";"180";"DEPARTAMENTO DE OCEANOGRAFIA E LIMNOLOGIA";".440.180.6229.";"28/09/2011";"";"ACADÊMICA";"OPERACIONAL";"CIÊNCIAS BIOLÓGICAS                               ";"LABORATÓRIO                                                 ";"FIM"
"6179";"141831";"LABORATORIO DE PLASMA E PROCESSOS RECICLAVEIS";"LPPR/LAMP";"";"";"NATAL";"445";"CENTRO DE TECNOLOGIA";"56";"DEPARTAMENTO DE ENGENHARIA DE COMPUTACAO E AUTOMACAO";".445.56.6179.";"31/08/2011";"";"ACADÊMICA";"OPERACIONAL";"CIÊNCIAS EXATAS E DA NATUREZA                     ";"LABORATÓRIO                                                 ";"FIM"
"6150";"128838";"LABORATORIO DE POLIMEROS/IQ";"LP/IQ";"";"";"NATAL";"439";"CENTRO DE CIENCIAS EXATAS E DA TERRA";"6025";"INSTITUTO DE QUIMICA";".439.6025.6150.";"25/08/2011";"";"ACADÊMICA";"OPERACIONAL";"CIÊNCIAS EXATAS E DA NATUREZA                     ";"LABORATÓRIO                                                 ";"FIM"
"5536";"133301";"LABORATORIO DE POLITICAS PUBLICAS";"IPP - LAB";"";"";"NATAL";"442";"CENTRO DE CIENCIAS HUMANAS, LETRAS E ARTES";"1824";"INSTITUTO DE POLITICAS PUBLICAS";".442.1824.5536.";"29/10/2010";"";"ACADÊMICA";"OPERACIONAL";"CIÊNCIAS HUMANAS, JURÍDICAS E ECONÔMICAS          ";"LABORATÓRIO                                                 ";"FIM"
"10544";"19010803";"LABORATORIO DE POLITICAS PUBLICAS EDUCACIONAIS";"LABPPE/CE";"";"";"NATAL";"5965";"CENTRO DE EDUCACAO";"10543";"LABORATORIO INTERDISCIPLINAR DE FORMACAO DE EDUCADORES - LIFE";".5965.5966.10543.10544.";"20/02/2017";"";"ACADÊMICA";"ESTRATÉGICO";"ADMINISTRATIVO                                    ";"ASSESSORIA                                                  ";"FIM"
"6390";"112266";"LABORATORIO DE POS-COLHEITA/EAJ";"LABPÓSCOLHE";"";"";"MACAÍBA";"605";"UNIVERSIDADE FEDERAL DO RIO GRANDE DO NORTE";"351";"ESCOLA AGRICOLA DE JUNDIAI";".605.351.6390.";"16/11/2011";"";"ACADÊMICA";"OPERACIONAL";"AGROPECUÁRIO                                      ";"LABORATÓRIO                                                 ";"FIM"
"6098";"120326";"LABORATORIO DE PPMS";"LABPPMS";"";"";"NATAL";"439";"CENTRO DE CIENCIAS EXATAS E DA TERRA";"121";"DEPARTAMENTO DE FISICA TEORICA E EXPERIMENTAL";".439.121.6098.";"23/08/2011";"";"ACADÊMICA";"OPERACIONAL";"CIÊNCIAS EXATAS E DA NATUREZA                     ";"LABORATÓRIO                                                 ";"FIM"
"8622";"151112";"LABORATORIO DE PRATICAS CORPORAIS E LUDICIDADE";"LABPRACOLU";"";"";"NATAL";"441";"CENTRO DE CIENCIAS DA SAUDE";"199";"DEPARTAMENTO DE EDUCACAO FISICA";".441.199.8622.";"15/04/2014";"";"ACADÊMICA";"OPERACIONAL";"CIÊNCIAS DA SAÚDE                                 ";"LABORATÓRIO                                                 ";"FIM"
"9027";"161302";"LABORATORIO DE PRATICAS/DECIN";"LABPRÁTICAS";"";"";"NATAL";"443";"CENTRO DE CIENCIAS SOCIAIS APLICADAS";"63";"DEPARTAMENTO DE CIENCIA DA INFORMACAO";".443.63.9027.";"30/09/2014";"";"ACADÊMICA";"OPERACIONAL";"INFORMAÇÃO                                        ";"LABORATÓRIO                                                 ";"FIM"
"8387";"161403";"LABORATORIO DE PRATICAS EMPRESARIAIS";"LABPREM";"";"";"NATAL";"443";"CENTRO DE CIENCIAS SOCIAIS APLICADAS";"161";"DEPARTAMENTO DE CIENCIAS ADMINISTRATIVAS - DEPAD";".443.161.8387.";"19/02/2014";"";"ACADÊMICA";"OPERACIONAL";"CIÊNCIAS HUMANAS, JURÍDICAS E ECONÔMICAS          ";"LABORATÓRIO                                                 ";"FIM"
"6093";"120321";"LABORATORIO DE PREPARACAO DE AMOSTRAS";"LABPREPAM";"";"";"NATAL";"439";"CENTRO DE CIENCIAS EXATAS E DA TERRA";"121";"DEPARTAMENTO DE FISICA TEORICA E EXPERIMENTAL";".439.121.6093.";"23/08/2011";"";"ACADÊMICA";"OPERACIONAL";"CIÊNCIAS EXATAS E DA NATUREZA                     ";"LABORATÓRIO                                                 ";"FIM"
"30497";"131734";"LABORATORIO DE PROCESSAMENTO DE DADOS E GESTAO TERRITORIAL - LAPROTER";"LAPROTER";"";"84-3215-3571";"NATAL";"442";"CENTRO DE CIENCIAS HUMANAS, LETRAS E ARTES";"142";"DEPARTAMENTO DE GEOGRAFIA/CCHLA";".442.142.30497.";"17/09/2019";"";"ACADÊMICA";"ESTRATÉGICO";"CIÊNCIAS HUMANAS, JURÍDICAS E ECONÔMICAS          ";"LABORATÓRIO                                                 ";"FIM"
"30504";"141616";"LABORATORIO DE PROCESSAMENTO DE MATERIAIS";"LAPROM/DEMAT";"";"(84)33422254";"NATAL";"445";"CENTRO DE TECNOLOGIA";"1589";"DEPARTAMENTO DE ENGENHARIA DE MATERIAIS";".445.1589.30504.";"01/10/2019";"";"ACADÊMICA";"OPERACIONAL";"CIÊNCIAS EXATAS E DA NATUREZA                     ";"LABORATÓRIO                                                 ";"FIM"
"4005";"142010";" LABORATORIO DE PROCESSAMENTO DE MATERIAIS DE PLASMA";"LAB-PLASMA";"";"";"NATAL";"445";"CENTRO DE TECNOLOGIA";"50";"DEPARTAMENTO DE ENGENHARIA MECANICA";".445.50.4005.";"24/06/1974";"";"ACADÊMICA";"OPERACIONAL";"CIÊNCIAS EXATAS E DA NATUREZA                     ";"LABORATÓRIO                                                 ";"FIM"
"6156";"141808";"LABORATORIO DE PROCESSAMENTO DE SINAIS";"LPS/LECA";"";"";"NATAL";"445";"CENTRO DE TECNOLOGIA";"56";"DEPARTAMENTO DE ENGENHARIA DE COMPUTACAO E AUTOMACAO";".445.56.6156.";"31/08/2011";"";"ACADÊMICA";"OPERACIONAL";"CIÊNCIAS EXATAS E DA NATUREZA                     ";"LABORATÓRIO                                                 ";"FIM"
"8809";"142405";"LABORATORIO DE PROCESSOS QUIMICO TEXTEIS";"LABPROQTE";"";"";"NATAL";"445";"CENTRO DE TECNOLOGIA";"424";"DEPARTAMENTO DE ENGENHARIA TEXTIL";".445.424.8809.";"25/06/2014";"";"ACADÊMICA";"OPERACIONAL";"CIÊNCIAS EXATAS E DA NATUREZA                     ";"LABORATÓRIO                                                 ";"FIM"
"6114";"120515";"LABORATORIO DE PROCESSSAMENTO GRAFICO E INTELIGENCIA COMPUTACIONAL/DIMAP";"LPGIC/DIMAP";"";"";"NATAL";"439";"CENTRO DE CIENCIAS EXATAS E DA TERRA";"125";"DEPARTAMENTO DE INFORMATICA E MATEMATICA APLICADA";".439.125.6114.";"23/08/2011";"";"ACADÊMICA";"OPERACIONAL";"CIÊNCIAS EXATAS E DA NATUREZA                     ";"LABORATÓRIO                                                 ";"FIM"
"6431";"131315";"LABORATORIO DE PRODUCAO E EXPERIMENTACAO ARTISTICA";"LABPRODEXPART";"";"";"NATAL";"442";"CENTRO DE CIENCIAS HUMANAS, LETRAS E ARTES";"139";"DEPARTAMENTO DE ARTES";".442.139.6431.";"18/11/2011";"";"ACADÊMICA";"OPERACIONAL";"ARTES, COMUNICAÇAO E DIFUSAO                      ";"LABORATÓRIO                                                 ";"FIM"
"4108";"181409";"LABORATORIO DE PRODUCAO TEXTUAL";"LOPT";"";"";"CURRAIS NOVOS";"1482";"CENTRO DE  ENSINO SUPERIOR DO SERIDO";"236";"CERES - DEPTO CIENCIAS SOCIAIS E HUMANAS";".1482.236.4108.";"24/06/1974";"";"ACADÊMICA";"OPERACIONAL";"CIÊNCIAS HUMANAS, JURÍDICAS E ECONÔMICAS          ";"LABORATÓRIO                                                 ";"FIM"
"8805";"141512";"LABORATORIO DE PROJETOS INTEGRADOS";"LAPIS";"";"";"NATAL";"445";"CENTRO DE TECNOLOGIA";"54";"DEPARTAMENTO DE ARQUITETURA";".445.54.8805.";"20/06/2014";"";"ACADÊMICA";"OPERACIONAL";"CIÊNCIAS EXATAS E DA NATUREZA                     ";"LABORATÓRIO                                                 ";"FIM"
"4561";"1423010202";"LABORATORIO DE PROPAGACAO DE COMUNICACAO";"LAPCOM";"";"";"NATAL";"445";"CENTRO DE TECNOLOGIA";"3515";"SETOR DE ENGENHARIA ELETRICA";".445.116.3512.3515.4561.";"24/06/1974";"";"ACADÊMICA";"OPERACIONAL";"CIÊNCIAS EXATAS E DA NATUREZA                     ";"LABORATÓRIO                                                 ";"FIM"
"6302";"128214";"LABORATORIO DE PROPRIEDADES FISICAS DE ROCHAS";"LABFROPRO";"";"";"NATAL";"439";"CENTRO DE CIENCIAS EXATAS E DA TERRA";"4894";"DEPARTAMENTO DE GEOFISICA";".439.4894.6302.";"10/11/2011";"";"ACADÊMICA";"OPERACIONAL";"CIÊNCIAS EXATAS E DA NATUREZA                     ";"LABORATÓRIO                                                 ";"FIM"
"6099";"120327";"LABORATORIO DE PROPRIEDADES FISICAS E MATERIAIS CERAMICOS";"LABMATCER";"";"";"NATAL";"439";"CENTRO DE CIENCIAS EXATAS E DA TERRA";"121";"DEPARTAMENTO DE FISICA TEORICA E EXPERIMENTAL";".439.121.6099.";"23/08/2011";"";"ACADÊMICA";"OPERACIONAL";"CIÊNCIAS EXATAS E DA NATUREZA                     ";"LABORATÓRIO                                                 ";"FIM"
"4562";"141907";"LABORATORIO DE PROTECAO E QUALIDADE DE ENERGIA ELETRICA.";"LAPQEE";"";"";"NATAL";"445";"CENTRO DE TECNOLOGIA";"112";"DEPARTAMENTO DE ENGENHARIA ELETRICA";".445.112.4562.";"24/06/1974";"";"ACADÊMICA";"OPERACIONAL";"CIÊNCIAS EXATAS E DA NATUREZA                     ";"LABORATÓRIO                                                 ";"FIM"
"6299";"132022";"LABORATORIO DE PSICOLOGIA";"LABPSI";"";"";"NATAL";"442";"CENTRO DE CIENCIAS HUMANAS, LETRAS E ARTES";"143";"DEPARTAMENTO DE PSICOLOGIA";".442.143.6299.";"10/11/2011";"";"ACADÊMICA";"OPERACIONAL";"CIÊNCIAS HUMANAS, JURÍDICAS E ECONÔMICAS          ";"LABORATÓRIO                                                 ";"FIM"
"6383";"112259";"LABORATORIO DE QUALIDADE DE LEITE";"LABQUALEITE";"";"";"MACAÍBA";"605";"UNIVERSIDADE FEDERAL DO RIO GRANDE DO NORTE";"351";"ESCOLA AGRICOLA DE JUNDIAI";".605.351.6383.";"14/11/2011";"";"ACADÊMICA";"OPERACIONAL";"AGROPECUÁRIO                                      ";"LABORATÓRIO                                                 ";"FIM"
"6369";"11225002";"LABORATORIO DE QUIMICA";"LABQUI/";"";"";"MACAÍBA";"605";"UNIVERSIDADE FEDERAL DO RIO GRANDE DO NORTE";"6365";"CENTRO VOCACIONAL TECNOLOGICO";".605.351.6365.6369.";"10/11/2011";"";"ADMINISTRATIVA";"GERENCIAL";"AGROPECUÁRIO                                      ";"LABORATÓRIO                                                 ";"FIM"
"6415";"112322";"LABORATORIO DE QUIMICA";"LABQUIM/EAJ";"";"";"MACAÍBA";"605";"UNIVERSIDADE FEDERAL DO RIO GRANDE DO NORTE";"351";"ESCOLA AGRICOLA DE JUNDIAI";".605.351.6415.";"16/11/2011";"";"ACADÊMICA";"OPERACIONAL";"AGROPECUÁRIO                                      ";"LABORATÓRIO                                                 ";"FIM"
"6220";"171511";"LABORATORIO DE QUIMICA AMBIENTAL";"LAQUA";"";"";"NATAL";"440";"CENTRO DE BIOCIENCIAS";"180";"DEPARTAMENTO DE OCEANOGRAFIA E LIMNOLOGIA";".440.180.6220.";"27/09/2011";"";"ACADÊMICA";"OPERACIONAL";"CIÊNCIAS BIOLÓGICAS                               ";"LABORATÓRIO                                                 ";"FIM"
"5377";"11250605";"LABORATORIO DE QUIMICA - ECT";"LABQUI";"";"";"NATAL";"605";"UNIVERSIDADE FEDERAL DO RIO GRANDE DO NORTE";"10526";"LABORATORIOS DE ENSINO E PESQUISA DA ECT";".605.4885.10526.5377.";"28/05/2010";"";"ACADÊMICA";"OPERACIONAL";"CIÊNCIAS EXATAS E DA NATUREZA                     ";"LABORATÓRIO                                                 ";"FIM"
"4170";"151316";"LABORATORIO DE QUIMICA FARMACEUTICA";"LQF";"";"3215-4347";"NATAL";"441";"CENTRO DE CIENCIAS DA SAUDE";"196";"DEPARTAMENTO DE FARMACIA";".441.196.4170.";"24/06/1974";"";"ACADÊMICA";"OPERACIONAL";"CIÊNCIAS DA SAÚDE                                 ";"LABORATÓRIO                                                 ";"FIM"
"1812";"1240";"LABORATORIO DE QUIMICA INORGANICA E CATALISE";"LABQUINOCA";"";"";"NATAL";"439";"CENTRO DE CIENCIAS EXATAS E DA TERRA";"439";"CENTRO DE CIENCIAS EXATAS E DA TERRA";".439.1812.";"29/05/1999";"";"ACADÊMICA";"OPERACIONAL";"CIÊNCIAS EXATAS E DA NATUREZA                     ";"LABORATÓRIO                                                 ";"FIM"
"6142";"128830";"LABORATORIO DE QUIMICA ORGANICA APLICADA/IQ";"LQOA/IQ";"";"";"NATAL";"439";"CENTRO DE CIENCIAS EXATAS E DA TERRA";"6025";"INSTITUTO DE QUIMICA";".439.6025.6142.";"25/08/2011";"";"ACADÊMICA";"OPERACIONAL";"CIÊNCIAS EXATAS E DA NATUREZA                     ";"LABORATÓRIO                                                 ";"FIM"
"6420";"131505";"LABORATORIO DE RADIO/LABCOM";"LABRADIO";"";"";"NATAL";"442";"CENTRO DE CIENCIAS HUMANAS, LETRAS E ARTES";"140";"DEPARTAMENTO DE COMUNICACAO SOCIAL";".442.140.6420.";"16/11/2011";"";"ACADÊMICA";"OPERACIONAL";"CIÊNCIAS HUMANAS, JURÍDICAS E ECONÔMICAS          ";"LABORATÓRIO                                                 ";"FIM"
"6097";"120325";"LABORATORIO DE RAIO-X";"LABRAIX";"";"";"NATAL";"439";"CENTRO DE CIENCIAS EXATAS E DA TERRA";"121";"DEPARTAMENTO DE FISICA TEORICA E EXPERIMENTAL";".439.121.6097.";"23/08/2011";"";"ACADÊMICA";"OPERACIONAL";"CIÊNCIAS EXATAS E DA NATUREZA                     ";"LABORATÓRIO                                                 ";"FIM"
"4467";"142104";"LABORATORIO DE REATORES E TERMODINAMICA";"LRT";"";"";"NATAL";"445";"CENTRO DE TECNOLOGIA";"57";"DEPARTAMENTO DE ENGENHARIA QUIMICA";".445.57.4467.";"24/06/1974";"";"ACADÊMICA";"OPERACIONAL";"CIÊNCIAS EXATAS E DA NATUREZA                     ";"LABORATÓRIO                                                 ";"FIM"
"1582";"141701";"LABORATORIO DE RECURSOS HIDRICOS E SANEAMENTO";"LARHISA";"";"";"NATAL";"445";"CENTRO DE TECNOLOGIA";"52";"DEPARTAMENTO DE ENGENHARIA CIVIL E AMBIENTAL";".445.52.1582.";"21/10/2010";"";"ADMINISTRATIVA";"OPERACIONAL";"CIÊNCIAS EXATAS E DA NATUREZA                     ";"LABORATÓRIO                                                 ";"FIM"
"8791";"143302";"LABORATORIO DE REOLOGIA E FLUIDOS DE PETROLEO";"LABFLUPET";"";"";"NATAL";"445";"CENTRO DE TECNOLOGIA";"5075";"DEPARTAMENTO DE ENGENHARIA DE PETROLEO";".445.5075.8791.";"20/06/2014";"";"ACADÊMICA";"OPERACIONAL";"CIÊNCIAS EXATAS E DA NATUREZA                     ";"LABORATÓRIO                                                 ";"FIM"
"8785";"141609";"LABORATORIO DE REOLOGIA E PROCESSAMENTO DE POLIMEROS";"LABREPROP";"";"";"NATAL";"445";"CENTRO DE TECNOLOGIA";"1589";"DEPARTAMENTO DE ENGENHARIA DE MATERIAIS";".445.1589.8785.";"20/06/2014";"";"ACADÊMICA";"OPERACIONAL";"CIÊNCIAS EXATAS E DA NATUREZA                     ";"LABORATÓRIO                                                 ";"FIM"
"4421";"131802";"LABORATORIO DE RESTAURACAO";"LABRE";"";"";"NATAL";"442";"CENTRO DE CIENCIAS HUMANAS, LETRAS E ARTES";"141";"DEPARTAMENTO DE HISTORIA";".442.141.4421.";"24/06/1974";"";"ADMINISTRATIVA";"OPERACIONAL";"CIÊNCIAS HUMANAS, JURÍDICAS E ECONÔMICAS          ";"LABORATÓRIO                                                 ";"FIM"
"6163";"141815";"LABORATORIO DE ROBOTICA";"LAR/LECA";"";"";"NATAL";"445";"CENTRO DE TECNOLOGIA";"56";"DEPARTAMENTO DE ENGENHARIA DE COMPUTACAO E AUTOMACAO";".445.56.6163.";"31/08/2011";"";"ACADÊMICA";"OPERACIONAL";"CIÊNCIAS EXATAS E DA NATUREZA                     ";"LABORATÓRIO                                                 ";"FIM"
"5686";"120406";"LABORATORIO DE SEDIMENTOLOGIA";"LABSED";"";"";"NATAL";"439";"CENTRO DE CIENCIAS EXATAS E DA TERRA";"123";"DEPARTAMENTO DE GEOLOGIA";".439.123.5686.";"05/04/2011";"";"ACADÊMICA";"OPERACIONAL";"CIÊNCIAS EXATAS E DA NATUREZA                     ";"LABORATÓRIO                                                 ";"MEIO"
"6157";"141809";"LABORATORIO DE SEGURANCA DE INFORMACAO";"LABSIN/LECA";"";"";"NATAL";"445";"CENTRO DE TECNOLOGIA";"56";"DEPARTAMENTO DE ENGENHARIA DE COMPUTACAO E AUTOMACAO";".445.56.6157.";"31/08/2011";"";"ACADÊMICA";"OPERACIONAL";"CIÊNCIAS EXATAS E DA NATUREZA                     ";"LABORATÓRIO                                                 ";"FIM"
"6392";"112268";"LABORATORIO DE SEMENTES/EAJ";"LABSEMENTE/EAJ";"";"";"MACAÍBA";"605";"UNIVERSIDADE FEDERAL DO RIO GRANDE DO NORTE";"351";"ESCOLA AGRICOLA DE JUNDIAI";".605.351.6392.";"16/11/2011";"";"ACADÊMICA";"OPERACIONAL";"AGROPECUÁRIO                                      ";"LABORATÓRIO                                                 ";"FIM"
"6333";"112240";"LABORATORIO DE SEMENTES FLORESTAIS";"LABSEMFLO";"";"";"MACAÍBA";"605";"UNIVERSIDADE FEDERAL DO RIO GRANDE DO NORTE";"351";"ESCOLA AGRICOLA DE JUNDIAI";".605.351.6333.";"14/11/2011";"";"ACADÊMICA";"OPERACIONAL";"AGROPECUÁRIO                                      ";"LABORATÓRIO                                                 ";"FIM"
"5251";"103210";"LABORATORIO DE SEMIOLOGIA E SEMIOTECNICA - FACISA";"LABSEMISEMIO";"";"";"SANTA CRUZ";"605";"UNIVERSIDADE FEDERAL DO RIO GRANDE DO NORTE";"4890";"FACULDADE DE CIENCIAS DA SAUDE DO TRAIRI - FACISA";".605.4890.5251.";"11/12/2009";"";"ACADÊMICA";"OPERACIONAL";"CIÊNCIAS DA SAÚDE                                 ";"LABORATÓRIO                                                 ";"FIM"
"6158";"141810";"LABORATORIO DE SENSORIAMENTO E CONTROLE";"LABSENS/LECA";"";"";"NATAL";"445";"CENTRO DE TECNOLOGIA";"56";"DEPARTAMENTO DE ENGENHARIA DE COMPUTACAO E AUTOMACAO";".445.56.6158.";"31/08/2011";"";"ACADÊMICA";"OPERACIONAL";"CIÊNCIAS EXATAS E DA NATUREZA                     ";"LABORATÓRIO                                                 ";"FIM"
"6206";"170004";"LABORATORIO DE SIMULACAO COMPUTACIONAL";"LSC/DBF";"";"";"NATAL";"440";"CENTRO DE BIOCIENCIAS";"440";"CENTRO DE BIOCIENCIAS";".440.6206.";"27/09/2011";"";"ACADÊMICA";"OPERACIONAL";"CIÊNCIAS BIOLÓGICAS                               ";"LABORATÓRIO                                                 ";"FIM"
"8795";"143306";"LABORATORIO DE SIMULACAO NUMERICA";"LASIMPET";"";"";"NATAL";"445";"CENTRO DE TECNOLOGIA";"5075";"DEPARTAMENTO DE ENGENHARIA DE PETROLEO";".445.5075.8795.";"20/06/2014";"";"ACADÊMICA";"OPERACIONAL";"CIÊNCIAS EXATAS E DA NATUREZA                     ";"LABORATÓRIO                                                 ";"FIM"
"8786";"141610";"LABORATORIO DE SINTESE DE POLIMEROS";"LABSINPOL";"";"";"NATAL";"445";"CENTRO DE TECNOLOGIA";"1589";"DEPARTAMENTO DE ENGENHARIA DE MATERIAIS";".445.1589.8786.";"20/06/2014";"";"ACADÊMICA";"OPERACIONAL";"CIÊNCIAS EXATAS E DA NATUREZA                     ";"LABORATÓRIO                                                 ";"FIM"
"8788";"141612";"LABORATORIO DE SINTESE QUIMICA DE MATERIAIS";"LSQM";"";"";"NATAL";"445";"CENTRO DE TECNOLOGIA";"1589";"DEPARTAMENTO DE ENGENHARIA DE MATERIAIS";".445.1589.8788.";"20/06/2014";"";"ACADÊMICA";"OPERACIONAL";"CIÊNCIAS EXATAS E DA NATUREZA                     ";"LABORATÓRIO                                                 ";"FIM"
"4172";"151318";"LABORATORIO DE SISTEMAS DISPERSOS";"LSD";"";"";"NATAL";"441";"CENTRO DE CIENCIAS DA SAUDE";"196";"DEPARTAMENTO DE FARMACIA";".441.196.4172.";"24/06/1974";"";"ACADÊMICA";"OPERACIONAL";"CIÊNCIAS DA SAÚDE                                 ";"LABORATÓRIO                                                 ";"FIM"
"6112";"120513";"LABORATORIO DE SISTEMAS EM CHIP/DIMAP";"LSC/DIMAP";"";"";"NATAL";"439";"CENTRO DE CIENCIAS EXATAS E DA TERRA";"125";"DEPARTAMENTO DE INFORMATICA E MATEMATICA APLICADA";".439.125.6112.";"23/08/2011";"";"ACADÊMICA";"OPERACIONAL";"CIÊNCIAS EXATAS E DA NATUREZA                     ";"LABORATÓRIO                                                 ";"FIM"
"4547";"141508";"LABORATORIO DE SISTEMAS ESTRUTURAIS E CONSTRUTIVOS / LABSEC";"LABSEC";"";"";"NATAL";"445";"CENTRO DE TECNOLOGIA";"54";"DEPARTAMENTO DE ARQUITETURA";".445.54.4547.";"24/06/1974";"";"ACADÊMICA";"OPERACIONAL";"CIÊNCIAS EXATAS E DA NATUREZA                     ";"LABORATÓRIO                                                 ";"FIM"
"6160";"141812";"LABORATORIO DE SISTEMAS INTELIGENTES";"LABSIS/LECA";"";"";"NATAL";"445";"CENTRO DE TECNOLOGIA";"56";"DEPARTAMENTO DE ENGENHARIA DE COMPUTACAO E AUTOMACAO";".445.56.6160.";"31/08/2011";"";"ACADÊMICA";"OPERACIONAL";"CIÊNCIAS EXATAS E DA NATUREZA                     ";"LABORATÓRIO                                                 ";"FIM"
"4473";"142110";"LABORATORIO DE SISTEMAS PARTICULADOS";"LSP";"";"";"NATAL";"445";"CENTRO DE TECNOLOGIA";"57";"DEPARTAMENTO DE ENGENHARIA QUIMICA";".445.57.4473.";"24/06/1974";"";"ACADÊMICA";"OPERACIONAL";"CIÊNCIAS EXATAS E DA NATUREZA                     ";"LABORATÓRIO                                                 ";"FIM"
"8789";"141613";"LABORATORIO DE SOLDAGEM E INSPECAO";"LS&I";"";"";"NATAL";"445";"CENTRO DE TECNOLOGIA";"1589";"DEPARTAMENTO DE ENGENHARIA DE MATERIAIS";".445.1589.8789.";"20/06/2014";"";"ACADÊMICA";"OPERACIONAL";"CIÊNCIAS EXATAS E DA NATUREZA                     ";"LABORATÓRIO                                                 ";"FIM"
"6389";"112265";"LABORATORIO DE SOLOS E RESIDUOS ORGANICOS/EAJ";"LABSOLOSORG/EAJ";"";"";"MACAÍBA";"605";"UNIVERSIDADE FEDERAL DO RIO GRANDE DO NORTE";"351";"ESCOLA AGRICOLA DE JUNDIAI";".605.351.6389.";"16/11/2011";"";"ACADÊMICA";"OPERACIONAL";"AGROPECUÁRIO                                      ";"LABORATÓRIO                                                 ";"FIM"
"6096";"120324";"LABORATORIO DE SPUTTERING";"LABSPU";"";"";"NATAL";"439";"CENTRO DE CIENCIAS EXATAS E DA TERRA";"121";"DEPARTAMENTO DE FISICA TEORICA E EXPERIMENTAL";".439.121.6096.";"23/08/2011";"";"ACADÊMICA";"OPERACIONAL";"CIÊNCIAS EXATAS E DA NATUREZA                     ";"LABORATÓRIO                                                 ";"FIM"
"8883";"171109";"LABORATORIO DE TAXONOMIA E FILOGENIA ANIMAL";"TAXFILANIMAL";"";"";"NATAL";"440";"CENTRO DE BIOCIENCIAS";"183";"DEPARTAMENTO DE BOTANICA E ZOOLOGIA";".440.183.8883.";"19/08/2014";"";"ACADÊMICA";"OPERACIONAL";"CIÊNCIAS BIOLÓGICAS                               ";"LABORATÓRIO                                                 ";"FIM"
"8806";"142402";"LABORATORIO DE TECELAGEM";"LABTEC";"";"";"NATAL";"445";"CENTRO DE TECNOLOGIA";"424";"DEPARTAMENTO DE ENGENHARIA TEXTIL";".445.424.8806.";"25/06/2014";"";"ACADÊMICA";"OPERACIONAL";"CIÊNCIAS EXATAS E DA NATUREZA                     ";"LABORATÓRIO                                                 ";"FIM"
"4183";"151804";"LABORATORIO DE TECNICA DIETETICA";"LTD";"";"";"NATAL";"441";"CENTRO DE CIENCIAS DA SAUDE";"203";"DEPARTAMENTO DE NUTRICAO";".441.203.4183.";"24/06/1974";"";"ACADÊMICA";"OPERACIONAL";"CIÊNCIAS DA SAÚDE                                 ";"LABORATÓRIO                                                 ";"FIM"
"7570";"10320006";"LABORATORIO DE TECNICA DIETETICA";"LTD/FACISA";"";"";"SANTA CRUZ";"605";"UNIVERSIDADE FEDERAL DO RIO GRANDE DO NORTE";"4890";"FACULDADE DE CIENCIAS DA SAUDE DO TRAIRI - FACISA";".605.4890.7570.";"21/03/2013";"";"ACADÊMICA";"OPERACIONAL";"CIÊNCIAS BIOLÓGICAS                               ";"LABORATÓRIO                                                 ";"FIM"
"4260";"171406";"LABORATORIO DE TECNICAS HISTOLOGICAS";"labohist";"";"";"NATAL";"440";"CENTRO DE BIOCIENCIAS";"177";"DEPARTAMENTO DE MORFOLOGIA";".440.177.4260.";"24/06/1974";"";"ACADÊMICA";"OPERACIONAL";"CIÊNCIAS BIOLÓGICAS                               ";"LABORATÓRIO                                                 ";"FIM"
"6435";"131319";"LABORATORIO DE TECNOLOGIA CENICA - CENOTEC";"LABTECEN";"";"";"NATAL";"442";"CENTRO DE CIENCIAS HUMANAS, LETRAS E ARTES";"139";"DEPARTAMENTO DE ARTES";".442.139.6435.";"18/11/2011";"";"ACADÊMICA";"OPERACIONAL";"ARTES, COMUNICAÇAO E DIFUSAO                      ";"LABORATÓRIO                                                 ";"FIM"
"6332";"112239";"LABORATORIO DE TECNOLOGIA DA MADEIRA";"LABTECMAD";"";"";"MACAÍBA";"605";"UNIVERSIDADE FEDERAL DO RIO GRANDE DO NORTE";"351";"ESCOLA AGRICOLA DE JUNDIAI";".605.351.6332.";"14/11/2011";"";"ACADÊMICA";"OPERACIONAL";"AGROPECUÁRIO                                      ";"LABORATÓRIO                                                 ";"FIM"
"4474";"142111";"LABORATORIO DE TECNOLOGIA DE ALIMENTOS";"LTA";"";"";"NATAL";"445";"CENTRO DE TECNOLOGIA";"57";"DEPARTAMENTO DE ENGENHARIA QUIMICA";".445.57.4474.";"24/06/1974";"";"ACADÊMICA";"OPERACIONAL";"CIÊNCIAS EXATAS E DA NATUREZA                     ";"LABORATÓRIO                                                 ";"FIM"
"7572";"10320008";"LABORATORIO DE TECNOLOGIA DE ALIMENTOS";"LTA/FACISA";"";"";"SANTA CRUZ";"605";"UNIVERSIDADE FEDERAL DO RIO GRANDE DO NORTE";"4890";"FACULDADE DE CIENCIAS DA SAUDE DO TRAIRI - FACISA";".605.4890.7572.";"21/03/2013";"";"ACADÊMICA";"OPERACIONAL";"CIÊNCIAS BIOLÓGICAS                               ";"LABORATÓRIO                                                 ";"FIM"
"8038";"151806";"LABORATORIO DE TECNOLOGIA DE ALIMENTOS";"LTA/DNUT";"";"";"NATAL";"441";"CENTRO DE CIENCIAS DA SAUDE";"203";"DEPARTAMENTO DE NUTRICAO";".441.203.8038.";"01/01/2013";"";"ADMINISTRATIVA";"OPERACIONAL";"ADMINISTRATIVO                                    ";"ASSESSORIA                                                  ";"FIM"
"6407";"112292";"LABORATORIO DE TECNOLOGIA DE FERMENTACOES";"LABTECFERM";"";"";"MACAÍBA";"605";"UNIVERSIDADE FEDERAL DO RIO GRANDE DO NORTE";"351";"ESCOLA AGRICOLA DE JUNDIAI";".605.351.6407.";"16/11/2011";"";"ACADÊMICA";"OPERACIONAL";"AGROPECUÁRIO                                      ";"LABORATÓRIO                                                 ";"FIM"
"4466";"142103";"LABORATORIO DE TECNOLOGIA DE MATERIAIS";"LTM";"";"";"NATAL";"445";"CENTRO DE TECNOLOGIA";"57";"DEPARTAMENTO DE ENGENHARIA QUIMICA";".445.57.4466.";"24/06/1974";"";"ACADÊMICA";"OPERACIONAL";"CIÊNCIAS EXATAS E DA NATUREZA                     ";"LABORATÓRIO                                                 ";"FIM"
"4160";"151306";"LABORATORIO DE TECNOLOGIA E BIOTECNOLOGIA FARMACEUTICA";"LTECBIOFARMA";"";"";"NATAL";"441";"CENTRO DE CIENCIAS DA SAUDE";"196";"DEPARTAMENTO DE FARMACIA";".441.196.4160.";"24/06/1974";"";"ACADÊMICA";"OPERACIONAL";"CIÊNCIAS DA SAÚDE                                 ";"LABORATÓRIO                                                 ";"FIM"
"8384";"19010801";"LABORATORIO DE TECNOLOGIA EDUCACIONAL";"LABTECEDUC";"";"";"NATAL";"5965";"CENTRO DE EDUCACAO";"10543";"LABORATORIO INTERDISCIPLINAR DE FORMACAO DE EDUCADORES - LIFE";".5965.5966.10543.8384.";"14/03/2014";"";"ACADÊMICA";"OPERACIONAL";"CIÊNCIAS HUMANAS, JURÍDICAS E ECONÔMICAS          ";"LABORATÓRIO                                                 ";"FIM"
"4476";"142113";"LABORATORIO DE TECNOLOGIA SUPERCRITICA E BIODIESEL";"LTSB";"";"";"NATAL";"445";"CENTRO DE TECNOLOGIA";"57";"DEPARTAMENTO DE ENGENHARIA QUIMICA";".445.57.4476.";"24/06/1974";"";"ACADÊMICA";"OPERACIONAL";"CIÊNCIAS EXATAS E DA NATUREZA                     ";"LABORATÓRIO                                                 ";"FIM"
"3352";"141913";"LABORATORIO DE TELECOMUNICACOES";"LAB-TELEC";"";"";"NATAL";"445";"CENTRO DE TECNOLOGIA";"112";"DEPARTAMENTO DE ENGENHARIA ELETRICA";".445.112.3352.";"01/01/2010";"";"ADMINISTRATIVA";"ESTRATÉGICO";"ADMINISTRATIVO                                    ";"LABORATÓRIO                                                 ";"FIM"
"4218";"14360007";"LABORATORIO DE TELECOMUNICACOES";"LABTELEC";"";"";"NATAL";"445";"CENTRO DE TECNOLOGIA";"5204";"DEPARTAMENTO DE ENGENHARIA DE COMUNICACOES";".445.5204.4218.";"24/06/1974";"";"ACADÊMICA";"OPERACIONAL";"CIÊNCIAS EXATAS E DA NATUREZA                     ";"LABORATÓRIO                                                 ";"FIM"
"6124";"128812";"LABORATORIO DE TENSOATIVOS/IQ";"LT/IQ";"";"";"NATAL";"439";"CENTRO DE CIENCIAS EXATAS E DA TERRA";"6025";"INSTITUTO DE QUIMICA";".439.6025.6124.";"25/08/2011";"";"ACADÊMICA";"OPERACIONAL";"CIÊNCIAS EXATAS E DA NATUREZA                     ";"LABORATÓRIO                                                 ";"FIM"
"3238";"2061";"LABORATORIO DE TESTE DO PEZINHO - MEJC";"LTP/MEJC";"";"";"NATAL";"447";"MATERNIDADE ESCOLA JANUARIO CICCO";"447";"MATERNIDADE ESCOLA JANUARIO CICCO";".605.447.3238.";"24/06/1974";"";"ADMINISTRATIVA";"OPERACIONAL";"CIÊNCIAS DA SAÚDE                                 ";"SETOR                                                       ";"FIM"
"12100";"3161";"LABORATORIO DE TESTE DO PEZINHO - MEJC";"LTP/MEJC";"";"";"NATAL";"8194";"SUPERINTENDENCIA DO MEJC - EBSERH";"8194";"SUPERINTENDENCIA DO MEJC - EBSERH";".8517.8194.12100.";"24/06/1974";"";"ADMINISTRATIVA";"OPERACIONAL";"CIÊNCIAS DA SAÚDE                                 ";"SETOR                                                       ";"FIM"
"4153";"150909";"LABORATORIO DE TOXICOLOGIA";"LT";"";"";"NATAL";"441";"CENTRO DE CIENCIAS DA SAUDE";"117";"DEPARTAMENTO DE ANALISES CLINICAS E TOXICOLOGICAS";".441.117.4153.";"24/06/1974";"";"ACADÊMICA";"OPERACIONAL";"CIÊNCIAS DA SAÚDE                                 ";"LABORATÓRIO                                                 ";"FIM"
"8767";"17001215";"LABORATORIO DE TRIAGEM UMIDA";"LABTRIUMI";"";"";"NATAL";"440";"CENTRO DE BIOCIENCIAS";"8366";"DEPARTAMENTO DE ECOLOGIA";".440.8366.8767.";"06/06/2014";"";"ACADÊMICA";"OPERACIONAL";"CIÊNCIAS BIOLÓGICAS                               ";"LABORATÓRIO                                                 ";"FIM"
"4257";"142012";"LABORATORIO DE TRIBOLOGIA E DINAMICA";"LTD";"";"";"NATAL";"445";"CENTRO DE TECNOLOGIA";"50";"DEPARTAMENTO DE ENGENHARIA MECANICA";".445.50.4257.";"24/06/1974";"";"ACADÊMICA";"OPERACIONAL";"CIÊNCIAS EXATAS E DA NATUREZA                     ";"LABORATÓRIO                                                 ";"FIM"
"8173";"160027";"LABORATORIO DE TURISMO";"LABTUR";"";"";"NATAL";"443";"CENTRO DE CIENCIAS SOCIAIS APLICADAS";"443";"CENTRO DE CIENCIAS SOCIAIS APLICADAS";".443.8173.";"16/12/2013";"";"ACADÊMICA";"OPERACIONAL";"CIÊNCIAS HUMANAS, JURÍDICAS E ECONÔMICAS          ";"LABORATÓRIO                                                 ";"FIM"
"6419";"131504";"LABORATORIO DE TV/LABCOM";"LABTV";"";"";"NATAL";"442";"CENTRO DE CIENCIAS HUMANAS, LETRAS E ARTES";"140";"DEPARTAMENTO DE COMUNICACAO SOCIAL";".442.140.6419.";"16/11/2011";"";"ACADÊMICA";"OPERACIONAL";"CIÊNCIAS HUMANAS, JURÍDICAS E ECONÔMICAS          ";"LABORATÓRIO                                                 ";"FIM"
"4445";"171307";"LABORATORIO DE USO COMUM";"LABUC";"";"";"NATAL";"440";"CENTRO DE BIOCIENCIAS";"181";"DEPARTAMENTO DE MICROBIOLOGIA E PARASITOLOGIA";".440.181.4445.";"24/06/1974";"";"ACADÊMICA";"OPERACIONAL";"CIÊNCIAS BIOLÓGICAS                               ";"LABORATÓRIO                                                 ";"FIM"
"8808";"142404";"LABORATORIO DE VESTUARIO";"VEST";"";"";"NATAL";"445";"CENTRO DE TECNOLOGIA";"424";"DEPARTAMENTO DE ENGENHARIA TEXTIL";".445.424.8808.";"25/06/2014";"";"ACADÊMICA";"OPERACIONAL";"CIÊNCIAS EXATAS E DA NATUREZA                     ";"LABORATÓRIO                                                 ";"FIM"
"6417";"11225006";"LABORATORIO DE VIDEO CONFERENCIA";"LABVIDEOCONF";"";"";"MACAÍBA";"605";"UNIVERSIDADE FEDERAL DO RIO GRANDE DO NORTE";"6365";"CENTRO VOCACIONAL TECNOLOGICO";".605.351.6365.6417.";"16/11/2011";"";"ADMINISTRATIVA";"OPERACIONAL";"INFORMAÇÃO                                        ";"LABORATÓRIO                                                 ";"FIM"
"6442";"11690022";"LABORATORIO DE VIGILANCIA EM SAUDE";"LABVIGSAÚDE";"";"";"NATAL";"605";"UNIVERSIDADE FEDERAL DO RIO GRANDE DO NORTE";"205";"ESCOLA DE SAUDE";".605.205.6442.";"18/11/2011";"";"ACADÊMICA";"OPERACIONAL";"CIÊNCIAS DA SAÚDE                                 ";"LABORATÓRIO                                                 ";"FIM"
"6230";"171521";"LABORATORIO DE ZOOBENTOS E CEPHALOPODA";"LABZOOCEPHA";"";"";"NATAL";"440";"CENTRO DE BIOCIENCIAS";"180";"DEPARTAMENTO DE OCEANOGRAFIA E LIMNOLOGIA";".440.180.6230.";"28/09/2011";"";"ACADÊMICA";"OPERACIONAL";"CIÊNCIAS BIOLÓGICAS                               ";"LABORATÓRIO                                                 ";"FIM"
"6119";"128807";"LABORATORIO DIDATICA III DE QUIMICA GERAL";"LDQG III/IQ";"";"";"NATAL";"439";"CENTRO DE CIENCIAS EXATAS E DA TERRA";"6025";"INSTITUTO DE QUIMICA";".439.6025.6119.";"25/08/2011";"";"ACADÊMICA";"OPERACIONAL";"CIÊNCIAS EXATAS E DA NATUREZA                     ";"LABORATÓRIO                                                 ";"FIM"
"6305";"128217";"LABORATORIO DIDATICO DE COMPUTACAO GEOFISICA";"LABDICOMGEO";"";"";"NATAL";"439";"CENTRO DE CIENCIAS EXATAS E DA TERRA";"4894";"DEPARTAMENTO DE GEOFISICA";".439.4894.6305.";"10/11/2011";"";"ACADÊMICA";"OPERACIONAL";"CIÊNCIAS EXATAS E DA NATUREZA                     ";"LABORATÓRIO                                                 ";"FIM"
"6137";"128825";"LABORATORIO DIDATICO DE FISICO-QUIMICA/IQ";"LDFQ/IQ";"";"";"NATAL";"439";"CENTRO DE CIENCIAS EXATAS E DA TERRA";"6025";"INSTITUTO DE QUIMICA";".439.6025.6137.";"25/08/2011";"";"ACADÊMICA";"OPERACIONAL";"CIÊNCIAS EXATAS E DA NATUREZA                     ";"LABORATÓRIO                                                 ";"FIM"
"10516";"128219";"LABORATORIO DIDATICO DE GEOFISICA II";"LABDIGEO-II";"";"";"NATAL";"439";"CENTRO DE CIENCIAS EXATAS E DA TERRA";"4894";"DEPARTAMENTO DE GEOFISICA";".439.4894.10516.";"10/01/2017";"";"ACADÊMICA";"ESTRATÉGICO";"ADMINISTRATIVO                                    ";"ASSESSORIA                                                  ";"FIM"
"6128";"128817";"LABORATORIO DIDATICO DE METODOS ELETROANALITICOS/IQ";"LDME/IQ";"";"";"NATAL";"439";"CENTRO DE CIENCIAS EXATAS E DA TERRA";"6025";"INSTITUTO DE QUIMICA";".439.6025.6128.";"25/08/2011";"";"ACADÊMICA";"OPERACIONAL";"CIÊNCIAS EXATAS E DA NATUREZA                     ";"LABORATÓRIO                                                 ";"FIM"
"6129";"128818";"LABORATORIO DIDATICO DE METODOS ESPECTROSCOPICOS DE ANALISE/IQ";"LDMEA/IQ";"";"";"NATAL";"439";"CENTRO DE CIENCIAS EXATAS E DA TERRA";"6025";"INSTITUTO DE QUIMICA";".439.6025.6129.";"25/08/2011";"";"ACADÊMICA";"OPERACIONAL";"CIÊNCIAS EXATAS E DA NATUREZA                     ";"LABORATÓRIO                                                 ";"FIM"
"6121";"128809";"LABORATORIO DIDATICO DE QUIMICA ANALITICA";"LDQA/IQ";"";"";"NATAL";"439";"CENTRO DE CIENCIAS EXATAS E DA TERRA";"6025";"INSTITUTO DE QUIMICA";".439.6025.6121.";"25/08/2011";"";"ACADÊMICA";"OPERACIONAL";"CIÊNCIAS EXATAS E DA NATUREZA                     ";"LABORATÓRIO                                                 ";"FIM"
"6127";"128816";"LABORATORIO DIDATICO DE QUIMICA INORGANICA";"LDQI/IQ";"";"";"NATAL";"439";"CENTRO DE CIENCIAS EXATAS E DA TERRA";"6025";"INSTITUTO DE QUIMICA";".439.6025.6127.";"25/08/2011";"";"ACADÊMICA";"OPERACIONAL";"CIÊNCIAS EXATAS E DA NATUREZA                     ";"LABORATÓRIO                                                 ";"FIM"
"8876";"171102";"LABORATORIO DIDATICO DO DBEZ";"LABDID/DBEZ";"";"";"NATAL";"440";"CENTRO DE BIOCIENCIAS";"183";"DEPARTAMENTO DE BOTANICA E ZOOLOGIA";".440.183.8876.";"19/08/2014";"";"ADMINISTRATIVA";"GERENCIAL";"CIÊNCIAS BIOLÓGICAS                               ";"LABORATÓRIO                                                 ";"FIM"
"6117";"128805";"LABORATORIO DIDATICO I DE QUIMICA GERAL/IQ";"LDQG I/IQ";"";"";"NATAL";"439";"CENTRO DE CIENCIAS EXATAS E DA TERRA";"6025";"INSTITUTO DE QUIMICA";".439.6025.6117.";"25/08/2011";"";"ACADÊMICA";"OPERACIONAL";"CIÊNCIAS EXATAS E DA NATUREZA                     ";"LABORATÓRIO                                                 ";"FIM"
"6122";"128810";"LABORATORIO DIDATICO I DE QUIMICA ORGANICA";"LDQO I/IQ";"";"";"NATAL";"439";"CENTRO DE CIENCIAS EXATAS E DA TERRA";"6025";"INSTITUTO DE QUIMICA";".439.6025.6122.";"25/08/2011";"";"ACADÊMICA";"OPERACIONAL";"CIÊNCIAS EXATAS E DA NATUREZA                     ";"LABORATÓRIO                                                 ";"FIM"
"6118";"128806";"LABORATORIO DIDATICO II DE QUIMICA GERAL/IQ";"LDQG II/IQ";"";"";"NATAL";"439";"CENTRO DE CIENCIAS EXATAS E DA TERRA";"6025";"INSTITUTO DE QUIMICA";".439.6025.6118.";"25/08/2011";"";"ACADÊMICA";"OPERACIONAL";"CIÊNCIAS EXATAS E DA NATUREZA                     ";"LABORATÓRIO                                                 ";"FIM"
"6123";"128811";"LABORATORIO DIDATICO II DE QUIMICA ORGANICA/IQ";"LDQO II/IQ";"";"";"NATAL";"439";"CENTRO DE CIENCIAS EXATAS E DA TERRA";"6025";"INSTITUTO DE QUIMICA";".439.6025.6123.";"25/08/2011";"";"ACADÊMICA";"OPERACIONAL";"CIÊNCIAS EXATAS E DA NATUREZA                     ";"LABORATÓRIO                                                 ";"FIM"
"8758";"17001206";"LABORATORIO DIDATICO III";"LABDID III";"";"";"NATAL";"440";"CENTRO DE BIOCIENCIAS";"8366";"DEPARTAMENTO DE ECOLOGIA";".440.8366.8758.";"06/06/2014";"";"ACADÊMICA";"OPERACIONAL";"CIÊNCIAS BIOLÓGICAS                               ";"LABORATÓRIO                                                 ";"FIM"
"8887";"171113";"LABORATORIO DOS ANFIBIOS";"LABANFIBIOS";"";"";"NATAL";"440";"CENTRO DE BIOCIENCIAS";"183";"DEPARTAMENTO DE BOTANICA E ZOOLOGIA";".440.183.8887.";"19/08/2014";"";"ACADÊMICA";"OPERACIONAL";"CIÊNCIAS BIOLÓGICAS                               ";"LABORATÓRIO                                                 ";"FIM"
"8879";"171105";"LABORATORIO DOS FUNGOS";"LBFUNGOS";"";"";"NATAL";"440";"CENTRO DE BIOCIENCIAS";"183";"DEPARTAMENTO DE BOTANICA E ZOOLOGIA";".440.183.8879.";"19/08/2014";"";"ACADÊMICA";"OPERACIONAL";"CIÊNCIAS BIOLÓGICAS                               ";"LABORATÓRIO                                                 ";"FIM"
"4175";"151402";"LABORATORIO DO SONO E APRENDIZAGEM MOTORA";"LABSONAM";"";"";"NATAL";"441";"CENTRO DE CIENCIAS DA SAUDE";"201";"DEPARTAMENTO DE FISIOTERAPIA";".441.201.4175.";"24/06/1974";"";"ACADÊMICA";"OPERACIONAL";"CIÊNCIAS DA SAÚDE                                 ";"LABORATÓRIO                                                 ";"FIM"
"4161";"151307";"LABORATORIO ENZIMOLOGIA";"LE";"";"";"NATAL";"441";"CENTRO DE CIENCIAS DA SAUDE";"196";"DEPARTAMENTO DE FARMACIA";".441.196.4161.";"24/06/1974";"";"ACADÊMICA";"OPERACIONAL";"CIÊNCIAS DA SAÚDE                                 ";"LABORATÓRIO                                                 ";"FIM"
"6037";"171317";"LABORATORIO-ESCOLA DE BIOMEDICINA";"LABBIO";"";"";"NATAL";"440";"CENTRO DE BIOCIENCIAS";"181";"DEPARTAMENTO DE MICROBIOLOGIA E PARASITOLOGIA";".440.181.6037.";"15/07/0011";"";"ACADÊMICA";"OPERACIONAL";"CIÊNCIAS BIOLÓGICAS                               ";"LABORATÓRIO                                                 ";"FIM"
"4168";"151314";"LABORATORIO ESCOLA DE FARMACIA INDUSTRIAL";"LEFARIND";"";"";"NATAL";"441";"CENTRO DE CIENCIAS DA SAUDE";"196";"DEPARTAMENTO DE FARMACIA";".441.196.4168.";"24/06/1974";"";"ACADÊMICA";"OPERACIONAL";"CIÊNCIAS DA SAÚDE                                 ";"LABORATÓRIO                                                 ";"FIM"
"6359";"11220009";"LABORATORIO E UNIDADE DE AVES ";"LABUNAV";"";"";"MACAÍBA";"605";"UNIVERSIDADE FEDERAL DO RIO GRANDE DO NORTE";"351";"ESCOLA AGRICOLA DE JUNDIAI";".605.351.6359.";"10/11/2011";"";"ACADÊMICA";"OPERACIONAL";"AGROPECUÁRIO                                      ";"LABORATÓRIO                                                 ";"FIM"
"6340";"112288";"LABORATORIO E UNIDADE DE BENEFICIAMENTO DE CARNES";"LABUNBENCAR";"";"";"MACAÍBA";"605";"UNIVERSIDADE FEDERAL DO RIO GRANDE DO NORTE";"351";"ESCOLA AGRICOLA DE JUNDIAI";".605.351.6340.";"10/11/2011";"";"ACADÊMICA";"OPERACIONAL";"AGROPECUÁRIO                                      ";"LABORATÓRIO                                                 ";"FIM"
"6341";"112289";"LABORATORIO E UNIDADE DE BENEFICIAMENTO DE FRUTAS";"LABUNBEFRU";"";"";"MACAÍBA";"605";"UNIVERSIDADE FEDERAL DO RIO GRANDE DO NORTE";"351";"ESCOLA AGRICOLA DE JUNDIAI";".605.351.6341.";"10/11/2011";"";"ADMINISTRATIVA";"OPERACIONAL";"AGROPECUÁRIO                                      ";"LABORATÓRIO                                                 ";"FIM"
"6356";"11220010";"LABORATORIO E UNIDADE DE BOVINOS DE CORTE E LEITE";"LABUNBOVCL";"";"";"MACAÍBA";"605";"UNIVERSIDADE FEDERAL DO RIO GRANDE DO NORTE";"351";"ESCOLA AGRICOLA DE JUNDIAI";".605.351.6356.";"10/11/2011";"";"ACADÊMICA";"OPERACIONAL";"AGROPECUÁRIO                                      ";"LABORATÓRIO                                                 ";"FIM"
"6410";"11220008";"LABORATORIO E UNIDADE DE CARCINICULTURA";"LABUNICARCI";"";"";"MACAÍBA";"605";"UNIVERSIDADE FEDERAL DO RIO GRANDE DO NORTE";"351";"ESCOLA AGRICOLA DE JUNDIAI";".605.351.6410.";"16/11/2011";"";"ADMINISTRATIVA";"GERENCIAL";"AGROPECUÁRIO                                      ";"LABORATÓRIO                                                 ";"FIM"
"6336";"112243";"LABORATORIO E UNIDADE DE COMPOSTAGEM";"LABUNICOMP";"";"";"MACAÍBA";"605";"UNIVERSIDADE FEDERAL DO RIO GRANDE DO NORTE";"351";"ESCOLA AGRICOLA DE JUNDIAI";".605.351.6336.";"14/11/2011";"";"ACADÊMICA";"OPERACIONAL";"AGROPECUÁRIO                                      ";"LABORATÓRIO                                                 ";"FIM"
"6361";"11220012";"LABORATORIO E UNIDADE DE CUNICULTURA";"LABUNCUNICULT";"";"";"MACAÍBA";"605";"UNIVERSIDADE FEDERAL DO RIO GRANDE DO NORTE";"351";"ESCOLA AGRICOLA DE JUNDIAI";".605.351.6361.";"16/11/2011";"";"ACADÊMICA";"OPERACIONAL";"AGROPECUÁRIO                                      ";"LABORATÓRIO                                                 ";"FIM"
"6331";"112238";"LABORATORIO E UNIDADE DE EXTRACAO DE PRODUTOS APICOLAS";"LABUNEPAPI";"";"";"MACAÍBA";"605";"UNIVERSIDADE FEDERAL DO RIO GRANDE DO NORTE";"351";"ESCOLA AGRICOLA DE JUNDIAI";".605.351.6331.";"14/11/2011";"";"ACADÊMICA";"OPERACIONAL";"AGROPECUÁRIO                                      ";"LABORATÓRIO                                                 ";"FIM"
"6348";"112297";"LABORATORIO E UNIDADE DE LARVICULTURA";"LABLARVICUL";"";"";"MACAÍBA";"605";"UNIVERSIDADE FEDERAL DO RIO GRANDE DO NORTE";"351";"ESCOLA AGRICOLA DE JUNDIAI";".605.351.6348.";"10/11/2011";"";"ACADÊMICA";"OPERACIONAL";"AGROPECUÁRIO                                      ";"LABORATÓRIO                                                 ";"FIM"
"6409";"112298";"LABORATORIO E UNIDADE DE LIMNOLOGIA";"LABUNILIMI";"";"";"MACAÍBA";"605";"UNIVERSIDADE FEDERAL DO RIO GRANDE DO NORTE";"351";"ESCOLA AGRICOLA DE JUNDIAI";".605.351.6409.";"16/11/2011";"";"ACADÊMICA";"OPERACIONAL";"AGROPECUÁRIO                                      ";"LABORATÓRIO                                                 ";"FIM"
"6345";"112295";"LABORATORIO E UNIDADE DE PISICULTURA";"LABUNPSICUL";"";"";"MACAÍBA";"605";"UNIVERSIDADE FEDERAL DO RIO GRANDE DO NORTE";"351";"ESCOLA AGRICOLA DE JUNDIAI";".605.351.6345.";"10/11/2011";"";"ADMINISTRATIVA";"GERENCIAL";"AGROPECUÁRIO                                      ";"LABORATÓRIO                                                 ";"FIM"
"6339";"112287";"LABORATORIO E UNIDADE DE PROCESSAMENTO DE LACTICINIOS";"LABUNPROCLACT";"";"";"MACAÍBA";"605";"UNIVERSIDADE FEDERAL DO RIO GRANDE DO NORTE";"351";"ESCOLA AGRICOLA DE JUNDIAI";".605.351.6339.";"10/11/2011";"";"ACADÊMICA";"OPERACIONAL";"AGROPECUÁRIO                                      ";"LABORATÓRIO                                                 ";"FIM"
"6347";"112296";"LABORATORIO E UNIDADE DE PROCESSAMENTO DE PESCADO";"LABPROCPESC";"";"";"MACAÍBA";"605";"UNIVERSIDADE FEDERAL DO RIO GRANDE DO NORTE";"351";"ESCOLA AGRICOLA DE JUNDIAI";".605.351.6347.";"10/11/2011";"";"ACADÊMICA";"OPERACIONAL";"AGROPECUÁRIO                                      ";"LABORATÓRIO                                                 ";"FIM"
"6404";"112283";"LABORATORIO E UNIDADE DE SOLOS";"LABUNISOLOS";"";"";"MACAÍBA";"605";"UNIVERSIDADE FEDERAL DO RIO GRANDE DO NORTE";"351";"ESCOLA AGRICOLA DE JUNDIAI";".605.351.6404.";"16/11/2011";"";"ACADÊMICA";"OPERACIONAL";"AGROPECUÁRIO                                      ";"LABORATÓRIO                                                 ";"FIM"
"4148";"150905";"LABORATORIO INTEGRADO DE ANALISES CLINICAS";"LIAC";"tereza@ufrnet.br";"";"NATAL";"441";"CENTRO DE CIENCIAS DA SAUDE";"117";"DEPARTAMENTO DE ANALISES CLINICAS E TOXICOLOGICAS";".441.117.4148.";"24/06/1974";"";"ACADÊMICA";"OPERACIONAL";"CIÊNCIAS DA SAÚDE                                 ";"LABORATÓRIO                                                 ";"FIM"
"4503";"171006";"LABORATORIO INTEGRADO DE ENSINO, PESQUISA E EXTENSAO EM BIOQUIMICA";"BioqInLab";"";"";"NATAL";"440";"CENTRO DE BIOCIENCIAS";"182";"DEPARTAMENTO DE BIOQUIMICA";".440.182.4503.";"29/05/1999";"";"ACADÊMICA";"OPERACIONAL";"CIÊNCIAS BIOLÓGICAS                               ";"LABORATÓRIO                                                 ";"FIM"
"10543";"190108";"LABORATORIO INTERDISCIPLINAR DE FORMACAO DE EDUCADORES - LIFE";"LIFE/CE";"";"";"NATAL";"5965";"CENTRO DE EDUCACAO";"5966";"ADMINISTRACAO DO CENTRO DE EDUCACAO";".5965.5966.10543.";"20/02/2017";"";"ACADÊMICA";"ESTRATÉGICO";"ADMINISTRATIVO                                    ";"ASSESSORIA                                                  ";"FIM"
"2885";"142005";"LABORATORIO MAQUINAS HIDRAULICAS E ENERGIA SOLAR";"Lab. MH";"";"";"NATAL";"445";"CENTRO DE TECNOLOGIA";"50";"DEPARTAMENTO DE ENGENHARIA MECANICA";".445.50.2885.";"24/06/1974";"";"ACADÊMICA";"OPERACIONAL";"CIÊNCIAS EXATAS E DA NATUREZA                     ";"LABORATÓRIO                                                 ";"FIM"
"2887";"142007";"LABORATORIO MECANICA DOS FLUIDOS";"LAB. MF";"";"";"NATAL";"445";"CENTRO DE TECNOLOGIA";"50";"DEPARTAMENTO DE ENGENHARIA MECANICA";".445.50.2887.";"24/06/1974";"";"ACADÊMICA";"OPERACIONAL";"CIÊNCIAS EXATAS E DA NATUREZA                     ";"LABORATÓRIO                                                 ";"FIM"
"5250";"103209";"LABORATORIO MULTIDISCIPLINAR - FACISA";"LABMULT";"";"";"SANTA CRUZ";"605";"UNIVERSIDADE FEDERAL DO RIO GRANDE DO NORTE";"4890";"FACULDADE DE CIENCIAS DA SAUDE DO TRAIRI - FACISA";".605.4890.5250.";"11/12/2009";"";"ACADÊMICA";"OPERACIONAL";"CIÊNCIAS DA SAÚDE                                 ";"LABORATÓRIO                                                 ";"FIM"
"5668";"171013";"LABORATORIO MULTIUSUARIO";"LABMULTI";"";"";"NATAL";"440";"CENTRO DE BIOCIENCIAS";"182";"DEPARTAMENTO DE BIOQUIMICA";".440.182.5668.";"22/03/2011";"";"ACADÊMICA";"OPERACIONAL";"CIÊNCIAS BIOLÓGICAS                               ";"LABORATÓRIO                                                 ";"MEIO"
"6161";"141813";"LABORATORIO NATALNET";"LABNATNET";"";"";"NATAL";"445";"CENTRO DE TECNOLOGIA";"56";"DEPARTAMENTO DE ENGENHARIA DE COMPUTACAO E AUTOMACAO";".445.56.6161.";"31/08/2011";"";"ACADÊMICA";"OPERACIONAL";"CIÊNCIAS EXATAS E DA NATUREZA                     ";"LABORATÓRIO                                                 ";"FIM"
"6120";"128808";"LABORATORIO OFICINA DE HIALOTECNIA/IQ";"LOH/IQ";"";"";"NATAL";"439";"CENTRO DE CIENCIAS EXATAS E DA TERRA";"6025";"INSTITUTO DE QUIMICA";".439.6025.6120.";"25/08/2011";"";"ACADÊMICA";"OPERACIONAL";"CIÊNCIAS EXATAS E DA NATUREZA                     ";"LABORATÓRIO                                                 ";"FIM"
"4501";"171004";"LABORATORIO QUIMICA E FUNCAO DE PROTEINAS BIOATIVAS";"LABQFPB";"";"";"NATAL";"440";"CENTRO DE BIOCIENCIAS";"182";"DEPARTAMENTO DE BIOQUIMICA";".440.182.4501.";"29/05/2003";"";"ACADÊMICA";"OPERACIONAL";"CIÊNCIAS BIOLÓGICAS                               ";"LABORATÓRIO                                                 ";"FIM"
"10842";"10320107";"LABORATORIOS ACADEMICOS - FACISA";"LABAC/FACISA";"";"";"SANTA CRUZ";"605";"UNIVERSIDADE FEDERAL DO RIO GRANDE DO NORTE";"4913";"DIRETORIA ADMINISTRATIVA DA FACISA";".605.4890.4913.10842.";"16/05/2017";"";"ACADÊMICA";"ESTRATÉGICO";"ADMINISTRATIVO                                    ";"ASSESSORIA                                                  ";"FIM"
"8431";"170112";"LABORATORIOS CIENTIFICOS E TECNOLOGICOS";"LABCIENTEC";"";"";"NATAL";"440";"CENTRO DE BIOCIENCIAS";"176";"ADMINISTRACAO DO CB";".440.176.8431.";"25/03/2014";"";"ACADÊMICA";"OPERACIONAL";"CIÊNCIAS BIOLÓGICAS                               ";"LABORATÓRIO                                                 ";"FIM"
"4321";"171415";"LABORATORIOS DE ANATOMIA HUMANA E DISSECACAO";"LABANT";"";"";"NATAL";"440";"CENTRO DE BIOCIENCIAS";"177";"DEPARTAMENTO DE MORFOLOGIA";".440.177.4321.";"24/06/1974";"";"ACADÊMICA";"OPERACIONAL";"CIÊNCIAS BIOLÓGICAS                               ";"LABORATÓRIO                                                 ";"FIM"
"8763";"17001211";"LABORATORIOS DE APOIO";"APOIO";"";"";"NATAL";"440";"CENTRO DE BIOCIENCIAS";"8366";"DEPARTAMENTO DE ECOLOGIA";".440.8366.8763.";"06/06/2014";"";"ACADÊMICA";"OPERACIONAL";"CIÊNCIAS BIOLÓGICAS                               ";"LABORATÓRIO                                                 ";"FIM"
"10526";"112506";"LABORATORIOS DE ENSINO E PESQUISA DA ECT";"LAB/ENS/PESQ";"";"";"NATAL";"605";"UNIVERSIDADE FEDERAL DO RIO GRANDE DO NORTE";"4885";"ESCOLA DE CIENCIAS E TECNOLOGIA";".605.4885.10526.";"18/07/2017";"";"ACADÊMICA";"ESTRATÉGICO";"ADMINISTRATIVO                                    ";"ASSESSORIA                                                  ";"FIM"
"8760";"17001208";"LABORATORIOS DE PESQUISA";"ECOPESQ";"";"";"NATAL";"440";"CENTRO DE BIOCIENCIAS";"8366";"DEPARTAMENTO DE ECOLOGIA";".440.8366.8760.";"06/06/2014";"";"ACADÊMICA";"OPERACIONAL";"CIÊNCIAS BIOLÓGICAS                               ";"LABORATÓRIO                                                 ";"FIM"
"8877";"171103";"LABORATORIOS DE PESQUISA DO DBEZ";"LABPESQ/DBEZ";"";"";"NATAL";"440";"CENTRO DE BIOCIENCIAS";"183";"DEPARTAMENTO DE BOTANICA E ZOOLOGIA";".440.183.8877.";"19/08/2014";"";"ACADÊMICA";"OPERACIONAL";"CIÊNCIAS BIOLÓGICAS                               ";"LABORATÓRIO                                                 ";"FIM"
"8755";"17001203";"LABORATORIOS DIDATICOS";"LABDID";"";"";"NATAL";"440";"CENTRO DE BIOCIENCIAS";"8366";"DEPARTAMENTO DE ECOLOGIA";".440.8366.8755.";"06/06/2014";"";"ACADÊMICA";"OPERACIONAL";"CIÊNCIAS BIOLÓGICAS                               ";"LABORATÓRIO                                                 ";"FIM"
"8190";"151941";"Laboratorios e clinicas Multidisciplinares";"LABCLIN";"";"";"NATAL";"441";"CENTRO DE CIENCIAS DA SAUDE";"195";"DEPARTAMENTO DE ODONTOLOGIA";".441.195.8190.";"02/01/2014";"";"ACADÊMICA";"OPERACIONAL";"CIÊNCIAS DA SAÚDE                                 ";"SETOR                                                       ";"FIM"
"1808";"128205";"LABORATORIO SISMOLOGICO";"LABSIS";"";"";"NATAL";"439";"CENTRO DE CIENCIAS EXATAS E DA TERRA";"4894";"DEPARTAMENTO DE GEOFISICA";".439.4894.1808.";"24/06/1974";"";"ACADÊMICA";"OPERACIONAL";"CIÊNCIAS EXATAS E DA NATUREZA                     ";"LABORATÓRIO                                                 ";"FIM"
"2889";"142009";"LABORATORIO TRANFERENCIA DE CALOR";"LAB. TC";"";"";"NATAL";"445";"CENTRO DE TECNOLOGIA";"50";"DEPARTAMENTO DE ENGENHARIA MECANICA";".445.50.2889.";"24/06/1974";"";"ACADÊMICA";"OPERACIONAL";"CIÊNCIAS EXATAS E DA NATUREZA                     ";"LABORATÓRIO                                                 ";"FIM"
"2722";"2024";"LAVANDERIA - MEJC";"LAVAN/MEJC";"";"";"NATAL";"447";"MATERNIDADE ESCOLA JANUARIO CICCO";"447";"MATERNIDADE ESCOLA JANUARIO CICCO";".605.447.2722.";"24/06/1974";"";"ADMINISTRATIVA";"OPERACIONAL";"ADMINISTRATIVO                                    ";"ASSESSORIA                                                  ";"MEIO"
"10807";"3112110101";"LAVANDERIA - MEJC";"LAVA/MEJC";"";"";"NATAL";"8194";"SUPERINTENDENCIA DO MEJC - EBSERH";"9847";"SETOR DE HOTELARIA HOSPITALAR - MEJC/EBSERH";".8517.8194.9386.9846.9847.10807.";"01/02/2017";"";"ACADÊMICA";"ESTRATÉGICO";"ADMINISTRATIVO                                    ";"ASSESSORIA                                                  ";"FIM"
"3299";"13011032";"LIMPEZA - SETOR VERDE/DEPSI";"AL";"";"";"NATAL";"442";"CENTRO DE CIENCIAS HUMANAS, LETRAS E ARTES";"1840";"ASSESSORIA ADMINISTRATIVA DO CCHLA";".442.135.1840.3299.";"24/06/1974";"";"ADMINISTRATIVA";"OPERACIONAL";"ADMINISTRATIVO                                    ";"SETOR                                                       ";"MEIO"
"3292";"113102";"MANUTENCAO DA RESIDENCIA DE POS-GRADUACAO";"MRPG/PROAE";"proae_gestaoresidencias@reitoria.ufrn.br";"";"NATAL";"605";"UNIVERSIDADE FEDERAL DO RIO GRANDE DO NORTE";"248";"PRO-REITORIA DE ASSUNTOS ESTUDANTIS (PROAE)";".605.248.3292.";"24/06/1974";"";"ADMINISTRATIVA";"OPERACIONAL";"ADMINISTRATIVO                                    ";"SETOR                                                       ";"MEIO"
"4415";"14230107";"MARCENARIA";"marc";"";"";"NATAL";"445";"CENTRO DE TECNOLOGIA";"3512";"DIRECAO/NTI";".445.116.3512.4415.";"24/06/1974";"20/07/2007";"ADMINISTRATIVA";"OPERACIONAL";"ADMINISTRATIVO                                    ";"SETOR                                                       ";"FIM"
"4542";"141704";"MATERIAIS DE CONSTRUCAO";"mc";"";"";"NATAL";"445";"CENTRO DE TECNOLOGIA";"52";"DEPARTAMENTO DE ENGENHARIA CIVIL E AMBIENTAL";".445.52.4542.";"24/06/1974";"";"ADMINISTRATIVA";"OPERACIONAL";"CIÊNCIAS EXATAS E DA NATUREZA                     ";"SETOR                                                       ";"FIM"
"4334";"151916";"MATERIAIS DENTARIOS";"MD";"";"";"NATAL";"441";"CENTRO DE CIENCIAS DA SAUDE";"195";"DEPARTAMENTO DE ODONTOLOGIA";".441.195.4334.";"24/06/1974";"";"ACADÊMICA";"OPERACIONAL";"CIÊNCIAS DA SAÚDE                                 ";"LABORATÓRIO                                                 ";"FIM"
"447";"2000";"MATERNIDADE ESCOLA JANUARIO CICCO";"MEJC";"";"3202.3397,3202.3391";"NATAL";"447";"MATERNIDADE ESCOLA JANUARIO CICCO";"605";"UNIVERSIDADE FEDERAL DO RIO GRANDE DO NORTE";".605.447.";"24/06/1974";"";"COMPLEXO HOSPITALAR";"TÁTICO";"CIÊNCIAS DA SAÚDE                                 ";"HOSPITAL                                                    ";"FIM"
"4543";"141705";"MECANICA DOS SOLOS";"ms";"";"";"NATAL";"445";"CENTRO DE TECNOLOGIA";"52";"DEPARTAMENTO DE ENGENHARIA CIVIL E AMBIENTAL";".445.52.4543.";"24/06/1974";"";"ADMINISTRATIVA";"OPERACIONAL";"CIÊNCIAS EXATAS E DA NATUREZA                     ";"SETOR                                                       ";"FIM"
"2439";"2002";"MEJC - ALMOXARIFADO GERAL";"MEJC/ALM";"";"";"NATAL";"447";"MATERNIDADE ESCOLA JANUARIO CICCO";"447";"MATERNIDADE ESCOLA JANUARIO CICCO";".605.447.2439.";"24/06/1974";"";"ADMINISTRATIVA";"OPERACIONAL";"ADMINISTRATIVO                                    ";"ASSESSORIA                                                  ";"MEIO"
"33443";"1318000001";"MEMORIAL DO PROGRAMA NACIONAL DO LIVRO DIDATICO - PNLD";"MPNLD";"memorialdopnld@cchla.ufrn.br";"84 99164-1675";"NATAL";"442";"CENTRO DE CIENCIAS HUMANAS, LETRAS E ARTES";"141";"DEPARTAMENTO DE HISTORIA";".442.141.33443.";"01/04/2019";"";"ADMINISTRATIVA";"OPERACIONAL";"CIÊNCIAS HUMANAS, JURÍDICAS E ECONÔMICAS          ";"LABORATÓRIO                                                 ";"FIM"
"5480";"151930";"MICROBIOLOGIA E IMUNOLOGIA ORAL";"MICRO";"";"";"NATAL";"441";"CENTRO DE CIENCIAS DA SAUDE";"195";"DEPARTAMENTO DE ODONTOLOGIA";".441.195.5480.";"04/10/2010";"";"ACADÊMICA";"OPERACIONAL";"CIÊNCIAS DA SAÚDE                                 ";"LABORATÓRIO                                                 ";"FIM"
"3632";"20110409";"MICROBIOLOGIA/MEJC";"DM";"";"";"NATAL";"447";"MATERNIDADE ESCOLA JANUARIO CICCO";"3622";"COORDENACAO EXECUTIVA";".605.447.2712.3622.3632.";"24/06/1974";"";"ADMINISTRATIVA";"OPERACIONAL";"CIÊNCIAS DA SAÚDE                                 ";"SETOR                                                       ";"FIM"
"14873";"31110409";"MICROBIOLOGIA/MEJC";"DM";"";"";"NATAL";"8194";"SUPERINTENDENCIA DO MEJC - EBSERH";"13103";"COORDENACAO EXECUTIVA";".441.5728.9285.9327.13103.14873.";"24/06/1974";"";"ADMINISTRATIVA";"OPERACIONAL";"CIÊNCIAS DA SAÚDE                                 ";"SETOR                                                       ";"FIM"
"11408";"143506";"Modelagem e Analise de Dados em Saude";"MoDAS";"";"99193-6395";"NATAL";"445";"CENTRO DE TECNOLOGIA";"5205";"DEPARTAMENTO DE ENGENHARIA BIOMEDICA";".445.5205.11408.";"14/05/2018";"";"ACADÊMICA";"OPERACIONAL";"CIÊNCIAS EXATAS E DA NATUREZA                     ";"LABORATÓRIO                                                 ";"FIM"
"4546";"141507";"MULTI-MEIOS";"mme";"";"";"NATAL";"445";"CENTRO DE TECNOLOGIA";"54";"DEPARTAMENTO DE ARQUITETURA";".445.54.4546.";"24/06/1974";"";"ACADÊMICA";"OPERACIONAL";"CIÊNCIAS EXATAS E DA NATUREZA                     ";"SETOR                                                       ";"FIM"
"290";"1126";"MUSEU CAMARA CASCUDO";"MCC";"";"3211.8312,3215.4191";"NATAL";"605";"UNIVERSIDADE FEDERAL DO RIO GRANDE DO NORTE";"605";"UNIVERSIDADE FEDERAL DO RIO GRANDE DO NORTE";".605.290.";"24/06/1974";"";"ÓRGÃO SUPLEMENTAR";"ESTRATÉGICO";"INFORMAÇÃO                                        ";"MUSEU                                                       ";"FIM"
"10911";"10040009";"MUSEU DE ARTE - NAC";"MUSEU/ARTE/NAC";"";"";"NATAL";"605";"UNIVERSIDADE FEDERAL DO RIO GRANDE DO NORTE";"3458";"DIRETORIA NAC";".605.291.3458.10911.";"01/07/2017";"";"ACADÊMICA";"ESTRATÉGICO";"ADMINISTRATIVO                                    ";"ASSESSORIA                                                  ";"FIM"
"5225";"170109";"MUSEU DE CIENCIAS MORFOLOGICAS E BIBLIOTECA";"MCM/BIB";"";"";"NATAL";"440";"CENTRO DE BIOCIENCIAS";"176";"ADMINISTRACAO DO CB";".440.176.5225.";"25/11/2009";"";"ADMINISTRATIVA";"ESTRATÉGICO";"ADMINISTRATIVO                                    ";"MUSEU                                                       ";"FIM"
"1637";"1730";"MUSEU DO MAR ""ONOFRE LOPES""";"MMOL";"";"";"NATAL";"440";"CENTRO DE BIOCIENCIAS";"440";"CENTRO DE BIOCIENCIAS";".440.1637.";"24/06/1974";"";"ADMINISTRATIVA";"OPERACIONAL";"INFORMAÇÃO                                        ";"ASSESSORIA                                                  ";"FIM"
"3801";"21081406";"NEUROLOGIA";"neur";"";"";"NATAL";"446";"HOSPITAL UNIVERSITARIO ONOFRE LOPES";"3793";"HUOL - EDIFICIO CENTRAL DE INTERNACAO  4º ANDAR";".605.446.394.3793.3801.";"24/06/1974";"";"ADMINISTRATIVA";"OPERACIONAL";"CIÊNCIAS DA SAÚDE                                 ";"SETOR                                                       ";"FIM"
"20256";"32081406";"NEUROLOGIA";"neur";"";"";"NATAL";"8193";"SUPERINTENDENCIA DO HUOL - EBSERH";"3793";"HUOL - EDIFICIO CENTRAL DE INTERNACAO  4º ANDAR";".605.446.394.3793.20256.";"24/06/1974";"";"ADMINISTRATIVA";"OPERACIONAL";"CIÊNCIAS DA SAÚDE                                 ";"SETOR                                                       ";"FIM"
"2773";"133304";"NUCLEO AVANCADO DE POLITICAS PUBLICAS";"NAPP/IPP";"";"";"NATAL";"442";"CENTRO DE CIENCIAS HUMANAS, LETRAS E ARTES";"1824";"INSTITUTO DE POLITICAS PUBLICAS";".442.1824.2773.";"01/01/2009";"";"ACADÊMICA";"ESTRATÉGICO";"ADMINISTRATIVO                                    ";"ASSESSORIA                                                  ";"MEIO"
"1488";"1184";"NUCLEO CAMARA CASCUDO DE ESTUDOS";"NCCE";"";"";"NATAL";"605";"UNIVERSIDADE FEDERAL DO RIO GRANDE DO NORTE";"605";"UNIVERSIDADE FEDERAL DO RIO GRANDE DO NORTE";".605.1488.";"30/08/2012";"";"ACADÊMICA";"ESTRATÉGICO";"ADMINISTRATIVO                                    ";"ASSESSORIA                                                  ";"FIM"
"4418";"210711";"NUCLEO DE APOIO ADMINISTRATIVO - MISTO";"NAAM";"";"";"NATAL";"446";"HOSPITAL UNIVERSITARIO ONOFRE LOPES";"357";"HUOL - DIRETORIA ADMINISTRATIVA-FINANCEIRA";".605.446.357.4418.";"24/06/1974";"";"ADMINISTRATIVA";"OPERACIONAL";"ADMINISTRATIVO                                    ";"NÚCLEO                                                      ";"FIM"
"13058";"320711";"NUCLEO DE APOIO ADMINISTRATIVO - MISTO";"NAAM";"";"";"NATAL";"8193";"SUPERINTENDENCIA DO HUOL - EBSERH";"357";"HUOL - DIRETORIA ADMINISTRATIVA-FINANCEIRA";".605.446.357.13058.";"24/06/1974";"";"ADMINISTRATIVA";"OPERACIONAL";"ADMINISTRATIVO                                    ";"NÚCLEO                                                      ";"FIM"
"4419";"210712";"NUCLEO DE APOIO ADMINISTRATIVO - TERREO";"NAAT";"";"";"NATAL";"446";"HOSPITAL UNIVERSITARIO ONOFRE LOPES";"357";"HUOL - DIRETORIA ADMINISTRATIVA-FINANCEIRA";".605.446.357.4419.";"24/06/1974";"";"ADMINISTRATIVA";"OPERACIONAL";"ADMINISTRATIVO                                    ";"NÚCLEO                                                      ";"FIM"
"13117";"320712";"NUCLEO DE APOIO ADMINISTRATIVO - TERREO";"NAAT";"";"";"NATAL";"8193";"SUPERINTENDENCIA DO HUOL - EBSERH";"357";"HUOL - DIRETORIA ADMINISTRATIVA-FINANCEIRA";".605.446.357.13117.";"24/06/1974";"";"ADMINISTRATIVA";"OPERACIONAL";"ADMINISTRATIVO                                    ";"NÚCLEO                                                      ";"FIM"
"8176";"160030";"NUCLEO DE APOIO AO DISCENTE - NADIS - CCSA";"NADIs";"";"";"NATAL";"443";"CENTRO DE CIENCIAS SOCIAIS APLICADAS";"443";"CENTRO DE CIENCIAS SOCIAIS APLICADAS";".443.8176.";"16/12/2013";"";"ADMINISTRATIVA";"OPERACIONAL";"ADMINISTRATIVO                                    ";"NÚCLEO                                                      ";"FIM"
"11155";"160156";"NUCLEO DE APOIO AO DOCENTE - NAD  CCSA";"NAD/CCSA";"";"";"NATAL";"443";"CENTRO DE CIENCIAS SOCIAIS APLICADAS";"156";"DIRECAO DO CCSA";".443.156.11155.";"07/12/2017";"";"ACADÊMICA";"ESTRATÉGICO";"ADMINISTRATIVO                                    ";"NÚCLEO                                                      ";"FIM"
"31664";"150020";"NUCLEO DE APOIO INTERDISCIPLINAR";"NAI";"";"";"NATAL";"441";"CENTRO DE CIENCIAS DA SAUDE";"441";"CENTRO DE CIENCIAS DA SAUDE";".441.31664.";"24/06/1974";"";"ACADÊMICA";"ESTRATÉGICO";"ADMINISTRATIVO                                    ";"AGÊNCIA                                                     ";"FIM"
"291";"1004";"NUCLEO DE ARTE E CULTURA";"NAC";"3215.3237,3215.3263";"";"NATAL";"605";"UNIVERSIDADE FEDERAL DO RIO GRANDE DO NORTE";"605";"UNIVERSIDADE FEDERAL DO RIO GRANDE DO NORTE";".605.291.";"24/06/1974";"";"ÓRGÃO SUPLEMENTAR";"TÁTICO";"ARTES, COMUNICAÇAO E DIFUSAO                      ";"NÚCLEO                                                      ";"FIM"
"409";"1525";"NUCLEO DE ESTUDOS EM SAUDE COLETIVA";"NESC/CCS";"";"";"NATAL";"441";"CENTRO DE CIENCIAS DA SAUDE";"441";"CENTRO DE CIENCIAS DA SAUDE";".441.409.";"24/06/1974";"";"ADMINISTRATIVA";"OPERACIONAL";"CIÊNCIAS DA SAÚDE                                 ";"DEPARTAMENTO                                                ";"MEIO"
"292";"110035";"NUCLEO DE HEMATOLOGIA E HEMOTERAPIA";"NHH/UFRN";"";"3202-3955; 3976";"NATAL";"605";"UNIVERSIDADE FEDERAL DO RIO GRANDE DO NORTE";"605";"UNIVERSIDADE FEDERAL DO RIO GRANDE DO NORTE";".605.292.";"24/06/1974";"";"ÓRGÃO SUPLEMENTAR";"TÁTICO";"CIÊNCIAS DA SAÚDE                                 ";"DEPARTAMENTO                                                ";"MEIO"
"8317";"2103";"NUCLEO DE HEMATOLOGIA E HEMOTERAPIA (HUOL)";"NHHHUOL";"";"";"NATAL";"446";"HOSPITAL UNIVERSITARIO ONOFRE LOPES";"446";"HOSPITAL UNIVERSITARIO ONOFRE LOPES";".605.446.8317.";"01/01/2000";"";"ACADÊMICA";"ESTRATÉGICO";"ADMINISTRATIVO                                    ";"AGÊNCIA                                                     ";"FIM"
"252";"1150";"NUCLEO DE PESQUISA EM ALIMENTOS E MEDICAMENTOS";"NUPLAM";"";"3215-3902";"NATAL";"605";"UNIVERSIDADE FEDERAL DO RIO GRANDE DO NORTE";"605";"UNIVERSIDADE FEDERAL DO RIO GRANDE DO NORTE";".605.252.";"24/06/1974";"";"ÓRGÃO SUPLEMENTAR";"TÁTICO";"ADMINISTRATIVO                                    ";"NÚCLEO                                                      ";"FIM"
"10463";"1100050210";"NUCLEO DE PESQUISAS E INOVACAO EM ENGENHARIA DE SOFTWARE - SETE";"SETE/IMD";"";"";"NATAL";"605";"UNIVERSIDADE FEDERAL DO RIO GRANDE DO NORTE";"7147";"DIRETORIA GERAL - IMD";".605.6069.7147.10463.";"01/01/2017";"";"ACADÊMICA";"ESTRATÉGICO";"ADMINISTRATIVO                                    ";"ASSESSORIA                                                  ";"FIM"
"7156";"1100050209";"NUCLEO DE PESQUISAS E INOVACAO EM TECNOLOGIA DA INFORMACAO - NPITI";"NPITI/IMD";"";"";"NATAL";"605";"UNIVERSIDADE FEDERAL DO RIO GRANDE DO NORTE";"7147";"DIRETORIA GERAL - IMD";".605.6069.7147.7156.";"09/05/2017";"";"ACADÊMICA";"ESTRATÉGICO";"ADMINISTRATIVO                                    ";"ASSESSORIA                                                  ";"FIM"
"31708";"160157";"NUCLEO DE PRATICA CONTABIL";"NPC";"";"";"NATAL";"443";"CENTRO DE CIENCIAS SOCIAIS APLICADAS";"156";"DIRECAO DO CCSA";".443.156.31708.";"02/06/2022";"";"ACADÊMICA";"ESTRATÉGICO";"ADMINISTRATIVO                                    ";"AGÊNCIA                                                     ";"FIM"
"1467";"11240001";"NUCLEO DE REDES AVANCADAS";"PoP/NRA";"";"";"NATAL";"605";"UNIVERSIDADE FEDERAL DO RIO GRANDE DO NORTE";"4659";"REITORIA";".605.4659.1467.";"18/06/2009";"";"ÓRGÃO SUPLEMENTAR";"ESTRATÉGICO";"ADMINISTRATIVO                                    ";"AGÊNCIA                                                     ";"FIM"
"3443";"112104";"NUCLEO DE SANTA CRUZ";"NSCRUZ";"";"3291.2411";"NOVA CRUZ";"605";"UNIVERSIDADE FEDERAL DO RIO GRANDE DO NORTE";"3425";"COORDENACAO REGIONAL";".605.1450.3418.3425.3443.";"24/06/1974";"";"ADMINISTRATIVA";"OPERACIONAL";"ADMINISTRATIVO                                    ";"SETOR                                                       ";"MEIO"
"4100";"154801";"NUCLEO DE TECNICA OPERATORIA E CIRURGIA EXPERIMENTAL";"NTOCE";"";"";"NATAL";"441";"CENTRO DE CIENCIAS DA SAUDE";"1605";"DEPARTAMENTO DE CIRURGIA (LABORATORIO DE HABILIDAD";".441.1605.4100.";"24/06/1974";"";"ADMINISTRATIVA";"OPERACIONAL";"CIÊNCIAS DA SAÚDE                                 ";"NÚCLEO                                                      ";"FIM"
"8625";"151115";"NUCLEO DE YOGA";"YOGA";"";"";"NATAL";"441";"CENTRO DE CIENCIAS DA SAUDE";"199";"DEPARTAMENTO DE EDUCACAO FISICA";".441.199.8625.";"15/04/2014";"";"ACADÊMICA";"OPERACIONAL";"CIÊNCIAS DA SAÚDE                                 ";"LABORATÓRIO                                                 ";"FIM"
"4923";"234209";"NUCLEO HOSPITALAR DE VIGILANCIA EPIDEMIOLOGICA";"NUVE";"";"";"SANTA CRUZ";"285";"HOSPITAL UNIVERSITARIO ANA BEZERRA";"3722";"DIRECAO DO HOSPITAL";".605.285.3722.4923.";"01/08/2008";"";"ADMINISTRATIVA";"OPERACIONAL";"CIÊNCIAS DA SAÚDE                                 ";"NÚCLEO                                                      ";"MEIO"
"8192";"151811";"NUCLEO INTEGRADO DE ATENDIMENTO NUTRICIONAL";"NIAN/DENUT";"";"";"NATAL";"441";"CENTRO DE CIENCIAS DA SAUDE";"203";"DEPARTAMENTO DE NUTRICAO";".441.203.8192.";"01/01/2012";"";"ACADÊMICA";"ESTRATÉGICO";"ADMINISTRATIVO                                    ";"CLÍNICA                                                     ";"FIM"
"32995";"13000012";"NUCLEO NORTE-RIO-GRANDENSE DE ESTUDOS DE LIBRAS";"NNEL";"";"";"NATAL";"442";"CENTRO DE CIENCIAS HUMANAS, LETRAS E ARTES";"442";"CENTRO DE CIENCIAS HUMANAS, LETRAS E ARTES";".442.32995.";"09/12/2024";"";"ADMINISTRATIVA";"GERENCIAL";"ADMINISTRATIVO                                    ";"NÚCLEO                                                      ";"FIM"
"253";"1147";"NUCLEO PERMANENTE DE CONCURSOS";"COMPERVE";"";"3215.3694,3215.3860";"NATAL";"605";"UNIVERSIDADE FEDERAL DO RIO GRANDE DO NORTE";"605";"UNIVERSIDADE FEDERAL DO RIO GRANDE DO NORTE";".605.253.";"24/06/1974";"";"ÓRGÃO SUPLEMENTAR";"OPERACIONAL";"ADMINISTRATIVO                                    ";"NÚCLEO                                                      ";"MEIO"
"116";"1423";"NUCLEO TECNOLOGICO INDUSTRIAL";"NTI/CT";"";"";"NATAL";"445";"CENTRO DE TECNOLOGIA";"445";"CENTRO DE TECNOLOGIA";".445.116.";"24/06/1974";"";"ÓRGÃO SUPLEMENTAR";"OPERACIONAL";"CIÊNCIAS EXATAS E DA NATUREZA                     ";"COORDENADORIA                                               ";"FIM"
"1621";"1633";"NUCLEO TEMATICO DA SECA - NUTSECA - CCSA";"NUTSECA";"";"";"NATAL";"443";"CENTRO DE CIENCIAS SOCIAIS APLICADAS";"443";"CENTRO DE CIENCIAS SOCIAIS APLICADAS";".443.1621.";"24/06/1974";"";"ADMINISTRATIVA";"OPERACIONAL";"CIÊNCIAS HUMANAS, JURÍDICAS E ECONÔMICAS          ";"COORDENADORIA                                               ";"FIM"
"3197";"142101";"NUPEG - CONVENIO PRH-ANP";"NUPEG PRH-ANP";"";"";"NATAL";"445";"CENTRO DE TECNOLOGIA";"57";"DEPARTAMENTO DE ENGENHARIA QUIMICA";".445.57.3197.";"01/01/2009";"";"ADMINISTRATIVA";"OPERACIONAL";"ADMINISTRATIVO                                    ";"SETOR                                                       ";"MEIO"
"4357";"223219";"NUTRICAO CLINICA";"NC";"";"";"NATAL";"1424";"HOSPED - HOSPITAL DE PEDIATRIA";"3679";"DIRETORIA DE ATIVIDADES ASSISTENCIAIS";".1424.3640.3679.4357.";"24/06/1974";"";"ADMINISTRATIVA";"OPERACIONAL";"CIÊNCIAS DA SAÚDE                                 ";"DIVISAO                                                     ";"FIM"
"3631";"20110408";"NUTRICAO/MEJC";"DND";"";"";"NATAL";"447";"MATERNIDADE ESCOLA JANUARIO CICCO";"3622";"COORDENACAO EXECUTIVA";".605.447.2712.3622.3631.";"24/06/1974";"";"ADMINISTRATIVA";"OPERACIONAL";"CIÊNCIAS DA SAÚDE                                 ";"SETOR                                                       ";"FIM"
"14814";"31110408";"NUTRICAO/MEJC";"DND";"";"";"NATAL";"8194";"SUPERINTENDENCIA DO MEJC - EBSERH";"13103";"COORDENACAO EXECUTIVA";".441.5728.9285.9327.13103.14814.";"24/06/1974";"";"ADMINISTRATIVA";"OPERACIONAL";"CIÊNCIAS DA SAÚDE                                 ";"SETOR                                                       ";"FIM"
"3716";"22321705";"NUTRICAO PRODUCAO";"SND";"";"";"NATAL";"1424";"HOSPED - HOSPITAL DE PEDIATRIA";"3688";"SETOR DE APOIO ASSITENCIAL";".1424.3640.3679.3688.3716.";"24/06/1974";"";"ADMINISTRATIVA";"OPERACIONAL";"CIÊNCIAS DA SAÚDE                                 ";"SETOR                                                       ";"FIM"
"5481";"151931";"ODONTOLOGIA PREVENTIVA";"PREV";"";"";"NATAL";"441";"CENTRO DE CIENCIAS DA SAUDE";"195";"DEPARTAMENTO DE ODONTOLOGIA";".441.195.5481.";"04/10/2010";"";"ACADÊMICA";"OPERACIONAL";"CIÊNCIAS DA SAÚDE                                 ";"LABORATÓRIO                                                 ";"FIM"
"6429";"131313";"OFICINA DE CERAMICA/DART";"OFICERA";"";"";"NATAL";"442";"CENTRO DE CIENCIAS HUMANAS, LETRAS E ARTES";"139";"DEPARTAMENTO DE ARTES";".442.139.6429.";"18/11/2011";"";"ACADÊMICA";"OPERACIONAL";"ARTES, COMUNICAÇAO E DIFUSAO                      ";"LABORATÓRIO                                                 ";"FIM"
"6426";"131310";"OFICINA DE MADEIRA/DEART";"OFIMADE";"";"";"NATAL";"442";"CENTRO DE CIENCIAS HUMANAS, LETRAS E ARTES";"139";"DEPARTAMENTO DE ARTES";".442.139.6426.";"18/11/2011";"";"ACADÊMICA";"OPERACIONAL";"ARTES, COMUNICAÇAO E DIFUSAO                      ";"LABORATÓRIO                                                 ";"FIM"
"6427";"131311";"OFICINA DE METAL/DART";"OFIMETAL";"";"";"NATAL";"442";"CENTRO DE CIENCIAS HUMANAS, LETRAS E ARTES";"139";"DEPARTAMENTO DE ARTES";".442.139.6427.";"16/11/2011";"";"ACADÊMICA";"OPERACIONAL";"ARTES, COMUNICAÇAO E DIFUSAO                      ";"LABORATÓRIO                                                 ";"FIM"
"6428";"131312";"OFICINA DE PLASTICO/DART";"OFIPLAST";"";"";"NATAL";"442";"CENTRO DE CIENCIAS HUMANAS, LETRAS E ARTES";"139";"DEPARTAMENTO DE ARTES";".442.139.6428.";"18/11/2011";"";"ACADÊMICA";"OPERACIONAL";"ARTES, COMUNICAÇAO E DIFUSAO                      ";"LABORATÓRIO                                                 ";"FIM"
"4353";"120309";"OFICINA ELETRONICA";"OE";"";"";"NATAL";"439";"CENTRO DE CIENCIAS EXATAS E DA TERRA";"121";"DEPARTAMENTO DE FISICA TEORICA E EXPERIMENTAL";".439.121.4353.";"29/05/1999";"";"ACADÊMICA";"OPERACIONAL";"INFRA ESTRUTURA                                   ";"SETOR                                                       ";"MEIO"
"3789";"210811";"OFTALMOLOGIA";"oft";"";"";"NATAL";"446";"HOSPITAL UNIVERSITARIO ONOFRE LOPES";"3776";"DIVISAO DE ENFERMAGEM EM AMBULATORIO";".605.446.394.3776.3789.";"24/06/1974";"";"ADMINISTRATIVA";"OPERACIONAL";"CIÊNCIAS DA SAÚDE                                 ";"SETOR                                                       ";"FIM"
"13825";"320811";"OFTALMOLOGIA";"oft";"";"";"NATAL";"8193";"SUPERINTENDENCIA DO HUOL - EBSERH";"3776";"DIVISAO DE ENFERMAGEM EM AMBULATORIO";".605.446.394.3776.13825.";"24/06/1974";"";"ADMINISTRATIVA";"OPERACIONAL";"CIÊNCIAS DA SAÚDE                                 ";"SETOR                                                       ";"FIM"
"11407";"143505";"OPEN INNOVATION";"OI/DEB";"";"99193-6395";"NATAL";"445";"CENTRO DE TECNOLOGIA";"5205";"DEPARTAMENTO DE ENGENHARIA BIOMEDICA";".445.5205.11407.";"14/05/2018";"";"ACADÊMICA";"OPERACIONAL";"CIÊNCIAS EXATAS E DA NATUREZA                     ";"LABORATÓRIO                                                 ";"FIM"
"3786";"210808";"ORTOPEDIA";"ort";"";"";"NATAL";"446";"HOSPITAL UNIVERSITARIO ONOFRE LOPES";"3776";"DIVISAO DE ENFERMAGEM EM AMBULATORIO";".605.446.394.3776.3786.";"24/06/1974";"";"ADMINISTRATIVA";"OPERACIONAL";"CIÊNCIAS DA SAÚDE                                 ";"SETOR                                                       ";"FIM"
"13648";"320808";"ORTOPEDIA";"ort";"";"";"NATAL";"8193";"SUPERINTENDENCIA DO HUOL - EBSERH";"3776";"DIVISAO DE ENFERMAGEM EM AMBULATORIO";".605.446.394.3776.13648.";"24/06/1974";"";"ADMINISTRATIVA";"OPERACIONAL";"CIÊNCIAS DA SAÚDE                                 ";"SETOR                                                       ";"FIM"
"9826";"330005";"OUVIDORIA - HUAB/EBSERH";"OUV/HUAB/EBSER";"";"";"SANTA CRUZ";"8195";"SUPERINTENDENCIA DO HUAB - EBSERH";"8195";"SUPERINTENDENCIA DO HUAB - EBSERH";".8517.8195.9826.";"01/01/2015";"";"ACADÊMICA";"ESTRATÉGICO";"ADMINISTRATIVO                                    ";"ASSESSORIA                                                  ";"FIM"
"9837";"3104";"OUVIDORIA - MEJC";"OUVIMEJCEBSERH";"";"";"NATAL";"8194";"SUPERINTENDENCIA DO MEJC - EBSERH";"8194";"SUPERINTENDENCIA DO MEJC - EBSERH";".8517.8194.9837.";"01/01/2013";"";"ADMINISTRATIVA";"GERENCIAL";"ADMINISTRATIVO                                    ";"ASSESSORIA                                                  ";"FIM"
"6964";"110015";"PARFOR PRESENCIAL-PLANO NACIONAL DE FORMACAO DE PROFESSORES DA EDUCACAO BASICA";"PARFOR/PRESENC";"";"";"NATAL";"605";"UNIVERSIDADE FEDERAL DO RIO GRANDE DO NORTE";"605";"UNIVERSIDADE FEDERAL DO RIO GRANDE DO NORTE";".605.6964.";"14/01/2020";"";"ACADÊMICA";"ESTRATÉGICO";"ADMINISTRATIVO                                    ";"AGÊNCIA                                                     ";"FIM"
"3288";"158208";"PATRIMONIO";"PATRIM";"";"";"NATAL";"441";"CENTRO DE CIENCIAS DA SAUDE";"3277";"DIRECAO DO CCS";".441.3277.3288.";"24/06/1974";"";"ADMINISTRATIVA";"OPERACIONAL";"ADMINISTRATIVO                                    ";"SETOR                                                       ";"MEIO"
"246";"2022";"PATRIMONIO - MEJC";"PATRI/MEJC";"";"";"NATAL";"447";"MATERNIDADE ESCOLA JANUARIO CICCO";"447";"MATERNIDADE ESCOLA JANUARIO CICCO";".605.447.246.";"24/06/1974";"";"ADMINISTRATIVA";"OPERACIONAL";"ADMINISTRATIVO                                    ";"ASSESSORIA                                                  ";"MEIO"
"4222";"201202";"PATRIMONIO/MEJC";"patr";"";"";"NATAL";"447";"MATERNIDADE ESCOLA JANUARIO CICCO";"286";"DIRETORIA ADMINISTRATIVA - MEJC";".605.447.286.4222.";"24/06/1974";"";"ADMINISTRATIVA";"OPERACIONAL";"ADMINISTRATIVO                                    ";"SETOR                                                       ";"FIM"
"5022";"138054";"PESQUISADOR - CARMEN MARGARIDA OLIVEIRA ALVEAL - DEH";"PESQ-CMOA-DEH";"";"";"NATAL";"442";"CENTRO DE CIENCIAS HUMANAS, LETRAS E ARTES";"2758";"PROGRAMA DE APOIO - NOVOS DOUTORES/CCHLA";".442.2758.5022.";"01/01/2010";"";"ACADÊMICA";"ESTRATÉGICO";"ADMINISTRATIVO                                    ";"COORDENAÇÃO                                                 ";"FIM"
"4592";"13011001";"PORTARIA DO CCHLA";"PORTCCHLA";"";"";"NATAL";"442";"CENTRO DE CIENCIAS HUMANAS, LETRAS E ARTES";"1840";"ASSESSORIA ADMINISTRATIVA DO CCHLA";".442.135.1840.4592.";"24/06/1974";"";"ADMINISTRATIVA";"OPERACIONAL";"ADMINISTRATIVO                                    ";"SETOR                                                       ";"FIM"
"5096";"120103";"POS-GRADUACAO EM CIENCIAS CLIMATICAS";"PGCC";"";"";"NATAL";"439";"CENTRO DE CIENCIAS EXATAS E DA TERRA";"119";"ADMINISTRACAO DO CCET";".439.119.5096.";"07/04/2009";"";"ACADÊMICA";"TÁTICO";"CIÊNCIAS EXATAS E DA NATUREZA                     ";"COORDENAÇÃO                                                 ";"FIM"
"347";"1212";"POS-GRADUACAO EM GEOCIENCIAS";"PPGEO/CCET";"";"";"NATAL";"439";"CENTRO DE CIENCIAS EXATAS E DA TERRA";"439";"CENTRO DE CIENCIAS EXATAS E DA TERRA";".439.347.";"29/05/2003";"";"ACADÊMICA";"OPERACIONAL";"CIÊNCIAS EXATAS E DA NATUREZA                     ";"CENTRO                                                      ";"FIM"
"1441";"1332";"POS-GRADUACAO EM PSICOLOGIA-MESTRADO";"PPGPSI";"";"";"NATAL";"442";"CENTRO DE CIENCIAS HUMANAS, LETRAS E ARTES";"143";"DEPARTAMENTO DE PSICOLOGIA";".442.143.1441.";"24/06/1974";"";"ACADÊMICA";"OPERACIONAL";"CIÊNCIAS HUMANAS, JURÍDICAS E ECONÔMICAS          ";"COORDENAÇÃO                                                 ";"FIM"
"7777";"112328";"PPG - ASSESSORIA TECNICA";"ASSPPG";"";"";"NATAL";"605";"UNIVERSIDADE FEDERAL DO RIO GRANDE DO NORTE";"1483";"PRO-REITORIA DE POS GRADUACAO";".605.1483.7777.";"01/01/2013";"";"ADMINISTRATIVA";"ESTRATÉGICO";"ADMINISTRATIVO                                    ";"ASSESSORIA                                                  ";"FIM"
"10497";"11230035";"PPG - DIRETORIA DE GESTAO ACADEMICA";"DGA/PPG";"";"";"NATAL";"605";"UNIVERSIDADE FEDERAL DO RIO GRANDE DO NORTE";"1483";"PRO-REITORIA DE POS GRADUACAO";".605.1483.10497.";"26/01/2017";"";"ACADÊMICA";"ESTRATÉGICO";"ADMINISTRATIVO                                    ";"DIRETORIA                                                   ";"FIM"
"7778";"112329";"PPG - GABINETE DO PRO-REITOR";"GABPPG";"";"";"NATAL";"605";"UNIVERSIDADE FEDERAL DO RIO GRANDE DO NORTE";"1483";"PRO-REITORIA DE POS GRADUACAO";".605.1483.7778.";"01/01/2013";"";"ADMINISTRATIVA";"ESTRATÉGICO";"ADMINISTRATIVO                                    ";"ASSESSORIA                                                  ";"FIM"
"256";"101504";"PPPG - DEPARTAMENTO DE POS-GRADUACAO";"PPPG/DPG";"";"";"NATAL";"605";"UNIVERSIDADE FEDERAL DO RIO GRANDE DO NORTE";"15";"PRO-REITORIA DE PESQUISA E POS-GRADUACAO";".605.15.256.";"24/06/1974";"";"ADMINISTRATIVA";"OPERACIONAL";"ADMINISTRATIVO                                    ";"DEPARTAMENTO                                                ";"FIM"
"296";"116501";"PRH - ASSESSORIA JURIDICA";"ASJUR/PRH";"PRH@PRH.UFRN.BR";"32153287";"NATAL";"605";"UNIVERSIDADE FEDERAL DO RIO GRANDE DO NORTE";"1421";"PRO-REITORIA DE GESTAO DE PESSOAS";".605.1421.296.";"19/11/1995";"";"ADMINISTRATIVA";"ESTRATÉGICO";"ADMINISTRATIVO                                    ";"ASSESSORIA                                                  ";"MEIO"
"418";"110201";"PROAD - ASSESSORIA JURIDICA";"PROAD/ASSJUR";"proad@reitoria.ufrn.br";"32153345";"NATAL";"605";"UNIVERSIDADE FEDERAL DO RIO GRANDE DO NORTE";"1422";"PRO-REITORIA DE ADMINISTRACAO (PROAD)";".605.1422.418.";"03/06/2003";"";"ADMINISTRATIVA";"OPERACIONAL";"ADMINISTRATIVO                                    ";"ASSESSORIA                                                  ";"MEIO"
"8055";"110214";"PROAD - ASSESSORIA TECNICA";"PROADAT";"";"";"NATAL";"605";"UNIVERSIDADE FEDERAL DO RIO GRANDE DO NORTE";"1422";"PRO-REITORIA DE ADMINISTRACAO (PROAD)";".605.1422.8055.";"01/01/2013";"";"ADMINISTRATIVA";"GERENCIAL";"ADMINISTRATIVO                                    ";"ASSESSORIA                                                  ";"FIM"
"8031";"110213";"PROAD - COORDENADORIA DE GESTAO DA INFORMACAO";"CGI/PROAD";"";"";"NATAL";"605";"UNIVERSIDADE FEDERAL DO RIO GRANDE DO NORTE";"1422";"PRO-REITORIA DE ADMINISTRACAO (PROAD)";".605.1422.8031.";"01/09/2013";"";"ADMINISTRATIVA";"ESTRATÉGICO";"ADMINISTRATIVO                                    ";"ASSESSORIA                                                  ";"FIM"
"249";"110205";"PROAD - COORDENADORIA DE TRANSPORTES";"TRANSP/PROAD";"";"";"NATAL";"605";"UNIVERSIDADE FEDERAL DO RIO GRANDE DO NORTE";"342";"PROAD - COORDENADORIA ADMINISTRATIVA";".605.1422.342.249.";"03/06/1999";"";"ADMINISTRATIVA";"OPERACIONAL";"INFRA ESTRUTURA                                   ";"DIVISAO                                                     ";"MEIO"
"6";"110202";"PROAD - DIRETORIA DE CONTABILIDADE E FINANCAS";"DCF/PROAD";"DCF@REITORIA.UFRN.BR";"3342-2228 Ramal 129";"NATAL";"605";"UNIVERSIDADE FEDERAL DO RIO GRANDE DO NORTE";"1422";"PRO-REITORIA DE ADMINISTRACAO (PROAD)";".605.1422.6.";"24/06/1974";"";"ADMINISTRATIVA";"OPERACIONAL";"ADMINISTRATIVO                                    ";"DIRETORIA                                                   ";"MEIO"
"8056";"110215";"PROAD - GABINETE DO PRO-REITOR";"PROADGPR";"";"";"NATAL";"605";"UNIVERSIDADE FEDERAL DO RIO GRANDE DO NORTE";"1422";"PRO-REITORIA DE ADMINISTRACAO (PROAD)";".605.1422.8056.";"01/09/2013";"";"ACADÊMICA";"ESTRATÉGICO";"ADMINISTRATIVO                                    ";"ASSESSORIA                                                  ";"FIM"
"410";"110207";"PROAD - SECAO DE BOLSAS";"SB/PROAD";"";"32153306";"NATAL";"605";"UNIVERSIDADE FEDERAL DO RIO GRANDE DO NORTE";"1422";"PRO-REITORIA DE ADMINISTRACAO (PROAD)";".605.1422.410.";"29/06/2007";"";"ADMINISTRATIVA";"OPERACIONAL";"ADMINISTRATIVO                                    ";"SETOR                                                       ";"MEIO"
"4374";"11020601";"PROAD - SETOR DE ADMINISTRACAO DA REITORIA";"APR";"";"";"NATAL";"605";"UNIVERSIDADE FEDERAL DO RIO GRANDE DO NORTE";"342";"PROAD - COORDENADORIA ADMINISTRATIVA";".605.1422.342.4374.";"24/06/1974";"";"ADMINISTRATIVA";"OPERACIONAL";"ADMINISTRATIVO                                    ";"SETOR                                                       ";"MEIO"
"8059";"11020603";"PROAD - SETOR DE ADMINISTRACAO DE PROCESSOS E DOCUMENTOS";"PROADSAPD";"";"";"NATAL";"605";"UNIVERSIDADE FEDERAL DO RIO GRANDE DO NORTE";"342";"PROAD - COORDENADORIA ADMINISTRATIVA";".605.1422.342.8059.";"01/09/2013";"";"ADMINISTRATIVA";"GERENCIAL";"ADMINISTRATIVO                                    ";"ASSESSORIA                                                  ";"FIM"
"7089";"11310008";"PROAE - ASSESSORIA TECNICA";"PROAE/AT";"";"";"NATAL";"605";"UNIVERSIDADE FEDERAL DO RIO GRANDE DO NORTE";"248";"PRO-REITORIA DE ASSUNTOS ESTUDANTIS (PROAE)";".605.248.7089.";"25/11/2011";"";"ADMINISTRATIVA";"ESTRATÉGICO";"ADMINISTRATIVO                                    ";"ASSESSORIA                                                  ";"FIM"
"6963";"113105";"PROAE - DIRETORIA DE ASSISTENCIA E ATIVIDADE ESTUDANTIL";"DAAE/PROAE";"";"";"NATAL";"605";"UNIVERSIDADE FEDERAL DO RIO GRANDE DO NORTE";"248";"PRO-REITORIA DE ASSUNTOS ESTUDANTIS (PROAE)";".605.248.6963.";"25/11/2011";"";"ADMINISTRATIVA";"ESTRATÉGICO";"ADMINISTRATIVO                                    ";"ASSESSORIA                                                  ";"FIM"
"7092";"11310514";"PROAE - DIVISAO DE GESTAO DAS RESIDENCIAS UNIVERSITARIAS";"DGRU/PROAE";"proae_gestaoresidencias@reitoria.ufrn.br";"";"NATAL";"605";"UNIVERSIDADE FEDERAL DO RIO GRANDE DO NORTE";"6963";"PROAE - DIRETORIA DE ASSISTENCIA E ATIVIDADE ESTUDANTIL";".605.248.6963.7092.";"11/11/2011";"";"ADMINISTRATIVA";"GERENCIAL";"ADMINISTRATIVO                                    ";"ASSESSORIA                                                  ";"FIM"
"7774";"11310009";"PROAE - GABINETE DO PRO-REITOR";"PROGPREITOR";"";"";"NATAL";"605";"UNIVERSIDADE FEDERAL DO RIO GRANDE DO NORTE";"248";"PRO-REITORIA DE ASSUNTOS ESTUDANTIS (PROAE)";".605.248.7774.";"01/01/2010";"";"ADMINISTRATIVA";"ESTRATÉGICO";"ADMINISTRATIVO                                    ";"ASSESSORIA                                                  ";"FIM"
"3574";"113106";"PROAE - SECRETARIA ADMINISTRATIVA";"SADM/PROAE";"";"3215.3324";"NATAL";"605";"UNIVERSIDADE FEDERAL DO RIO GRANDE DO NORTE";"248";"PRO-REITORIA DE ASSUNTOS ESTUDANTIS (PROAE)";".605.248.3574.";"24/06/1975";"";"ADMINISTRATIVA";"OPERACIONAL";"ADMINISTRATIVO                                    ";"SECRETARIA ADMINISTRATIVA                                   ";"MEIO"
"4279";"210816";"PROCTOLOGIA";"DP";"";"";"NATAL";"446";"HOSPITAL UNIVERSITARIO ONOFRE LOPES";"3776";"DIVISAO DE ENFERMAGEM EM AMBULATORIO";".605.446.394.3776.4279.";"24/06/1974";"";"ADMINISTRATIVA";"OPERACIONAL";"CIÊNCIAS DA SAÚDE                                 ";"SETOR                                                       ";"FIM"
"14120";"320816";"PROCTOLOGIA";"DP";"";"";"NATAL";"8193";"SUPERINTENDENCIA DO HUOL - EBSERH";"3776";"DIVISAO DE ENFERMAGEM EM AMBULATORIO";".605.446.394.3776.14120.";"24/06/1974";"";"ADMINISTRATIVA";"OPERACIONAL";"CIÊNCIAS DA SAÚDE                                 ";"SETOR                                                       ";"FIM"
"7210";"110407";"PROEX - ASSESSORIA TECNICA";"ASTPRO";"";"";"NATAL";"605";"UNIVERSIDADE FEDERAL DO RIO GRANDE DO NORTE";"17";"PRO-REITORIA DE EXTENSAO UNIVERSITARIA";".605.17.7210.";"07/11/2012";"";"ADMINISTRATIVA";"TÁTICO";"ADMINISTRATIVO                                    ";"ASSESSORIA                                                  ";"FIM"
"30428";"11040002";"PROEX - COORDENADORIA DE DESENVOLVIMENTO E EMPREENDEDORISMO";"CDE/PROEX";"";"";"NATAL";"605";"UNIVERSIDADE FEDERAL DO RIO GRANDE DO NORTE";"17";"PRO-REITORIA DE EXTENSAO UNIVERSITARIA";".605.17.30428.";"16/07/2019";"";"ADMINISTRATIVA";"GERENCIAL";"ADMINISTRATIVO                                    ";"COORDENAÇÃO                                                 ";"FIM"
"7211";"11040501";"PROEX - COORDENADORIA DE EVENTOS, CURSOS E FOMENTO A EDUCACAO PERMANENTE";"COECFEP";"";"";"NATAL";"605";"UNIVERSIDADE FEDERAL DO RIO GRANDE DO NORTE";"7043";"PROEX  SETOR DE PROGRAMAS, PROJETOS E BOLSAS";".605.17.7043.7211.";"07/11/2012";"";"ADMINISTRATIVA";"GERENCIAL";"ADMINISTRATIVO                                    ";"ASSESSORIA                                                  ";"FIM"
"4060";"110403";"PROEX - GABINETE DO PRO-REITOR";"GP (inativo)";"";"";"NATAL";"605";"UNIVERSIDADE FEDERAL DO RIO GRANDE DO NORTE";"17";"PRO-REITORIA DE EXTENSAO UNIVERSITARIA";".605.17.4060.";"29/06/1974";"";"ADMINISTRATIVA";"ESTRATÉGICO";"ADMINISTRATIVO                                    ";"PRÓ-REITORIA                                                ";"FIM"
"7215";"11040602";"PROEX - SETOR DE CULTURA E DE ATIVIDADES MUSEOLOGICAS";"PROSECAM";"";"";"NATAL";"605";"UNIVERSIDADE FEDERAL DO RIO GRANDE DO NORTE";"7081";"COORDENADORIA DE CULTURA, MUSEUS E MEMORIA - PROEX";".605.17.7081.7215.";"07/11/2012";"";"ACADÊMICA";"ESTRATÉGICO";"ADMINISTRATIVO                                    ";"ASSESSORIA                                                  ";"FIM"
"7212";"1104050101";"PROEX - SETOR DE CURSOS DE EXTENSAO E DE FORMACAO CONTINUADA";"PROSETCU";"";"";"NATAL";"605";"UNIVERSIDADE FEDERAL DO RIO GRANDE DO NORTE";"7211";"PROEX - COORDENADORIA DE EVENTOS, CURSOS E FOMENTO A EDUCACAO PERMANENTE";".605.17.7043.7211.7212.";"07/11/2012";"";"ACADÊMICA";"ESTRATÉGICO";"ADMINISTRATIVO                                    ";"ASSESSORIA                                                  ";"FIM"
"7213";"1104050102";"PROEX  SETOR DE EVENTOS";"PROEX/EVENTOS";"";"";"NATAL";"605";"UNIVERSIDADE FEDERAL DO RIO GRANDE DO NORTE";"7211";"PROEX - COORDENADORIA DE EVENTOS, CURSOS E FOMENTO A EDUCACAO PERMANENTE";".605.17.7043.7211.7213.";"07/11/2012";"";"ADMINISTRATIVA";"GERENCIAL";"ADMINISTRATIVO                                    ";"ASSESSORIA                                                  ";"FIM"
"11619";"13000009";"PROFLETRAS - COORDENACAO NACIONAL - MESTRADO";"PROFLETRAS/CNM";"";"";"NATAL";"442";"CENTRO DE CIENCIAS HUMANAS, LETRAS E ARTES";"442";"CENTRO DE CIENCIAS HUMANAS, LETRAS E ARTES";".442.11619.";"24/08/2021";"";"ACADÊMICA";"ESTRATÉGICO";"ADMINISTRATIVO                                    ";"AGÊNCIA                                                     ";"FIM"
"297";"116502";"PROGESP - ASSESSORIA TECNICA";"ASTEC/PROGESP";"astec@prh.ufrn.br";"32153209";"NATAL";"605";"UNIVERSIDADE FEDERAL DO RIO GRANDE DO NORTE";"1421";"PRO-REITORIA DE GESTAO DE PESSOAS";".605.1421.297.";"19/11/1995";"";"ADMINISTRATIVA";"TÁTICO";"ADMINISTRATIVO                                    ";"ASSESSORIA                                                  ";"MEIO"
"303";"11650405";"PROGESP  COORDENADORIA DE ATENDIMENTO";"CAT/PROGESP";"atendimento@progesp.ufrn.br";"32153299";"NATAL";"605";"UNIVERSIDADE FEDERAL DO RIO GRANDE DO NORTE";"1421";"PRO-REITORIA DE GESTAO DE PESSOAS";".605.1421.303.";"19/11/1995";"";"ACADÊMICA";"OPERACIONAL";"ADMINISTRATIVO                                    ";"SETOR                                                       ";"MEIO"
"9894";"11650003";"PROGESP  SECRETARIA DA CAMARA DE GESTAO DE PESSOAS";"SCGP/PROGESP";"";"";"NATAL";"605";"UNIVERSIDADE FEDERAL DO RIO GRANDE DO NORTE";"1421";"PRO-REITORIA DE GESTAO DE PESSOAS";".605.1421.9894.";"28/03/2017";"";"ACADÊMICA";"ESTRATÉGICO";"ADMINISTRATIVO                                    ";"ASSESSORIA                                                  ";"FIM"
"7789";"110309";"PROGRAD - ASSESSORIA TECNICA";"ASSPROGRAD";"";"";"NATAL";"605";"UNIVERSIDADE FEDERAL DO RIO GRANDE DO NORTE";"3";"PRO-REITORIA DE GRADUACAO";".605.3.7789.";"01/01/2013";"";"ADMINISTRATIVA";"OPERACIONAL";"ADMINISTRATIVO                                    ";"ASSESSORIA                                                  ";"FIM"
"266";"110304";"PROGRAD - CAMARA DE GRADUACAO";"CG/PROGRAD";"";"";"NATAL";"605";"UNIVERSIDADE FEDERAL DO RIO GRANDE DO NORTE";"3";"PRO-REITORIA DE GRADUACAO";".605.3.266.";"24/06/1974";"";"ACADÊMICA";"OPERACIONAL";"ADMINISTRATIVO                                    ";"COMISSAO PERMANENTE                                         ";"FIM"
"11605";"110310";"PROGRAD - COMISSAO DE GRADUACAO";"COMGRAD/UFRN";"";"33422299";"NATAL";"605";"UNIVERSIDADE FEDERAL DO RIO GRANDE DO NORTE";"3";"PRO-REITORIA DE GRADUACAO";".605.3.11605.";"03/09/2018";"";"ACADÊMICA";"GERENCIAL";"INFORMAÇÃO                                        ";"COMISSAO PERMANENTE                                         ";"MEIO"
"10836";"110307";"PROGRAD - COORDENADORIA DE ESTAGIOS";"COEST/PROGRAD";"";"";"NATAL";"605";"UNIVERSIDADE FEDERAL DO RIO GRANDE DO NORTE";"3";"PRO-REITORIA DE GRADUACAO";".605.3.10836.";"07/06/2017";"";"ACADÊMICA";"ESTRATÉGICO";"ADMINISTRATIVO                                    ";"ASSESSORIA                                                  ";"FIM"
"10837";"110308";"PROGRAD - COORDENADORIA DE PLANEJAMENTO E AVALIACAO ACADEMICA";"COPAV/PROGRAD";"";"";"NATAL";"605";"UNIVERSIDADE FEDERAL DO RIO GRANDE DO NORTE";"3";"PRO-REITORIA DE GRADUACAO";".605.3.10837.";"01/06/2017";"";"ACADÊMICA";"ESTRATÉGICO";"ADMINISTRATIVO                                    ";"ASSESSORIA                                                  ";"FIM"
"4";"110301";"PROGRAD - DIRETORIA DE ADMINISTRACAO E CONTROLE ACADEMICO (DACA)";"DACA/PROGRAD";"";"32153216";"NATAL";"605";"UNIVERSIDADE FEDERAL DO RIO GRANDE DO NORTE";"3";"PRO-REITORIA DE GRADUACAO";".605.3.4.";"24/06/1974";"";"ACADÊMICA";"TÁTICO";"ADMINISTRATIVO                                    ";"DIRETORIA                                                   ";"MEIO"
"9197";"190031";"PROGRAMA DE FORMACAO CONTINUADA";"PFC/CE";"";"";"NATAL";"5965";"CENTRO DE EDUCACAO";"5965";"CENTRO DE EDUCACAO";".5965.9197.";"20/02/2017";"";"ACADÊMICA";"ESTRATÉGICO";"ADMINISTRATIVO                                    ";"ASSESSORIA                                                  ";"FIM"
"74";"1621";"PROGRAMA DE POS-GRADUACAO EM ADMINISTRACAO";"PPGA/CCSA";"";"";"NATAL";"443";"CENTRO DE CIENCIAS SOCIAIS APLICADAS";"443";"CENTRO DE CIENCIAS SOCIAIS APLICADAS";".443.74.";"01/01/2000";"";"ACADÊMICA";"ESTRATÉGICO";"ADMINISTRATIVO                                    ";"COORDENAÇÃO                                                 ";"FIM"
"32782";"11700005";"PROGRAMA DE POS GRADUACAO EM ADMINISTRACAO PUBLICA EM REDE NACIONAL - PROFIAP";"PROFIAP";"";"";"CURRAIS NOVOS";"605";"UNIVERSIDADE FEDERAL DO RIO GRANDE DO NORTE";"31011";"FACULDADE DE ENGENHARIA, LETRAS E CIENCIAS SOCIAIS DO SERIDO - FELCS";".605.31011.32782.";"05/03/2024";"";"ACADÊMICA";"OPERACIONAL";"ADMINISTRATIVO                                    ";"COORDENAÇÃO                                                 ";"FIM"
"102";"1425";"PROGRAMA DE POS-GRADUACAO EM ARQUITETURA E URBANISMO";"PPGAU/CT";"ppgau@ct.ufrn.br";"(84) 99193-6096";"NATAL";"445";"CENTRO DE TECNOLOGIA";"445";"CENTRO DE TECNOLOGIA";".445.102.";"01/01/2000";"";"ACADÊMICA";"TÁTICO";"ADMINISTRATIVO                                    ";"COORDENAÇÃO                                                 ";"FIM"
"32957";"13000011";"PROGRAMA DE POS-GRADUACAO EM ARTES VISUAIS";"PPGAV";"";"";"NATAL";"442";"CENTRO DE CIENCIAS HUMANAS, LETRAS E ARTES";"442";"CENTRO DE CIENCIAS HUMANAS, LETRAS E ARTES";".442.32957.";"24/10/2023";"";"ACADÊMICA";"GERENCIAL";"ARTES, COMUNICAÇAO E DIFUSAO                      ";"COORDENAÇÃO                                                 ";"FIM"
"350";"1716";"PROGRAMA DE POS-GRADUACAO EM BIOECOLOGIA AQUATICA ";"PPGBEA/CB";"";"";"NATAL";"440";"CENTRO DE BIOCIENCIAS";"440";"CENTRO DE BIOCIENCIAS";".440.350.";"24/06/1974";"";"ACADÊMICA";"OPERACIONAL";"CIÊNCIAS BIOLÓGICAS                               ";"COORDENAÇÃO                                                 ";"FIM"
"8085";"170011";"PROGRAMA DE POS-GRADUACAO EM BIOLOGIA PARASITARIA";"PPGBP";"";"";"NATAL";"440";"CENTRO DE BIOCIENCIAS";"440";"CENTRO DE BIOCIENCIAS";".440.8085.";"06/11/2018";"";"ACADÊMICA";"GERENCIAL";"ADMINISTRATIVO                                    ";"COORDENAÇÃO                                                 ";"FIM"
"1639";"1732";"PROGRAMA DE POS-GRADUACAO EM BIOQUIMICA";"BIOQ";"";"";"NATAL";"440";"CENTRO DE BIOCIENCIAS";"440";"CENTRO DE BIOCIENCIAS";".440.1639.";"24/06/1974";"";"ACADÊMICA";"OPERACIONAL";"CIÊNCIAS BIOLÓGICAS                               ";"COORDENAÇÃO                                                 ";"FIM"
"31300";"170014";"PROGRAMA DE POS-GRADUACAO EM BIOQUIMICA E BIOLOGIA MOLECULAR";"PPGBqBM";"";"";"NATAL";"440";"CENTRO DE BIOCIENCIAS";"440";"CENTRO DE BIOCIENCIAS";".440.31300.";"01/09/2021";"";"ACADÊMICA";"ESTRATÉGICO";"ADMINISTRATIVO                                    ";"AGÊNCIA                                                     ";"FIM"
"3014";"1461";"PROGRAMA DE POS-GRADUACAO EM BIOTECNOLOGIA";"PROGBIO/CT";"";"";"NATAL";"445";"CENTRO DE TECNOLOGIA";"445";"CENTRO DE TECNOLOGIA";".445.3014.";"01/01/2000";"";"ACADÊMICA";"ESTRATÉGICO";"ADMINISTRATIVO                                    ";"ASSESSORIA                                                  ";"FIM"
"68";"1210";"PROGRAMA DE POS-GRADUACAO EM CIENCIA E ENGENHARIA DE MATERIAIS";"PPGCEM/CCET";"";"";"NATAL";"439";"CENTRO DE CIENCIAS EXATAS E DA TERRA";"439";"CENTRO DE CIENCIAS EXATAS E DA TERRA";".439.68.";"29/05/2003";"";"ACADÊMICA";"OPERACIONAL";"CIÊNCIAS EXATAS E DA NATUREZA                     ";"COORDENAÇÃO                                                 ";"FIM"
"2598";"1223";"PROGRAMA DE POS-GRADUACAO EM CIENCIA E ENGENHARIA DE PETROLEO";"PPGCEP";"";"";"NATAL";"439";"CENTRO DE CIENCIAS EXATAS E DA TERRA";"439";"CENTRO DE CIENCIAS EXATAS E DA TERRA";".439.2598.";"24/06/1974";"";"ACADÊMICA";"TÁTICO";"CIÊNCIAS EXATAS E DA NATUREZA                     ";"COORDENAÇÃO                                                 ";"FIM"
"431";"1717";"PROGRAMA DE POS-GRADUACAO EM CIENCIAS BIOLOGICAS";"CB/PPCB";"";"";"NATAL";"440";"CENTRO DE BIOCIENCIAS";"440";"CENTRO DE BIOCIENCIAS";".440.431.";"24/06/1974";"";"ACADÊMICA";"TÁTICO";"CIÊNCIAS BIOLÓGICAS                               ";"COORDENAÇÃO                                                 ";"FIM"
"5211";"1283";"PROGRAMA DE POS-GRADUACAO EM CIENCIAS CLIMATICAS";"PPGCC";"";"3342-2479";"NATAL";"439";"CENTRO DE CIENCIAS EXATAS E DA TERRA";"439";"CENTRO DE CIENCIAS EXATAS E DA TERRA";".439.5211.";"09/08/2017";"";"ACADÊMICA";"ESTRATÉGICO";"ADMINISTRATIVO                                    ";"ASSESSORIA                                                  ";"FIM"
"9066";"160039";"PROGRAMA DE POS-GRADUACAO EM CIENCIAS CONTABEIS";"PPGCCon/UFRN";"";"";"NATAL";"443";"CENTRO DE CIENCIAS SOCIAIS APLICADAS";"443";"CENTRO DE CIENCIAS SOCIAIS APLICADAS";".443.9066.";"01/01/2000";"";"ACADÊMICA";"ESTRATÉGICO";"ADMINISTRATIVO                                    ";"COORDENAÇÃO                                                 ";"FIM"
"10117";"10320023";"PROGRAMA DE POS-GRADUACAO EM CIENCIAS DA REABILITACAO";"PPGCREAB";"ppgcreab@facisa.ufrn.br";"";"SANTA CRUZ";"605";"UNIVERSIDADE FEDERAL DO RIO GRANDE DO NORTE";"4890";"FACULDADE DE CIENCIAS DA SAUDE DO TRAIRI - FACISA";".605.4890.10117.";"06/06/2016";"";"ACADÊMICA";"ESTRATÉGICO";"CIÊNCIAS DA SAÚDE                                 ";"COORDENAÇÃO                                                 ";"FIM"
"66";"1526";"PROGRAMA DE POS-GRADUACAO EM CIENCIAS DA SAUDE";"PPGCSA/CCS";"";"";"NATAL";"441";"CENTRO DE CIENCIAS DA SAUDE";"441";"CENTRO DE CIENCIAS DA SAUDE";".441.66.";"24/06/1974";"";"ACADÊMICA";"OPERACIONAL";"CIÊNCIAS DA SAÚDE                                 ";"COORDENAÇÃO                                                 ";"FIM"
"366";"1527";"PROGRAMA DE POS-GRADUACAO EM CIENCIAS FARMACEUTICAS";"PPGCF/CCS";"pgfar@ccs.ufrn.br";"";"NATAL";"441";"CENTRO DE CIENCIAS DA SAUDE";"441";"CENTRO DE CIENCIAS DA SAUDE";".441.366.";"24/06/1974";"";"ACADÊMICA";"OPERACIONAL";"CIÊNCIAS DA SAÚDE                                 ";"COORDENAÇÃO                                                 ";"FIM"
"6381";"112257";"PROGRAMA DE POS-GRADUACAO EM CIENCIAS FLORESTAIS";"PPGCFL";"";"";"MACAÍBA";"605";"UNIVERSIDADE FEDERAL DO RIO GRANDE DO NORTE";"351";"ESCOLA AGRICOLA DE JUNDIAI";".605.351.6381.";"14/11/2011";"";"ACADÊMICA";"TÁTICO";"ADMINISTRATIVO                                    ";"COORDENAÇÃO                                                 ";"FIM"
"11354";"150013";"PROGRAMA DE POS-GRADUACAO EM CIENCIAS ODONTOLOGICAS";"PPGCO";"";"";"NATAL";"441";"CENTRO DE CIENCIAS DA SAUDE";"441";"CENTRO DE CIENCIAS DA SAUDE";".441.11354.";"29/10/2018";"";"ACADÊMICA";"ESTRATÉGICO";"ADMINISTRATIVO                                    ";"COORDENAÇÃO                                                 ";"FIM"
"360";"1322";"PROGRAMA DE POS-GRADUACAO EM CIENCIAS SOCIAIS";"PPGCS/CCHLA";"";"";"NATAL";"442";"CENTRO DE CIENCIAS HUMANAS, LETRAS E ARTES";"442";"CENTRO DE CIENCIAS HUMANAS, LETRAS E ARTES";".442.360.";"01/01/2000";"";"ACADÊMICA";"TÁTICO";"ADMINISTRATIVO                                    ";"COORDENAÇÃO                                                 ";"FIM"
"9109";"11250006";"PROGRAMA DE POS-GRADUACAO EM CIENCIA, TECNOLOGIA E INOVACAO";"PPgCTI";"";"";"NATAL";"605";"UNIVERSIDADE FEDERAL DO RIO GRANDE DO NORTE";"4885";"ESCOLA DE CIENCIAS E TECNOLOGIA";".605.4885.9109.";"01/01/2000";"";"ACADÊMICA";"ESTRATÉGICO";"ADMINISTRATIVO                                    ";"COORDENAÇÃO                                                 ";"FIM"
"5570";"1285";"PROGRAMA DE POS-GRADUACAO EM DEMOGRAFIA";"PPGDEM/CCET";"";"";"NATAL";"439";"CENTRO DE CIENCIAS EXATAS E DA TERRA";"439";"CENTRO DE CIENCIAS EXATAS E DA TERRA";".439.5570.";"10/12/2013";"";"ACADÊMICA";"TÁTICO";"CIÊNCIAS EXATAS E DA NATUREZA                     ";"COORDENAÇÃO                                                 ";"FIM"
"5612";"120203";"PROGRAMA DE POS-GRADUACAO EM DEMOGRAFIA (M) - CCET";"PPGD";"";"";"NATAL";"439";"CENTRO DE CIENCIAS EXATAS E DA TERRA";"47";"DEPARTAMENTO DE ESTATISTICA";".439.47.5612.";"06/12/2013";"";"ACADÊMICA";"TÁTICO";"CIÊNCIAS EXATAS E DA NATUREZA                     ";"COORDENAÇÃO                                                 ";"FIM"
"4847";"159501";"PROGRAMA DE POS-GRADUACAO EM DESENVOLVIMENTO E INOVACAO TECNOLOGICA EM MEDICAMENTOS";"PGDITM";"";"";"NATAL";"441";"CENTRO DE CIENCIAS DA SAUDE";"7273";"COORD. GERAL DA POS-GRAD. EM DESENV. E INOV. TECNOL. EM MEDICAMENTO";".441.7273.4847.";"01/01/2009";"";"ACADÊMICA";"TÁTICO";"CIÊNCIAS DA SAÚDE                                 ";"COORDENAÇÃO                                                 ";"FIM"
"6933";"130134";"PROGRAMA DE POS-GRADUACAO EM DESIGN";"PPD/CCHLA";"";"";"NATAL";"442";"CENTRO DE CIENCIAS HUMANAS, LETRAS E ARTES";"135";"DIRECAO DO CCHLA";".442.135.6933.";"01/01/2016";"";"ADMINISTRATIVA";"GERENCIAL";"ADMINISTRATIVO                                    ";"ASSESSORIA                                                  ";"FIM"
"4846";"1790";"PROGRAMA DE POS-GRADUACAO EM ECOLOGIA";"PGE/CB";"ppgeco@cb.ufrn.br";"";"NATAL";"440";"CENTRO DE BIOCIENCIAS";"440";"CENTRO DE BIOCIENCIAS";".440.4846.";"08/04/2008";"";"ACADÊMICA";"TÁTICO";"CIÊNCIAS BIOLÓGICAS                               ";"COORDENAÇÃO                                                 ";"FIM"
"363";"190001";"PROGRAMA DE POS-GRADUACAO EM EDUCACAO";"PPGED";"";"";"NATAL";"5965";"CENTRO DE EDUCACAO";"5965";"CENTRO DE EDUCACAO";".5965.363.";"01/12/2008";"";"ACADÊMICA";"ESTRATÉGICO";"ADMINISTRATIVO                                    ";"COORDENAÇÃO                                                 ";"FIM"
"10050";"1568";"PROGRAMA DE POS-GRADUACAO EM EDUCACAO FISICA EM REDE NACIONAL";"PROEF";"";"";"NATAL";"441";"CENTRO DE CIENCIAS DA SAUDE";"441";"CENTRO DE CIENCIAS DA SAUDE";".441.10050.";"01/01/2010";"";"ACADÊMICA";"ESTRATÉGICO";"CIÊNCIAS DA SAÚDE                                 ";"COORDENAÇÃO                                                 ";"FIM"
"412";"1529";"PROGRAMA DE POS-GRADUACAO EM ENFERMAGEM";"PPGENF";"";"";"NATAL";"441";"CENTRO DE CIENCIAS DA SAUDE";"441";"CENTRO DE CIENCIAS DA SAUDE";".441.412.";"24/06/1974";"";"ACADÊMICA";"OPERACIONAL";"CIÊNCIAS DA SAÚDE                                 ";"COORDENAÇÃO                                                 ";"FIM"
"30029";"11250007";"PROGRAMA DE POS-GRADUACAO EM ENGENHARIA AEROESPACIAL";"PPGEA";"";"";"NATAL";"605";"UNIVERSIDADE FEDERAL DO RIO GRANDE DO NORTE";"4885";"ESCOLA DE CIENCIAS E TECNOLOGIA";".605.4885.30029.";"14/01/2019";"";"ACADÊMICA";"OPERACIONAL";"ADMINISTRATIVO                                    ";"COORDENAÇÃO                                                 ";"FIM"
"4845";"1471";"PROGRAMA DE POS-GRADUACAO EM ENGENHARIA CIVIL";"PEC";"";"";"NATAL";"445";"CENTRO DE TECNOLOGIA";"445";"CENTRO DE TECNOLOGIA";".445.4845.";"01/01/2000";"";"ACADÊMICA";"TÁTICO";"ADMINISTRATIVO                                    ";"COORDENAÇÃO                                                 ";"FIM"
"31338";"140009";"PROGRAMA DE POS-GRADUACAO EM ENGENHARIA CIVIL E AMBIENTAL";"PPCivam";"";"";"NATAL";"445";"CENTRO DE TECNOLOGIA";"445";"CENTRO DE TECNOLOGIA";".445.31338.";"14/12/2021";"";"ACADÊMICA";"ESTRATÉGICO";"ADMINISTRATIVO                                    ";"AGÊNCIA                                                     ";"FIM"
"105";"1426";"PROGRAMA DE POS-GRADUACAO EM ENGENHARIA DE PRODUCAO";"PPGEP";"pep.ufrn@gmail.com";"99474-6681";"NATAL";"445";"CENTRO DE TECNOLOGIA";"445";"CENTRO DE TECNOLOGIA";".445.105.";"01/06/2003";"";"ACADÊMICA";"GERENCIAL";"CIÊNCIAS EXATAS E DA NATUREZA                     ";"COORDENAÇÃO                                                 ";"FIM"
"103";"1427";"PROGRAMA DE POS-GRADUACAO EM ENGENHARIA ELETRICA E DE COMPUTACAO";"PPGEEC/CT";"coordenacao@ppgeec.ufrn.br";"(84) 3215 3767";"NATAL";"445";"CENTRO DE TECNOLOGIA";"445";"CENTRO DE TECNOLOGIA";".445.103.";"01/01/2010";"";"ACADÊMICA";"ESTRATÉGICO";"ADMINISTRATIVO                                    ";"COORDENAÇÃO                                                 ";"FIM"
"104";"1428";"PROGRAMA DE POS-GRADUACAO EM ENGENHARIA MECANICA";"PPGEM/CT";"";"";"NATAL";"445";"CENTRO DE TECNOLOGIA";"445";"CENTRO DE TECNOLOGIA";".445.104.";"01/01/2010";"";"ACADÊMICA";"GERENCIAL";"CIÊNCIAS EXATAS E DA NATUREZA                     ";"COORDENAÇÃO                                                 ";"FIM"
"8086";"1474";"PROGRAMA DE POS-GRADUACAO EM ENGENHARIA MECATRONICA";"PPGEMECA";"";"";"NATAL";"445";"CENTRO DE TECNOLOGIA";"445";"CENTRO DE TECNOLOGIA";".445.8086.";"10/01/2014";"";"ACADÊMICA";"TÁTICO";"ADMINISTRATIVO                                    ";"COORDENAÇÃO                                                 ";"FIM"
"106";"1429";"PROGRAMA DE POS-GRADUACAO EM ENGENHARIA QUIMICA";"PPGEQ/CT";"";"";"NATAL";"445";"CENTRO DE TECNOLOGIA";"445";"CENTRO DE TECNOLOGIA";".445.106.";"29/05/1999";"";"ACADÊMICA";"OPERACIONAL";"CIÊNCIAS EXATAS E DA NATUREZA                     ";"COORDENAÇÃO                                                 ";"FIM"
"107";"1430";"PROGRAMA DE POS-GRADUACAO EM ENGENHARIA SANITARIA E AMBIENTAL";"PPGESA";"";"";"NATAL";"445";"CENTRO DE TECNOLOGIA";"445";"CENTRO DE TECNOLOGIA";".445.107.";"01/01/2000";"";"ACADÊMICA";"TÁTICO";"ADMINISTRATIVO                                    ";"COORDENAÇÃO                                                 ";"FIM"
"10480";"1406";"PROGRAMA DE POS-GRADUACAO EM ENGENHARIA TEXTIL";"PPgET";"";"";"NATAL";"445";"CENTRO DE TECNOLOGIA";"445";"CENTRO DE TECNOLOGIA";".445.10480.";"01/01/2020";"";"ACADÊMICA";"ESTRATÉGICO";"ADMINISTRATIVO                                    ";"COORDENAÇÃO                                                 ";"FIM"
"9111";"1290";"PROGRAMA DE POS-GRADUACAO EM ENSINO DE CIENCIAS E MATEMATICA";"PPGECM";"";"";"NATAL";"439";"CENTRO DE CIENCIAS EXATAS E DA TERRA";"439";"CENTRO DE CIENCIAS EXATAS E DA TERRA";".439.9111.";"24/05/2021";"";"ACADÊMICA";"OPERACIONAL";"CIÊNCIAS EXATAS E DA NATUREZA                     ";"COORDENAÇÃO                                                 ";"FIM"
"33438";"180031";"PROGRAMA DE POS-GRADUACAO EM ENSINO DE COMPUTACAO PARA EDUCACAO BASICA EM REDE NACIONAL";"PROFCOMP";"";"";"CAICÓ";"1482";"CENTRO DE  ENSINO SUPERIOR DO SERIDO";"1482";"CENTRO DE  ENSINO SUPERIOR DO SERIDO";".1482.33438.";"10/06/2025";"";"ACADÊMICA";"OPERACIONAL";"ADMINISTRATIVO                                    ";"COORDENAÇÃO                                                 ";"FIM"
"9395";"1390";"PROGRAMA DE POS-GRADUACAO EM ENSINO DE HISTORIA - REDE NACIONAL";"PPGEH";"";"";"NATAL";"442";"CENTRO DE CIENCIAS HUMANAS, LETRAS E ARTES";"442";"CENTRO DE CIENCIAS HUMANAS, LETRAS E ARTES";".442.9395.";"01/12/2017";"";"ACADÊMICA";"ESTRATÉGICO";"ADMINISTRATIVO                                    ";"COORDENAÇÃO                                                 ";"FIM"
"7267";"1567";"PROGRAMA DE POS-GRADUACAO EM ENSINO NA SAUDE";"MPEENSA";"";"";"NATAL";"441";"CENTRO DE CIENCIAS DA SAUDE";"441";"CENTRO DE CIENCIAS DA SAUDE";".441.7267.";"01/01/2014";"";"ACADÊMICA";"ESTRATÉGICO";"ADMINISTRATIVO                                    ";"COORDENAÇÃO                                                 ";"FIM"
"65";"1323";"PROGRAMA DE POS-GRADUACAO EM ESTUDOS DA LINGUAGEM";"PPGEL/CCHLA";"";"";"NATAL";"442";"CENTRO DE CIENCIAS HUMANAS, LETRAS E ARTES";"442";"CENTRO DE CIENCIAS HUMANAS, LETRAS E ARTES";".442.65.";"01/01/2016";"";"ADMINISTRATIVA";"GERENCIAL";"ADMINISTRATIVO                                    ";"COORDENAÇÃO                                                 ";"FIM"
"4893";"1387";"PROGRAMA DE POS-GRADUACAO EM ESTUDOS DA MIDIA";"PPGEM";"";"";"NATAL";"442";"CENTRO DE CIENCIAS HUMANAS, LETRAS E ARTES";"442";"CENTRO DE CIENCIAS HUMANAS, LETRAS E ARTES";".442.4893.";"24/06/1974";"";"ACADÊMICA";"OPERACIONAL";"CIÊNCIAS HUMANAS, JURÍDICAS E ECONÔMICAS          ";"COORDENAÇÃO                                                 ";"FIM"
"5254";"133305";"PROGRAMA DE POS-GRADUACAO EM ESTUDOS URBANOS E REGIONAIS";"PPEUR";"";"";"NATAL";"442";"CENTRO DE CIENCIAS HUMANAS, LETRAS E ARTES";"1824";"INSTITUTO DE POLITICAS PUBLICAS";".442.1824.5254.";"01/01/1970";"";"ACADÊMICA";"ESTRATÉGICO";"ADMINISTRATIVO                                    ";"COORDENAÇÃO                                                 ";"FIM"
"364";"1324";"PROGRAMA DE POS-GRADUACAO EM FILOSOFIA";"PPGFIL/CCHLA";"";"";"NATAL";"442";"CENTRO DE CIENCIAS HUMANAS, LETRAS E ARTES";"442";"CENTRO DE CIENCIAS HUMANAS, LETRAS E ARTES";".442.364.";"01/05/2021";"";"ACADÊMICA";"ESTRATÉGICO";"ADMINISTRATIVO                                    ";"AGÊNCIA                                                     ";"FIM"
"4238";"120328";"PROGRAMA DE POS GRADUACAO EM FISICA";"ppgf";"";"";"NATAL";"439";"CENTRO DE CIENCIAS EXATAS E DA TERRA";"121";"DEPARTAMENTO DE FISICA TEORICA E EXPERIMENTAL";".439.121.4238.";"24/06/1974";"";"ACADÊMICA";"OPERACIONAL";"CIÊNCIAS EXATAS E DA NATUREZA                     ";"COORDENAÇÃO                                                 ";"FIM"
"4072";"1586";"PROGRAMA DE POS-GRADUACAO EM FISIOTERAPIA";"PPGFST";"";"";"NATAL";"441";"CENTRO DE CIENCIAS DA SAUDE";"441";"CENTRO DE CIENCIAS DA SAUDE";".441.4072.";"29/03/2003";"";"ACADÊMICA";"OPERACIONAL";"CIÊNCIAS DA SAÚDE                                 ";"COORDENAÇÃO                                                 ";"FIM"
"325";"1209";"PROGRAMA DE POS-GRADUACAO EM GEODINAMICA E GEOFISICA";"PPGG/CCET";"";"";"NATAL";"439";"CENTRO DE CIENCIAS EXATAS E DA TERRA";"439";"CENTRO DE CIENCIAS EXATAS E DA TERRA";".439.325.";"29/05/1999";"";"ACADÊMICA";"ESTRATÉGICO";"CIÊNCIAS EXATAS E DA NATUREZA                     ";"COORDENAÇÃO                                                 ";"FIM"
"4241";"120404";"PROGRAMA DE POS-GRADUACAO EM GEODINAMICA E GEOFISICA";"ppgg";"";"";"NATAL";"439";"CENTRO DE CIENCIAS EXATAS E DA TERRA";"123";"DEPARTAMENTO DE GEOLOGIA";".439.123.4241.";"24/06/1974";"";"ACADÊMICA";"OPERACIONAL";"CIÊNCIAS EXATAS E DA NATUREZA                     ";"COORDENAÇÃO                                                 ";"FIM"
"315";"1321";"PROGRAMA DE POS-GRADUACAO EM GEOGRAFIA";"PPGE/CCHLA";"";"";"NATAL";"442";"CENTRO DE CIENCIAS HUMANAS, LETRAS E ARTES";"442";"CENTRO DE CIENCIAS HUMANAS, LETRAS E ARTES";".442.315.";"01/01/2000";"";"ACADÊMICA";"TÁTICO";"CIÊNCIAS HUMANAS, JURÍDICAS E ECONÔMICAS          ";"COORDENAÇÃO                                                 ";"FIM"
"30030";"180024";"PROGRAMA DE POS-GRADUACAO EM GEOGRAFIA - CERES";"GEOCERES";"";"";"CAICÓ";"1482";"CENTRO DE  ENSINO SUPERIOR DO SERIDO";"1482";"CENTRO DE  ENSINO SUPERIOR DO SERIDO";".1482.30030.";"14/01/2019";"";"ACADÊMICA";"OPERACIONAL";"ADMINISTRATIVO                                    ";"COORDENAÇÃO                                                 ";"FIM"
"9110";"1831";"PROGRAMA DE POS-GRADUACAO EM GEOGRAFIA - GEOPROF - CERES";"GEOPROF";"";"";"CAICÓ";"1482";"CENTRO DE  ENSINO SUPERIOR DO SERIDO";"1482";"CENTRO DE  ENSINO SUPERIOR DO SERIDO";".1482.9110.";"01/11/2017";"";"ACADÊMICA";"ESTRATÉGICO";"ADMINISTRATIVO                                    ";"COORDENAÇÃO                                                 ";"FIM"
"1617";"1629";"PROGRAMA DE POS-GRADUACAO EM GESTAO DA INFORMACAO E DO CONHECIMENTO - PPGIC";"PPGIC/CCSA";"";"33422288 R356";"NATAL";"443";"CENTRO DE CIENCIAS SOCIAIS APLICADAS";"443";"CENTRO DE CIENCIAS SOCIAIS APLICADAS";".443.1617.";"24/06/1974";"";"ACADÊMICA";"OPERACIONAL";"CIÊNCIAS HUMANAS, JURÍDICAS E ECONÔMICAS          ";"COORDENAÇÃO                                                 ";"FIM"
"8084";"150005";"PROGRAMA DE POS-GRADUACAO EM GESTAO DA QUALIDADE EM SERVICOS DE SAUDE";"Qualisaúde";"";"";"NATAL";"441";"CENTRO DE CIENCIAS DA SAUDE";"441";"CENTRO DE CIENCIAS DA SAUDE";".441.8084.";"24/02/2014";"";"ACADÊMICA";"ESTRATÉGICO";"ADMINISTRATIVO                                    ";"COORDENAÇÃO                                                 ";"FIM"
"7513";"13000002";"PROGRAMA DE POS-GRADUACAO EM GESTAO DE PROCESSOS INSTITUCIONAIS";"PPGGPI/CCHLA";"";"";"NATAL";"442";"CENTRO DE CIENCIAS HUMANAS, LETRAS E ARTES";"442";"CENTRO DE CIENCIAS HUMANAS, LETRAS E ARTES";".442.7513.";"16/08/2013";"";"ACADÊMICA";"ESTRATÉGICO";"ADMINISTRATIVO                                    ";"COORDENAÇÃO                                                 ";"FIM"
"10482";"150010";"PROGRAMA DE POS-GRADUACAO EM GESTAO E INOVACAO EM SAUDE";"PPgGIS";"";"";"NATAL";"441";"CENTRO DE CIENCIAS DA SAUDE";"441";"CENTRO DE CIENCIAS DA SAUDE";".441.10482.";"05/09/2019";"";"ACADÊMICA";"ESTRATÉGICO";"ADMINISTRATIVO                                    ";"COORDENAÇÃO                                                 ";"FIM"
"32958";"11700006";"PROGRAMA DE POS-GRADUACAO EM GESTAO, INOVACAO E SUSTENTABILIDADE";"PROPGIS";"";"";"CURRAIS NOVOS";"605";"UNIVERSIDADE FEDERAL DO RIO GRANDE DO NORTE";"31011";"FACULDADE DE ENGENHARIA, LETRAS E CIENCIAS SOCIAIS DO SERIDO - FELCS";".605.31011.32958.";"05/12/2023";"";"ACADÊMICA";"GERENCIAL";"ADMINISTRATIVO                                    ";"COORDENAÇÃO                                                 ";"FIM"
"435";"1325";"PROGRAMA DE POS-GRADUACAO EM HISTORIA";"PPGH/CCHLA";"ppghufrn@yahoo.com.br";"";"NATAL";"442";"CENTRO DE CIENCIAS HUMANAS, LETRAS E ARTES";"442";"CENTRO DE CIENCIAS HUMANAS, LETRAS E ARTES";".442.435.";"01/01/2013";"";"ACADÊMICA";"ESTRATÉGICO";"ADMINISTRATIVO                                    ";"COORDENAÇÃO                                                 ";"FIM"
"3912";"130120";"PROGRAMA DE POS-GRADUACAO EM HISTORIA";"PPGHIST";"";"";"NATAL";"442";"CENTRO DE CIENCIAS HUMANAS, LETRAS E ARTES";"135";"DIRECAO DO CCHLA";".442.135.3912.";"24/06/1974";"";"ACADÊMICA";"OPERACIONAL";"CIÊNCIAS HUMANAS, JURÍDICAS E ECONÔMICAS          ";"COORDENAÇÃO                                                 ";"FIM"
"5671";"1286";"PROGRAMA DE POS-GRADUACAO EM MATEMATICA - REDE NACIONAL";"PROFMAT";"";"";"NATAL";"439";"CENTRO DE CIENCIAS EXATAS E DA TERRA";"439";"CENTRO DE CIENCIAS EXATAS E DA TERRA";".439.5671.";"01/01/2000";"";"ACADÊMICA";"ESTRATÉGICO";"ADMINISTRATIVO                                    ";"COORDENAÇÃO                                                 ";"FIM"
"7261";"113909";"PROGRAMA DE POS-GRADUACAO EM MUSICA";"PPGMUS";"";"";"NATAL";"605";"UNIVERSIDADE FEDERAL DO RIO GRANDE DO NORTE";"284";"ESCOLA DE MUSICA";".605.284.7261.";"01/01/2016";"";"ADMINISTRATIVA";"GERENCIAL";"ADMINISTRATIVO                                    ";"COORDENAÇÃO                                                 ";"FIM"
"5207";"10890005";"PROGRAMA DE POS-GRADUACAO EM NEUROCIENCIAS";"PPGNEURO";"";"";"NATAL";"605";"UNIVERSIDADE FEDERAL DO RIO GRANDE DO NORTE";"6026";"INSTITUTO DO CEREBRO";".605.6026.5207.";"01/08/2009";"";"ACADÊMICA";"ESTRATÉGICO";"CIÊNCIAS DA SAÚDE                                 ";"COORDENAÇÃO                                                 ";"FIM"
"8191";"150006";"PROGRAMA DE POS-GRADUACAO EM NUTRICAO";"PPGNUT";"";"";"NATAL";"441";"CENTRO DE CIENCIAS DA SAUDE";"441";"CENTRO DE CIENCIAS DA SAUDE";".441.8191.";"02/01/2014";"";"ACADÊMICA";"GERENCIAL";"ADMINISTRATIVO                                    ";"COORDENAÇÃO                                                 ";"FIM"
"1760";"1560";"PROGRAMA DE POS-GRADUACAO EM PATOLOGIA ORAL";"PAT- ORAL";"";"";"NATAL";"441";"CENTRO DE CIENCIAS DA SAUDE";"441";"CENTRO DE CIENCIAS DA SAUDE";".441.1760.";"24/06/1974";"";"ACADÊMICA";"OPERACIONAL";"CIÊNCIAS DA SAÚDE                                 ";"SETOR                                                       ";"FIM"
"4848";"112216";"PROGRAMA DE POS-GRADUACAO EM PRODUCAO ANIMAL";"PPGPA/EAJ/UFRN";"";"";"MACAÍBA";"605";"UNIVERSIDADE FEDERAL DO RIO GRANDE DO NORTE";"351";"ESCOLA AGRICOLA DE JUNDIAI";".605.351.4848.";"08/04/2008";"";"ACADÊMICA";"TÁTICO";"AGROPECUÁRIO                                      ";"COORDENAÇÃO                                                 ";"FIM"
"367";"1719";"PROGRAMA DE POS-GRADUACAO EM PSICOBIOLOGIA";"PSICOB/CB";"";"";"NATAL";"440";"CENTRO DE BIOCIENCIAS";"440";"CENTRO DE BIOCIENCIAS";".440.367.";"24/06/1974";"";"ACADÊMICA";"OPERACIONAL";"CIÊNCIAS BIOLÓGICAS                               ";"COORDENAÇÃO                                                 ";"FIM"
"4741";"171202";"PROGRAMA DE POS-GRADUACAO EM PSICOBIOLOGIA";"PSICOB";"";"";"NATAL";"440";"CENTRO DE BIOCIENCIAS";"178";"DEPARTAMENTO DE FISIOLOGIA E COMPORTAMENTO";".440.178.4741.";"24/06/1974";"";"ACADÊMICA";"OPERACIONAL";"CIÊNCIAS BIOLÓGICAS                               ";"SETOR                                                       ";"FIM"
"64";"1326";"PROGRAMA DE POS-GRADUACAO EM PSICOLOGIA";"PPGPSI/CCHLA";"ppgpsi@cchla.ufrn.br";"";"NATAL";"442";"CENTRO DE CIENCIAS HUMANAS, LETRAS E ARTES";"442";"CENTRO DE CIENCIAS HUMANAS, LETRAS E ARTES";".442.64.";"25/10/2017";"";"ACADÊMICA";"ESTRATÉGICO";"ADMINISTRATIVO                                    ";"COORDENAÇÃO                                                 ";"FIM"
"85";"12880005";"PROGRAMA DE POS-GRADUACAO EM QUIMICA";"PPGQ/CCET";"";"";"NATAL";"439";"CENTRO DE CIENCIAS EXATAS E DA TERRA";"6025";"INSTITUTO DE QUIMICA";".439.6025.85.";"29/05/1999";"";"ACADÊMICA";"OPERACIONAL";"CIÊNCIAS EXATAS E DA NATUREZA                     ";"COORDENAÇÃO                                                 ";"FIM"
"9493";"12880006";"PROGRAMA DE POS-GRADUACAO EM QUIMICA - REDE NACIONAL";"PMPQRN/IQ";"";"";"NATAL";"439";"CENTRO DE CIENCIAS EXATAS E DA TERRA";"6025";"INSTITUTO DE QUIMICA";".439.6025.9493.";"20/11/2017";"";"ACADÊMICA";"ESTRATÉGICO";"ADMINISTRATIVO                                    ";"COORDENAÇÃO                                                 ";"FIM"
"5670";"1598";"PROGRAMA DE POS-GRADUACAO EM SAUDE COLETIVA";"PPGSCOL";"";"";"NATAL";"441";"CENTRO DE CIENCIAS DA SAUDE";"441";"CENTRO DE CIENCIAS DA SAUDE";".441.5670.";"03/02/2017";"";"ACADÊMICA";"ESTRATÉGICO";"ADMINISTRATIVO                                    ";"COORDENAÇÃO                                                 ";"FIM"
"6135";"150001";"PROGRAMA DE POS-GRADUACAO EM SAUDE DA FAMILIA NO NORDESTE";"RENASF";"";"";"NATAL";"441";"CENTRO DE CIENCIAS DA SAUDE";"441";"CENTRO DE CIENCIAS DA SAUDE";".441.6135.";"25/09/2012";"";"ADMINISTRATIVA";"OPERACIONAL";"CIÊNCIAS DA SAÚDE                                 ";"COORDENAÇÃO                                                 ";"FIM"
"10489";"11690032";"PROGRAMA DE POS-GRADUACAO EM SAUDE E SOCIEDADE";"PPGSES";"";"";"NATAL";"605";"UNIVERSIDADE FEDERAL DO RIO GRANDE DO NORTE";"205";"ESCOLA DE SAUDE";".605.205.10489.";"05/05/2017";"";"ACADÊMICA";"ESTRATÉGICO";"ADMINISTRATIVO                                    ";"AGÊNCIA                                                     ";"FIM"
"376";"1626";"PROGRAMA DE POS-GRADUACAO EM SERVICO SOCIAL";"PPGSS/CCSA";"";"";"NATAL";"443";"CENTRO DE CIENCIAS SOCIAIS APLICADAS";"443";"CENTRO DE CIENCIAS SOCIAIS APLICADAS";".443.376.";"24/06/1974";"";"ACADÊMICA";"OPERACIONAL";"CIÊNCIAS HUMANAS, JURÍDICAS E ECONÔMICAS          ";"COORDENAÇÃO                                                 ";"FIM"
"73";"1213";"PROGRAMA DE POS-GRADUACAO EM SISTEMAS E COMPUTACAO";"PPgSC/UFRN";"ppgsc@ppgsc.ufrn.br";"84 99193 6407";"NATAL";"439";"CENTRO DE CIENCIAS EXATAS E DA TERRA";"439";"CENTRO DE CIENCIAS EXATAS E DA TERRA";".439.73.";"29/05/1999";"";"ACADÊMICA";"ESTRATÉGICO";"CIÊNCIAS EXATAS E DA NATUREZA                     ";"COORDENAÇÃO                                                 ";"FIM"
"5579";"1764";"PROGRAMA DE POS-GRADUACAO EM SISTEMATICA E EVOLUCAO";"PPGSE/CB";"";"";"NATAL";"440";"CENTRO DE BIOCIENCIAS";"440";"CENTRO DE BIOCIENCIAS";".440.5579.";"19/04/2011";"";"ACADÊMICA";"OPERACIONAL";"CIÊNCIAS BIOLÓGICAS                               ";"COORDENAÇÃO                                                 ";"MEIO"
"4295";"1654";"PROGRAMA DE POS-GRADUACAO EM TURISMO";"PPGTUR/CCSA";"";"";"NATAL";"443";"CENTRO DE CIENCIAS SOCIAIS APLICADAS";"443";"CENTRO DE CIENCIAS SOCIAIS APLICADAS";".443.4295.";"01/01/2000";"";"ACADÊMICA";"TÁTICO";"ADMINISTRATIVO                                    ";"COORDENAÇÃO                                                 ";"FIM"
"395";"1622";"PROGRAMA REGIONAL DE POS-GRADUACAO EM CIENCIAS CONTABEIS";"xxxxx";"";"";"NATAL";"443";"CENTRO DE CIENCIAS SOCIAIS APLICADAS";"443";"CENTRO DE CIENCIAS SOCIAIS APLICADAS";".443.395.";"01/01/2000";"";"ACADÊMICA";"TÁTICO";"ADMINISTRATIVO                                    ";"COORDENAÇÃO                                                 ";"FIM"
"423";"1741";"PROGRAMA REGIONAL DE POS-GRADUACAO EM DESENVOLVIMENTO E MEIO AMBIENTE - PRODEMA";"PRODEMA";"";"";"NATAL";"440";"CENTRO DE BIOCIENCIAS";"440";"CENTRO DE BIOCIENCIAS";".440.423.";"24/06/1974";"";"ACADÊMICA";"OPERACIONAL";"CIÊNCIAS BIOLÓGICAS                               ";"COORDENAÇÃO                                                 ";"FIM"
"4313";"151906";"PRONTO ATENDIMENTO";"PA";"";"";"NATAL";"441";"CENTRO DE CIENCIAS DA SAUDE";"195";"DEPARTAMENTO DE ODONTOLOGIA";".441.195.4313.";"24/06/1974";"";"ACADÊMICA";"OPERACIONAL";"CIÊNCIAS DA SAÚDE                                 ";"LABORATÓRIO                                                 ";"FIM"
"4525";"110528";"PROPESQ - COORDENADORIA DE EMPREENDEDORISMO";"COEM/PROPESQ";"";"";"NATAL";"605";"UNIVERSIDADE FEDERAL DO RIO GRANDE DO NORTE";"1481";"PRO-REITORIA DE PESQUISA";".605.1481.4525.";"24/06/1974";"";"ADMINISTRATIVA";"OPERACIONAL";"ADMINISTRATIVO                                    ";"SETOR                                                       ";"FIM"
"3550";"110704";"PROPLAN - ASSESSORIA TECNICA";"ASTEC/PROPLAN";"";"";"NATAL";"605";"UNIVERSIDADE FEDERAL DO RIO GRANDE DO NORTE";"1449";"PRO-REITORIA DE PLANEJAMENTO";".605.1449.3550.";"24/06/1974";"";"ADMINISTRATIVA";"OPERACIONAL";"ADMINISTRATIVO                                    ";"ASSESSORIA                                                  ";"MEIO"
"3549";"110703";"PROPLAN - COORDENADORIA DE ORCAMENTO";"ORÇAMENTO/PROPLAN";"";"";"NATAL";"605";"UNIVERSIDADE FEDERAL DO RIO GRANDE DO NORTE";"1449";"PRO-REITORIA DE PLANEJAMENTO";".605.1449.3549.";"24/06/1974";"";"ADMINISTRATIVA";"OPERACIONAL";"ADMINISTRATIVO                                    ";"COORDENADORIA                                               ";"MEIO"
"3551";"110705";"PROPLAN - COORDENADORIA DE PLANEJAMENTO E DESENVOLVIMENTO INSTITUCIONAL";"CPDI/PROPLAN";"planejamento@proplan.ufrn.br";"";"NATAL";"605";"UNIVERSIDADE FEDERAL DO RIO GRANDE DO NORTE";"1449";"PRO-REITORIA DE PLANEJAMENTO";".605.1449.3551.";"24/06/1974";"";"ADMINISTRATIVA";"ESTRATÉGICO";"ADMINISTRATIVO                                    ";"COORDENADORIA                                               ";"MEIO"
"361";"110702";"PROPLAN - DIRETORIA DE PROJETOS ACADEMICOS (DPA)";"DPA/PROPLAN";"";"";"NATAL";"605";"UNIVERSIDADE FEDERAL DO RIO GRANDE DO NORTE";"1449";"PRO-REITORIA DE PLANEJAMENTO";".605.1449.361.";"24/06/1974";"";"ADMINISTRATIVA";"OPERACIONAL";"ADMINISTRATIVO                                    ";"COORDENADORIA                                               ";"MEIO"
"4061";"110404";"PRO-REITORIA ADJUNTA";"PADJ(inat)";"";"";"NATAL";"605";"UNIVERSIDADE FEDERAL DO RIO GRANDE DO NORTE";"17";"PRO-REITORIA DE EXTENSAO UNIVERSITARIA";".605.17.4061.";"29/05/2003";"";"ADMINISTRATIVA";"OPERACIONAL";"ADMINISTRATIVO                                    ";"SETOR                                                       ";"FIM"
"1422";"1102";"PRO-REITORIA DE ADMINISTRACAO (PROAD)";"PROAD";"proad@reitoria.ufrn.br";"3215.3305,3215.3306";"NATAL";"605";"UNIVERSIDADE FEDERAL DO RIO GRANDE DO NORTE";"605";"UNIVERSIDADE FEDERAL DO RIO GRANDE DO NORTE";".605.1422.";"24/06/1974";"";"ADMINISTRATIVA";"ESTRATÉGICO";"ADMINISTRATIVO                                    ";"PRÓ-REITORIA                                                ";"MEIO"
"248";"1131";"PRO-REITORIA DE ASSUNTOS ESTUDANTIS (PROAE)";"PROAE";"";"3215.3310/3215.3308";"NATAL";"605";"UNIVERSIDADE FEDERAL DO RIO GRANDE DO NORTE";"605";"UNIVERSIDADE FEDERAL DO RIO GRANDE DO NORTE";".605.248.";"24/06/1974";"";"ADMINISTRATIVA";"ESTRATÉGICO";"ADMINISTRATIVO                                    ";"PRÓ-REITORIA                                                ";"MEIO"
"17";"1104";"PRO-REITORIA DE EXTENSAO UNIVERSITARIA";"PROEX";"";"3342-2272";"NATAL";"605";"UNIVERSIDADE FEDERAL DO RIO GRANDE DO NORTE";"605";"UNIVERSIDADE FEDERAL DO RIO GRANDE DO NORTE";".605.17.";"24/06/1974";"";"ADMINISTRATIVA";"ESTRATÉGICO";"ADMINISTRATIVO                                    ";"PRÓ-REITORIA                                                ";"MEIO"
"1421";"1165";"PRO-REITORIA DE GESTAO DE PESSOAS";"PROGESP";"prh@prh.ufrn.br";"3215-3271";"NATAL";"605";"UNIVERSIDADE FEDERAL DO RIO GRANDE DO NORTE";"605";"UNIVERSIDADE FEDERAL DO RIO GRANDE DO NORTE";".605.1421.";"19/11/1995";"";"ADMINISTRATIVA";"ESTRATÉGICO";"ADMINISTRATIVO                                    ";"PRÓ-REITORIA                                                ";"MEIO"
"1449";"1107";"PRO-REITORIA DE PLANEJAMENTO";"PROPLAN";"contato@proplan.ufrn.br";"3342-2206";"NATAL";"605";"UNIVERSIDADE FEDERAL DO RIO GRANDE DO NORTE";"605";"UNIVERSIDADE FEDERAL DO RIO GRANDE DO NORTE";".605.1449.";"24/06/1974";"";"ADMINISTRATIVA";"ESTRATÉGICO";"ADMINISTRATIVO                                    ";"PRÓ-REITORIA                                                ";"MEIO"
"1483";"1123";"PRO-REITORIA DE POS GRADUACAO";"PPG";"contato@ppg.ufrn.br";"3215.3182,3215.3190";"NATAL";"605";"UNIVERSIDADE FEDERAL DO RIO GRANDE DO NORTE";"605";"UNIVERSIDADE FEDERAL DO RIO GRANDE DO NORTE";".605.1483.";"24/06/1974";"";"ADMINISTRATIVA";"ESTRATÉGICO";"ADMINISTRATIVO                                    ";"PRÓ-REITORIA                                                ";"FIM"
"3284";"15820601";"PROTOCOLO";"PROT";"";"";"NATAL";"441";"CENTRO DE CIENCIAS DA SAUDE";"3283";"SECRETARIA ADMINISTRATIVA/CCS";".441.3277.3283.3284.";"24/06/1974";"";"ADMINISTRATIVA";"OPERACIONAL";"ADMINISTRATIVO                                    ";"SETOR                                                       ";"MEIO"
"4228";"201208";"PROTOCOLO-MEJC";"prot";"";"";"NATAL";"447";"MATERNIDADE ESCOLA JANUARIO CICCO";"286";"DIRETORIA ADMINISTRATIVA - MEJC";".605.447.286.4228.";"24/06/1974";"";"ADMINISTRATIVA";"OPERACIONAL";"ADMINISTRATIVO                                    ";"SETOR                                                       ";"MEIO"
"4145";"200110415";"PROTOCOLO/MEJC";"protc";"";"";"NATAL";"447";"MATERNIDADE ESCOLA JANUARIO CICCO";"3635";"DIRECAO ADMINISTRATIVA/MEJC";".605.447.2712.3622.3635.4145.";"24/06/1974";"";"ADMINISTRATIVA";"OPERACIONAL";"ADMINISTRATIVO                                    ";"SETOR                                                       ";"MEIO"
"15581";"310110415";"PROTOCOLO/MEJC";"protc";"";"";"NATAL";"8194";"SUPERINTENDENCIA DO MEJC - EBSERH";"14991";"DIRECAO ADMINISTRATIVA/MEJC";".441.5728.9285.9327.13103.14991.15581.";"24/06/1974";"";"ADMINISTRATIVA";"OPERACIONAL";"ADMINISTRATIVO                                    ";"SETOR                                                       ";"MEIO"
"4209";"201304";"PSICOLOGIA";"psic/mejc";"";"";"NATAL";"447";"MATERNIDADE ESCOLA JANUARIO CICCO";"2713";"DIRETORIA CLINICA/TECNICA - MEJC";".605.447.2713.4209.";"24/06/1974";"";"ADMINISTRATIVA";"OPERACIONAL";"CIÊNCIAS DA SAÚDE                                 ";"SETOR                                                       ";"FIM"
"13870";"311304";"PSICOLOGIA";"psic/mejc";"";"";"NATAL";"8194";"SUPERINTENDENCIA DO MEJC - EBSERH";"9445";"EDITAL 012/2014 UFRN/PROGRAD/PROPESQ/PROEX (PROJETOS INTEGRADOS 2015) - CCET";".439.5695.9445.13870.";"24/06/1974";"";"ADMINISTRATIVA";"OPERACIONAL";"CIÊNCIAS DA SAÚDE                                 ";"SETOR                                                       ";"FIM"
"3785";"210807";"PSIQUITRIA";"psq";"";"";"NATAL";"446";"HOSPITAL UNIVERSITARIO ONOFRE LOPES";"3776";"DIVISAO DE ENFERMAGEM EM AMBULATORIO";".605.446.394.3776.3785.";"24/06/1974";"";"ADMINISTRATIVA";"OPERACIONAL";"CIÊNCIAS DA SAÚDE                                 ";"SETOR                                                       ";"FIM"
"13589";"320807";"PSIQUITRIA";"psq";"";"";"NATAL";"8193";"SUPERINTENDENCIA DO HUOL - EBSERH";"3776";"DIVISAO DE ENFERMAGEM EM AMBULATORIO";".605.446.394.3776.13589.";"24/06/1974";"";"ADMINISTRATIVA";"OPERACIONAL";"CIÊNCIAS DA SAÚDE                                 ";"SETOR                                                       ";"FIM"
"2666";"112801";"RADIO FM UNIVERSITARIA";"FMU";"";"";"NATAL";"605";"UNIVERSIDADE FEDERAL DO RIO GRANDE DO NORTE";"19";"SUPERINTENDENCIA DE COMUNICACAO";".605.19.2666.";"03/06/1999";"";"ADMINISTRATIVA";"OPERACIONAL";"INFORMAÇÃO                                        ";"SETOR                                                       ";"MEIO"
"4532";"21100801";"RADIOLOGIA";"radiol";"";"";"NATAL";"446";"HOSPITAL UNIVERSITARIO ONOFRE LOPES";"2706";"HUOL - SERVICO DE RADIOLOGIA";".605.446.2659.2706.4532.";"24/06/1974";"";"COMPLEXO HOSPITALAR";"OPERACIONAL";"CIÊNCIAS DA SAÚDE                                 ";"SETOR                                                       ";"FIM"
"22734";"32100801";"RADIOLOGIA";"radiol";"";"";"NATAL";"8193";"SUPERINTENDENCIA DO HUOL - EBSERH";"2706";"HUOL - SERVICO DE RADIOLOGIA";".605.446.2659.2706.22734.";"24/06/1974";"";"COMPLEXO HOSPITALAR";"OPERACIONAL";"CIÊNCIAS DA SAÚDE                                 ";"SETOR                                                       ";"FIM"
"4217";"20110504";"RECEPCAO E INTERNACAO";"RI";"";"";"NATAL";"447";"MATERNIDADE ESCOLA JANUARIO CICCO";"4124";"DIRETORIA TECNICA";".605.447.2712.4124.4217.";"24/06/1974";"";"ADMINISTRATIVA";"OPERACIONAL";"CIÊNCIAS DA SAÚDE                                 ";"ASSESSORIA                                                  ";"FIM"
"15109";"31110504";"RECEPCAO E INTERNACAO";"RI";"";"";"NATAL";"8194";"SUPERINTENDENCIA DO MEJC - EBSERH";"13162";"DIRETORIA TECNICA";".441.5728.9285.9327.13162.15109.";"24/06/1974";"";"ADMINISTRATIVA";"OPERACIONAL";"CIÊNCIAS DA SAÚDE                                 ";"ASSESSORIA                                                  ";"FIM"
"3532";"1554000100";"RECEPCAO/NHH";"RECP/NHH";"";"";"NATAL";"441";"CENTRO DE CIENCIAS DA SAUDE";"3525";"SERVICOS ADMINISTRATIVOS";".605.292.3523.3525.3532.";"24/06/1974";"";"ADMINISTRATIVA";"OPERACIONAL";"CIÊNCIAS DA SAÚDE                                 ";"SETOR                                                       ";"MEIO"
"244";"2005";"RECURSOS HUMANOS/MEJC";"SRH/MEJC";"";"";"NATAL";"447";"MATERNIDADE ESCOLA JANUARIO CICCO";"447";"MATERNIDADE ESCOLA JANUARIO CICCO";".605.447.244.";"24/06/1974";"";"ADMINISTRATIVA";"OPERACIONAL";"ADMINISTRATIVO                                    ";"ASSESSORIA                                                  ";"MEIO"
"4659";"1124";"REITORIA";"REITORIA";"reitoria@reitoria.ufrn.br";"3215-3119";"NATAL";"605";"UNIVERSIDADE FEDERAL DO RIO GRANDE DO NORTE";"605";"UNIVERSIDADE FEDERAL DO RIO GRANDE DO NORTE";".605.4659.";"24/06/1974";"";"ADMINISTRATIVA";"ESTRATÉGICO";"ADMINISTRATIVO                                    ";"UNIVERSIDADE                                                ";"FIM"
"3209";"170114";"RENORBIO - RN	";"RENORBIO/RN";"";"";"NATAL";"440";"CENTRO DE BIOCIENCIAS";"176";"ADMINISTRACAO DO CB";".440.176.3209.";"24/06/1974";"";"ACADÊMICA";"OPERACIONAL";"CIÊNCIAS EXATAS E DA NATUREZA                     ";"COORDENAÇÃO                                                 ";"FIM"
"2753";"2055";"REPROGRAFIA - MEJC";"REPRO/MEJC";"";"";"NATAL";"447";"MATERNIDADE ESCOLA JANUARIO CICCO";"447";"MATERNIDADE ESCOLA JANUARIO CICCO";".605.447.2753.";"24/06/1974";"";"ADMINISTRATIVA";"OPERACIONAL";"ADMINISTRATIVO                                    ";"SETOR                                                       ";"MEIO"
"3449";"11210405";"REPROGRAFIA/SANTA CRUZ";"REPROG";"";"";"NOVA CRUZ";"605";"UNIVERSIDADE FEDERAL DO RIO GRANDE DO NORTE";"3444";"DIRECAO/SANTA CRUZ";".605.1450.3418.3425.3443.3444.3449.";"24/06/1974";"";"ADMINISTRATIVA";"OPERACIONAL";"ADMINISTRATIVO                                    ";"SETOR                                                       ";"MEIO"
"4212";"201305";"RESIDENCIA MEDICA/MEJC";"rm";"";"";"NATAL";"447";"MATERNIDADE ESCOLA JANUARIO CICCO";"2713";"DIRETORIA CLINICA/TECNICA - MEJC";".605.447.2713.4212.";"24/06/1974";"";"ADMINISTRATIVA";"OPERACIONAL";"CIÊNCIAS DA SAÚDE                                 ";"SETOR                                                       ";"FIM"
"13929";"311305";"RESIDENCIA MEDICA/MEJC";"rm";"";"";"NATAL";"8194";"SUPERINTENDENCIA DO MEJC - EBSERH";"9445";"EDITAL 012/2014 UFRN/PROGRAD/PROPESQ/PROEX (PROJETOS INTEGRADOS 2015) - CCET";".439.5695.9445.13929.";"24/06/1974";"";"ADMINISTRATIVA";"OPERACIONAL";"CIÊNCIAS DA SAÚDE                                 ";"SETOR                                                       ";"FIM"
"7117";"113705";"RU - COORDENADORIA DE EDUCACAO NUTRICIONAL E AMBIENTAL";"CENA/RU";"";"";"NATAL";"605";"UNIVERSIDADE FEDERAL DO RIO GRANDE DO NORTE";"251";"PROAE - COORDENADORIA DO SISTEMA DE RESTAURANTES UNIVERSITARIOS";".605.251.7117.";"25/11/2011";"";"ACADÊMICA";"GERENCIAL";"CIÊNCIAS DA SAÚDE                                 ";"COORDENAÇÃO                                                 ";"MEIO"
"7116";"113704";"RU - COORDENADORIA DE MATERIAIS E ABASTECIMENTO";"CMA/RU";"";"";"NATAL";"605";"UNIVERSIDADE FEDERAL DO RIO GRANDE DO NORTE";"251";"PROAE - COORDENADORIA DO SISTEMA DE RESTAURANTES UNIVERSITARIOS";".605.251.7116.";"25/11/2011";"";"ADMINISTRATIVA";"GERENCIAL";"CIÊNCIAS DA SAÚDE                                 ";"COORDENAÇÃO                                                 ";"MEIO"
"7115";"113703";"RU - COORDENADORIA DE NUTRICAO";"CON/RU";"";"";"NATAL";"605";"UNIVERSIDADE FEDERAL DO RIO GRANDE DO NORTE";"251";"PROAE - COORDENADORIA DO SISTEMA DE RESTAURANTES UNIVERSITARIOS";".605.251.7115.";"25/11/2011";"";"ADMINISTRATIVA";"GERENCIAL";"CIÊNCIAS DA SAÚDE                                 ";"COORDENAÇÃO                                                 ";"MEIO"
"7776";"113707";"RU - DIRECAO";"rudirecao";"";"";"NATAL";"605";"UNIVERSIDADE FEDERAL DO RIO GRANDE DO NORTE";"251";"PROAE - COORDENADORIA DO SISTEMA DE RESTAURANTES UNIVERSITARIOS";".605.251.7776.";"01/01/2013";"";"ADMINISTRATIVA";"ESTRATÉGICO";"ADMINISTRATIVO                                    ";"ASSESSORIA                                                  ";"FIM"
"7270";"113706";"RU - SECRETARIA ADMINSTRATIVA";"RU/SADM";"";"";"NATAL";"605";"UNIVERSIDADE FEDERAL DO RIO GRANDE DO NORTE";"251";"PROAE - COORDENADORIA DO SISTEMA DE RESTAURANTES UNIVERSITARIOS";".605.251.7270.";"25/11/2011";"";"ACADÊMICA";"ESTRATÉGICO";"ADMINISTRATIVO                                    ";"ASSESSORIA                                                  ";"FIM"
"1684";"113101";"SAE - DEPARTAMENTO DE ASSISTENCIA AO ESTUDANTE";"DEAE";"";"";"NATAL";"605";"UNIVERSIDADE FEDERAL DO RIO GRANDE DO NORTE";"248";"PRO-REITORIA DE ASSUNTOS ESTUDANTIS (PROAE)";".605.248.1684.";"24/06/1974";"";"ADMINISTRATIVA";"OPERACIONAL";"ADMINISTRATIVO                                    ";"DEPARTAMENTO                                                ";"MEIO"
"4272";"171411";"SALA DE APOIO DIDATICO PEDAGOGICO";"sadp";"";"";"NATAL";"440";"CENTRO DE BIOCIENCIAS";"177";"DEPARTAMENTO DE MORFOLOGIA";".440.177.4272.";"24/06/1974";"";"ACADÊMICA";"OPERACIONAL";"CIÊNCIAS BIOLÓGICAS                               ";"SETOR                                                       ";"FIM"
"3180";"1770";"SALA DE AULAS TEORICA II";"SALA-AT2";"";"";"NATAL";"440";"CENTRO DE BIOCIENCIAS";"440";"CENTRO DE BIOCIENCIAS";".440.3180.";"24/06/1974";"";"ADMINISTRATIVA";"OPERACIONAL";"ADMINISTRATIVO                                    ";"SETOR                                                       ";"MEIO"
"3179";"1769";"SALA DE AULAS TEORICAS I";"SALA-AT1";"";"";"NATAL";"440";"CENTRO DE BIOCIENCIAS";"440";"CENTRO DE BIOCIENCIAS";".440.3179.";"24/06/1974";"";"ADMINISTRATIVA";"OPERACIONAL";"ADMINISTRATIVO                                    ";"SETOR                                                       ";"MEIO"
"5669";"171014";"SALA DE CROMATOGRAFIAS";"SCROMA";"";"";"NATAL";"440";"CENTRO DE BIOCIENCIAS";"182";"DEPARTAMENTO DE BIOQUIMICA";".440.182.5669.";"22/03/2011";"";"ACADÊMICA";"OPERACIONAL";"CIÊNCIAS BIOLÓGICAS                               ";"SETOR                                                       ";"MEIO"
"5557";"171011";"SALA DE CULTURA";"SCDB";"";"";"NATAL";"440";"CENTRO DE BIOCIENCIAS";"182";"DEPARTAMENTO DE BIOQUIMICA";".440.182.5557.";"01/11/2010";"";"ADMINISTRATIVA";"OPERACIONAL";"CIÊNCIAS BIOLÓGICAS                               ";"SETOR                                                       ";"FIM"
"4229";"201308";"SALA DE CURETAGEM";"sc";"";"";"NATAL";"447";"MATERNIDADE ESCOLA JANUARIO CICCO";"2713";"DIRETORIA CLINICA/TECNICA - MEJC";".605.447.2713.4229.";"24/06/1974";"05/04/2011";"ADMINISTRATIVA";"OPERACIONAL";"ADMINISTRATIVO                                    ";"SETOR                                                       ";"FIM"
"14106";"311308";"SALA DE CURETAGEM";"sc";"";"";"NATAL";"8194";"SUPERINTENDENCIA DO MEJC - EBSERH";"9445";"EDITAL 012/2014 UFRN/PROGRAD/PROPESQ/PROEX (PROJETOS INTEGRADOS 2015) - CCET";".439.5695.9445.14106.";"24/06/1974";"05/04/2011";"ADMINISTRATIVA";"OPERACIONAL";"ADMINISTRATIVO                                    ";"SETOR                                                       ";"FIM"
"4213";"201306";"SALA DE RECEPCAO E EMERGENCIA";"se";"";"";"NATAL";"447";"MATERNIDADE ESCOLA JANUARIO CICCO";"2713";"DIRETORIA CLINICA/TECNICA - MEJC";".605.447.2713.4213.";"24/06/1974";"";"ADMINISTRATIVA";"OPERACIONAL";"CIÊNCIAS DA SAÚDE                                 ";"SETOR                                                       ";"FIM"
"13988";"311306";"SALA DE RECEPCAO E EMERGENCIA";"se";"";"";"NATAL";"8194";"SUPERINTENDENCIA DO MEJC - EBSERH";"9445";"EDITAL 012/2014 UFRN/PROGRAD/PROPESQ/PROEX (PROJETOS INTEGRADOS 2015) - CCET";".439.5695.9445.13988.";"24/06/1974";"";"ADMINISTRATIVA";"OPERACIONAL";"CIÊNCIAS DA SAÚDE                                 ";"SETOR                                                       ";"FIM"
"7175";"171419";"SALA DESTINADA A REUNIOES DOS GRUPOS DE PESQUISA E AULAS DE POS-GRADUACAO";"SALAREUN";"";"";"NATAL";"440";"CENTRO DE BIOCIENCIAS";"177";"DEPARTAMENTO DE MORFOLOGIA";".440.177.7175.";"16/10/2012";"";"ACADÊMICA";"ESTRATÉGICO";"ADMINISTRATIVO                                    ";"ASSESSORIA                                                  ";"FIM"
"11187";"128702";"SALA DO GRUPO LIDAR ATMOSFERICO";"SALI";"";"";"NATAL";"439";"CENTRO DE CIENCIAS EXATAS E DA TERRA";"8116";"DEPARTAMENTO DE CIENCIAS ATMOSFERICAS E CLIMATICAS";".439.8116.11187.";"16/01/2018";"";"ACADÊMICA";"ESTRATÉGICO";"CIÊNCIAS EXATAS E DA NATUREZA                     ";"SETOR                                                       ";"FIM"
"4318";"1102020501";"SECAO DE ANALISE E REGISTROS CONTABEIS";"SC/DCF/PROAD";"";"32153385";"NATAL";"605";"UNIVERSIDADE FEDERAL DO RIO GRANDE DO NORTE";"333";"DCF - DIVISAO DE CONTABILIDADE";".605.1422.6.333.4318.";"24/06/1974";"";"ADMINISTRATIVA";"OPERACIONAL";"ADMINISTRATIVO                                    ";"SETOR                                                       ";"MEIO"
"8627";"151117";"SECAO DE APOIO A DOCENCIA";"APOIODOC";"";"";"NATAL";"441";"CENTRO DE CIENCIAS DA SAUDE";"199";"DEPARTAMENTO DE EDUCACAO FISICA";".441.199.8627.";"15/04/2014";"";"ACADÊMICA";"TÁTICO";"ADMINISTRATIVO                                    ";"SETOR                                                       ";"FIM"
"8073";"1120220201";"SECAO DE APOIO TECNICO";"SATBCZM";"";"";"NATAL";"605";"UNIVERSIDADE FEDERAL DO RIO GRANDE DO NORTE";"3345";"SETOR DE CATALOGACAO E CLASSIFICACAO";".605.21.3342.3345.8073.";"01/10/2013";"";"ADMINISTRATIVA";"GERENCIAL";"ADMINISTRATIVO                                    ";"ASSESSORIA                                                  ";"FIM"
"6194";"151108";"SECAO DE EXPEDIENTE";"SE/DEF";"";"";"NATAL";"441";"CENTRO DE CIENCIAS DA SAUDE";"199";"DEPARTAMENTO DE EDUCACAO FISICA";".441.199.6194.";"20/09/2011";"";"ADMINISTRATIVA";"OPERACIONAL";"ADMINISTRATIVO                                    ";"SETOR                                                       ";"MEIO"
"3555";"1104020100";"SECAO DE EXTENSAO";"SEXT";"";"";"NATAL";"605";"UNIVERSIDADE FEDERAL DO RIO GRANDE DO NORTE";"3554";"DIVISAO PARA ASSUNTOS CULTURAIS";".605.17.3553.3554.3555.";"24/06/1974";"";"ADMINISTRATIVA";"OPERACIONAL";"ADMINISTRATIVO                                    ";"SETOR                                                       ";"MEIO"
"4528";"11051204";"SECAO DE GERENCIAMENTO DE FUNDOS SETORIAIS";"SGFS";"";"";"NATAL";"605";"UNIVERSIDADE FEDERAL DO RIO GRANDE DO NORTE";"4509";"DIVISAO DE APOIO A PESQUISA";".605.1481.4509.4528.";"24/06/1974";"";"ADMINISTRATIVA";"OPERACIONAL";"ADMINISTRATIVO                                    ";"SETOR                                                       ";"FIM"
"6193";"151107";"SECAO DE INFRA-ESTRUTURA E PATRIMONIO";"SIP/DEF";"";"";"NATAL";"441";"CENTRO DE CIENCIAS DA SAUDE";"199";"DEPARTAMENTO DE EDUCACAO FISICA";".441.199.6193.";"20/09/2011";"";"ACADÊMICA";"TÁTICO";"INFRA ESTRUTURA                                   ";"SETOR                                                       ";"MEIO"
"4347";"1120250201";"SECAO DE INTERCAMBIO";"SIN";"";"";"NATAL";"605";"UNIVERSIDADE FEDERAL DO RIO GRANDE DO NORTE";"8072";"SETOR DE DOACAO";".605.21.3343.8072.4347.";"24/06/1974";"";"ADMINISTRATIVA";"OPERACIONAL";"INFORMAÇÃO                                        ";"SETOR                                                       ";"MEIO"
"32954";"162701";"SECAO DE LIQUIDACAO E PAGAMENTO - CCSA";"SLP/CCSA";"";"";"NATAL";"443";"CENTRO DE CIENCIAS SOCIAIS APLICADAS";"335";"SETOR DE EXECUCAO ORCAMENTARIA - SEO - CCSA";".443.335.32954.";"24/06/1974";"";"ADMINISTRATIVA";"GERENCIAL";"ADMINISTRATIVO                                    ";"SETOR                                                       ";"FIM"
"3556";"1104020101";"SECAO DE PROJETOS CURSOS E EVENTOS";"SPCE";"";"";"NATAL";"605";"UNIVERSIDADE FEDERAL DO RIO GRANDE DO NORTE";"3554";"DIVISAO PARA ASSUNTOS CULTURAIS";".605.17.3553.3554.3556.";"24/06/1974";"";"ADMINISTRATIVA";"OPERACIONAL";"ADMINISTRATIVO                                    ";"SETOR                                                       ";"MEIO"
"3274";"1102040901";"SECAO DE SEGURANCA ELETRONICA";"DSPSSE";"";"3215 3335";"NATAL";"605";"UNIVERSIDADE FEDERAL DO RIO GRANDE DO NORTE";"7824";"DSP - DIVISAO OPERACIONAL";".605.1422.250.7824.3274.";"19/11/1995";"";"ADMINISTRATIVA";"OPERACIONAL";"INFRA ESTRUTURA                                   ";"SETOR                                                       ";"MEIO"
"4399";"11690017";"SECRETARIA ACADEMICA INTEGRADA";"SAI";"";"";"NATAL";"605";"UNIVERSIDADE FEDERAL DO RIO GRANDE DO NORTE";"205";"ESCOLA DE SAUDE";".605.205.4399.";"24/06/1974";"";"ADMINISTRATIVA";"OPERACIONAL";"ADMINISTRATIVO                                    ";"SECRETARIA ADMINISTRATIVA                                   ";"FIM"
"31284";"13130001";"SECRETARIA ACADEMICA INTEGRADA DE GRADUACOES EM ARTES E DESIGN";"SEGRAD-AD";"";"";"NATAL";"442";"CENTRO DE CIENCIAS HUMANAS, LETRAS E ARTES";"139";"DEPARTAMENTO DE ARTES";".442.139.31284.";"27/10/2021";"13/12/2024";"ACADÊMICA";"ESTRATÉGICO";"ADMINISTRATIVO                                    ";"AGÊNCIA                                                     ";"FIM"
"9192";"11250802";"SECRETARIA ACADEMICA INTEGRADA - ECT";"SAI/ECT";"";"";"NATAL";"605";"UNIVERSIDADE FEDERAL DO RIO GRANDE DO NORTE";"10834";"DIRECAO DA ESCOLA DE CIENCIAS E TECNOLOGIA - ECT";".605.4885.10834.9192.";"17/11/2017";"";"ACADÊMICA";"ESTRATÉGICO";"ADMINISTRATIVO                                    ";"ASSESSORIA                                                  ";"FIM"
"3993";"11690201";"SECRETARIA ADMINISTRATIVA";"SEC/ESUFRN";"";"";"NATAL";"605";"UNIVERSIDADE FEDERAL DO RIO GRANDE DO NORTE";"3992";"DIRETORIA DA ESCOLA DE SAUDE";".605.205.3992.3993.";"24/06/1974";"";"ADMINISTRATIVA";"OPERACIONAL";"ADMINISTRATIVO                                    ";"SECRETARIA ADMINISTRATIVA                                   ";"FIM"
"4044";"112804";"SECRETARIA ADMINISTRATIVA";"SECAD/TVU";"sneto@.ufrn.br";"";"NATAL";"605";"UNIVERSIDADE FEDERAL DO RIO GRANDE DO NORTE";"19";"SUPERINTENDENCIA DE COMUNICACAO";".605.19.4044.";"10/11/1999";"";"ADMINISTRATIVA";"OPERACIONAL";"ADMINISTRATIVO                                    ";"DEPARTAMENTO                                                ";"MEIO"
"3575";"141401";"SECRETARIA ADMINISTRATIVA/DA";"sead/da";"";"3215.3718";"NATAL";"445";"CENTRO DE TECNOLOGIA";"49";"DEPARTAMENTO DE AGROPECUARIA";".445.49.3575.";"24/06/1974";"";"ADMINISTRATIVA";"OPERACIONAL";"AGROPECUÁRIO                                      ";"SECRETARIA ADMINISTRATIVA                                   ";"MEIO"
"32942";"11030401";"SECRETARIA ADMINISTRATIVA DA CAMARA DE GRADUACAO";"SEC-CG";"";"";"NATAL";"605";"UNIVERSIDADE FEDERAL DO RIO GRANDE DO NORTE";"266";"PROGRAD - CAMARA DE GRADUACAO";".605.3.266.32942.";"24/06/1974";"";"ADMINISTRATIVA";"OPERACIONAL";"ADMINISTRATIVO                                    ";"SECRETARIA ADMINISTRATIVA                                   ";"FIM"
"9960";"10320020";"SECRETARIA ADMINISTRATIVA DA DIRETORIA ACADEMICA DA FACISA";"SECDIR-ACAD-FA";"";"";"SANTA CRUZ";"605";"UNIVERSIDADE FEDERAL DO RIO GRANDE DO NORTE";"4890";"FACULDADE DE CIENCIAS DA SAUDE DO TRAIRI - FACISA";".605.4890.9960.";"01/01/2016";"";"ADMINISTRATIVA";"ESTRATÉGICO";"ADMINISTRATIVO                                    ";"ASSESSORIA                                                  ";"FIM"
"8067";"10320102";"SECRETARIA ADMINISTRATIVA DA DIRETORIA ADMINISTRATIVA DA FACISA";"SECDIR-ADM-FACISA";"";"";"SANTA CRUZ";"605";"UNIVERSIDADE FEDERAL DO RIO GRANDE DO NORTE";"4913";"DIRETORIA ADMINISTRATIVA DA FACISA";".605.4890.4913.8067.";"08/10/2013";"";"ACADÊMICA";"ESTRATÉGICO";"ADMINISTRATIVO                                    ";"ASSESSORIA                                                  ";"FIM"
"4231";"11020403";"SECRETARIA ADMINISTRATIVA DA DSP";"SECDSP";"";"";"NATAL";"605";"UNIVERSIDADE FEDERAL DO RIO GRANDE DO NORTE";"250";"DIRETORIA DE SEGURANCA PATRIMONIAL";".605.1422.250.4231.";"24/06/1974";"";"ADMINISTRATIVA";"OPERACIONAL";"ADMINISTRATIVO                                    ";"SECRETARIA ADMINISTRATIVA                                   ";"MEIO"
"3977";"113601";"SECRETARIA ADMINISTRATIVA  DA EDUFRN";"SECADMEDUFRN";"";"3215-3203";"NATAL";"605";"UNIVERSIDADE FEDERAL DO RIO GRANDE DO NORTE";"283";"EDITORA UNIVERSITARIA";".605.283.3977.";"24/06/1974";"";"ADMINISTRATIVA";"OPERACIONAL";"ADMINISTRATIVO                                    ";"SECRETARIA ADMINISTRATIVA                                   ";"FIM"
"3576";"141502";"SECRETARIA ADMINISTRATIVA/DARQ";"SEAD";"";"3215.3720";"NATAL";"445";"CENTRO DE TECNOLOGIA";"54";"DEPARTAMENTO DE ARQUITETURA";".445.54.3576.";"24/06/1974";"";"ADMINISTRATIVA";"OPERACIONAL";"CIÊNCIAS EXATAS E DA NATUREZA                     ";"SECRETARIA ADMINISTRATIVA                                   ";"MEIO"
"4384";"115711";"SECRETARIA ADMINISTRATIVA DA SEDIS";"SECADMSEA";"";"";"NATAL";"605";"UNIVERSIDADE FEDERAL DO RIO GRANDE DO NORTE";"1480";"SECRETARIA DE EDUCACAO A DISTANCIA";".605.1480.4384.";"10/06/2003";"";"ADMINISTRATIVA";"OPERACIONAL";"ADMINISTRATIVO                                    ";"SECRETARIA ADMINISTRATIVA                                   ";"MEIO"
"4082";"141702";"SECRETARIA ADMINISTRATIVA/DEPTO. DE ENG. CIVIL";"SADEC";"";"";"NATAL";"445";"CENTRO DE TECNOLOGIA";"52";"DEPARTAMENTO DE ENGENHARIA CIVIL E AMBIENTAL";".445.52.4082.";"24/06/1974";"";"ADMINISTRATIVA";"OPERACIONAL";"ADMINISTRATIVO                                    ";"SECRETARIA ADMINISTRATIVA                                   ";"FIM"
"4083";"141903";"SECRETARIA ADMINISTRATIVA/DEPTO. DE ENG. ELETRICA";"SADEE";"";"";"NATAL";"445";"CENTRO DE TECNOLOGIA";"112";"DEPARTAMENTO DE ENGENHARIA ELETRICA";".445.112.4083.";"24/06/1974";"";"ADMINISTRATIVA";"OPERACIONAL";"ADMINISTRATIVO                                    ";"SECRETARIA ADMINISTRATIVA                                   ";"FIM"
"4084";"142011";"SECRETARIA ADMINISTRATIVA/DEPTO. DE ENG. MECANICA";"SADEM";"";"";"NATAL";"445";"CENTRO DE TECNOLOGIA";"50";"DEPARTAMENTO DE ENGENHARIA MECANICA";".445.50.4084.";"24/06/1974";"";"ADMINISTRATIVA";"OPERACIONAL";"ADMINISTRATIVO                                    ";"SECRETARIA ADMINISTRATIVA                                   ";"FIM"
"4085";"142102";"SECRETARIA ADMINISTRATIVA/DEPTO. DE ENG. QUIMICA";"SADEQ";"";"";"NATAL";"445";"CENTRO DE TECNOLOGIA";"57";"DEPARTAMENTO DE ENGENHARIA QUIMICA";".445.57.4085.";"24/06/1974";"";"ADMINISTRATIVA";"OPERACIONAL";"CIÊNCIAS EXATAS E DA NATUREZA                     ";"SECRETARIA ADMINISTRATIVA                                   ";"MEIO"
"33320";"11000502030901";"SECRETARIA ADMINISTRATIVA DO BIA";"SECBIA";"";"";"NATAL";"605";"UNIVERSIDADE FEDERAL DO RIO GRANDE DO NORTE";"33008";"COORDENACAO DO CURSO DE BACHARELADO EM INTELIGENCIA ARTIFICIAL - IMD";".605.6069.7147.10082.33008.33320.";"27/03/2025";"";"ADMINISTRATIVA";"OPERACIONAL";"TECNOLOGIA                                        ";"SECRETARIA ADMINISTRATIVA                                   ";"FIM"
"10466";"11000502030401";"SECRETARIA ADMINISTRATIVA DO BTI - IMD";"SEC/ADMIN/IMD";"";"";"NATAL";"605";"UNIVERSIDADE FEDERAL DO RIO GRANDE DO NORTE";"7206";"COORDENACAO DO CURSO DE BACHARELADO EM TECNOLOGIA DA INFORMACAO - IMD";".605.6069.7147.10082.7206.10466.";"01/01/2017";"";"ACADÊMICA";"ESTRATÉGICO";"ADMINISTRATIVO                                    ";"ASSESSORIA                                                  ";"FIM"
"3297";"170102";"SECRETARIA ADMINISTRATIVA DO CB";"SEC";"";"3215.3400";"NATAL";"440";"CENTRO DE BIOCIENCIAS";"176";"ADMINISTRACAO DO CB";".440.176.3297.";"24/06/1974";"";"ADMINISTRATIVA";"OPERACIONAL";"ADMINISTRATIVO                                    ";"CENTRO                                                      ";"MEIO"
"4298";"119001";"SECRETARIA ADMINISTRATIVA DO CHS";"SECCHS";"";"";"NATAL";"605";"UNIVERSIDADE FEDERAL DO RIO GRANDE DO NORTE";"326";"COMPLEXO HOSPITALAR E DE SAUDE";".605.326.4298.";"24/06/1974";"";"ADMINISTRATIVA";"OPERACIONAL";"ADMINISTRATIVO                                    ";"SECRETARIA ADMINISTRATIVA                                   ";"MEIO"
"3959";"11260101";"SECRETARIA ADMINISTRATIVA DO MUSEU CAMARA CASCUDO";"SECMCC";"";"3215-4192";"NATAL";"605";"UNIVERSIDADE FEDERAL DO RIO GRANDE DO NORTE";"3958";"DIRETORIA DO MUSEU CAMARA CASCUDO ";".605.290.3958.3959.";"24/06/1974";"";"ADMINISTRATIVA";"OPERACIONAL";"ADMINISTRATIVO                                    ";"SECRETARIA ADMINISTRATIVA                                   ";"MEIO"
"3453";"11390300";"SECRETARIA ADMINISTRATIVA/EM";"SEC/ADM";"rosalia@musica.ufrn.br";"3215-3605";"NATAL";"605";"UNIVERSIDADE FEDERAL DO RIO GRANDE DO NORTE";"3330";"DIRETORIA DA ESCOLA DE MUSICA";".605.284.3330.3453.";"24/06/1974";"";"ADMINISTRATIVA";"OPERACIONAL";"ARTES, COMUNICAÇAO E DIFUSAO                      ";"SECRETARIA ADMINISTRATIVA                                   ";"MEIO"
"4458";"141802";"SECRETARIA ADMINISTRATIVA / ENGENHARIA COMPUTACAO E AUTOMACAO";"SECDCA";"";"";"NATAL";"445";"CENTRO DE TECNOLOGIA";"56";"DEPARTAMENTO DE ENGENHARIA DE COMPUTACAO E AUTOMACAO";".445.56.4458.";"24/06/1974";"";"ADMINISTRATIVA";"OPERACIONAL";"ADMINISTRATIVO                                    ";"SECRETARIA ADMINISTRATIVA                                   ";"FIM"
"4459";"142201";"SECRETARIA ADMINISTRATIVA / ENGENHARIA DA PRODUCAO";"SECDEPROD";"";"";"NATAL";"445";"CENTRO DE TECNOLOGIA";"115";"DEPARTAMENTO DE ENGENHARIA PRODUCAO";".445.115.4459.";"24/06/1974";"";"ADMINISTRATIVA";"OPERACIONAL";"ADMINISTRATIVO                                    ";"SECRETARIA ADMINISTRATIVA                                   ";"FIM"
"4456";"141601";"SECRETARIA ADMINISTRATIVA / ENGENHARIA DE MATERIAIS";"SECDEMAT";"";"";"NATAL";"445";"CENTRO DE TECNOLOGIA";"1589";"DEPARTAMENTO DE ENGENHARIA DE MATERIAIS";".445.1589.4456.";"24/06/1974";"";"ADMINISTRATIVA";"OPERACIONAL";"ADMINISTRATIVO                                    ";"SECRETARIA ADMINISTRATIVA                                   ";"MEIO"
"4344";"151321";"SECRETARIA ADMINISTRATIVA - FARMACIA";"SECADM";"";"32154347";"NATAL";"441";"CENTRO DE CIENCIAS DA SAUDE";"196";"DEPARTAMENTO DE FARMACIA";".441.196.4344.";"24/06/1974";"";"ADMINISTRATIVA";"OPERACIONAL";"ADMINISTRATIVO                                    ";"SECRETARIA ADMINISTRATIVA                                   ";"MEIO"
"4915";"128201";"SECRETARIA ADMINISTRATIVA - GEOFISICA";"SEC ADM GEOFISICA";"";"3821";"NATAL";"439";"CENTRO DE CIENCIAS EXATAS E DA TERRA";"4894";"DEPARTAMENTO DE GEOFISICA";".439.4894.4915.";"01/12/2008";"";"ADMINISTRATIVA";"OPERACIONAL";"ADMINISTRATIVO                                    ";"SECRETARIA ADMINISTRATIVA                                   ";"FIM"
"3971";"11210105";"SECRETARIA ADMINISTRATIVA GERAL";"SECADMCRUTAC";"";"";"MACAU";"605";"UNIVERSIDADE FEDERAL DO RIO GRANDE DO NORTE";"3418";"DIRECAO GERAL";".605.1450.3418.3971.";"24/06/1974";"";"ADMINISTRATIVA";"OPERACIONAL";"ADMINISTRATIVO                                    ";"SECRETARIA ADMINISTRATIVA                                   ";"MEIO"
"11092";"10890401";"SECRETARIA ADMINISTRATIVA - ICE";"SECADM/ICE";"grace@neuro.ufrn.br ";"3215-2708";"NATAL";"605";"UNIVERSIDADE FEDERAL DO RIO GRANDE DO NORTE";"11090";"DIRETORIA DO INSTITUTO DO CEREBRO";".605.6026.11090.11092.";"13/10/2017";"";"ADMINISTRATIVA";"ESTRATÉGICO";"ADMINISTRATIVO                                    ";"SECRETARIA                                                  ";"FIM"
"3437";"11210302";"SECRETARIA ADMINISTRATIVA/NOVA CRUZ";"SEC/ADM";"";"";"NOVA CRUZ";"605";"UNIVERSIDADE FEDERAL DO RIO GRANDE DO NORTE";"3435";"DIRECAO DO NUCLEO DE NOVA CRUZ";".605.1450.3433.3435.3437.";"24/06/1974";"";"ADMINISTRATIVA";"OPERACIONAL";"ADMINISTRATIVO                                    ";"SECRETARIA ADMINISTRATIVA                                   ";"MEIO"
"3445";"11210401";"SECRETARIA ADMINISTRATIVA/SANTA CRUZ";"SEC/SC";"";"";"NOVA CRUZ";"605";"UNIVERSIDADE FEDERAL DO RIO GRANDE DO NORTE";"3444";"DIRECAO/SANTA CRUZ";".605.1450.3418.3425.3443.3444.3445.";"24/06/1974";"";"ADMINISTRATIVA";"OPERACIONAL";"ADMINISTRATIVO                                    ";"SECRETARIA ADMINISTRATIVA                                   ";"MEIO"
"4378";"11210502";"SECRETARIA ADMINISTRATIVA/SANTO ANTONIO";"SEAD";"";"";"MACAU";"605";"UNIVERSIDADE FEDERAL DO RIO GRANDE DO NORTE";"3973";"ADMINISTRACAO REGIONAL DE SANTO ANTONIO";".605.1450.3418.3425.3973.4378.";"24/06/1974";"";"ADMINISTRATIVA";"OPERACIONAL";"ADMINISTRATIVO                                    ";"SECRETARIA ADMINISTRATIVA                                   ";"FIM"
"11107";"11240602";"SECRETARIA ADMINISTRATIVA - SGP";"SECAD/SGP";"sgp@reitoria.ufrn.br";"3342-2258";"NATAL";"605";"UNIVERSIDADE FEDERAL DO RIO GRANDE DO NORTE";"10044";"SECRETARIA DE GESTAO DE PROJETOS";".605.4659.10044.11107.";"19/10/2017";"";"ADMINISTRATIVA";"OPERACIONAL";"ADMINISTRATIVO                                    ";"SECRETARIA                                                  ";"FIM"
"4094";"113508";"SECRETARIA ADMINISTRATIVA - STI";"SECAD/STI";"benicio@info.ufrn.br";"3215-3157";"NATAL";"605";"UNIVERSIDADE FEDERAL DO RIO GRANDE DO NORTE";"2";"SUPERINTENDENCIA DE TECNOLOGIA DA INFORMACAO";".605.2.4094.";"01/01/2000";"";"ADMINISTRATIVA";"OPERACIONAL";"ADMINISTRATIVO                                    ";"SECRETARIA ADMINISTRATIVA                                   ";"MEIO"
"6240";"155804";"SECRETARIA DA CLINICA ESCOLA DE FONOAUDIOLOGIA";"SECCEF/FONO";"";"";"NATAL";"441";"CENTRO DE CIENCIAS DA SAUDE";"5610";"DEPARTAMENTO DE FONOAUDIOLOGIA";".441.5610.6240.";"01/01/2012";"";"ACADÊMICA";"ESTRATÉGICO";"ADMINISTRATIVO                                    ";"ASSESSORIA                                                  ";"FIM"
"9895";"11650004";"SECRETARIA DA COMISSAO PERMANENTE DE DESENVOLVIMENTO INSTITUCIONAL   CPDI";"CPDI/PROGESP";"cpdi@reitoria.ufrn.br";"";"NATAL";"605";"UNIVERSIDADE FEDERAL DO RIO GRANDE DO NORTE";"1421";"PRO-REITORIA DE GESTAO DE PESSOAS";".605.1421.9895.";"02/01/2106";"";"ADMINISTRATIVA";"ESTRATÉGICO";"ADMINISTRATIVO                                    ";"COMISSAO PERMANENTE                                         ";"MEIO"
"6235";"160201";"SECRETARIA DA COORDENACAO DO CURSO DE ADMINISTRACAO";"SECCOADMIN";"";"";"NATAL";"443";"CENTRO DE CIENCIAS SOCIAIS APLICADAS";"165";"COORDENACAO DO CURSO DE ADMINISTRACAO";".443.165.6235.";"24/06/1974";"";"ACADÊMICA";"ESTRATÉGICO";"ADMINISTRATIVO                                    ";"AGÊNCIA                                                     ";"FIM"
"6064";"160401";"SECRETARIA DA COORDENACAO DO CURSO DE CIENCIAS CONTABEIS";"SECCC";"";"";"NATAL";"443";"CENTRO DE CIENCIAS SOCIAIS APLICADAS";"167";"COORDENACAO DO CURSO DE CIENCIAS CONTABEIS";".443.167.6064.";"23/08/2011";"";"ADMINISTRATIVA";"OPERACIONAL";"ADMINISTRATIVO                                    ";"SECRETARIA ADMINISTRATIVA                                   ";"MEIO"
"6065";"160601";"SECRETARIA DA COORDENACAO DO CURSO DE DIREITO";"SECCD";"";"";"NATAL";"443";"CENTRO DE CIENCIAS SOCIAIS APLICADAS";"169";"COORDENACAO DO CURSO DE DIREITO";".443.169.6065.";"23/08/2011";"";"ADMINISTRATIVA";"OPERACIONAL";"ADMINISTRATIVO                                    ";"SECRETARIA ADMINISTRATIVA                                   ";"MEIO"
"6236";"153207";"SECRETARIA DA COORDENACAO DO CURSO DE FONOAUDIOLOGIA";"SECCOFONO";"sec.coord.fono@ccs.ufrn.br";"";"NATAL";"441";"CENTRO DE CIENCIAS DA SAUDE";"389";"ADMINISTRACAO DO CENTRO DE CIENCIAS DA SAUDE";".441.389.6236.";"27/05/2008";"";"ACADÊMICA";"ESTRATÉGICO";"ADMINISTRATIVO                                    ";"SECRETARIA ADMINISTRATIVA                                   ";"FIM"
"10548";"190701";"SECRETARIA DA COORDENACAO DO CURSO DE PEDAGOGIA (A DISTANCIA)";"SEC/CCPED(DIS)";"";"";"NATAL";"5965";"CENTRO DE EDUCACAO";"5985";"CURSO DE PEDAGOGIA (A DISTANCIA) - CE";".5965.5985.10548.";"20/02/2017";"";"ACADÊMICA";"ESTRATÉGICO";"ADMINISTRATIVO                                    ";"ASSESSORIA                                                  ";"FIM"
"6068";"161101";"SECRETARIA DA COORDENACAO DO CURSO DE SERVICO SOCIAL";"SECCSS";"";"";"NATAL";"443";"CENTRO DE CIENCIAS SOCIAIS APLICADAS";"172";"COORDENACAO DO CURSO DE SERVICO SOCIAL";".443.172.6068.";"23/08/2011";"";"ADMINISTRATIVA";"OPERACIONAL";"ADMINISTRATIVO                                    ";"SECRETARIA ADMINISTRATIVA                                   ";"MEIO"
"6070";"161201";"SECRETARIA DA COORDENACAO DO CURSO DE TURISMO";"SECCTUR";"";"";"NATAL";"443";"CENTRO DE CIENCIAS SOCIAIS APLICADAS";"173";"COORDENACAO DO CURSO DE TURISMO";".443.173.6070.";"23/08/2011";"";"ADMINISTRATIVA";"OPERACIONAL";"ADMINISTRATIVO                                    ";"SECRETARIA ADMINISTRATIVA                                   ";"MEIO"
"7158";"110005020702";"SECRETARIA DA DIRETORIA ADMINISTRATIVA  IMD";"SECADM-IMD";"";"";"NATAL";"605";"UNIVERSIDADE FEDERAL DO RIO GRANDE DO NORTE";"7154";"DIRETORIA ADMINISTRATIVA - IMD";".605.6069.7147.7154.7158.";"09/05/2017";"";"ACADÊMICA";"ESTRATÉGICO";"ADMINISTRATIVO                                    ";"ASSESSORIA                                                  ";"FIM"
"5558";"171012";"SECRETARIA DA POS-GRADUACAO EM BIOQUIMICA E BIOLOGIA MOLECULAR";"SECPDB";"";"";"NATAL";"440";"CENTRO DE BIOCIENCIAS";"182";"DEPARTAMENTO DE BIOQUIMICA";".440.182.5558.";"01/11/2010";"";"ACADÊMICA";"OPERACIONAL";"CIÊNCIAS BIOLÓGICAS                               ";"SECRETARIA ADMINISTRATIVA                                   ";"FIM"
"8171";"11690028";"SECRETARIA DA POS-GRADUACAO LATU SENSU";"SECPOSGRADLAT";"";"";"NATAL";"605";"UNIVERSIDADE FEDERAL DO RIO GRANDE DO NORTE";"205";"ESCOLA DE SAUDE";".605.205.8171.";"16/12/2013";"";"ACADÊMICA";"OPERACIONAL";"ADMINISTRATIVO                                    ";"SECRETARIA ADMINISTRATIVA                                   ";"FIM"
"3984";"171001";"SECRETARIA DE BIOQUIMICA";"SECBIOQ";"";"3215.3416";"NATAL";"440";"CENTRO DE BIOCIENCIAS";"182";"DEPARTAMENTO DE BIOQUIMICA";".440.182.3984.";"24/06/1974";"";"ADMINISTRATIVA";"OPERACIONAL";"CIÊNCIAS BIOLÓGICAS                               ";"SECRETARIA ADMINISTRATIVA                                   ";"FIM"
"3985";"171101";"SECRETARIA DE BOTANICA E ZOOLOGIA";"SBZ";"";"3215.3441,3211.9205";"NATAL";"440";"CENTRO DE BIOCIENCIAS";"183";"DEPARTAMENTO DE BOTANICA E ZOOLOGIA";".440.183.3985.";"24/06/1974";"";"ADMINISTRATIVA";"OPERACIONAL";"CIÊNCIAS BIOLÓGICAS                               ";"SECRETARIA ADMINISTRATIVA                                   ";"FIM"
"3454";"11390301";"SECRETARIA DE DEPARTAMENTO";"SEC/DEPTO";"";"";"NATAL";"605";"UNIVERSIDADE FEDERAL DO RIO GRANDE DO NORTE";"3330";"DIRETORIA DA ESCOLA DE MUSICA";".605.284.3330.3454.";"24/06/1974";"";"ADMINISTRATIVA";"OPERACIONAL";"ARTES, COMUNICAÇAO E DIFUSAO                      ";"SECRETARIA ADMINISTRATIVA                                   ";"MEIO"
"4202";"23420801";"SECRETARIA DE ENFERMAGEM";"SE";"";"";"SANTA CRUZ";"285";"HOSPITAL UNIVERSITARIO ANA BEZERRA";"4201";"GERENCIA DE ENFERMAGEM";".605.285.3722.4201.4202.";"24/06/1974";"";"ADMINISTRATIVA";"OPERACIONAL";"CIÊNCIAS DA SAÚDE                                 ";"SECRETARIA ADMINISTRATIVA                                   ";"MEIO"
"3983";"171201";"SECRETARIA DE FISIOLOGIA";"SECFISIO";"";"32143409/3410";"NATAL";"440";"CENTRO DE BIOCIENCIAS";"178";"DEPARTAMENTO DE FISIOLOGIA E COMPORTAMENTO";".440.178.3983.";"24/06/1974";"";"ADMINISTRATIVA";"OPERACIONAL";"ADMINISTRATIVO                                    ";"SECRETARIA ADMINISTRATIVA                                   ";"FIM"
"10044";"112406";"SECRETARIA DE GESTAO DE PROJETOS";"SGP/GAB";"sgp@reitoria.ufrn.br";"3342-2258";"NATAL";"605";"UNIVERSIDADE FEDERAL DO RIO GRANDE DO NORTE";"4659";"REITORIA";".605.4659.10044.";"30/03/2016";"";"ADMINISTRATIVA";"OPERACIONAL";"ADMINISTRATIVO                                    ";"SECRETARIA ADMINISTRATIVA                                   ";"FIM"
"8430";"170111";"SECRETARIA DE GRADUACAO";"SECGRAD";"";"";"NATAL";"440";"CENTRO DE BIOCIENCIAS";"176";"ADMINISTRACAO DO CB";".440.176.8430.";"25/03/2014";"";"ACADÊMICA";"OPERACIONAL";"ADMINISTRATIVO                                    ";"SECRETARIA ADMINISTRATIVA                                   ";"FIM"
"5395";"112413";"SECRETARIA DE INCLUSAO E ACESSIBILIDADE - SIA";"SIA/UFRN";"";"";"NATAL";"605";"UNIVERSIDADE FEDERAL DO RIO GRANDE DO NORTE";"4659";"REITORIA";".605.4659.5395.";"01/01/2000";"";"ACADÊMICA";"ESTRATÉGICO";"ADMINISTRATIVO                                    ";"ASSESSORIA                                                  ";"FIM"
"3987";"171401";"SECRETARIA DE MORFOLOGIA";"SECMO";"";"3215.3431";"NATAL";"440";"CENTRO DE BIOCIENCIAS";"177";"DEPARTAMENTO DE MORFOLOGIA";".440.177.3987.";"24/06/1974";"";"ADMINISTRATIVA";"OPERACIONAL";"ADMINISTRATIVO                                    ";"SECRETARIA ADMINISTRATIVA                                   ";"FIM"
"3988";"171501";"SECRETARIA DE OCEANOGRAFIA E LIMNOLOGIA";"SECDOL";"";"3215.4433";"NATAL";"440";"CENTRO DE BIOCIENCIAS";"180";"DEPARTAMENTO DE OCEANOGRAFIA E LIMNOLOGIA";".440.180.3988.";"24/06/1974";"";"ADMINISTRATIVA";"OPERACIONAL";"ADMINISTRATIVO                                    ";"SECRETARIA ADMINISTRATIVA                                   ";"FIM"
"8177";"160031";"SECRETARIA DE PERIODICOS - CCSA";"PERIOD/CCSA";"";"";"NATAL";"443";"CENTRO DE CIENCIAS SOCIAIS APLICADAS";"443";"CENTRO DE CIENCIAS SOCIAIS APLICADAS";".443.8177.";"06/03/2014";"";"ACADÊMICA";"ESTRATÉGICO";"ADMINISTRATIVO                                    ";"ASSESSORIA                                                  ";"FIM"
"6014";"112404";"SECRETARIA DE RELACOES INTERNACIONAIS";"SRINT";"";"";"NATAL";"605";"UNIVERSIDADE FEDERAL DO RIO GRANDE DO NORTE";"4659";"REITORIA";".605.4659.6014.";"01/01/2011";"";"ADMINISTRATIVA";"GERENCIAL";"ADMINISTRATIVO                                    ";"ASSESSORIA                                                  ";"FIM"
"10500";"120330";"SECRETARIA DISCENTE";"SEC/DIS/DFTE";"";"";"NATAL";"439";"CENTRO DE CIENCIAS EXATAS E DA TERRA";"121";"DEPARTAMENTO DE FISICA TEORICA E EXPERIMENTAL";".439.121.10500.";"01/01/2015";"";"ACADÊMICA";"ESTRATÉGICO";"ADMINISTRATIVO                                    ";"ASSESSORIA                                                  ";"FIM"
"2452";"1249";"SECRETARIA DO CCET";"SECRE/CCET";"";"3215-3781";"NATAL";"439";"CENTRO DE CIENCIAS EXATAS E DA TERRA";"439";"CENTRO DE CIENCIAS EXATAS E DA TERRA";".439.2452.";"24/06/1974";"";"ADMINISTRATIVA";"OPERACIONAL";"ADMINISTRATIVO                                    ";"CENTRO                                                      ";"MEIO"
"11131";"113604";"SECRETARIA DO CONSELHO DIRETOR";"SCD/EDUFRN";"";"";"NATAL";"605";"UNIVERSIDADE FEDERAL DO RIO GRANDE DO NORTE";"283";"EDITORA UNIVERSITARIA";".605.283.11131.";"14/11/2017";"";"ADMINISTRATIVA";"OPERACIONAL";"ADMINISTRATIVO                                    ";"SECRETARIA                                                  ";"FIM"
"11132";"113605";"SECRETARIA DO CONSELHO EDITORIAL";"SCE/EDUFRN";"";"";"NATAL";"605";"UNIVERSIDADE FEDERAL DO RIO GRANDE DO NORTE";"283";"EDITORA UNIVERSITARIA";".605.283.11132.";"14/11/2017";"";"ADMINISTRATIVA";"OPERACIONAL";"ADMINISTRATIVO                                    ";"SECRETARIA                                                  ";"FIM"
"8163";"11690003";"SECRETARIA DO CURSO DE GESTAO HOSPITALAR";"SEC/GESHOSP";"";"";"NATAL";"605";"UNIVERSIDADE FEDERAL DO RIO GRANDE DO NORTE";"205";"ESCOLA DE SAUDE";".605.205.8163.";"16/12/2013";"";"ADMINISTRATIVA";"OPERACIONAL";"ADMINISTRATIVO                                    ";"SECRETARIA ADMINISTRATIVA                                   ";"FIM"
"4394";"150911";"SECRETARIA DO DEPARTAMENTO DE ANALISES CLINICAS";"SECAC";"tereza@ufrnet.br";"";"NATAL";"441";"CENTRO DE CIENCIAS DA SAUDE";"117";"DEPARTAMENTO DE ANALISES CLINICAS E TOXICOLOGICAS";".441.117.4394.";"24/06/1974";"";"ADMINISTRATIVA";"OPERACIONAL";"CIÊNCIAS DA SAÚDE                                 ";"SECRETARIA ADMINISTRATIVA                                   ";"FIM"
"3946";"131201";"SECRETARIA DO DEPARTAMENTO DE ANTROPOLOGIA";"SECDANT";"";"3215.3547";"NATAL";"442";"CENTRO DE CIENCIAS HUMANAS, LETRAS E ARTES";"144";"DEPARTAMENTO DE ANTROPOLOGIA";".442.144.3946.";"24/06/1974";"";"ADMINISTRATIVA";"OPERACIONAL";"ADMINISTRATIVO                                    ";"SECRETARIA ADMINISTRATIVA                                   ";"FIM"
"3928";"161301";"SECRETARIA DO DEPARTAMENTO DE CIENCIA DA INFORMACAO";"SECDECIN";"";"3215.3515";"NATAL";"443";"CENTRO DE CIENCIAS SOCIAIS APLICADAS";"63";"DEPARTAMENTO DE CIENCIA DA INFORMACAO";".443.63.3928.";"24/06/1974";"";"ADMINISTRATIVA";"OPERACIONAL";"ADMINISTRATIVO                                    ";"SECRETARIA ADMINISTRATIVA                                   ";"MEIO"
"3580";"161401";"SECRETARIA DO DEPARTAMENTO DE CIENCIAS ADMINISTRATIVAS";"SEAD";"";"3215.3496";"NATAL";"443";"CENTRO DE CIENCIAS SOCIAIS APLICADAS";"161";"DEPARTAMENTO DE CIENCIAS ADMINISTRATIVAS - DEPAD";".443.161.3580.";"24/06/1974";"";"ADMINISTRATIVA";"OPERACIONAL";"CIÊNCIAS HUMANAS, JURÍDICAS E ECONÔMICAS          ";"ASSESSORIA                                                  ";"MEIO"
"3581";"161501";"SECRETARIA DO DEPARTAMENTO DE CIENCIAS CONTABEIS";"SECC";"";"3215.3482";"NATAL";"443";"CENTRO DE CIENCIAS SOCIAIS APLICADAS";"163";"DEPARTAMENTO DE CIENCIAS CONTABEIS - DCC";".443.163.3581.";"24/06/1974";"";"ADMINISTRATIVA";"OPERACIONAL";"CIÊNCIAS HUMANAS, JURÍDICAS E ECONÔMICAS          ";"ASSESSORIA                                                  ";"MEIO"
"3947";"131402";"SECRETARIA DO DEPARTAMENTO DE CIENCIAS SOCIAIS";"SECDCS";"";"3215.3557";"NATAL";"442";"CENTRO DE CIENCIAS HUMANAS, LETRAS E ARTES";"136";"DEPARTAMENTO DE CIENCIAS SOCIAIS";".442.136.3947.";"24/06/1974";"";"ADMINISTRATIVA";"OPERACIONAL";"ADMINISTRATIVO                                    ";"SECRETARIA ADMINISTRATIVA                                   ";"FIM"
"3948";"131501";"SECRETARIA DO DEPARTAMENTO DE COMUNICACAO SOCIAL";"SECDCS";"";"";"NATAL";"442";"CENTRO DE CIENCIAS HUMANAS, LETRAS E ARTES";"140";"DEPARTAMENTO DE COMUNICACAO SOCIAL";".442.140.3948.";"24/06/1974";"";"ADMINISTRATIVA";"OPERACIONAL";"ADMINISTRATIVO                                    ";"SECRETARIA ADMINISTRATIVA                                   ";"MEIO"
"8157";"12000301";"SECRETARIA DO DEPARTAMENTO DE DEMOGRAFIA E CIENCICAS ATUARIAIS";"SECDEMCIATU";"";"";"NATAL";"439";"CENTRO DE CIENCIAS EXATAS E DA TERRA";"7761";"DEPARTAMENTO DE DEMOGRAFIA E CIENCIAS ATUARIAIS";".439.7761.8157.";"10/12/2013";"";"ADMINISTRATIVA";"OPERACIONAL";"ADMINISTRATIVO                                    ";"SECRETARIA ADMINISTRATIVA                                   ";"FIM"
"8307";"161601";"SECRETARIA DO DEPARTAMENTO DE DIREITO PRIVADO";"SECDIPRIVADO";"";"";"NATAL";"443";"CENTRO DE CIENCIAS SOCIAIS APLICADAS";"79";"DEPARTAMENTO DE DIREITO PRIVADO - DIPRI";".443.79.8307.";"04/02/2014";"";"ADMINISTRATIVA";"OPERACIONAL";"ADMINISTRATIVO                                    ";"SECRETARIA ADMINISTRATIVA                                   ";"FIM"
"11161";"161901";"SECRETARIA DO DEPARTAMENTO DE DIREITO PROCESSUAL E PROPEDEUTICA  DEPRO";"SEC/DEPRO";"";"";"NATAL";"443";"CENTRO DE CIENCIAS SOCIAIS APLICADAS";"9750";"DEPARTAMENTO DE DIREITO PROCESSUAL E PROPEDEUTICA - DEPRO";".443.9750.11161.";"01/10/2015";"";"ACADÊMICA";"ESTRATÉGICO";"ADMINISTRATIVO                                    ";"AGÊNCIA                                                     ";"FIM"
"3933";"161701";"SECRETARIA DO DEPARTAMENTO DE DIREITO PUBLICO";"SECDP";"";"3215.3542";"NATAL";"443";"CENTRO DE CIENCIAS SOCIAIS APLICADAS";"84";"DEPARTAMENTO DE DIREITO PUBLICO - DIPUB";".443.84.3933.";"24/06/1974";"";"ADMINISTRATIVA";"OPERACIONAL";"ADMINISTRATIVO                                    ";"SECRETARIA ADMINISTRATIVA                                   ";"MEIO"
"8753";"17001201";"SECRETARIA DO DEPARTAMENTO DE ECOLOGIA";"SECRECO";"";"";"NATAL";"440";"CENTRO DE BIOCIENCIAS";"8366";"DEPARTAMENTO DE ECOLOGIA";".440.8366.8753.";"06/06/2014";"";"ADMINISTRATIVA";"OPERACIONAL";"ADMINISTRATIVO                                    ";"SECRETARIA ADMINISTRATIVA                                   ";"FIM"
"3934";"161801";"SECRETARIA DO DEPARTAMENTO DE ECONOMIA";"SECDE";"";"3215.3509";"NATAL";"443";"CENTRO DE CIENCIAS SOCIAIS APLICADAS";"160";"DEPARTAMENTO DE ECONOMIA - DEPEC";".443.160.3934.";"24/06/1974";"";"ADMINISTRATIVA";"OPERACIONAL";"ADMINISTRATIVO                                    ";"SECRETARIA ADMINISTRATIVA                                   ";"MEIO"
"3931";"16993101";"SECRETARIA DO DEPARTAMENTO DE EDUCACAO";"SECEDU";"";"3215.3518";"NATAL";"443";"CENTRO DE CIENCIAS SOCIAIS APLICADAS";"159";"DEPARTAMENTO DE EDUCACAO";".443.5752.159.3931.";"24/06/1974";"";"ADMINISTRATIVA";"OPERACIONAL";"ADMINISTRATIVO                                    ";"SECRETARIA ADMINISTRATIVA                                   ";"MEIO"
"4395";"151201";"SECRETARIA DO DEPARTAMENTO DE ENFERMAGEM";"SECENF";"";"";"NATAL";"441";"CENTRO DE CIENCIAS DA SAUDE";"198";"DEPARTAMENTO DE ENFERMAGEM";".441.198.4395.";"24/06/1974";"";"ADMINISTRATIVA";"OPERACIONAL";"ADMINISTRATIVO                                    ";"SECRETARIA ADMINISTRATIVA                                   ";"FIM"
"8198";"143501";"SECRETARIA DO DEPARTAMENTO DE ENGENHARIA BIOMEDICA";"SECENGBIO";"";"";"NATAL";"445";"CENTRO DE TECNOLOGIA";"5205";"DEPARTAMENTO DE ENGENHARIA BIOMEDICA";".445.5205.8198.";"07/01/2014";"";"ADMINISTRATIVA";"OPERACIONAL";"ADMINISTRATIVO                                    ";"SECRETARIA ADMINISTRATIVA                                   ";"FIM"
"3949";"131603";"SECRETARIA DO DEPARTAMENTO DE FILOSOFIA";"SECDFIL";"";"3215.3566";"NATAL";"442";"CENTRO DE CIENCIAS HUMANAS, LETRAS E ARTES";"137";"DEPARTAMENTO DE FILOSOFIA";".442.137.3949.";"24/06/1974";"";"ADMINISTRATIVA";"OPERACIONAL";"ADMINISTRATIVO                                    ";"SECRETARIA ADMINISTRATIVA                                   ";"MEIO"
"6343";"151406";"SECRETARIA DO DEPARTAMENTO DE FISIOTERAPIA";"SECFISIO";"";"";"NATAL";"441";"CENTRO DE CIENCIAS DA SAUDE";"201";"DEPARTAMENTO DE FISIOTERAPIA";".441.201.6343.";"09/11/2011";"";"ACADÊMICA";"OPERACIONAL";"ADMINISTRATIVO                                    ";"SECRETARIA ADMINISTRATIVA                                   ";"FIM"
"10545";"190201";"SECRETARIA DO DEPARTAMENTO DE FUNDAMENTOS E POLITICAS DA EDUCACAO";"SEC/DFPE";"";"";"NATAL";"5965";"CENTRO DE EDUCACAO";"5967";"DEPARTAMENTO DE FUNDAMENTOS E POLITICAS DA EDUCACAO";".5965.5967.10545.";"20/02/2017";"";"ACADÊMICA";"ESTRATÉGICO";"ADMINISTRATIVO                                    ";"ASSESSORIA                                                  ";"FIM"
"3942";"120401";"SECRETARIA DO DEPARTAMENTO DE GEOLOGIA";"SECDG";"";"3215.3807";"NATAL";"439";"CENTRO DE CIENCIAS EXATAS E DA TERRA";"123";"DEPARTAMENTO DE GEOLOGIA";".439.123.3942.";"24/06/1974";"";"ADMINISTRATIVA";"OPERACIONAL";"ADMINISTRATIVO                                    ";"SECRETARIA ADMINISTRATIVA                                   ";"FIM"
"4288";"151502";"SECRETARIA DO DEPARTAMENTO DE INFECTOLOGIA";"SECINFECTO";"";"";"NATAL";"441";"CENTRO DE CIENCIAS DA SAUDE";"200";"DEPARTAMENTO DE INFECTOLOGIA";".441.200.4288.";"24/06/1974";"";"ADMINISTRATIVA";"OPERACIONAL";"ADMINISTRATIVO                                    ";"SECRETARIA ADMINISTRATIVA                                   ";"MEIO"
"3944";"120501";"SECRETARIA DO DEPARTAMENTO DE INFORMATICA E MATEMATICA APLICADA";"SECDIMAP";"";"3215.3814";"NATAL";"439";"CENTRO DE CIENCIAS EXATAS E DA TERRA";"125";"DEPARTAMENTO DE INFORMATICA E MATEMATICA APLICADA";".439.125.3944.";"24/06/1974";"";"ADMINISTRATIVA";"OPERACIONAL";"ADMINISTRATIVO                                    ";"SECRETARIA ADMINISTRATIVA                                   ";"FIM"
"3952";"131902";"SECRETARIA DO DEPARTAMENTO DE LETRAS";"SECDLET";"";"3215.3582";"NATAL";"442";"CENTRO DE CIENCIAS HUMANAS, LETRAS E ARTES";"138";"DEPARTAMENTO DE LETRAS";".442.138.3952.";"24/06/1974";"";"ADMINISTRATIVA";"OPERACIONAL";"ADMINISTRATIVO                                    ";"SECRETARIA ADMINISTRATIVA                                   ";"MEIO"
"3943";"120601";"SECRETARIA DO DEPARTAMENTO DE MATEMATICA";"SECDMAT";"";"3215.3820";"NATAL";"439";"CENTRO DE CIENCIAS EXATAS E DA TERRA";"120";"DEPARTAMENTO DE MATEMATICA";".439.120.3943.";"24/06/1974";"";"ADMINISTRATIVA";"OPERACIONAL";"ADMINISTRATIVO                                    ";"SECRETARIA ADMINISTRATIVA                                   ";"FIM"
"10546";"190301";"SECRETARIA DO DEPARTAMENTO DE PRATICAS EDUCACIONAIS E CURRICULO";"SEC/DPEC/CE";"";"";"NATAL";"5965";"CENTRO DE EDUCACAO";"5968";"DEPARTAMENTO DE PRATICAS EDUCACIONAIS E CURRICULO";".5965.5968.10546.";"20/02/2017";"";"ACADÊMICA";"ESTRATÉGICO";"ADMINISTRATIVO                                    ";"ASSESSORIA                                                  ";"FIM"
"8316";"152401";"SECRETARIA DO DEPARTAMENTO DE TOCO-GINECOLOGIA";"SECDTGO";"";"";"NATAL";"441";"CENTRO DE CIENCIAS DA SAUDE";"197";"DEPARTAMENTO DE TOCO-GINECOLOGIA";".441.197.8316.";"14/02/2014";"";"ADMINISTRATIVA";"OPERACIONAL";"ADMINISTRATIVO                                    ";"SECRETARIA ADMINISTRATIVA                                   ";"FIM"
"6052";"16000501";"SECRETARIA DO DEPARTAMENTO DE TURISMO";"SECDT";"";"";"NATAL";"443";"CENTRO DE CIENCIAS SOCIAIS APLICADAS";"5393";"DEPARTAMENTO DE TURISMO - DETUR";".443.5393.6052.";"23/08/2011";"";"ADMINISTRATIVA";"OPERACIONAL";"ADMINISTRATIVO                                    ";"SECRETARIA ADMINISTRATIVA                                   ";"MEIO"
"3585";"113217";"SECRETARIA DO GABINETE DO REITOR";"SGR/REITORIA";"";"";"NATAL";"605";"UNIVERSIDADE FEDERAL DO RIO GRANDE DO NORTE";"262";"GABINETE DO REITOR";".605.262.3585.";"24/06/1974";"";"ADMINISTRATIVA";"OPERACIONAL";"ADMINISTRATIVO                                    ";"SECRETARIA ADMINISTRATIVA                                   ";"FIM"
"3945";"128801";"SECRETARIA DO INSTITUTO DE QUIMICA";"SECQUI";"";"3215.3828";"NATAL";"439";"CENTRO DE CIENCIAS EXATAS E DA TERRA";"6025";"INSTITUTO DE QUIMICA";".439.6025.3945.";"24/06/1974";"";"ADMINISTRATIVA";"OPERACIONAL";"ADMINISTRATIVO                                    ";"SECRETARIA ADMINISTRATIVA                                   ";"FIM"
"11189";"12820201";"SECRETARIA DO LABORATORIO DE GEOFISICA APLICADA";"SECLAB/GEOAP";"";"";"NATAL";"439";"CENTRO DE CIENCIAS EXATAS E DA TERRA";"5290";"LABORATORIO DE GEOFISICA APLICADA";".439.4894.5290.11189.";"22/01/2018";"";"ACADÊMICA";"OPERACIONAL";"CIÊNCIAS EXATAS E DA NATUREZA                     ";"SECRETARIA                                                  ";"MEIO"
"6100";"128206";"SECRETARIA DO LABORATORIO SISMOLOGICO";"SECLABSIS";"";"";"NATAL";"439";"CENTRO DE CIENCIAS EXATAS E DA TERRA";"4894";"DEPARTAMENTO DE GEOFISICA";".439.4894.6100.";"23/08/2011";"";"ADMINISTRATIVA";"OPERACIONAL";"ADMINISTRATIVO                                    ";"SECRETARIA ADMINISTRATIVA                                   ";"MEIO"
"6175";"141827";"SECRETARIA DO LAMP";"SECLAMP";"";"";"NATAL";"445";"CENTRO DE TECNOLOGIA";"56";"DEPARTAMENTO DE ENGENHARIA DE COMPUTACAO E AUTOMACAO";".445.56.6175.";"31/08/2011";"";"ADMINISTRATIVA";"OPERACIONAL";"ADMINISTRATIVO                                    ";"SECRETARIA ADMINISTRATIVA                                   ";"MEIO"
"6168";"141820";"SECRETARIA DO LAUT";"SECLAUT";"";"";"NATAL";"445";"CENTRO DE TECNOLOGIA";"56";"DEPARTAMENTO DE ENGENHARIA DE COMPUTACAO E AUTOMACAO";".445.56.6168.";"31/08/2011";"";"ADMINISTRATIVA";"OPERACIONAL";"ADMINISTRATIVO                                    ";"SECRETARIA ADMINISTRATIVA                                   ";"MEIO"
"6154";"141806";"SECRETARIA DO LECA";"SECLECA";"";"";"NATAL";"445";"CENTRO DE TECNOLOGIA";"56";"DEPARTAMENTO DE ENGENHARIA DE COMPUTACAO E AUTOMACAO";".445.56.6154.";"31/08/2011";"";"ADMINISTRATIVA";"OPERACIONAL";"ADMINISTRATIVO                                    ";"SECRETARIA ADMINISTRATIVA                                   ";"MEIO"
"3459";"10040001";"SECRETARIA DO NAC";"SEC/NAC";"";"";"NATAL";"605";"UNIVERSIDADE FEDERAL DO RIO GRANDE DO NORTE";"3458";"DIRETORIA NAC";".605.291.3458.3459.";"24/06/1974";"";"ADMINISTRATIVA";"OPERACIONAL";"ARTES, COMUNICAÇAO E DIFUSAO                      ";"SECRETARIA ADMINISTRATIVA                                   ";"MEIO"
"3432";"11210201";"SECRETARIA DO NUCLEO DE MACAU";"SEC/NMCAU";"";"";"MACAU";"605";"UNIVERSIDADE FEDERAL DO RIO GRANDE DO NORTE";"3430";"NUCLEO DE MACAU";".605.1450.3418.3425.3430.3432.";"24/06/1974";"";"ADMINISTRATIVA";"OPERACIONAL";"ADMINISTRATIVO                                    ";"SECRETARIA ADMINISTRATIVA                                   ";"MEIO"
"10550";"19003101";"SECRETARIA DO PROGRAMA DE FORMACAO CONTINUADA";"SEC/PFC/CE";"";"";"NATAL";"5965";"CENTRO DE EDUCACAO";"9197";"PROGRAMA DE FORMACAO CONTINUADA";".5965.9197.10550.";"20/02/2017";"";"ACADÊMICA";"ESTRATÉGICO";"ADMINISTRATIVO                                    ";"ASSESSORIA                                                  ";"FIM"
"8439";"162204";"SECRETARIA DO PROGRAMA DE POS-GRADUACAO DE CIENCIAS CONTABEIS";"SECPPGCC";"";"";"NATAL";"443";"CENTRO DE CIENCIAS SOCIAIS APLICADAS";"395";"PROGRAMA REGIONAL DE POS-GRADUACAO EM CIENCIAS CONTABEIS";".443.395.8439.";"19/02/2014";"";"ADMINISTRATIVA";"OPERACIONAL";"ADMINISTRATIVO                                    ";"SECRETARIA ADMINISTRATIVA                                   ";"FIM"
"11162";"162101";"SECRETARIA DO PROGRAMA DE POS-GRADUACAO EM ADMINISTRACAO";"SECPPGAD";"";"";"NATAL";"443";"CENTRO DE CIENCIAS SOCIAIS APLICADAS";"74";"PROGRAMA DE POS-GRADUACAO EM ADMINISTRACAO";".443.74.11162.";"12/12/2017";"";"ACADÊMICA";"ESTRATÉGICO";"ADMINISTRATIVO                                    ";"SECRETARIA                                                  ";"FIM"
"11163";"162302";"SECRETARIA DO PROGRAMA DE POS-GRADUACAO EM DIREITO";"SEC/PPGD";"";"";"NATAL";"443";"CENTRO DE CIENCIAS SOCIAIS APLICADAS";"404";"PROGRAMA DE POS-GRADUACAO EM DIREITO";".443.404.11163.";"12/12/2017";"";"ACADÊMICA";"ESTRATÉGICO";"ADMINISTRATIVO                                    ";"SECRETARIA                                                  ";"FIM"
"10551";"19000101";"SECRETARIA DO PROGRAMA DE POS-GRADUACAO EM EDUCACAO";"SEC/PPGED";"";"";"NATAL";"5965";"CENTRO DE EDUCACAO";"363";"PROGRAMA DE POS-GRADUACAO EM EDUCACAO";".5965.363.10551.";"20/02/2017";"";"ACADÊMICA";"ESTRATÉGICO";"ADMINISTRATIVO                                    ";"ASSESSORIA                                                  ";"FIM"
"11164";"162906";"SECRETARIA DO PROGRAMA DE POS-GRADUACAO EM GESTAO DA INFORMACAO E DO CONHECIMENTO";"SEC/PPGIC";"";"";"NATAL";"443";"CENTRO DE CIENCIAS SOCIAIS APLICADAS";"1617";"PROGRAMA DE POS-GRADUACAO EM GESTAO DA INFORMACAO E DO CONHECIMENTO - PPGIC";".443.1617.11164.";"12/12/2017";"";"ACADÊMICA";"ESTRATÉGICO";"ADMINISTRATIVO                                    ";"SECRETARIA                                                  ";"FIM"
"11168";"166705";"SECRETARIA DO PROGRAMA DE POS-GRADUACAO EM GESTAO PUBLICA";"SEC/PPGP";"";"";"NATAL";"443";"CENTRO DE CIENCIAS SOCIAIS APLICADAS";"6296";"PROGRAMA DE POS-GRADUACAO EM GESTAO PUBLICA - PPGP";".443.6296.11168.";"12/12/2017";"";"ACADÊMICA";"ESTRATÉGICO";"ADMINISTRATIVO                                    ";"SECRETARIA                                                  ";"FIM"
"11167";"165401";"SECRETARIA DO PROGRAMA DE POS-GRADUACAO EM TURISMO";"SEC/PPGTUR";"";"";"NATAL";"443";"CENTRO DE CIENCIAS SOCIAIS APLICADAS";"4295";"PROGRAMA DE POS-GRADUACAO EM TURISMO";".443.4295.11167.";"12/12/2017";"";"ACADÊMICA";"ESTRATÉGICO";"ADMINISTRATIVO                                    ";"SECRETARIA                                                  ";"FIM"
"383";"113209";"SECRETARIA DOS COLEGIADOS";"SEOC/GAB";"";"";"NATAL";"605";"UNIVERSIDADE FEDERAL DO RIO GRANDE DO NORTE";"262";"GABINETE DO REITOR";".605.262.383.";"24/06/1974";"";"ADMINISTRATIVA";"OPERACIONAL";"ADMINISTRATIVO                                    ";"SECRETARIA                                                  ";"MEIO"
"6366";"112255";"SECRETARIA DOS CURSOS DE GRADUACAO";"SECCURGRAD";"";"";"MACAÍBA";"605";"UNIVERSIDADE FEDERAL DO RIO GRANDE DO NORTE";"351";"ESCOLA AGRICOLA DE JUNDIAI";".605.351.6366.";"10/11/2011";"";"ADMINISTRATIVA";"GERENCIAL";"ADMINISTRATIVO                                    ";"SECRETARIA ADMINISTRATIVA                                   ";"MEIO"
"9041";"1122010202";"SECRETARIA DOS CURSOS DE GRADUACAO";"SECGRAD/EAJ";"";"";"MACAÍBA";"605";"UNIVERSIDADE FEDERAL DO RIO GRANDE DO NORTE";"9039";"DIRECAO DE ENSINO - MAGISTERIO SUPERIOR";".605.351.3303.9039.9041.";"31/03/2016";"";"ADMINISTRATIVA";"GERENCIAL";"ADMINISTRATIVO                                    ";"ASSESSORIA                                                  ";"FIM"
"30513";"11000502030301";"SECRETARIA DOS CURSOS TECNICOS DO IMD";"SECTEC-IMD";"";"33422216";"NATAL";"605";"UNIVERSIDADE FEDERAL DO RIO GRANDE DO NORTE";"7207";"COORDENACAO DO CURSO TECNICO DE TECNOLOGIA DA INFORMACAO - IMD";".605.6069.7147.10082.7207.30513.";"15/10/2019";"";"ADMINISTRATIVA";"GERENCIAL";"ADMINISTRATIVO                                    ";"SECRETARIA ADMINISTRATIVA                                   ";"FIM"
"4264";"112214";"SECRETARIA ESCOLAR DA EAJ";"SECESC";"";"";"MACAÍBA";"605";"UNIVERSIDADE FEDERAL DO RIO GRANDE DO NORTE";"351";"ESCOLA AGRICOLA DE JUNDIAI";".605.351.4264.";"24/06/1974";"";"ADMINISTRATIVA";"OPERACIONAL";"AGROPECUÁRIO                                      ";"SECRETARIA ADMINISTRATIVA                                   ";"FIM"
"4491";"19050002";"SECRETARIA EXECUTIVA";"SE/NEI";"";"";"NATAL";"5965";"CENTRO DE EDUCACAO";"1452";"NUCLEO DE EDUCACAO DA INFANCIA";".5965.1452.4491.";"24/06/1974";"";"ADMINISTRATIVA";"OPERACIONAL";"ADMINISTRATIVO                                    ";"SECRETARIA ADMINISTRATIVA                                   ";"MEIO"
"6036";"113225";"SECRETARIA EXECUTIVA DA COMISSAO DE ETICA";"SEXEC/ETICA";"";"";"NATAL";"605";"UNIVERSIDADE FEDERAL DO RIO GRANDE DO NORTE";"262";"GABINETE DO REITOR";".605.262.6036.";"01/01/2014";"";"ADMINISTRATIVA";"TÁTICO";"ADMINISTRATIVO                                    ";"ASSESSORIA                                                  ";"FIM"
"3300";"160149";"SECRETARIA GERAL - CCSA";"SEC/GERAL/CCSA";"secret@ccsa.ufrn.br";"3215.3466";"NATAL";"443";"CENTRO DE CIENCIAS SOCIAIS APLICADAS";"156";"DIRECAO DO CCSA";".443.156.3300.";"24/06/1974";"";"ADMINISTRATIVA";"OPERACIONAL";"CIÊNCIAS HUMANAS, JURÍDICAS E ECONÔMICAS          ";"SECRETARIA ADMINISTRATIVA                                   ";"MEIO"
"5971";"190103";"SECRETARIA GERAL - CENTRO DE EDUCACAO";"SECGERAL/CE";"";"";"NATAL";"5965";"CENTRO DE EDUCACAO";"5966";"ADMINISTRACAO DO CENTRO DE EDUCACAO";".5965.5966.5971.";"20/02/2017";"";"ACADÊMICA";"ESTRATÉGICO";"ADMINISTRATIVO                                    ";"ASSESSORIA                                                  ";"FIM"
"228";"1803";"SECRETARIA GERAL - CERES";"CERES-SEC";"";"";"CAICÓ";"1482";"CENTRO DE  ENSINO SUPERIOR DO SERIDO";"61";"ADMINISTRACAO DO CERES - CAICO";".1482.61.228.";"24/06/1974";"";"ADMINISTRATIVA";"ESTRATÉGICO";"ADMINISTRATIVO                                    ";"SECRETARIA ADMINISTRATIVA                                   ";"MEIO"
"10499";"120329";"SECRETARIA GERAL - DFTE";"SEC/GER/DFTE";"";"";"NATAL";"439";"CENTRO DE CIENCIAS EXATAS E DA TERRA";"121";"DEPARTAMENTO DE FISICA TEORICA E EXPERIMENTAL";".439.121.10499.";"01/01/2015";"";"ACADÊMICA";"ESTRATÉGICO";"ADMINISTRATIVO                                    ";"ASSESSORIA                                                  ";"FIM"
"8774";"11322905";"SECRETARIA GERAL - EMCM";"SEC/EMCM";"";"";"CAICÓ";"605";"UNIVERSIDADE FEDERAL DO RIO GRANDE DO NORTE";"7278";"ESCOLA MULTICAMPI DE CIENCIAS MEDICAS DO RIO GRANDE DO NORTE";".605.262.7278.8774.";"01/01/2013";"";"ADMINISTRATIVA";"GERENCIAL";"ADMINISTRATIVO                                    ";"SECRETARIA ADMINISTRATIVA                                   ";"FIM"
"31285";"13130002";"SECRETARIA INTEGRADA DE POS-GRADUACOES EM ARTES";"SECPG-ARTES";"";"";"NATAL";"442";"CENTRO DE CIENCIAS HUMANAS, LETRAS E ARTES";"139";"DEPARTAMENTO DE ARTES";".442.139.31285.";"27/10/2021";"20/01/2025";"ACADÊMICA";"ESTRATÉGICO";"ADMINISTRATIVO                                    ";"AGÊNCIA                                                     ";"FIM"
"3533";"1554000101";"SECRETARIA/NHH";"SEC/NHH";"";"";"NATAL";"441";"CENTRO DE CIENCIAS DA SAUDE";"3525";"SERVICOS ADMINISTRATIVOS";".605.292.3523.3525.3533.";"24/06/1974";"";"ADMINISTRATIVA";"OPERACIONAL";"CIÊNCIAS DA SAÚDE                                 ";"SECRETARIA ADMINISTRATIVA                                   ";"MEIO"
"3513";"14230100";"SECRETARIA/NTI";"SEC/NTI";"";"";"NATAL";"445";"CENTRO DE TECNOLOGIA";"3512";"DIRECAO/NTI";".445.116.3512.3513.";"24/06/1974";"";"ADMINISTRATIVA";"OPERACIONAL";"ADMINISTRATIVO                                    ";"ASSESSORIA                                                  ";"MEIO"
"4008";"11500102";"SECRETARIA - NUPLAM";"SEC/NUPLAM";"";"";"NATAL";"605";"UNIVERSIDADE FEDERAL DO RIO GRANDE DO NORTE";"4006";"DIRETORIA - NUPLAM";".605.252.4006.4008.";"24/06/1974";"";"ADMINISTRATIVA";"OPERACIONAL";"ADMINISTRATIVO                                    ";"SECRETARIA ADMINISTRATIVA                                   ";"FIM"
"2825";"115704";"SEDIS - POLO DE EAD DE CAICO (CERES)";"CAI/SEDIS";"";"";"CAICÓ";"605";"UNIVERSIDADE FEDERAL DO RIO GRANDE DO NORTE";"1480";"SECRETARIA DE EDUCACAO A DISTANCIA";".605.1480.2825.";"01/01/2000";"";"ACADÊMICA";"TÁTICO";"ADMINISTRATIVO                                    ";"COORDENAÇÃO                                                 ";"FIM"
"3718";"22321800";"SERVICO DE ANESTESIA";"SA";"";"";"NATAL";"1424";"HOSPED - HOSPITAL DE PEDIATRIA";"3689";"SETOR DE CIRURGIA";".1424.3640.3679.3689.3718.";"24/06/1974";"";"ADMINISTRATIVA";"OPERACIONAL";"CIÊNCIAS DA SAÚDE                                 ";"SETOR                                                       ";"FIM"
"15948";"34321800";"SERVICO DE ANESTESIA";"SA";"";"";"NATAL";"8193";"SUPERINTENDENCIA DO HUOL - EBSERH";"12349";"SETOR DE CIRURGIA";".605.1456.10564.10579.12054.12349.15948.";"24/06/1974";"";"ADMINISTRATIVA";"OPERACIONAL";"CIÊNCIAS DA SAÚDE                                 ";"SETOR                                                       ";"FIM"
"11599";"151601";"SERVICO DE APOIO PSICOSSOCIAL AO ESTUDANTE DE MEDICINA DA UFRN - SAPEM/UFRN";"SAPEM/UFRN";"ufrnsapem@gmail.com ";"33429751";"NATAL";"441";"CENTRO DE CIENCIAS DA SAUDE";"191";"DEPARTAMENTO DE MEDICINA CLINICA";".441.191.11599.";"27/08/2018";"";"COMPLEXO HOSPITALAR";"OPERACIONAL";"CIÊNCIAS DA SAÚDE                                 ";"DIVISAO                                                     ";"FIM"
"3714";"22321703";"SERVICO DE ARQUIVO MEDICO E DE ESTATISTICA";"SAME";"";"";"NATAL";"1424";"HOSPED - HOSPITAL DE PEDIATRIA";"3688";"SETOR DE APOIO ASSITENCIAL";".1424.3640.3679.3688.3714.";"24/06/1974";"";"ADMINISTRATIVA";"OPERACIONAL";"ADMINISTRATIVO                                    ";"SETOR                                                       ";"MEIO"
"2726";"2028";"SERVICO DE ARQUIVO MEDICO - MEJC";"SAM/MEJC";"";"";"NATAL";"447";"MATERNIDADE ESCOLA JANUARIO CICCO";"447";"MATERNIDADE ESCOLA JANUARIO CICCO";".605.447.2726.";"24/06/1974";"";"ADMINISTRATIVA";"OPERACIONAL";"ADMINISTRATIVO                                    ";"SETOR                                                       ";"MEIO"
"10330";"3128";"SERVICO DE ARQUIVO MEDICO - MEJC";"SAM/MEJC";"";"";"NATAL";"8194";"SUPERINTENDENCIA DO MEJC - EBSERH";"8194";"SUPERINTENDENCIA DO MEJC - EBSERH";".8517.8194.10330.";"24/06/1974";"";"ADMINISTRATIVA";"OPERACIONAL";"ADMINISTRATIVO                                    ";"SETOR                                                       ";"MEIO"
"3854";"21100305";"SERVICO DE CARDIOLOGIA";"scard";"";"";"NATAL";"446";"HOSPITAL UNIVERSITARIO ONOFRE LOPES";"3848";"DIVISAO DE CLINICA MEDICA";".605.446.392.3848.3854.";"24/06/1974";"";"COMPLEXO HOSPITALAR";"OPERACIONAL";"CIÊNCIAS DA SAÚDE                                 ";"SETOR                                                       ";"FIM"
"20905";"32100305";"SERVICO DE CARDIOLOGIA";"scard";"";"";"NATAL";"8193";"SUPERINTENDENCIA DO HUOL - EBSERH";"3848";"DIVISAO DE CLINICA MEDICA";".605.446.392.3848.20905.";"24/06/1974";"";"COMPLEXO HOSPITALAR";"OPERACIONAL";"CIÊNCIAS DA SAÚDE                                 ";"SETOR                                                       ";"FIM"
"3710";"22321607";"SERVICO DE CIRURGIA PEDIATRICA";"CSP";"";"";"NATAL";"1424";"HOSPED - HOSPITAL DE PEDIATRIA";"3687";"SETOR DE INTERNACAO E ENFERMARIA";".1424.3640.3679.3687.3710.";"24/06/1974";"";"ADMINISTRATIVA";"OPERACIONAL";"CIÊNCIAS DA SAÚDE                                 ";"SETOR                                                       ";"FIM"
"3894";"21100705";"SERVICO DE CIRURGIA VASCULAR E ANGIOLOGIA";"scvang";"";"";"NATAL";"446";"HOSPITAL UNIVERSITARIO ONOFRE LOPES";"3889";"DIVISAO DE CLINICA CIRURGICA";".605.446.392.3889.3894.";"24/06/1974";"";"ADMINISTRATIVA";"OPERACIONAL";"CIÊNCIAS DA SAÚDE                                 ";"SETOR                                                       ";"FIM"
"22262";"32100705";"SERVICO DE CIRURGIA VASCULAR E ANGIOLOGIA";"scvang";"";"";"NATAL";"8193";"SUPERINTENDENCIA DO HUOL - EBSERH";"3889";"DIVISAO DE CLINICA CIRURGICA";".605.446.392.3889.22262.";"24/06/1974";"";"ADMINISTRATIVA";"OPERACIONAL";"CIÊNCIAS DA SAÚDE                                 ";"SETOR                                                       ";"FIM"
"4306";"210710";"SERVICO DE COMUNICACAO E PROTOCOLO";"SCP";"";"";"NATAL";"446";"HOSPITAL UNIVERSITARIO ONOFRE LOPES";"357";"HUOL - DIRETORIA ADMINISTRATIVA-FINANCEIRA";".605.446.357.4306.";"24/06/1974";"";"ADMINISTRATIVA";"OPERACIONAL";"ADMINISTRATIVO                                    ";"SETOR                                                       ";"FIM"
"12999";"320710";"SERVICO DE COMUNICACAO E PROTOCOLO";"SCP";"";"";"NATAL";"8193";"SUPERINTENDENCIA DO HUOL - EBSERH";"357";"HUOL - DIRETORIA ADMINISTRATIVA-FINANCEIRA";".605.446.357.12999.";"24/06/1974";"";"ADMINISTRATIVA";"OPERACIONAL";"ADMINISTRATIVO                                    ";"SETOR                                                       ";"FIM"
"3674";"22321201";"SERVICO DE COMUNICACAO E SEGURANCA";"SCS";"";"";"NATAL";"1424";"HOSPED - HOSPITAL DE PEDIATRIA";"3663";"SETOR DE SERVICOS GERAIS/HOSPED";".1424.3640.3654.3663.3674.";"24/06/1974";"";"ADMINISTRATIVA";"OPERACIONAL";"ADMINISTRATIVO                                    ";"SETOR                                                       ";"MEIO"
"3850";"21100301";"SERVICO DE DERMATOLOGIA";"sderm";"";"";"NATAL";"446";"HOSPITAL UNIVERSITARIO ONOFRE LOPES";"3848";"DIVISAO DE CLINICA MEDICA";".605.446.392.3848.3850.";"24/06/1974";"";"COMPLEXO HOSPITALAR";"OPERACIONAL";"CIÊNCIAS DA SAÚDE                                 ";"SETOR                                                       ";"FIM"
"20669";"32100301";"SERVICO DE DERMATOLOGIA";"sderm";"";"";"NATAL";"8193";"SUPERINTENDENCIA DO HUOL - EBSERH";"3848";"DIVISAO DE CLINICA MEDICA";".605.446.392.3848.20669.";"24/06/1974";"";"COMPLEXO HOSPITALAR";"OPERACIONAL";"CIÊNCIAS DA SAÚDE                                 ";"SETOR                                                       ";"FIM"
"3712";"22321701";"SERVICO DE DIAGNOSTICO PARA IMAGEM";"SDI";"";"";"NATAL";"1424";"HOSPED - HOSPITAL DE PEDIATRIA";"3688";"SETOR DE APOIO ASSITENCIAL";".1424.3640.3679.3688.3712.";"24/06/1974";"";"ADMINISTRATIVA";"OPERACIONAL";"CIÊNCIAS DA SAÚDE                                 ";"SETOR                                                       ";"FIM"
"3711";"22321700";"SERVICO DE DIALISE PERITONEAL";"SDP";"";"";"NATAL";"1424";"HOSPED - HOSPITAL DE PEDIATRIA";"3688";"SETOR DE APOIO ASSITENCIAL";".1424.3640.3679.3688.3711.";"24/06/1974";"";"ADMINISTRATIVA";"OPERACIONAL";"CIÊNCIAS DA SAÚDE                                 ";"SETOR                                                       ";"FIM"
"4354";"21890204";"SERVICO DE EDUCACAO CONTINUADA";"SEC";"";"";"NATAL";"446";"HOSPITAL UNIVERSITARIO ONOFRE LOPES";"421";"HUOL - RECURSOS HUMANOS";".605.446.6198.421.4354.";"24/06/1974";"";"ADMINISTRATIVA";"OPERACIONAL";"CIÊNCIAS DA SAÚDE                                 ";"SETOR                                                       ";"FIM"
"25684";"32890204";"SERVICO DE EDUCACAO CONTINUADA";"SEC";"";"";"NATAL";"8193";"SUPERINTENDENCIA DO HUOL - EBSERH";"421";"HUOL - RECURSOS HUMANOS";".605.446.6198.421.25684.";"24/06/1974";"";"ADMINISTRATIVA";"OPERACIONAL";"CIÊNCIAS DA SAÚDE                                 ";"SETOR                                                       ";"FIM"
"3697";"22321405";"SERVICO DE ENFERMAGEM";"SE";"";"";"NATAL";"1424";"HOSPED - HOSPITAL DE PEDIATRIA";"3685";"SETOR DE AMBULATORIO GERAL";".1424.3640.3679.3685.3697.";"24/06/1974";"";"ADMINISTRATIVA";"OPERACIONAL";"CIÊNCIAS DA SAÚDE                                 ";"SETOR                                                       ";"FIM"
"3719";"22321801";"SERVICO DE ENFERMAGEM/CIRURGIA";"SE";"";"";"NATAL";"1424";"HOSPED - HOSPITAL DE PEDIATRIA";"3689";"SETOR DE CIRURGIA";".1424.3640.3679.3689.3719.";"24/06/1974";"";"ADMINISTRATIVA";"OPERACIONAL";"CIÊNCIAS DA SAÚDE                                 ";"SETOR                                                       ";"FIM"
"3708";"22321605";"SERVICO DE ENFERMAGEM/INTERNACAO";"SI";"";"";"NATAL";"1424";"HOSPED - HOSPITAL DE PEDIATRIA";"3687";"SETOR DE INTERNACAO E ENFERMARIA";".1424.3640.3679.3687.3708.";"24/06/1974";"";"ADMINISTRATIVA";"OPERACIONAL";"CIÊNCIAS DA SAÚDE                                 ";"SETOR                                                       ";"FIM"
"3715";"22321704";"SERVICO DE FARMACIA";"SF";"";"";"NATAL";"1424";"HOSPED - HOSPITAL DE PEDIATRIA";"3688";"SETOR DE APOIO ASSITENCIAL";".1424.3640.3679.3688.3715.";"24/06/1974";"";"ADMINISTRATIVA";"OPERACIONAL";"CIÊNCIAS DA SAÚDE                                 ";"SETOR                                                       ";"FIM"
"4104";"22321407";"SERVICO DE FISIOTERAPIA";"SF";"";"";"NATAL";"1424";"HOSPED - HOSPITAL DE PEDIATRIA";"3685";"SETOR DE AMBULATORIO GERAL";".1424.3640.3679.3685.4104.";"24/06/1974";"";"ADMINISTRATIVA";"OPERACIONAL";"CIÊNCIAS DA SAÚDE                                 ";"SETOR                                                       ";"FIM"
"3705";"22321602";"SERVICO DE GASTROENTEROLOGIA PEDIATRICA";"SGP";"";"";"NATAL";"1424";"HOSPED - HOSPITAL DE PEDIATRIA";"3687";"SETOR DE INTERNACAO E ENFERMARIA";".1424.3640.3679.3687.3705.";"24/06/1974";"";"ADMINISTRATIVA";"OPERACIONAL";"CIÊNCIAS DA SAÚDE                                 ";"SETOR                                                       ";"FIM"
"4297";"210818";"SERVICO DE HEMOTERAPIA";"SHEMO";"";"";"NATAL";"446";"HOSPITAL UNIVERSITARIO ONOFRE LOPES";"394";"HUOL - DIRETORIA DE ENFERMAGEM";".605.446.394.4297.";"24/06/1974";"";"ADMINISTRATIVA";"OPERACIONAL";"CIÊNCIAS DA SAÚDE                                 ";"SETOR                                                       ";"FIM"
"14179";"320818";"SERVICO DE HEMOTERAPIA";"SHEMOT";"";"";"NATAL";"446";"HOSPITAL UNIVERSITARIO ONOFRE LOPES";"394";"HUOL - DIRETORIA DE ENFERMAGEM";".605.446.394.14179.";"24/06/1974";"";"ADMINISTRATIVA";"OPERACIONAL";"CIÊNCIAS DA SAÚDE                                 ";"SETOR                                                       ";"FIM"
"4086";"210709";"SERVICO DE HIGIENIZACAO";"SH HUOL";"";"";"NATAL";"446";"HOSPITAL UNIVERSITARIO ONOFRE LOPES";"357";"HUOL - DIRETORIA ADMINISTRATIVA-FINANCEIRA";".605.446.357.4086.";"24/06/1974";"";"ADMINISTRATIVA";"OPERACIONAL";"ADMINISTRATIVO                                    ";"SETOR                                                       ";"MEIO"
"12940";"320709";"SERVICO DE HIGIENIZACAO";"SH HUOL";"";"";"NATAL";"8193";"SUPERINTENDENCIA DO HUOL - EBSERH";"357";"HUOL - DIRETORIA ADMINISTRATIVA-FINANCEIRA";".605.446.357.12940.";"24/06/1974";"";"ADMINISTRATIVA";"OPERACIONAL";"ADMINISTRATIVO                                    ";"SETOR                                                       ";"MEIO"
"3826";"21070800";"SERVICO DE LAVANDERIA E COSTURA";"slc";"";"";"NATAL";"446";"HOSPITAL UNIVERSITARIO ONOFRE LOPES";"3825";"DIVISAO DE SERVICOS GERAIS - DSG";".605.446.357.3825.3826.";"24/06/1974";"";"ADMINISTRATIVA";"OPERACIONAL";"ADMINISTRATIVO                                    ";"SETOR                                                       ";"MEIO"
"19725";"32070800";"SERVICO DE LAVANDERIA E COSTURA";"slc";"";"";"NATAL";"8193";"SUPERINTENDENCIA DO HUOL - EBSERH";"3825";"DIVISAO DE SERVICOS GERAIS - DSG";".605.446.357.3825.19725.";"24/06/1974";"";"ADMINISTRATIVA";"OPERACIONAL";"ADMINISTRATIVO                                    ";"SETOR                                                       ";"MEIO"
"3898";"21100709";"SERVICO DE NEUROCIRURGIA";"sneur";"";"";"NATAL";"446";"HOSPITAL UNIVERSITARIO ONOFRE LOPES";"3889";"DIVISAO DE CLINICA CIRURGICA";".605.446.392.3889.3898.";"24/06/1974";"";"ADMINISTRATIVA";"OPERACIONAL";"CIÊNCIAS DA SAÚDE                                 ";"SETOR                                                       ";"FIM"
"22498";"32100709";"SERVICO DE NEUROCIRURGIA";"sneur";"";"";"NATAL";"8193";"SUPERINTENDENCIA DO HUOL - EBSERH";"3889";"DIVISAO DE CLINICA CIRURGICA";".605.446.392.3889.22498.";"24/06/1974";"";"ADMINISTRATIVA";"OPERACIONAL";"CIÊNCIAS DA SAÚDE                                 ";"SETOR                                                       ";"FIM"
"3696";"22321404";"SERVICO DE NUTRICAO";"SN";"";"";"NATAL";"1424";"HOSPED - HOSPITAL DE PEDIATRIA";"3685";"SETOR DE AMBULATORIO GERAL";".1424.3640.3679.3685.3696.";"24/06/1974";"";"ADMINISTRATIVA";"OPERACIONAL";"CIÊNCIAS DA SAÚDE                                 ";"SETOR                                                       ";"FIM"
"3713";"22321702";"SERVICO DE NUTRICAO PARENTERAL";"SNP";"";"";"NATAL";"1424";"HOSPED - HOSPITAL DE PEDIATRIA";"3688";"SETOR DE APOIO ASSITENCIAL";".1424.3640.3679.3688.3713.";"24/06/1974";"";"ADMINISTRATIVA";"OPERACIONAL";"CIÊNCIAS DA SAÚDE                                 ";"SETOR                                                       ";"FIM"
"3892";"21100703";"SERVICO DE OTORRINOLARINGOLOGIA";"sotorrin";"";"";"NATAL";"446";"HOSPITAL UNIVERSITARIO ONOFRE LOPES";"3889";"DIVISAO DE CLINICA CIRURGICA";".605.446.392.3889.3892.";"24/06/1974";"";"COMPLEXO HOSPITALAR";"OPERACIONAL";"CIÊNCIAS DA SAÚDE                                 ";"SETOR                                                       ";"FIM"
"22144";"32100703";"SERVICO DE OTORRINOLARINGOLOGIA";"sotorrin";"";"";"NATAL";"8193";"SUPERINTENDENCIA DO HUOL - EBSERH";"3889";"DIVISAO DE CLINICA CIRURGICA";".605.446.392.3889.22144.";"24/06/1974";"";"COMPLEXO HOSPITALAR";"OPERACIONAL";"CIÊNCIAS DA SAÚDE                                 ";"SETOR                                                       ";"FIM"
"3861";"21100310";"SERVICO DE PLANTAO MEDICO";"spm";"";"";"NATAL";"446";"HOSPITAL UNIVERSITARIO ONOFRE LOPES";"3848";"DIVISAO DE CLINICA MEDICA";".605.446.392.3848.3861.";"24/06/1974";"";"COMPLEXO HOSPITALAR";"OPERACIONAL";"CIÊNCIAS DA SAÚDE                                 ";"SETOR                                                       ";"FIM"
"21200";"32100310";"SERVICO DE PLANTAO MEDICO";"spm";"";"";"NATAL";"8193";"SUPERINTENDENCIA DO HUOL - EBSERH";"3848";"DIVISAO DE CLINICA MEDICA";".605.446.392.3848.21200.";"24/06/1974";"";"COMPLEXO HOSPITALAR";"OPERACIONAL";"CIÊNCIAS DA SAÚDE                                 ";"SETOR                                                       ";"FIM"
"3899";"21100710";"SERVICO DE PROCTOLOGIA";"SPROCT";"";"";"NATAL";"446";"HOSPITAL UNIVERSITARIO ONOFRE LOPES";"3889";"DIVISAO DE CLINICA CIRURGICA";".605.446.392.3889.3899.";"24/06/1974";"";"COMPLEXO HOSPITALAR";"OPERACIONAL";"CIÊNCIAS DA SAÚDE                                 ";"SETOR                                                       ";"FIM"
"22557";"32100710";"SERVICO DE PROCTOLOGIA";"SPROCT";"";"";"NATAL";"8193";"SUPERINTENDENCIA DO HUOL - EBSERH";"3889";"DIVISAO DE CLINICA CIRURGICA";".605.446.392.3889.22557.";"24/06/1974";"";"COMPLEXO HOSPITALAR";"OPERACIONAL";"CIÊNCIAS DA SAÚDE                                 ";"SETOR                                                       ";"FIM"
"3701";"22321501";"SERVICO DE PSICOLOGIA";"SP";"";"";"NATAL";"1424";"HOSPED - HOSPITAL DE PEDIATRIA";"3686";"SETOR DE AMBULATORIO ESPECIALIZADO";".1424.3640.3679.3686.3701.";"24/06/1974";"";"ADMINISTRATIVA";"OPERACIONAL";"CIÊNCIAS DA SAÚDE                                 ";"SETOR                                                       ";"FIM"
"9035";"103219";"SERVICO DE PSICOLOGIA APLICADA DA FACISA";"FACISA/SPAF";"";"";"SANTA CRUZ";"605";"UNIVERSIDADE FEDERAL DO RIO GRANDE DO NORTE";"4890";"FACULDADE DE CIENCIAS DA SAUDE DO TRAIRI - FACISA";".605.4890.9035.";"01/01/2015";"";"ACADÊMICA";"OPERACIONAL";"CIÊNCIAS DA SAÚDE                                 ";"SETOR                                                       ";"FIM"
"3851";"21100302";"SERVICO DE PSIQUIATRIA";"spsiq";"";"";"NATAL";"446";"HOSPITAL UNIVERSITARIO ONOFRE LOPES";"3848";"DIVISAO DE CLINICA MEDICA";".605.446.392.3848.3851.";"24/06/1974";"";"COMPLEXO HOSPITALAR";"OPERACIONAL";"CIÊNCIAS DA SAÚDE                                 ";"SETOR                                                       ";"FIM"
"20728";"32100302";"SERVICO DE PSIQUIATRIA";"spsiq";"";"";"NATAL";"8193";"SUPERINTENDENCIA DO HUOL - EBSERH";"3848";"DIVISAO DE CLINICA MEDICA";".605.446.392.3848.20728.";"24/06/1974";"";"COMPLEXO HOSPITALAR";"OPERACIONAL";"CIÊNCIAS DA SAÚDE                                 ";"SETOR                                                       ";"FIM"
"3827";"21070801";"SERVICO DE RECEPCAO, SEGURANCA E TRANSPORTE";"scst";"";"";"NATAL";"446";"HOSPITAL UNIVERSITARIO ONOFRE LOPES";"3825";"DIVISAO DE SERVICOS GERAIS - DSG";".605.446.357.3825.3827.";"24/06/1974";"";"ADMINISTRATIVA";"OPERACIONAL";"ADMINISTRATIVO                                    ";"SETOR                                                       ";"MEIO"
"19784";"32070801";"SERVICO DE RECEPCAO, SEGURANCA E TRANSPORTE";"scst";"";"";"NATAL";"8193";"SUPERINTENDENCIA DO HUOL - EBSERH";"3825";"DIVISAO DE SERVICOS GERAIS - DSG";".605.446.357.3825.19784.";"24/06/1974";"";"ADMINISTRATIVA";"OPERACIONAL";"ADMINISTRATIVO                                    ";"SETOR                                                       ";"MEIO"
"3849";"21100300";"SERVICO DE REUMATOLOGIA";"sreum";"";"";"NATAL";"446";"HOSPITAL UNIVERSITARIO ONOFRE LOPES";"3848";"DIVISAO DE CLINICA MEDICA";".605.446.392.3848.3849.";"24/06/1974";"";"ADMINISTRATIVA";"OPERACIONAL";"CIÊNCIAS DA SAÚDE                                 ";"SETOR                                                       ";"FIM"
"20610";"32100300";"SERVICO DE REUMATOLOGIA";"sreum";"";"";"NATAL";"8193";"SUPERINTENDENCIA DO HUOL - EBSERH";"3848";"DIVISAO DE CLINICA MEDICA";".605.446.392.3848.20610.";"24/06/1974";"";"ADMINISTRATIVA";"OPERACIONAL";"CIÊNCIAS DA SAÚDE                                 ";"SETOR                                                       ";"FIM"
"3706";"22321603";"SERVICO DE TRATAMENTO INTENSIVO";"STI";"";"";"NATAL";"1424";"HOSPED - HOSPITAL DE PEDIATRIA";"3687";"SETOR DE INTERNACAO E ENFERMARIA";".1424.3640.3679.3687.3706.";"24/06/1974";"";"ADMINISTRATIVA";"OPERACIONAL";"CIÊNCIAS DA SAÚDE                                 ";"SETOR                                                       ";"FIM"
"3897";"21100708";"SERVICO DE TRAUMATO-ORTOPEDIA";"straumort";"";"";"NATAL";"446";"HOSPITAL UNIVERSITARIO ONOFRE LOPES";"3889";"DIVISAO DE CLINICA CIRURGICA";".605.446.392.3889.3897.";"24/06/1974";"";"ADMINISTRATIVA";"OPERACIONAL";"CIÊNCIAS DA SAÚDE                                 ";"SETOR                                                       ";"FIM"
"22439";"32100708";"SERVICO DE TRAUMATO-ORTOPEDIA";"straumort";"";"";"NATAL";"8193";"SUPERINTENDENCIA DO HUOL - EBSERH";"3889";"DIVISAO DE CLINICA CIRURGICA";".605.446.392.3889.22439.";"24/06/1974";"";"ADMINISTRATIVA";"OPERACIONAL";"CIÊNCIAS DA SAÚDE                                 ";"SETOR                                                       ";"FIM"
"3885";"21100601";"SERVICO DE ULTRA-SONOGRAFIA";"sradult";"";"";"NATAL";"446";"HOSPITAL UNIVERSITARIO ONOFRE LOPES";"2709";"HUOL - SERVICO DE ULTRASSONOGRAFIA";".605.446.2659.2709.3885.";"24/06/1974";"";"ADMINISTRATIVA";"OPERACIONAL";"CIÊNCIAS DA SAÚDE                                 ";"SETOR                                                       ";"FIM"
"21849";"32100601";"SERVICO DE ULTRA-SONOGRAFIA";"sradult";"";"";"NATAL";"8193";"SUPERINTENDENCIA DO HUOL - EBSERH";"2709";"HUOL - SERVICO DE ULTRASSONOGRAFIA";".605.446.2659.2709.21849.";"24/06/1974";"";"ADMINISTRATIVA";"OPERACIONAL";"CIÊNCIAS DA SAÚDE                                 ";"SETOR                                                       ";"FIM"
"3896";"21100707";"SERVICO DE UROLOGIA";"surol";"";"";"NATAL";"446";"HOSPITAL UNIVERSITARIO ONOFRE LOPES";"3889";"DIVISAO DE CLINICA CIRURGICA";".605.446.392.3889.3896.";"24/06/1974";"";"COMPLEXO HOSPITALAR";"OPERACIONAL";"CIÊNCIAS DA SAÚDE                                 ";"SETOR                                                       ";"FIM"
"22380";"32100707";"SERVICO DE UROLOGIA";"surol";"";"";"NATAL";"8193";"SUPERINTENDENCIA DO HUOL - EBSERH";"3889";"DIVISAO DE CLINICA CIRURGICA";".605.446.392.3889.22380.";"24/06/1974";"";"COMPLEXO HOSPITALAR";"OPERACIONAL";"CIÊNCIAS DA SAÚDE                                 ";"SETOR                                                       ";"FIM"
"3693";"22321401";"SERVICO MEDICO";"SM";"";"";"NATAL";"1424";"HOSPED - HOSPITAL DE PEDIATRIA";"3685";"SETOR DE AMBULATORIO GERAL";".1424.3640.3679.3685.3693.";"24/06/1974";"";"ADMINISTRATIVA";"OPERACIONAL";"CIÊNCIAS DA SAÚDE                                 ";"SETOR                                                       ";"FIM"
"4106";"22321608";"SERVICO MEDICO/ENFERMARIA";"SM";"";"";"NATAL";"1424";"HOSPED - HOSPITAL DE PEDIATRIA";"3687";"SETOR DE INTERNACAO E ENFERMARIA";".1424.3640.3679.3687.4106.";"24/06/1974";"";"ADMINISTRATIVA";"OPERACIONAL";"CIÊNCIAS BIOLÓGICAS                               ";"SETOR                                                       ";"FIM"
"3525";"15540001";"SERVICOS ADMINISTRATIVOS";"SERV/ADM";"";"";"NATAL";"441";"CENTRO DE CIENCIAS DA SAUDE";"3523";"DIRECAO/NHH";".605.292.3523.3525.";"24/06/1974";"";"ADMINISTRATIVA";"OPERACIONAL";"CIÊNCIAS DA SAÚDE                                 ";"SETOR                                                       ";"MEIO"
"3286";"15820603";"SERVICOS GERAIS";"SG";"";"";"NATAL";"441";"CENTRO DE CIENCIAS DA SAUDE";"3283";"SECRETARIA ADMINISTRATIVA/CCS";".441.3277.3283.3286.";"24/06/1974";"";"ADMINISTRATIVA";"OPERACIONAL";"ADMINISTRATIVO                                    ";"SETOR                                                       ";"MEIO"
"4224";"201204";"SERVICOS GERAIS/MEJC";"sg";"";"";"NATAL";"447";"MATERNIDADE ESCOLA JANUARIO CICCO";"286";"DIRETORIA ADMINISTRATIVA - MEJC";".605.447.286.4224.";"24/06/1974";"";"ADMINISTRATIVA";"OPERACIONAL";"ADMINISTRATIVO                                    ";"SETOR                                                       ";"MEIO"
"3524";"15540000";"SERVICOS MEDICOS";"SER/MÉD";"";"";"NATAL";"441";"CENTRO DE CIENCIAS DA SAUDE";"3523";"DIRECAO/NHH";".605.292.3523.3524.";"24/06/1974";"";"ADMINISTRATIVA";"OPERACIONAL";"CIÊNCIAS DA SAÚDE                                 ";"SETOR                                                       ";"FIM"
"3695";"22321403";"SERVICO SOCIAL";"SS";"";"";"NATAL";"1424";"HOSPED - HOSPITAL DE PEDIATRIA";"3685";"SETOR DE AMBULATORIO GERAL";".1424.3640.3679.3685.3695.";"24/06/1974";"";"ADMINISTRATIVA";"OPERACIONAL";"CIÊNCIAS DA SAÚDE                                 ";"SETOR                                                       ";"MEIO"
"3709";"22321606";"SERVICO SOCIAL/INTERNACAO";"SS";"";"";"NATAL";"1424";"HOSPED - HOSPITAL DE PEDIATRIA";"3687";"SETOR DE INTERNACAO E ENFERMARIA";".1424.3640.3679.3687.3709.";"24/06/1974";"";"ADMINISTRATIVA";"OPERACIONAL";"CIÊNCIAS DA SAÚDE                                 ";"SETOR                                                       ";"FIM"
"2728";"2007";"SERVICO SOCIAL - MEJC";"SSOC/MEJC";"";"";"NATAL";"447";"MATERNIDADE ESCOLA JANUARIO CICCO";"447";"MATERNIDADE ESCOLA JANUARIO CICCO";".605.447.2728.";"24/06/1974";"";"ADMINISTRATIVA";"OPERACIONAL";"CIÊNCIAS DA SAÚDE                                 ";"ASSESSORIA                                                  ";"FIM"
"9091";"31070101";"SERVICO SOCIAL - MEJC";"SSOC/MEJC";"";"";"NATAL";"8194";"SUPERINTENDENCIA DO MEJC - EBSERH";"8194";"SUPERINTENDENCIA DO MEJC - EBSERH";".8517.8194.9091.";"24/06/1974";"";"ADMINISTRATIVA";"OPERACIONAL";"CIÊNCIAS DA SAÚDE                                 ";"ASSESSORIA                                                  ";"FIM"
"3526";"15540002";"SERVICOS TECNICOS AUXILIARES";"SERV/TÉC";"";"";"NATAL";"441";"CENTRO DE CIENCIAS DA SAUDE";"3523";"DIRECAO/NHH";".605.292.3523.3526.";"24/06/1974";"";"ADMINISTRATIVA";"OPERACIONAL";"CIÊNCIAS DA SAÚDE                                 ";"SETOR                                                       ";"MEIO"
"5353";"8462";"SESU INCLUSAO DIGITAL";"SESU/ID";"";"";"NATAL";"605";"UNIVERSIDADE FEDERAL DO RIO GRANDE DO NORTE";"605";"UNIVERSIDADE FEDERAL DO RIO GRANDE DO NORTE";".605.5353.";"01/02/2010";"";"ADMINISTRATIVA";"ESTRATÉGICO";"ADMINISTRATIVO                                    ";"SETOR                                                       ";"FIM"
"4206";"23420805";"SETOR ALOJAMENTO CONJUNTO";"SAC";"";"";"SANTA CRUZ";"285";"HOSPITAL UNIVERSITARIO ANA BEZERRA";"4201";"GERENCIA DE ENFERMAGEM";".605.285.3722.4201.4206.";"24/06/1974";"";"ADMINISTRATIVA";"OPERACIONAL";"CIÊNCIAS DA SAÚDE                                 ";"SETOR                                                       ";"FIM"
"3462";"10040004";"SETOR ATELIER DE ARTES";"ATELIER/ART";"";"";"NATAL";"605";"UNIVERSIDADE FEDERAL DO RIO GRANDE DO NORTE";"3458";"DIRETORIA NAC";".605.291.3458.3462.";"24/06/1974";"";"ADMINISTRATIVA";"OPERACIONAL";"ARTES, COMUNICAÇAO E DIFUSAO                      ";"SETOR                                                       ";"FIM"
"4332";"151914";"Setor Cirurgico";"CIRUR";"";"";"NATAL";"441";"CENTRO DE CIENCIAS DA SAUDE";"195";"DEPARTAMENTO DE ODONTOLOGIA";".441.195.4332.";"24/06/1974";"";"ACADÊMICA";"OPERACIONAL";"CIÊNCIAS DA SAÚDE                                 ";"LABORATÓRIO                                                 ";"FIM"
"9151";"3300100302";"Setor de Abastecimento Farmaceutico e suprimentos - HUAB/EBSERH";"SAFS";"";"";"SANTA CRUZ";"8195";"SUPERINTENDENCIA DO HUAB - EBSERH";"9839";"DIVISAO DE LOGISTICA E INFRAESTRUTURA - HUAB/EBSERH";".8517.8195.11688.9839.9151.";"01/01/2008";"";"ADMINISTRATIVA";"OPERACIONAL";"ADMINISTRATIVO                                    ";"SETOR                                                       ";"FIM"
"13575";"31121102";"SETOR DE ABASTECIMENTO FARMACEUTICO E SUPRIMENTOS  MEJC/EBSERH";"SAFS/MEJC/EBSERH";"";"";"NATAL";"8194";"SUPERINTENDENCIA DO MEJC - EBSERH";"9846";"DIVISAO DE LOGISTICA E INFRAESTRUTURA HOSPITAL - MEJC/EBSERH";".8517.8194.9386.9846.13575.";"24/06/1974";"";"ADMINISTRATIVA";"OPERACIONAL";"ADMINISTRATIVO                                    ";"SETOR                                                       ";"FIM"
"10906";"11040903";"SETOR DE ACOMPANHAMENTO E AVALIACAO DAS ACOES DE EXTENSAO";"SAAE/PROEX";"ALEXANDREDAVID@REITORIA.UFRN.BR";"33422272";"NATAL";"605";"UNIVERSIDADE FEDERAL DO RIO GRANDE DO NORTE";"10902";"DIRETORIA DE ACOES EDUCACIONAIS";".605.17.10902.10906.";"16/06/2017";"";"ADMINISTRATIVA";"OPERACIONAL";"ADMINISTRATIVO                                    ";"SETOR                                                       ";"FIM"
"9848";"3300100201";"SETOR DE ADMINISTRACAO - HUAB/EBSERH";"ADMIN/HUAB/EBS";"";"";"SANTA CRUZ";"8195";"SUPERINTENDENCIA DO HUAB - EBSERH";"8797";"DIVISAO DE ADMINISTRACAO E FINANCAS - HUAB/EBSERH";".8517.8195.11688.8797.9848.";"11/01/2016";"";"ADMINISTRATIVA";"GERENCIAL";"ADMINISTRATIVO                                    ";"ASSESSORIA                                                  ";"FIM"
"9784";"32010103";"SETOR DE ADMINISTRACAO - HUOL/EBSERH";"SADMEBSERH";"";"";"NATAL";"8193";"SUPERINTENDENCIA DO HUOL - EBSERH";"9780";"EBSERH - Divisao de Administracao e Financas";".8517.8193.8987.9780.9784.";"01/01/2013";"";"ADMINISTRATIVA";"GERENCIAL";"ADMINISTRATIVO                                    ";"ASSESSORIA                                                  ";"FIM"
"9843";"31120902";"SETOR DE ADMINISTRACAO - MEJC/EBSERH";"SADMMEJCEBSERH";"";"";"NATAL";"8194";"SUPERINTENDENCIA DO MEJC - EBSERH";"9838";"DIVISAO DE ADMINISTRACAO E FINANCAS - MEJC/EBSERH";".8517.8194.9386.9838.9843.";"01/01/2013";"";"ADMINISTRATIVA";"GERENCIAL";"ADMINISTRATIVO                                    ";"SETOR                                                       ";"FIM"
"5249";"103208";"SETOR DE ALMOXARIFADO";"ALM-FACISA";"";"";"SANTA CRUZ";"605";"UNIVERSIDADE FEDERAL DO RIO GRANDE DO NORTE";"4890";"FACULDADE DE CIENCIAS DA SAUDE DO TRAIRI - FACISA";".605.4890.5249.";"11/12/2009";"";"ADMINISTRATIVA";"OPERACIONAL";"ADMINISTRATIVO                                    ";"SETOR                                                       ";"FIM"
"6313";"112220";"SETOR DE ALMOXARIFADO - EAJ";"SETALMOXA/EAJ";"";"";"MACAÍBA";"605";"UNIVERSIDADE FEDERAL DO RIO GRANDE DO NORTE";"351";"ESCOLA AGRICOLA DE JUNDIAI";".605.351.6313.";"11/11/2011";"";"ADMINISTRATIVA";"TÁTICO";"ADMINISTRATIVO                                    ";"SETOR                                                       ";"MEIO"
"10988";"1150010803";"SETOR DE ALMOXARIFADOS";"SA/NUPLAM";"";"";"NATAL";"605";"UNIVERSIDADE FEDERAL DO RIO GRANDE DO NORTE";"10935";"GERENCIA INDUSTRIAL - NUPLAM";".605.252.4006.10935.10988.";"31/07/2017";"";"ACADÊMICA";"ESTRATÉGICO";"ADMINISTRATIVO                                    ";"ASSESSORIA                                                  ";"FIM"
"3686";"223215";"SETOR DE AMBULATORIO ESPECIALIZADO";"SAE";"";"";"NATAL";"1424";"HOSPED - HOSPITAL DE PEDIATRIA";"3679";"DIRETORIA DE ATIVIDADES ASSISTENCIAIS";".1424.3640.3679.3686.";"24/06/1974";"";"ADMINISTRATIVA";"OPERACIONAL";"CIÊNCIAS DA SAÚDE                                 ";"SETOR                                                       ";"FIM"
"3685";"223214";"SETOR DE AMBULATORIO GERAL";"SAG";"";"";"NATAL";"1424";"HOSPED - HOSPITAL DE PEDIATRIA";"3679";"DIRETORIA DE ATIVIDADES ASSISTENCIAIS";".1424.3640.3679.3685.";"24/06/1974";"";"ADMINISTRATIVA";"OPERACIONAL";"CIÊNCIAS DA SAÚDE                                 ";"SETOR                                                       ";"FIM"
"4203";"23420802";"SETOR DE AMBULATORIOS";"SA";"";"";"SANTA CRUZ";"285";"HOSPITAL UNIVERSITARIO ANA BEZERRA";"4201";"GERENCIA DE ENFERMAGEM";".605.285.3722.4201.4203.";"24/06/1974";"";"ADMINISTRATIVA";"OPERACIONAL";"CIÊNCIAS DA SAÚDE                                 ";"SETOR                                                       ";"MEIO"
"6424";"131308";"SETOR DE APOIO A EXTENSAO";"SAEX/DEART";"";"";"NATAL";"442";"CENTRO DE CIENCIAS HUMANAS, LETRAS E ARTES";"139";"DEPARTAMENTO DE ARTES";".442.139.6424.";"18/11/2011";"";"ADMINISTRATIVA";"TÁTICO";"ADMINISTRATIVO                                    ";"SETOR                                                       ";"FIM"
"4510";"11051201";"SETOR DE APOIO AOS LABORATORIOS DE PESQUISA";"SALP";"";"";"NATAL";"605";"UNIVERSIDADE FEDERAL DO RIO GRANDE DO NORTE";"4509";"DIVISAO DE APOIO A PESQUISA";".605.1481.4509.4510.";"24/06/1974";"";"ADMINISTRATIVA";"OPERACIONAL";"ADMINISTRATIVO                                    ";"SETOR                                                       ";"MEIO"
"10502";"120332";"SETOR DE APOIO - DFTE";"APOIO/DFTE";"";"";"NATAL";"439";"CENTRO DE CIENCIAS EXATAS E DA TERRA";"121";"DEPARTAMENTO DE FISICA TEORICA E EXPERIMENTAL";".439.121.10502.";"01/01/2015";"";"ACADÊMICA";"ESTRATÉGICO";"ADMINISTRATIVO                                    ";"ASSESSORIA                                                  ";"FIM"
"9876";"33001105";"SETOR DE APOIO DIAGNOSTICO - HUAB/EBSERH";"SADI/HUAB/EBS";"";"";"SANTA CRUZ";"8195";"SUPERINTENDENCIA DO HUAB - EBSERH";"11865";"GERENCIA DE ATENCAO A SAUDE";".8517.8195.11865.9876.";"12/01/2016";"";"ACADÊMICA";"ESTRATÉGICO";"ADMINISTRATIVO                                    ";"ASSESSORIA                                                  ";"FIM"
"9884";"33001108";"SETOR DE APOIO TERAPEUTICO - HUAB/EBSERH";"SAT/HUAB/EBSERH";"";"";"SANTA CRUZ";"8195";"SUPERINTENDENCIA DO HUAB - EBSERH";"11865";"GERENCIA DE ATENCAO A SAUDE";".8517.8195.11865.9884.";"01/01/2017";"";"ACADÊMICA";"ESTRATÉGICO";"ADMINISTRATIVO                                    ";"ASSESSORIA                                                  ";"FIM"
"6102";"128210";"SETOR DE AQUISICAO E GERENCIAMENTO DE DADOS/LABSIS";"SAGD/LABSIS";"";"";"NATAL";"439";"CENTRO DE CIENCIAS EXATAS E DA TERRA";"4894";"DEPARTAMENTO DE GEOFISICA";".439.4894.6102.";"23/08/2011";"";"ADMINISTRATIVA";"TÁTICO";"CIÊNCIAS EXATAS E DA NATUREZA                     ";"SETOR                                                       ";"MEIO"
"3539";"1554000201";"SETOR DE ARQUIVOS/NHH";"SARQ/NHH";"";"";"NATAL";"441";"CENTRO DE CIENCIAS DA SAUDE";"3526";"SERVICOS TECNICOS AUXILIARES";".605.292.3523.3526.3539.";"24/06/1974";"";"ADMINISTRATIVA";"OPERACIONAL";"CIÊNCIAS DA SAÚDE                                 ";"SETOR                                                       ";"MEIO"
"11030";"1150010903";"SETOR DE ASSUNTOS REGULATORIOS";"SAR/NUPLAM";"";"";"NATAL";"605";"UNIVERSIDADE FEDERAL DO RIO GRANDE DO NORTE";"10994";"Gerencia de Garantia da Qualidade";".605.252.4006.10994.11030.";"31/07/2017";"";"ACADÊMICA";"ESTRATÉGICO";"ADMINISTRATIVO                                    ";"ASSESSORIA                                                  ";"FIM"
"4540";"11650413";"SETOR DE ATENDIMENTO NO CCS";"SAT-CCS";"";"";"NATAL";"605";"UNIVERSIDADE FEDERAL DO RIO GRANDE DO NORTE";"9";"DAP/PROGESP - DIRETORIA DE ADMINISTRACAO DE PESSOAL";".605.1421.9.4540.";"03/06/2003";"31/12/2010";"ADMINISTRATIVA";"OPERACIONAL";"ADMINISTRATIVO                                    ";"SETOR                                                       ";"MEIO"
"5253";"103212";"SETOR DE AULAS";"SA-FACISA";"";"";"SANTA CRUZ";"605";"UNIVERSIDADE FEDERAL DO RIO GRANDE DO NORTE";"4890";"FACULDADE DE CIENCIAS DA SAUDE DO TRAIRI - FACISA";".605.4890.5253.";"11/12/2009";"";"ADMINISTRATIVA";"OPERACIONAL";"ADMINISTRATIVO                                    ";"SETOR                                                       ";"FIM"
"3991";"126203";"SETOR DE AULAS TEORICAS III";"SATIII";"";"";"NATAL";"439";"CENTRO DE CIENCIAS EXATAS E DA TERRA";"3388";"DIRECAO DO CCET";".439.3388.3991.";"24/06/1974";"";"ADMINISTRATIVA";"OPERACIONAL";"CIÊNCIAS EXATAS E DA NATUREZA                     ";"SETOR                                                       ";"FIM"
"11028";"1150010901";"SETOR DE BOAS PRATICAS DE FABRICACAO";"SBPF/NUPLAM";"";"";"NATAL";"605";"UNIVERSIDADE FEDERAL DO RIO GRANDE DO NORTE";"10994";"Gerencia de Garantia da Qualidade";".605.252.4006.10994.11028.";"31/07/2017";"";"ACADÊMICA";"ESTRATÉGICO";"ADMINISTRATIVO                                    ";"ASSESSORIA                                                  ";"FIM"
"10880";"11082003";"SETOR DE CADASTRO E DOCUMENTACAO";"SCD/DP/INFRA";"";"";"NATAL";"605";"UNIVERSIDADE FEDERAL DO RIO GRANDE DO NORTE";"6891";"DIRETORIA DE PROJETOS";".605.20.6891.10880.";"06/06/2017";"";"ACADÊMICA";"ESTRATÉGICO";"ADMINISTRATIVO                                    ";"ASSESSORIA                                                  ";"FIM"
"3668";"22321001";"SETOR DE CAPACITACAO E APERFEICOAMENTO";"CCA";"";"";"NATAL";"1424";"HOSPED - HOSPITAL DE PEDIATRIA";"3661";"SETOR DE RECURSOS HUMANOS/HOSPED";".1424.3640.3654.3661.3668.";"24/06/1974";"";"ADMINISTRATIVA";"OPERACIONAL";"ADMINISTRATIVO                                    ";"SETOR                                                       ";"MEIO"
"3345";"11202202";"SETOR DE CATALOGACAO E CLASSIFICACAO";"SCC";"";"";"NATAL";"605";"UNIVERSIDADE FEDERAL DO RIO GRANDE DO NORTE";"3342";"COORDENADORIA DE PROCESSOS TECNICOS";".605.21.3342.3345.";"24/06/1974";"";"ADMINISTRATIVA";"OPERACIONAL";"INFORMAÇÃO                                        ";"SETOR                                                       ";"MEIO"
"6441";"131325";"SETOR DE CENOTECNICA";"CENOTEC";"";"";"NATAL";"442";"CENTRO DE CIENCIAS HUMANAS, LETRAS E ARTES";"139";"DEPARTAMENTO DE ARTES";".442.139.6441.";"18/11/2011";"";"ACADÊMICA";"OPERACIONAL";"ARTES, COMUNICAÇAO E DIFUSAO                      ";"SETOR                                                       ";"FIM"
"3349";"11202303";"SETOR DE CIRCULACAO";"SCIRC";"";"";"NATAL";"605";"UNIVERSIDADE FEDERAL DO RIO GRANDE DO NORTE";"3346";"COORDENADORIA DE APOIO AO USUARIO";".605.21.3346.3349.";"24/06/1974";"";"ADMINISTRATIVA";"OPERACIONAL";"INFORMAÇÃO                                        ";"SETOR                                                       ";"MEIO"
"3689";"223218";"SETOR DE CIRURGIA";"SC";"";"";"NATAL";"1424";"HOSPED - HOSPITAL DE PEDIATRIA";"3679";"DIRETORIA DE ATIVIDADES ASSISTENCIAIS";".1424.3640.3679.3689.";"24/06/1974";"";"ADMINISTRATIVA";"OPERACIONAL";"CIÊNCIAS DA SAÚDE                                 ";"SETOR                                                       ";"FIM"
"3347";"11202301";"SETOR DE COLECOES ESPECIAIS";"SCE";"";"";"NATAL";"605";"UNIVERSIDADE FEDERAL DO RIO GRANDE DO NORTE";"3346";"COORDENADORIA DE APOIO AO USUARIO";".605.21.3346.3347.";"24/06/1974";"";"ADMINISTRATIVA";"OPERACIONAL";"INFORMAÇÃO                                        ";"SETOR                                                       ";"MEIO"
"2441";"2009";"SETOR DE COMPRAS";"MEJC/SC";"";"";"NATAL";"447";"MATERNIDADE ESCOLA JANUARIO CICCO";"447";"MATERNIDADE ESCOLA JANUARIO CICCO";".605.447.2441.";"24/06/1974";"";"ADMINISTRATIVA";"OPERACIONAL";"CIÊNCIAS DA SAÚDE                                 ";"ASSESSORIA                                                  ";"FIM"
"4033";"21070603";"SETOR DE COMPRAS";"SCHUOL";"";"";"NATAL";"446";"HOSPITAL UNIVERSITARIO ONOFRE LOPES";"3812";"DIVISAO DE MATERIAL E PATRIMONIO/HUOL";".605.446.357.3812.4033.";"24/06/1974";"";"ADMINISTRATIVA";"OPERACIONAL";"ADMINISTRATIVO                                    ";"SETOR                                                       ";"MEIO"
"4463";"11202501";"SETOR DE COMPRAS";"SCBCZM";"";"";"NATAL";"605";"UNIVERSIDADE FEDERAL DO RIO GRANDE DO NORTE";"3343";"COORDENADORIA DE SELECAO E AQUISICAO";".605.21.3343.4463.";"24/06/1974";"";"ADMINISTRATIVA";"OPERACIONAL";"ADMINISTRATIVO                                    ";"SETOR                                                       ";"FIM"
"19666";"32070603";"SETOR DE COMPRAS";"SCHUOL";"";"";"NATAL";"8193";"SUPERINTENDENCIA DO HUOL - EBSERH";"3812";"DIVISAO DE MATERIAL E PATRIMONIO/HUOL";".605.446.357.3812.19666.";"24/06/1974";"";"ADMINISTRATIVA";"OPERACIONAL";"ADMINISTRATIVO                                    ";"SETOR                                                       ";"MEIO"
"2640";"1644";"SETOR DE COMPRAS E MANUTENCAO - CCSA";"COMPRAS/CCSA";"";"";"NATAL";"443";"CENTRO DE CIENCIAS SOCIAIS APLICADAS";"443";"CENTRO DE CIENCIAS SOCIAIS APLICADAS";".443.2640.";"24/06/1974";"";"ADMINISTRATIVA";"OPERACIONAL";"ADMINISTRATIVO                                    ";"SETOR                                                       ";"MEIO"
"3664";"22320900";"SETOR DE COMPRAS/HOSPED";"SC";"";"";"NATAL";"1424";"HOSPED - HOSPITAL DE PEDIATRIA";"3660";"SETOR DE MATERIAL E PATRIMONIO/HOSPED";".1424.3640.3654.3660.3664.";"24/06/1974";"";"ADMINISTRATIVA";"OPERACIONAL";"ADMINISTRATIVO                                    ";"SETOR                                                       ";"MEIO"
"3384";"17010201";"SETOR DE COMUNICACAO";"SEC";"";"";"NATAL";"440";"CENTRO DE BIOCIENCIAS";"3297";"SECRETARIA ADMINISTRATIVA DO CB";".440.176.3297.3384.";"24/06/1974";"";"ADMINISTRATIVA";"OPERACIONAL";"ADMINISTRATIVO                                    ";"SETOR                                                       ";"FIM"
"10542";"190107";"SETOR DE COMUNICACAO - CE";"SECOM/CE";"";"";"NATAL";"5965";"CENTRO DE EDUCACAO";"5966";"ADMINISTRACAO DO CENTRO DE EDUCACAO";".5965.5966.10542.";"20/02/2017";"";"ACADÊMICA";"ESTRATÉGICO";"ADMINISTRATIVO                                    ";"ASSESSORIA                                                  ";"FIM"
"11138";"11000502060203";"SETOR DE COMUNICACAO E MARKETING - IMD";"SCM/PARQUE/IMD";"";"994806824";"NATAL";"605";"UNIVERSIDADE FEDERAL DO RIO GRANDE DO NORTE";"11135";"DIRETORIA DO PARQUE TECNOLOGICO METROPOLE DIGITAL - IMD";".605.6069.7147.7878.11135.11138.";"16/11/2017";"";"ADMINISTRATIVA";"OPERACIONAL";"CIÊNCIAS EXATAS E DA NATUREZA                     ";"SETOR                                                       ";"FIM"
"30051";"11020002";"SETOR DE CONCESSAO DE DIARIAS E PASSAGENS - SCDP";"SCDP/PROAD/UFRN";"";"";"NATAL";"605";"UNIVERSIDADE FEDERAL DO RIO GRANDE DO NORTE";"1422";"PRO-REITORIA DE ADMINISTRACAO (PROAD)";".605.1422.30051.";"28/03/2019";"";"ACADÊMICA";"ESTRATÉGICO";"ADMINISTRATIVO                                    ";"AGÊNCIA                                                     ";"FIM"
"32410";"3300100203";"SETOR DE CONTABILIDADE - HUAB/EBSERH";"SCONT/HUAB";"";"";"SANTA CRUZ";"8195";"SUPERINTENDENCIA DO HUAB - EBSERH";"8797";"DIVISAO DE ADMINISTRACAO E FINANCAS - HUAB/EBSERH";".8517.8195.11688.8797.32410.";"13/12/2022";"";"ACADÊMICA";"ESTRATÉGICO";"ADMINISTRATIVO                                    ";"AGÊNCIA                                                     ";"FIM"
"32402";"31120903";"SETOR DE CONTABILIDADE  MEJC/EBSERH";"SCONT/MEJC";"";"";"NATAL";"8194";"SUPERINTENDENCIA DO MEJC - EBSERH";"9838";"DIVISAO DE ADMINISTRACAO E FINANCAS - MEJC/EBSERH";".8517.8194.9386.9838.32402.";"20/12/2022";"";"ACADÊMICA";"ESTRATÉGICO";"ADMINISTRATIVO                                    ";"AGÊNCIA                                                     ";"FIM"
"9752";"11280301";"SETOR DE CONTEUDOS - AGECOM";"SECONT-AGECOM";"agecom@comunica.ufrn.br";"(84)3215-3116,";"NATAL";"605";"UNIVERSIDADE FEDERAL DO RIO GRANDE DO NORTE";"2830";"DIRETORIA DA AGENCIA DE COMUNICACAO";".605.19.2830.9752.";"08/05/2018";"";"ACADÊMICA";"GERENCIAL";"ADMINISTRATIVO                                    ";"SETOR                                                       ";"FIM"
"7782";"11233102";"SETOR DE CONTROLE ACADEMICO LATO SENSU";"SCA/LATO/PPG";"";"";"NATAL";"605";"UNIVERSIDADE FEDERAL DO RIO GRANDE DO NORTE";"7780";"COORDENADORIA PEDAGOGICA DE POS-GRADUACAO";".605.1483.7780.7782.";"01/01/2013";"";"ADMINISTRATIVA";"ESTRATÉGICO";"ADMINISTRATIVO                                    ";"ASSESSORIA                                                  ";"FIM"
"7781";"11233101";"SETOR DE CONTROLE ACADEMICO STRICTO SENSU";"SCA/STRICTO/PPG";"";"";"NATAL";"605";"UNIVERSIDADE FEDERAL DO RIO GRANDE DO NORTE";"7780";"COORDENADORIA PEDAGOGICA DE POS-GRADUACAO";".605.1483.7780.7781.";"01/01/2013";"";"ADMINISTRATIVA";"ESTRATÉGICO";"ADMINISTRATIVO                                    ";"ASSESSORIA                                                  ";"FIM"
"11029";"1150010902";"SETOR DE CONTROLE DE QUALIDADE";"SCQ/NUPLAM";"";"";"NATAL";"605";"UNIVERSIDADE FEDERAL DO RIO GRANDE DO NORTE";"10994";"Gerencia de Garantia da Qualidade";".605.252.4006.10994.11029.";"31/07/2017";"";"ACADÊMICA";"ESTRATÉGICO";"ADMINISTRATIVO                                    ";"ASSESSORIA                                                  ";"FIM"
"7095";"1131051202";"SETOR DE CONTROLE E AVALIACAO DE BOLSAS";"SCB/PROAE";"";"";"NATAL";"605";"UNIVERSIDADE FEDERAL DO RIO GRANDE DO NORTE";"7090";"PROAE - DIVISAO DE ASSISTENCIA SOCIAL E ACOES DE PERMANENCIA";".605.248.6963.7090.7095.";"01/01/2013";"";"ADMINISTRATIVA";"ESTRATÉGICO";"ADMINISTRATIVO                                    ";"ASSESSORIA                                                  ";"FIM"
"8637";"171213";"SETOR DE CRONOBIOLOGIA";"CRONOBIO";"";"";"NATAL";"440";"CENTRO DE BIOCIENCIAS";"178";"DEPARTAMENTO DE FISIOLOGIA E COMPORTAMENTO";".440.178.8637.";"15/12/2014";"";"ACADÊMICA";"OPERACIONAL";"CIÊNCIAS BIOLÓGICAS                               ";"SETOR                                                       ";"FIM"
"10904";"11040901";"SETOR DE CURSOS E INTEGRACAO ACADEMICA";"CIAC/PROEX";"MAGFFARAUJO@GMAIL.COM";"33422272 RAMAL 111";"NATAL";"605";"UNIVERSIDADE FEDERAL DO RIO GRANDE DO NORTE";"10902";"DIRETORIA DE ACOES EDUCACIONAIS";".605.17.10902.10904.";"16/06/2017";"";"ACADÊMICA";"OPERACIONAL";"ADMINISTRATIVO                                    ";"SETOR                                                       ";"FIM"
"10987";"1150010802";"SETOR DE DESENVOLVIMENTO DE PRODUTOS FARMACEUTICOS";"SDPF/NUPLAM";"";"";"NATAL";"605";"UNIVERSIDADE FEDERAL DO RIO GRANDE DO NORTE";"10935";"GERENCIA INDUSTRIAL - NUPLAM";".605.252.4006.10935.10987.";"31/07/2017";"";"ACADÊMICA";"ESTRATÉGICO";"ADMINISTRATIVO                                    ";"ASSESSORIA                                                  ";"FIM"
"11140";"1100050206030102";"SETOR DE DESENVOLVIMENTO HUMANO E ORGANIZACIONAL - IMD";"SDHO/PARQ/IMD";"";"994806824";"NATAL";"605";"UNIVERSIDADE FEDERAL DO RIO GRANDE DO NORTE";"11112";"GERENCIA OPERACIONAL INOVA METROPOLE - IMD";".605.6069.7147.7878.10476.11112.11140.";"16/11/2017";"";"ACADÊMICA";"ESTRATÉGICO";"CIÊNCIAS EXATAS E DA NATUREZA                     ";"SETOR                                                       ";"FIM"
"4517";"1105110102";"SETOR DE DIVULGACAO CIENTIFICA";"SDC/PROPESQ";"";"";"NATAL";"605";"UNIVERSIDADE FEDERAL DO RIO GRANDE DO NORTE";"4511";"DIRETORIA DE APOIO A PESQUISA";".605.1481.4511.4517.";"24/06/1974";"";"ADMINISTRATIVA";"OPERACIONAL";"ADMINISTRATIVO                                    ";"DIVISAO                                                     ";"FIM"
"6105";"128213";"SETOR DE DIVULGACAO/LABSIS";"SD/LABSIS";"";"";"NATAL";"439";"CENTRO DE CIENCIAS EXATAS E DA TERRA";"4894";"DEPARTAMENTO DE GEOFISICA";".439.4894.6105.";"23/08/2011";"";"ADMINISTRATIVA";"TÁTICO";"ADMINISTRATIVO                                    ";"SETOR                                                       ";"MEIO"
"8072";"11202502";"SETOR DE DOACAO";"SDBCZM";"";"";"NATAL";"605";"UNIVERSIDADE FEDERAL DO RIO GRANDE DO NORTE";"3343";"COORDENADORIA DE SELECAO E AQUISICAO";".605.21.3343.8072.";"30/09/2013";"";"ADMINISTRATIVA";"OPERACIONAL";"ADMINISTRATIVO                                    ";"ASSESSORIA                                                  ";"FIM"
"6326";"112233";"SETOR DE EDUCACAO FISICA, ESPORTES E LAZER";"SETEDUFISES";"";"";"MACAÍBA";"605";"UNIVERSIDADE FEDERAL DO RIO GRANDE DO NORTE";"351";"ESCOLA AGRICOLA DE JUNDIAI";".605.351.6326.";"14/11/2011";"";"ADMINISTRATIVA";"OPERACIONAL";"ADMINISTRATIVO                                    ";"SETOR                                                       ";"MEIO"
"7098";"1131051302";"SETOR DE ENCAMINHAMENTO MEDICO ODONTOLOGICO";"SEMO/PROAE";"";"";"NATAL";"605";"UNIVERSIDADE FEDERAL DO RIO GRANDE DO NORTE";"7091";"PROAE - DIVISAO DE ATENCAO A SAUDE DO ESTUDANTE";".605.248.6963.7091.7098.";"01/01/2013";"";"ADMINISTRATIVA";"ESTRATÉGICO";"ADMINISTRATIVO                                    ";"ASSESSORIA                                                  ";"FIM"
"3538";"1551000200";"SETOR DE ENFERMAGEM/NHH";"SENF/NHH";"";"";"NATAL";"441";"CENTRO DE CIENCIAS DA SAUDE";"3526";"SERVICOS TECNICOS AUXILIARES";".605.292.3523.3526.3538.";"24/06/1974";"";"ADMINISTRATIVA";"OPERACIONAL";"CIÊNCIAS DA SAÚDE                                 ";"SETOR                                                       ";"FIM"
"6310";"112212";"SETOR DE ENGENHARIA";"SETENGENHAR";"";"";"MACAÍBA";"605";"UNIVERSIDADE FEDERAL DO RIO GRANDE DO NORTE";"351";"ESCOLA AGRICOLA DE JUNDIAI";".605.351.6310.";"11/11/2011";"";"ADMINISTRATIVA";"TÁTICO";"ADMINISTRATIVO                                    ";"SETOR                                                       ";"MEIO"
"9862";"3300100303";" Setor de Engenharia Clinica- HUAB/EBSERH";"STEC";"";"";"SANTA CRUZ";"8195";"SUPERINTENDENCIA DO HUAB - EBSERH";"9839";"DIVISAO DE LOGISTICA E INFRAESTRUTURA - HUAB/EBSERH";".8517.8195.11688.9839.9862.";"11/01/2016";"";"ACADÊMICA";"ESTRATÉGICO";"ADMINISTRATIVO                                    ";"ASSESSORIA                                                  ";"FIM"
"3540";"1554000202";"SETOR DE ESTATISTICA";"SEST";"";"";"NATAL";"441";"CENTRO DE CIENCIAS DA SAUDE";"3526";"SERVICOS TECNICOS AUXILIARES";".605.292.3523.3526.3540.";"24/06/1974";"";"ADMINISTRATIVA";"OPERACIONAL";"CIÊNCIAS DA SAÚDE                                 ";"ASSESSORIA                                                  ";"MEIO"
"4481";"1126010509";"SETOR DE ESTUDOS AMBIENTAIS - MCC";"SEA/MCC";"";"";"NATAL";"605";"UNIVERSIDADE FEDERAL DO RIO GRANDE DO NORTE";"3964";"COORDENACAO TECNICO-CIENTIFICA E CULTURAL";".605.290.3958.3964.4481.";"24/06/1974";"";"ADMINISTRATIVA";"OPERACIONAL";"INFORMAÇÃO                                        ";"LABORATÓRIO                                                 ";"FIM"
"10469";"110005020401";"SETOR DE EXECUCAO OPERACIONAL E FINANCEIRA  IMD";"SEOF-IMD";"";"";"NATAL";"605";"UNIVERSIDADE FEDERAL DO RIO GRANDE DO NORTE";"10081";"DIRETORIA DE PROJETOS - IMD";".605.6069.7147.10081.10469.";"09/05/2017";"";"ACADÊMICA";"ESTRATÉGICO";"ADMINISTRATIVO                                    ";"ASSESSORIA                                                  ";"FIM"
"348";"1531";"SETOR DE EXECUCAO ORCAMENTARIA";"SEO/CCS";"";"";"NATAL";"441";"CENTRO DE CIENCIAS DA SAUDE";"441";"CENTRO DE CIENCIAS DA SAUDE";".441.348.";"24/06/1974";"";"ADMINISTRATIVA";"OPERACIONAL";"CIÊNCIAS DA SAÚDE                                 ";"SETOR                                                       ";"MEIO"
"365";"1720";"SETOR DE EXECUCAO ORCAMENTARIA";"SEO/CB";"";"";"NATAL";"440";"CENTRO DE BIOCIENCIAS";"440";"CENTRO DE BIOCIENCIAS";".440.365.";"24/06/1974";"";"ADMINISTRATIVA";"OPERACIONAL";"ADMINISTRATIVO                                    ";"SETOR                                                       ";"MEIO"
"230";"1801";"SETOR DE EXECUCAO ORCAMENTARIA - CERES";"SEO/CERES";"";"";"CAICÓ";"1482";"CENTRO DE  ENSINO SUPERIOR DO SERIDO";"1482";"CENTRO DE  ENSINO SUPERIOR DO SERIDO";".1482.230.";"24/06/1974";"";"ADMINISTRATIVA";"OPERACIONAL";"ADMINISTRATIVO                                    ";"SETOR                                                       ";"MEIO"
"335";"1627";"SETOR DE EXECUCAO ORCAMENTARIA - SEO - CCSA";"SEO/CCSA";"";"";"NATAL";"443";"CENTRO DE CIENCIAS SOCIAIS APLICADAS";"443";"CENTRO DE CIENCIAS SOCIAIS APLICADAS";".443.335.";"24/06/1974";"";"ADMINISTRATIVA";"OPERACIONAL";"ADMINISTRATIVO                                    ";"SETOR                                                       ";"MEIO"
"5405";"103214";"SETOR DE EXECUCOES ORCAMENTARIAS";"SEO";"";"";"SANTA CRUZ";"605";"UNIVERSIDADE FEDERAL DO RIO GRANDE DO NORTE";"4890";"FACULDADE DE CIENCIAS DA SAUDE DO TRAIRI - FACISA";".605.4890.5405.";"16/06/2010";"";"ADMINISTRATIVA";"OPERACIONAL";"ADMINISTRATIVO                                    ";"SETOR                                                       ";"FIM"
"9882";"3300110102";"SETOR DE FARMACIA HOSPITALAR - HUAB/EBSERH";"SFH";"";"";"SANTA CRUZ";"8195";"SUPERINTENDENCIA DO HUAB - EBSERH";"9874";"DIVISAO DE GESTAO DO CUIDADO E APOIO DIAGNOSTICO E TERAPEUTICO - HUAB/EBSERH";".8517.8195.11865.9874.9882.";"01/01/2017";"";"ACADÊMICA";"ESTRATÉGICO";"ADMINISTRATIVO                                    ";"ASSESSORIA                                                  ";"FIM"
"10905";"11040902";"SETOR DE FOMENTO E DIVULGACAO CIENTIFICA";"SDC/PROEX";"MAGFFARAUJO@GMAIL.COM";"33422272";"NATAL";"605";"UNIVERSIDADE FEDERAL DO RIO GRANDE DO NORTE";"10902";"DIRETORIA DE ACOES EDUCACIONAIS";".605.17.10902.10905.";"16/06/2017";"";"ADMINISTRATIVA";"OPERACIONAL";"ADMINISTRATIVO                                    ";"SETOR                                                       ";"FIM"
"8169";"11690026";"SETOR DE GESTAO DA INFORMACAO";"SEGESTINFO";"";"";"NATAL";"605";"UNIVERSIDADE FEDERAL DO RIO GRANDE DO NORTE";"205";"ESCOLA DE SAUDE";".605.205.8169.";"16/12/2013";"";"ADMINISTRATIVA";"OPERACIONAL";"ADMINISTRATIVO                                    ";"SETOR                                                       ";"FIM"
"9855";"315402";"SETOR DE GESTAO DA PESQUISA E INOVACAO TECNOLOGICA EM SAUDE - MEJC/EBSERH";"UGPESQ/MEJC/EBSERH";"";"";"NATAL";"8194";"SUPERINTENDENCIA DO MEJC - EBSERH";"11805";"GERENCIA DE ENSINO E PESQUISA - MEJC/EBSERH";".8517.8194.11805.9855.";"01/01/2013";"";"ADMINISTRATIVA";"GERENCIAL";"ADMINISTRATIVO                                    ";"ASSESSORIA                                                  ";"FIM"
"9891";"3107";"SETOR DE GESTAO DA QUALIDADE - MEJC/EBSERH";"STGQ/MEJC/EBSERH";"";"";"NATAL";"8194";"SUPERINTENDENCIA DO MEJC - EBSERH";"8194";"SUPERINTENDENCIA DO MEJC - EBSERH";".8517.8194.9891.";"01/01/2013";"";"ADMINISTRATIVA";"GERENCIAL";"ADMINISTRATIVO                                    ";"ASSESSORIA                                                  ";"FIM"
"7783";"1123310101";"SETOR DE GESTAO DE BOLSAS DE ESTUDO";"BOLSAS/PPG";"";"";"NATAL";"605";"UNIVERSIDADE FEDERAL DO RIO GRANDE DO NORTE";"7781";"SETOR DE CONTROLE ACADEMICO STRICTO SENSU";".605.1483.7780.7781.7783.";"01/01/2013";"";"ADMINISTRATIVA";"ESTRATÉGICO";"ADMINISTRATIVO                                    ";"ASSESSORIA                                                  ";"FIM"
"9832";"33000903";"SETOR DE GESTAO DE ENSINO - HUAB/EBSERH";"SGE/HUAB/EBS";"";"";"SANTA CRUZ";"8195";"SUPERINTENDENCIA DO HUAB - EBSERH";"11629";"GERENCIA DE ENSINO E PESQUISA";".8517.8195.11629.9832.";"11/01/2016";"";"ADMINISTRATIVA";"GERENCIAL";"ADMINISTRATIVO                                    ";"ASSESSORIA                                                  ";"FIM"
"9856";"315403";"SETOR DE GESTAO DE ENSINO - MEJC/EBSERH";"SGEMEJCEBSERH";"";"";"NATAL";"8194";"SUPERINTENDENCIA DO MEJC - EBSERH";"11805";"GERENCIA DE ENSINO E PESQUISA - MEJC/EBSERH";".8517.8194.11805.9856.";"01/01/2013";"";"ADMINISTRATIVA";"OPERACIONAL";"ADMINISTRATIVO                                    ";"SETOR                                                       ";"FIM"
"9831";"33000902";"SETOR DE GESTAO DE PESQUISA E INOVACAO TECNOLOGICA - HUAB/EBSERH";"GPIT/HUAB/EBS";"";"";"SANTA CRUZ";"8195";"SUPERINTENDENCIA DO HUAB - EBSERH";"11629";"GERENCIA DE ENSINO E PESQUISA";".8517.8195.11629.9831.";"11/01/2016";"";"ADMINISTRATIVA";"GERENCIAL";"ADMINISTRATIVO                                    ";"ASSESSORIA                                                  ";"FIM"
"9827";"330006";"SETOR DE GESTAO DE QUALIDADE - HUAB/EBSERH";"SGQ/HUAB";"";"";"SANTA CRUZ";"8195";"SUPERINTENDENCIA DO HUAB - EBSERH";"8195";"SUPERINTENDENCIA DO HUAB - EBSERH";".8517.8195.9827.";"01/01/2015";"";"ACADÊMICA";"ESTRATÉGICO";"ADMINISTRATIVO                                    ";"ASSESSORIA                                                  ";"FIM"
"11139";"1100050206030101";"SETOR DE GESTAO - IMD";"SG/PARQUE/IMD";"";"994806824";"NATAL";"605";"UNIVERSIDADE FEDERAL DO RIO GRANDE DO NORTE";"11112";"GERENCIA OPERACIONAL INOVA METROPOLE - IMD";".605.6069.7147.7878.10476.11112.11139.";"16/11/2017";"";"ADMINISTRATIVA";"OPERACIONAL";"CIÊNCIAS EXATAS E DA NATUREZA                     ";"SETOR                                                       ";"FIM"
"9860";"3300100202";"SETOR DE GESTAO ORCAMENTARIA E FINANCEIRA - HUAB/EBSERH";"SGOF";"";"";"SANTA CRUZ";"8195";"SUPERINTENDENCIA DO HUAB - EBSERH";"8797";"DIVISAO DE ADMINISTRACAO E FINANCAS - HUAB/EBSERH";".8517.8195.11688.8797.9860.";"01/01/2016";"";"ADMINISTRATIVA";"GERENCIAL";"ADMINISTRATIVO                                    ";"ASSESSORIA                                                  ";"FIM"
"13280";"31120901";"SETOR DE GESTAO ORCAMENTARIA E FINANCEIRA - MEJC/EBSERH";"SGOF/MEJC/EBSERH";"";"";"NATAL";"8194";"SUPERINTENDENCIA DO MEJC - EBSERH";"9838";"DIVISAO DE ADMINISTRACAO E FINANCAS - MEJC/EBSERH";".8517.8194.9386.9838.13280.";"24/06/1974";"";"ADMINISTRATIVA";"OPERACIONAL";"ADMINISTRATIVO                                    ";"SETOR                                                       ";"MEIO"
"9828";"330007";"SETOR DE GOVERNANCA E ESTRATEGIA - HUAB/EBSERH";"SEGOV";"";"";"SANTA CRUZ";"8195";"SUPERINTENDENCIA DO HUAB - EBSERH";"8195";"SUPERINTENDENCIA DO HUAB - EBSERH";".8517.8195.9828.";"01/01/2013";"";"ADMINISTRATIVA";"GERENCIAL";"ADMINISTRATIVO                                    ";"ASSESSORIA                                                  ";"FIM"
"9892";"3106";"SETOR DE GOVERNANCA ESTRATEGICA - MEJC/EBSERH";"SGE/MEJC/EBSERH";"";"";"NATAL";"8194";"SUPERINTENDENCIA DO MEJC - EBSERH";"8194";"SUPERINTENDENCIA DO MEJC - EBSERH";".8517.8194.9892.";"01/01/2013";"";"ADMINISTRATIVA";"OPERACIONAL";"ADMINISTRATIVO                                    ";"SETOR                                                       ";"FIM"
"9842";"3300100301";"SETOR DE HOTELARIA HOSPITALAR - HUAB/EBSERH";"STHH/HUAB";"";"";"SANTA CRUZ";"8195";"SUPERINTENDENCIA DO HUAB - EBSERH";"9839";"DIVISAO DE LOGISTICA E INFRAESTRUTURA - HUAB/EBSERH";".8517.8195.11688.9839.9842.";"11/01/2016";"";"ACADÊMICA";"ESTRATÉGICO";"ADMINISTRATIVO                                    ";"ASSESSORIA                                                  ";"FIM"
"9847";"31121101";"SETOR DE HOTELARIA HOSPITALAR - MEJC/EBSERH";"STHH/MEJC/EBSERH";"";"";"NATAL";"8194";"SUPERINTENDENCIA DO MEJC - EBSERH";"9846";"DIVISAO DE LOGISTICA E INFRAESTRUTURA HOSPITAL - MEJC/EBSERH";".8517.8194.9386.9846.9847.";"01/01/2016";"";"ADMINISTRATIVA";"GERENCIAL";"ADMINISTRATIVO                                    ";"ASSESSORIA                                                  ";"FIM"
"8113";"11690005";"SETOR DE INFORMACAO ACADEMICA";"SIAEEN";"";"";"NATAL";"605";"UNIVERSIDADE FEDERAL DO RIO GRANDE DO NORTE";"205";"ESCOLA DE SAUDE";".605.205.8113.";"28/11/2013";"";"ACADÊMICA";"TÁTICO";"CIÊNCIAS DA SAÚDE                                 ";"SETOR                                                       ";"FIM"
"3348";"11202302";"SETOR DE INFORMACAO E REFERENCIA";"SIR";"";"";"NATAL";"605";"UNIVERSIDADE FEDERAL DO RIO GRANDE DO NORTE";"3346";"COORDENADORIA DE APOIO AO USUARIO";".605.21.3346.3348.";"24/06/1974";"";"ADMINISTRATIVA";"OPERACIONAL";"INFORMAÇÃO                                        ";"SETOR                                                       ";"MEIO"
"7823";"19010202";"SETOR DE INFORMATICA - CE";"INFO/CE";"";"";"NATAL";"5965";"CENTRO DE EDUCACAO";"5970";"COORDENADORIA ADMINISTRATIVA - CE";".5965.5966.5970.7823.";"20/02/2017";"";"ACADÊMICA";"ESTRATÉGICO";"ADMINISTRATIVO                                    ";"ASSESSORIA                                                  ";"FIM"
"32396";"31121104";"SETOR DE INFRAESTRUTURA FISICA - MEJC/EBSERH";"SIF/MEJC";"";"";"NATAL";"8194";"SUPERINTENDENCIA DO MEJC - EBSERH";"9846";"DIVISAO DE LOGISTICA E INFRAESTRUTURA HOSPITAL - MEJC/EBSERH";".8517.8194.9386.9846.32396.";"20/12/2022";"";"ACADÊMICA";"ESTRATÉGICO";"ADMINISTRATIVO                                    ";"AGÊNCIA                                                     ";"FIM"
"3687";"223216";"SETOR DE INTERNACAO E ENFERMARIA";"SIE";"";"";"NATAL";"1424";"HOSPED - HOSPITAL DE PEDIATRIA";"3679";"DIRETORIA DE ATIVIDADES ASSISTENCIAIS";".1424.3640.3679.3687.";"24/06/1974";"";"ADMINISTRATIVA";"OPERACIONAL";"CIÊNCIAS DA SAÚDE                                 ";"SETOR                                                       ";"FIM"
"3324";"112251";"SETOR DE INTERNATO";"SI-EAJ";"";"";"MACAÍBA";"605";"UNIVERSIDADE FEDERAL DO RIO GRANDE DO NORTE";"351";"ESCOLA AGRICOLA DE JUNDIAI";".605.351.3324.";"24/06/1974";"";"ADMINISTRATIVA";"OPERACIONAL";"ADMINISTRATIVO                                    ";"SETOR                                                       ";"MEIO"
"4053";"11280703";"SETOR DE JORNALISMO";"TELEJORNAL";"";"";"NATAL";"605";"UNIVERSIDADE FEDERAL DO RIO GRANDE DO NORTE";"4047";"DIRETORIA DE RADIO E TELEVISAO";".605.19.4047.4053.";"10/11/1999";"";"ADMINISTRATIVA";"OPERACIONAL";"INFORMAÇÃO                                        ";"DIVISAO                                                     ";"MEIO"
"10879";"11082002";"SETOR DE LICENCIAMENTO URBANISTICO";"SLU/DP/INFRA";"";"";"NATAL";"605";"UNIVERSIDADE FEDERAL DO RIO GRANDE DO NORTE";"6891";"DIRETORIA DE PROJETOS";".605.20.6891.10879.";"06/06/2017";"";"ACADÊMICA";"ESTRATÉGICO";"ADMINISTRATIVO                                    ";"ASSESSORIA                                                  ";"FIM"
"3440";"11210305";"SETOR DE MANUTENCAO DAS INSTALACOES FISICAS";"MANUT";"";"";"NOVA CRUZ";"605";"UNIVERSIDADE FEDERAL DO RIO GRANDE DO NORTE";"3435";"DIRECAO DO NUCLEO DE NOVA CRUZ";".605.1450.3433.3435.3440.";"24/06/1974";"";"ADMINISTRATIVA";"OPERACIONAL";"ADMINISTRATIVO                                    ";"SETOR                                                       ";"MEIO"
"8843";"11080502";"SETOR DE MANUTENCAO DE SERVICOS GERAIS";"SMSG/DIMAN";"";"";"NATAL";"605";"UNIVERSIDADE FEDERAL DO RIO GRANDE DO NORTE";"1433";"DIRETORIA DE MANUTENCAO DE INSTALACOES FISICAS";".605.20.1433.8843.";"17/07/2014";"";"ADMINISTRATIVA";"TÁTICO";"INFRA ESTRUTURA                                   ";"COORDENAÇÃO                                                 ";"FIM"
"10877";"11080507";"SETOR DE MANUTENCAO DO CERES E ESCOLA MULTICAMPI";"SEMCEM";"";"33422399";"NATAL";"605";"UNIVERSIDADE FEDERAL DO RIO GRANDE DO NORTE";"1433";"DIRETORIA DE MANUTENCAO DE INSTALACOES FISICAS";".605.20.1433.10877.";"05/06/2017";"";"ADMINISTRATIVA";"OPERACIONAL";"INFRA ESTRUTURA                                   ";"SETOR                                                       ";"FIM"
"8845";"11080503";"SETOR DE MANUTENCAO DO SISTEMA VIARIO";"SMSV/DIMAN";"";"";"NATAL";"605";"UNIVERSIDADE FEDERAL DO RIO GRANDE DO NORTE";"1433";"DIRETORIA DE MANUTENCAO DE INSTALACOES FISICAS";".605.20.1433.8845.";"17/07/2014";"";"ADMINISTRATIVA";"TÁTICO";"INFRA ESTRUTURA                                   ";"COORDENAÇÃO                                                 ";"FIM"
"8842";"11080506";"SETOR DE MANUTENCAO DOS SISTEMAS DE ABASTECIMENTO DE AGUA E ESGOTAMENTO SANITARIO";"MSAAES/DIMAN";"";"";"NATAL";"605";"UNIVERSIDADE FEDERAL DO RIO GRANDE DO NORTE";"1433";"DIRETORIA DE MANUTENCAO DE INSTALACOES FISICAS";".605.20.1433.8842.";"17/07/2014";"";"ADMINISTRATIVA";"TÁTICO";"INFRA ESTRUTURA                                   ";"COORDENAÇÃO                                                 ";"FIM"
"8841";"11080505";"SETOR DE MANUTENCAO DOS SISTEMAS ELETRICOS E DE TELECOMUNICACOES";"MSET/DIMAN";"";"";"NATAL";"605";"UNIVERSIDADE FEDERAL DO RIO GRANDE DO NORTE";"1433";"DIRETORIA DE MANUTENCAO DE INSTALACOES FISICAS";".605.20.1433.8841.";"17/07/2014";"";"ACADÊMICA";"TÁTICO";"INFRA ESTRUTURA                                   ";"COORDENAÇÃO                                                 ";"FIM"
"8187";"12880004";"SETOR DE MANUTENCAO E SUPORTE A INFRAESTRUTURA";"SEMANUSUPINFRA";"";"";"NATAL";"439";"CENTRO DE CIENCIAS EXATAS E DA TERRA";"6025";"INSTITUTO DE QUIMICA";".439.6025.8187.";"02/01/2014";"";"ADMINISTRATIVA";"OPERACIONAL";"ADMINISTRATIVO                                    ";"SETOR                                                       ";"FIM"
"3535";"1554000103";"SETOR DE MATERIAL E PATRIMONIO";"SMPAT";"";"";"NATAL";"441";"CENTRO DE CIENCIAS DA SAUDE";"3525";"SERVICOS ADMINISTRATIVOS";".605.292.3523.3525.3535.";"24/06/1974";"";"ADMINISTRATIVA";"OPERACIONAL";"CIÊNCIAS DA SAÚDE                                 ";"SETOR                                                       ";"MEIO"
"8069";"10320104";"SETOR DE MATERIAL E PATRIMONIO DA FACISA";"SMP/FACISA";"";"";"SANTA CRUZ";"605";"UNIVERSIDADE FEDERAL DO RIO GRANDE DO NORTE";"4913";"DIRETORIA ADMINISTRATIVA DA FACISA";".605.4890.4913.8069.";"08/10/2013";"";"ACADÊMICA";"ESTRATÉGICO";"ADMINISTRATIVO                                    ";"ASSESSORIA                                                  ";"FIM"
"3660";"223209";"SETOR DE MATERIAL E PATRIMONIO/HOSPED";"SMP";"";"";"NATAL";"1424";"HOSPED - HOSPITAL DE PEDIATRIA";"3654";"DIRETORIA DE ADMINISTRACAO E FINANCAS/HOSPED";".1424.3640.3654.3660.";"24/06/1974";"";"ADMINISTRATIVA";"OPERACIONAL";"ADMINISTRATIVO                                    ";"SETOR                                                       ";"MEIO"
"3638";"2011011302";"SETOR DE MATERIAL E PATRIMONIO/MEJC";"SMP";"";"";"NATAL";"447";"MATERNIDADE ESCOLA JANUARIO CICCO";"3635";"DIRECAO ADMINISTRATIVA/MEJC";".605.447.2712.3622.3635.3638.";"24/06/1974";"";"ADMINISTRATIVA";"OPERACIONAL";"ADMINISTRATIVO                                    ";"SETOR                                                       ";"FIM"
"15640";"3111011302";"SETOR DE MATERIAL E PATRIMONIO/MEJC";"SMP";"";"";"NATAL";"8194";"SUPERINTENDENCIA DO MEJC - EBSERH";"14991";"DIRECAO ADMINISTRATIVA/MEJC";".441.5728.9285.9327.13103.14991.15640.";"24/06/1974";"";"ADMINISTRATIVA";"OPERACIONAL";"ADMINISTRATIVO                                    ";"SETOR                                                       ";"FIM"
"3968";"1126010504";"SETOR DE MUSEOLOGIA - MCC";"SET/MUS/MCC";"";"";"NATAL";"605";"UNIVERSIDADE FEDERAL DO RIO GRANDE DO NORTE";"3964";"COORDENACAO TECNICO-CIENTIFICA E CULTURAL";".605.290.3958.3964.3968.";"24/06/1974";"";"ACADÊMICA";"ESTRATÉGICO";"INFORMAÇÃO                                        ";"DEPARTAMENTO                                                ";"FIM"
"6104";"128212";"SETOR DE OBSERVACAO E ACOMPANHAMENTO DA SISMICIDADE/LABSIS";"SOAS/LABSIS";"";"";"NATAL";"439";"CENTRO DE CIENCIAS EXATAS E DA TERRA";"4894";"DEPARTAMENTO DE GEOFISICA";".439.4894.6104.";"23/08/2011";"";"ADMINISTRATIVA";"TÁTICO";"CIÊNCIAS EXATAS E DA NATUREZA                     ";"SETOR                                                       ";"MEIO"
"7163";"110005020701";"SETOR DE ORCAMENTO E COMPRAS - IMD";"SEOCOM/IMD";"";"";"NATAL";"605";"UNIVERSIDADE FEDERAL DO RIO GRANDE DO NORTE";"7154";"DIRETORIA ADMINISTRATIVA - IMD";".605.6069.7147.7154.7163.";"09/05/2017";"";"ACADÊMICA";"ESTRATÉGICO";"ADMINISTRATIVO                                    ";"ASSESSORIA                                                  ";"FIM"
"7094";"1131051201";"SETOR DE ORIENTACAO PEDAGOGICA";"SOP/PROAE";"";"";"NATAL";"605";"UNIVERSIDADE FEDERAL DO RIO GRANDE DO NORTE";"7090";"PROAE - DIVISAO DE ASSISTENCIA SOCIAL E ACOES DE PERMANENCIA";".605.248.6963.7090.7094.";"01/01/2013";"";"ADMINISTRATIVA";"ESTRATÉGICO";"ADMINISTRATIVO                                    ";"ASSESSORIA                                                  ";"FIM"
"10336";"1126010510";"SETOR DE PALEONTOLOGIA - MCC";"PALEONTO/MCC";"";"";"NATAL";"605";"UNIVERSIDADE FEDERAL DO RIO GRANDE DO NORTE";"3964";"COORDENACAO TECNICO-CIENTIFICA E CULTURAL";".605.290.3958.3964.10336.";"18/01/2017";"";"ACADÊMICA";"ESTRATÉGICO";"ADMINISTRATIVO                                    ";"ASSESSORIA                                                  ";"FIM"
"6314";"112221";"SETOR DE PATRIMONIO";"SETPATRIM";"";"";"MACAÍBA";"605";"UNIVERSIDADE FEDERAL DO RIO GRANDE DO NORTE";"351";"ESCOLA AGRICOLA DE JUNDIAI";".605.351.6314.";"11/11/2011";"";"ADMINISTRATIVA";"TÁTICO";"ADMINISTRATIVO                                    ";"SETOR                                                       ";"MEIO"
"32953";"160158";"SETOR DE PATRIMONIO - CCSA";"SP/CCSA";"";"";"NATAL";"443";"CENTRO DE CIENCIAS SOCIAIS APLICADAS";"156";"DIRECAO DO CCSA";".443.156.32953.";"24/06/1974";"";"ADMINISTRATIVA";"GERENCIAL";"ADMINISTRATIVO                                    ";"SETOR                                                       ";"FIM"
"2449";"1246";"SETOR DE PATRIMONIO DO CCET";"PATRI/CCET";"";"";"NATAL";"439";"CENTRO DE CIENCIAS EXATAS E DA TERRA";"439";"CENTRO DE CIENCIAS EXATAS E DA TERRA";".439.2449.";"29/05/1999";"";"ADMINISTRATIVA";"OPERACIONAL";"ADMINISTRATIVO                                    ";"SETOR                                                       ";"MEIO"
"7162";"110005020703";"SETOR DE PATRIMONIO E MANUTENCAO  IMD";"SPATM - IMD";"";"";"NATAL";"605";"UNIVERSIDADE FEDERAL DO RIO GRANDE DO NORTE";"7154";"DIRETORIA ADMINISTRATIVA - IMD";".605.6069.7147.7154.7162.";"09/05/2017";"";"ACADÊMICA";"ESTRATÉGICO";"ADMINISTRATIVO                                    ";"ASSESSORIA                                                  ";"FIM"
"8773";"11322904";"SETOR DE PATRIMONIO - EMCM";"PAT/EMCM";"";"";"CAICÓ";"605";"UNIVERSIDADE FEDERAL DO RIO GRANDE DO NORTE";"7278";"ESCOLA MULTICAMPI DE CIENCIAS MEDICAS DO RIO GRANDE DO NORTE";".605.262.7278.8773.";"01/01/2013";"";"ADMINISTRATIVA";"GERENCIAL";"ADMINISTRATIVO                                    ";"ASSESSORIA                                                  ";"FIM"
"4207";"23420806";"SETOR DE PEDIATRIA";"SP";"";"";"SANTA CRUZ";"285";"HOSPITAL UNIVERSITARIO ANA BEZERRA";"4201";"GERENCIA DE ENFERMAGEM";".605.285.3722.4201.4207.";"24/06/1974";"";"ADMINISTRATIVA";"OPERACIONAL";"CIÊNCIAS DA SAÚDE                                 ";"SETOR                                                       ";"FIM"
"6329";"112236";"SETOR DE PESQUISA DE CAMPO";"SETPESQCAMP";"";"";"MACAÍBA";"605";"UNIVERSIDADE FEDERAL DO RIO GRANDE DO NORTE";"351";"ESCOLA AGRICOLA DE JUNDIAI";".605.351.6329.";"14/11/2011";"";"ACADÊMICA";"OPERACIONAL";"AGROPECUÁRIO                                      ";"SETOR                                                       ";"FIM"
"6307";"112207";"SETOR DE PESSOAL";"SETPESSOAL";"";"";"MACAÍBA";"605";"UNIVERSIDADE FEDERAL DO RIO GRANDE DO NORTE";"351";"ESCOLA AGRICOLA DE JUNDIAI";".605.351.6307.";"10/11/2011";"";"ADMINISTRATIVA";"TÁTICO";"ADMINISTRATIVO                                    ";"SETOR                                                       ";"MEIO"
"8068";"10320103";"SETOR DE PESSOAL DA FACISA";"PESSOAL/FACISA";"";"";"SANTA CRUZ";"605";"UNIVERSIDADE FEDERAL DO RIO GRANDE DO NORTE";"4913";"DIRETORIA ADMINISTRATIVA DA FACISA";".605.4890.4913.8068.";"08/10/2013";"";"ACADÊMICA";"TÁTICO";"ADMINISTRATIVO                                    ";"ASSESSORIA                                                  ";"FIM"
"3667";"22321000";"SETOR DE PESSOAL/HOSPED";"SP";"";"";"NATAL";"1424";"HOSPED - HOSPITAL DE PEDIATRIA";"3661";"SETOR DE RECURSOS HUMANOS/HOSPED";".1424.3640.3654.3661.3667.";"24/06/1974";"";"ADMINISTRATIVA";"OPERACIONAL";"ADMINISTRATIVO                                    ";"SETOR                                                       ";"MEIO"
"3534";"1554000102";"SETOR DE PESSOAL/NHH";"SP/NHH";"";"";"NATAL";"441";"CENTRO DE CIENCIAS DA SAUDE";"3525";"SERVICOS ADMINISTRATIVOS";".605.292.3523.3525.3534.";"24/06/1974";"";"ADMINISTRATIVA";"OPERACIONAL";"CIÊNCIAS DA SAÚDE                                 ";"SETOR                                                       ";"MEIO"
"6889";"11081202";"SETOR DE PLANEJAMENTO E CONTROLE AMBIENTAL";"SPCA/DMA";"";"";"NATAL";"605";"UNIVERSIDADE FEDERAL DO RIO GRANDE DO NORTE";"3919";"DIRETORIA DE MEIO AMBIENTE";".605.20.3919.6889.";"05/06/2017";"";"ACADÊMICA";"ESTRATÉGICO";"ADMINISTRATIVO                                    ";"ASSESSORIA                                                  ";"FIM"
"10991";"1150010806";"SETOR DE PLANEJAMENTO E CUSTOS DA PRODUCAO";"SPCP/NUPLAM";"";"";"NATAL";"605";"UNIVERSIDADE FEDERAL DO RIO GRANDE DO NORTE";"10935";"GERENCIA INDUSTRIAL - NUPLAM";".605.252.4006.10935.10991.";"31/07/2017";"";"ACADÊMICA";"ESTRATÉGICO";"ADMINISTRATIVO                                    ";"ASSESSORIA                                                  ";"FIM"
"8636";"171212";"SETOR DE POLISSONOGRAFIA E PSICOFISICA";"POLIPSICO";"";"";"NATAL";"440";"CENTRO DE BIOCIENCIAS";"178";"DEPARTAMENTO DE FISIOLOGIA E COMPORTAMENTO";".440.178.8636.";"15/04/2014";"";"ACADÊMICA";"OPERACIONAL";"CIÊNCIAS BIOLÓGICAS                               ";"SETOR                                                       ";"FIM"
"6103";"128211";"SETOR DE PROCESSAMENTO E INTERPRETACAO DE DADOS/LABSIS";"SPID/LABSIS";"";"";"NATAL";"439";"CENTRO DE CIENCIAS EXATAS E DA TERRA";"4894";"DEPARTAMENTO DE GEOFISICA";".439.4894.6103.";"23/08/2011";"";"ADMINISTRATIVA";"TÁTICO";"CIÊNCIAS EXATAS E DA NATUREZA                     ";"SETOR                                                       ";"MEIO"
"9753";"11280302";"SETOR DE PRODUCAO - AGECOM";"SEPRO-AGECOM";"agecom@comunica.ufrn.br";"(84)3215-3116";"NATAL";"605";"UNIVERSIDADE FEDERAL DO RIO GRANDE DO NORTE";"2830";"DIRETORIA DA AGENCIA DE COMUNICACAO";".605.19.2830.9753.";"08/05/2018";"";"ADMINISTRATIVA";"GERENCIAL";"ADMINISTRATIVO                                    ";"SETOR                                                       ";"FIM"
"6317";"112224";"SETOR DE PRODUCAO AGROPECUARIA";"SETPRODAGRO";"";"";"MACAÍBA";"605";"UNIVERSIDADE FEDERAL DO RIO GRANDE DO NORTE";"351";"ESCOLA AGRICOLA DE JUNDIAI";".605.351.6317.";"11/11/2011";"";"ADMINISTRATIVA";"TÁTICO";"ADMINISTRATIVO                                    ";"SETOR                                                       ";"MEIO"
"10910";"10040008";"SETOR DE PRODUCAO CULTURAL E ARTES INTEGRADAS";"SPCAI/NAC";"";"";"NATAL";"605";"UNIVERSIDADE FEDERAL DO RIO GRANDE DO NORTE";"3458";"DIRETORIA NAC";".605.291.3458.10910.";"01/07/2017";"";"ACADÊMICA";"ESTRATÉGICO";"ADMINISTRATIVO                                    ";"ASSESSORIA                                                  ";"FIM"
"10986";"1150010801";"SETOR DE PRODUCAO E EMBALAGEM DE MEDICAMENTOS";"SPEM/NUPLAM";"";"";"NATAL";"605";"UNIVERSIDADE FEDERAL DO RIO GRANDE DO NORTE";"10935";"GERENCIA INDUSTRIAL - NUPLAM";".605.252.4006.10935.10986.";"31/07/2017";"";"ACADÊMICA";"ESTRATÉGICO";"ADMINISTRATIVO                                    ";"ASSESSORIA                                                  ";"FIM"
"4051";"11280701";"SETOR DE PRODUCAO E PROGRAMACAO";"SPG/AGECOM";"";"";"NATAL";"605";"UNIVERSIDADE FEDERAL DO RIO GRANDE DO NORTE";"4047";"DIRETORIA DE RADIO E TELEVISAO";".605.19.4047.4051.";"10/11/1999";"";"ADMINISTRATIVA";"OPERACIONAL";"INFORMAÇÃO                                        ";"DIVISAO                                                     ";"MEIO"
"10465";"110005020302";"SETOR DE PRODUCAO MULTIMIDIA - IMD";"PRODMULTI/IMD";"";"";"NATAL";"605";"UNIVERSIDADE FEDERAL DO RIO GRANDE DO NORTE";"10082";"DIRETORIA DE ENSINO - IMD";".605.6069.7147.10082.10465.";"01/01/2017";"";"ACADÊMICA";"ESTRATÉGICO";"ADMINISTRATIVO                                    ";"ASSESSORIA                                                  ";"FIM"
"10468";"110005020402";"SETOR DE PROSPECCAO E NEGOCIOS  IMD";"SPN-IMD";"";"";"NATAL";"605";"UNIVERSIDADE FEDERAL DO RIO GRANDE DO NORTE";"10081";"DIRETORIA DE PROJETOS - IMD";".605.6069.7147.10081.10468.";"01/01/2017";"";"ACADÊMICA";"ESTRATÉGICO";"ADMINISTRATIVO                                    ";"ASSESSORIA                                                  ";"FIM"
"7822";"19010301";"SETOR DE PROTOCOLO, EXPEDIENTES E COMUNICACOES";"SEPROEC";"";"";"NATAL";"5965";"CENTRO DE EDUCACAO";"5971";"SECRETARIA GERAL - CENTRO DE EDUCACAO";".5965.5966.5971.7822.";"20/02/2017";"";"ACADÊMICA";"ESTRATÉGICO";"ADMINISTRATIVO                                    ";"ASSESSORIA                                                  ";"FIM"
"6323";"112230";"SETOR DE PSICOLOGIA";"SETPSICOLO";"";"";"MACAÍBA";"605";"UNIVERSIDADE FEDERAL DO RIO GRANDE DO NORTE";"351";"ESCOLA AGRICOLA DE JUNDIAI";".605.351.6323.";"14/11/2011";"";"ADMINISTRATIVA";"OPERACIONAL";"ADMINISTRATIVO                                    ";"SETOR                                                       ";"MEIO"
"7097";"1131051301";"SETOR DE PSICOLOGIA - PROAE";"SEPSI/PROAE";"";"";"NATAL";"605";"UNIVERSIDADE FEDERAL DO RIO GRANDE DO NORTE";"7091";"PROAE - DIVISAO DE ATENCAO A SAUDE DO ESTUDANTE";".605.248.6963.7091.7097.";"01/01/2013";"";"ADMINISTRATIVA";"ESTRATÉGICO";"ADMINISTRATIVO                                    ";"ASSESSORIA                                                  ";"FIM"
"6422";"130007";"SETOR DE PUBLICACAO";"SETPUBLIC";"";"";"NATAL";"442";"CENTRO DE CIENCIAS HUMANAS, LETRAS E ARTES";"442";"CENTRO DE CIENCIAS HUMANAS, LETRAS E ARTES";".442.6422.";"16/11/2011";"";"ADMINISTRATIVA";"TÁTICO";"ADMINISTRATIVO                                    ";"SETOR                                                       ";"FIM"
"3661";"223210";"SETOR DE RECURSOS HUMANOS/HOSPED";"SRH";"";"";"NATAL";"1424";"HOSPED - HOSPITAL DE PEDIATRIA";"3654";"DIRETORIA DE ADMINISTRACAO E FINANCAS/HOSPED";".1424.3640.3654.3661.";"24/06/1974";"";"ADMINISTRATIVA";"OPERACIONAL";"CIÊNCIAS DA SAÚDE                                 ";"SETOR                                                       ";"MEIO"
"7160";"110005020704";"SETOR DE RECURSOS HUMANOS - IMD";"SRH/IMD";"";"";"NATAL";"605";"UNIVERSIDADE FEDERAL DO RIO GRANDE DO NORTE";"7154";"DIRETORIA ADMINISTRATIVA - IMD";".605.6069.7147.7154.7160.";"01/01/2017";"";"ACADÊMICA";"ESTRATÉGICO";"ADMINISTRATIVO                                    ";"ASSESSORIA                                                  ";"FIM"
"3636";"2011041300";"SETOR DE RECURSOS HUMANOS/MEJC";"SRH";"";"";"NATAL";"447";"MATERNIDADE ESCOLA JANUARIO CICCO";"3635";"DIRECAO ADMINISTRATIVA/MEJC";".605.447.2712.3622.3635.3636.";"24/06/1974";"";"ADMINISTRATIVA";"OPERACIONAL";"CIÊNCIAS DA SAÚDE                                 ";"SETOR                                                       ";"MEIO"
"15699";"3111041300";"SETOR DE RECURSOS HUMANOS/MEJC";"SRH";"";"";"NATAL";"8194";"SUPERINTENDENCIA DO MEJC - EBSERH";"14991";"DIRECAO ADMINISTRATIVA/MEJC";".441.5728.9285.9327.13103.14991.15699.";"24/06/1974";"";"ADMINISTRATIVA";"OPERACIONAL";"CIÊNCIAS DA SAÚDE                                 ";"SETOR                                                       ";"MEIO"
"9877";"33001106";"SETOR DE REGULACAO E AVALIACAO EM SAUDE - HUAB/EBSERH";"SRAS/HUAB/EBS";"";"";"SANTA CRUZ";"8195";"SUPERINTENDENCIA DO HUAB - EBSERH";"11865";"GERENCIA DE ATENCAO A SAUDE";".8517.8195.11865.9877.";"12/01/2016";"";"ACADÊMICA";"ESTRATÉGICO";"ADMINISTRATIVO                                    ";"ASSESSORIA                                                  ";"FIM"
"9871";"311007";"SETOR DE REGULACAO E AVALIACAO EM SAUDE - MEJC/EBSERH";"SRAS/MEJC";"";"";"NATAL";"8194";"SUPERINTENDENCIA DO MEJC - EBSERH";"9861";"GERENCIA DE ATENCAO A SAUDE - MEJC/EBSERH";".8517.8194.9861.9871.";"01/01/2013";"";"ADMINISTRATIVA";"OPERACIONAL";"ADMINISTRATIVO                                    ";"SETOR                                                       ";"FIM"
"9790";"11281101";"SETOR DE RELACOES PUBLICAS";"REL/PUB/AGECOM";"";"";"NATAL";"605";"UNIVERSIDADE FEDERAL DO RIO GRANDE DO NORTE";"9755";"COORDENADORIA DE PROMOCAO INSTITUCIONAL";".605.19.9755.9790.";"24/06/1974";"";"ACADÊMICA";"ESTRATÉGICO";"ADMINISTRATIVO                                    ";"AGÊNCIA                                                     ";"FIM"
"8071";"11202304";"SETOR DE REPOSITORIOS DIGITAIS";"SRDBCZM";"";"";"NATAL";"605";"UNIVERSIDADE FEDERAL DO RIO GRANDE DO NORTE";"3346";"COORDENADORIA DE APOIO AO USUARIO";".605.21.3346.8071.";"30/09/2013";"";"ADMINISTRATIVA";"OPERACIONAL";"ADMINISTRATIVO                                    ";"ASSESSORIA                                                  ";"FIM"
"3439";"11210304";"SETOR DE REPROGRAFIA";"SREPROG";"";"";"NOVA CRUZ";"605";"UNIVERSIDADE FEDERAL DO RIO GRANDE DO NORTE";"3435";"DIRECAO DO NUCLEO DE NOVA CRUZ";".605.1450.3433.3435.3439.";"24/06/1974";"";"ADMINISTRATIVA";"OPERACIONAL";"ADMINISTRATIVO                                    ";"SETOR                                                       ";"MEIO"
"4382";"11210205";"SETOR DE REPROGRAFIA/CAMPUS DE MACAU";"SRCM";"";"";"MACAU";"605";"UNIVERSIDADE FEDERAL DO RIO GRANDE DO NORTE";"3430";"NUCLEO DE MACAU";".605.1450.3418.3425.3430.4382.";"24/06/1974";"";"ADMINISTRATIVA";"OPERACIONAL";"ADMINISTRATIVO                                    ";"SETOR                                                       ";"FIM"
"8074";"11202201";"SETOR DE RESTAURACAO";"SRBCZM";"";"";"NATAL";"605";"UNIVERSIDADE FEDERAL DO RIO GRANDE DO NORTE";"3342";"COORDENADORIA DE PROCESSOS TECNICOS";".605.21.3342.8074.";"01/10/2013";"";"ADMINISTRATIVA";"OPERACIONAL";"ADMINISTRATIVO                                    ";"ASSESSORIA                                                  ";"FIM"
"3323";"112252";"SETOR DE RESTAURANTE";"SR-EAJ";"";"";"MACAÍBA";"605";"UNIVERSIDADE FEDERAL DO RIO GRANDE DO NORTE";"351";"ESCOLA AGRICOLA DE JUNDIAI";".605.351.3323.";"24/06/1974";"";"ADMINISTRATIVA";"OPERACIONAL";"ADMINISTRATIVO                                    ";"SETOR                                                       ";"MEIO"
"6308";"112209";"SETOR DE SEGURANCA";"SETSEGUR";"";"";"MACAÍBA";"605";"UNIVERSIDADE FEDERAL DO RIO GRANDE DO NORTE";"351";"ESCOLA AGRICOLA DE JUNDIAI";".605.351.6308.";"11/11/2011";"";"ADMINISTRATIVA";"TÁTICO";"ADMINISTRATIVO                                    ";"SETOR                                                       ";"MEIO"
"7096";"1131051203";"SETOR DE SELECAO";"SELEÇÃO/PROAE";"";"";"NATAL";"605";"UNIVERSIDADE FEDERAL DO RIO GRANDE DO NORTE";"7090";"PROAE - DIVISAO DE ASSISTENCIA SOCIAL E ACOES DE PERMANENCIA";".605.248.6963.7090.7096.";"01/01/2013";"";"ADMINISTRATIVA";"ESTRATÉGICO";"ADMINISTRATIVO                                    ";"ASSESSORIA                                                  ";"FIM"
"10840";"10320105";"SETOR DE SERVICO DE SAUDE DA FACISA";"SESAU/FACISA";"";"";"SANTA CRUZ";"605";"UNIVERSIDADE FEDERAL DO RIO GRANDE DO NORTE";"4913";"DIRETORIA ADMINISTRATIVA DA FACISA";".605.4890.4913.10840.";"16/05/2017";"";"ACADÊMICA";"ESTRATÉGICO";"ADMINISTRATIVO                                    ";"ASSESSORIA                                                  ";"FIM"
"3383";"17010301";"SETOR DE SERVICOS GERAIS-CB";"SSG";"";"";"NATAL";"440";"CENTRO DE BIOCIENCIAS";"3298";"ASSESSORIA ADMINISTRATIVA - CB";".440.176.3298.3383.";"24/06/1974";"";"ADMINISTRATIVA";"OPERACIONAL";"ADMINISTRATIVO                                    ";"SETOR                                                       ";"MEIO"
"3663";"223212";"SETOR DE SERVICOS GERAIS/HOSPED";"SSG";"";"";"NATAL";"1424";"HOSPED - HOSPITAL DE PEDIATRIA";"3654";"DIRETORIA DE ADMINISTRACAO E FINANCAS/HOSPED";".1424.3640.3654.3663.";"24/06/1974";"";"ADMINISTRATIVA";"OPERACIONAL";"ADMINISTRATIVO                                    ";"SETOR                                                       ";"MEIO"
"3639";"2011041303";"SETOR DE SERVICOS GERAIS/MEJC";"SSG";"";"";"NATAL";"447";"MATERNIDADE ESCOLA JANUARIO CICCO";"3635";"DIRECAO ADMINISTRATIVA/MEJC";".605.447.2712.3622.3635.3639.";"24/06/1974";"";"ADMINISTRATIVA";"OPERACIONAL";"ADMINISTRATIVO                                    ";"SETOR                                                       ";"MEIO"
"15876";"3111041303";"SETOR DE SERVICOS GERAIS/MEJC";"SSG";"";"";"NATAL";"8194";"SUPERINTENDENCIA DO MEJC - EBSERH";"14991";"DIRECAO ADMINISTRATIVA/MEJC";".441.5728.9285.9327.13103.14991.15876.";"24/06/1974";"";"ADMINISTRATIVA";"OPERACIONAL";"ADMINISTRATIVO                                    ";"SETOR                                                       ";"MEIO"
"3536";"1554000104";"SETOR DE SERVICOS GERAIS/NHH";"SSG/NHH";"";"";"NATAL";"441";"CENTRO DE CIENCIAS DA SAUDE";"3525";"SERVICOS ADMINISTRATIVOS";".605.292.3523.3525.3536.";"24/06/1974";"";"ADMINISTRATIVA";"OPERACIONAL";"CIÊNCIAS DA SAÚDE                                 ";"SETOR                                                       ";"MEIO"
"6378";"112253";"SETOR DE SERVICO SOCIAL";"SETSERVSOC";"";"";"MACAÍBA";"605";"UNIVERSIDADE FEDERAL DO RIO GRANDE DO NORTE";"351";"ESCOLA AGRICOLA DE JUNDIAI";".605.351.6378.";"14/11/2011";"";"ADMINISTRATIVA";"OPERACIONAL";"ADMINISTRATIVO                                    ";"SETOR                                                       ";"MEIO"
"3351";"11202401";"SETOR DE SUPORTE TECNICO";"SST";"";"";"NATAL";"605";"UNIVERSIDADE FEDERAL DO RIO GRANDE DO NORTE";"3350";"COORDENADORIA DE APOIO TECNOLOGICO";".605.21.3350.3351.";"24/06/1974";"";"ADMINISTRATIVA";"OPERACIONAL";"INFORMAÇÃO                                        ";"SETOR                                                       ";"MEIO"
"8512";"180015";"SETOR DE SUPORTE TECNICO E REDE/CERES";"SUPREDE";"";"";"CAICÓ";"1482";"CENTRO DE  ENSINO SUPERIOR DO SERIDO";"61";"ADMINISTRACAO DO CERES - CAICO";".1482.61.8512.";"02/04/2014";"";"ADMINISTRATIVA";"OPERACIONAL";"INFORMAÇÃO                                        ";"SETOR                                                       ";"FIM"
"5500";"11690018";"SETOR DE TECNOLOGIA DA INFORMACAO";"SETOR-TI/ESUFRN";"";"";"NATAL";"605";"UNIVERSIDADE FEDERAL DO RIO GRANDE DO NORTE";"205";"ESCOLA DE SAUDE";".605.205.5500.";"15/10/2010";"";"ADMINISTRATIVA";"OPERACIONAL";"INFORMAÇÃO                                        ";"SETOR                                                       ";"FIM"
"12691";"330008";"SETOR DE TECNOLOGIA DA INFORMACAO E SAUDE DIGITAL - HUAB/EBSERH";"SETISD";"";"";"SANTA CRUZ";"8195";"SUPERINTENDENCIA DO HUAB - EBSERH";"8195";"SUPERINTENDENCIA DO HUAB - EBSERH";".8517.8195.12691.";"24/06/1974";"";"ADMINISTRATIVA";"OPERACIONAL";"ADMINISTRATIVO                                    ";"DIVISAO                                                     ";"MEIO"
"10679";"3103";"SETOR DE TECNOLOGIA DA INFORMACAO E SAUDE DIGITAL - MEJC/EBSERH";"STISD/MEJC/EBSERH";"";"";"NATAL";"8194";"SUPERINTENDENCIA DO MEJC - EBSERH";"8194";"SUPERINTENDENCIA DO MEJC - EBSERH";".8517.8194.10679.";"20/12/2022";"";"ACADÊMICA";"ESTRATÉGICO";"ADMINISTRATIVO                                    ";"AGÊNCIA                                                     ";"FIM"
"3541";"1554000203";"SETOR DE TRANSPORTE";"STRANSP";"";"";"NATAL";"441";"CENTRO DE CIENCIAS DA SAUDE";"3526";"SERVICOS TECNICOS AUXILIARES";".605.292.3523.3526.3541.";"24/06/1974";"";"ADMINISTRATIVA";"OPERACIONAL";"CIÊNCIAS DA SAÚDE                                 ";"SETOR                                                       ";"MEIO"
"6309";"112211";"SETOR DE TRANSPORTE";"SETTRANSP";"";"";"MACAÍBA";"605";"UNIVERSIDADE FEDERAL DO RIO GRANDE DO NORTE";"351";"ESCOLA AGRICOLA DE JUNDIAI";".605.351.6309.";"11/11/2011";"";"ADMINISTRATIVA";"TÁTICO";"ADMINISTRATIVO                                    ";"SETOR                                                       ";"MEIO"
"10989";"1150010804";"SETOR DE TRATAMENTO DE AGUA";"STA/NUPLAM";"";"";"NATAL";"605";"UNIVERSIDADE FEDERAL DO RIO GRANDE DO NORTE";"10935";"GERENCIA INDUSTRIAL - NUPLAM";".605.252.4006.10935.10989.";"31/07/2017";"";"ACADÊMICA";"ESTRATÉGICO";"ADMINISTRATIVO                                    ";"ASSESSORIA                                                  ";"FIM"
"1436";"11081203";"SETOR DE TRATAMENTO DE ESGOTO E REUSO";"STER/DMA";"";"";"NATAL";"605";"UNIVERSIDADE FEDERAL DO RIO GRANDE DO NORTE";"3919";"DIRETORIA DE MEIO AMBIENTE";".605.20.3919.1436.";"24/06/1974";"";"ADMINISTRATIVA";"OPERACIONAL";"INFRA ESTRUTURA                                   ";"SETOR                                                       ";"FIM"
"11031";"1150010904";"SETOR DE VALIDACAO";"SV/NUPLAM";"";"";"NATAL";"605";"UNIVERSIDADE FEDERAL DO RIO GRANDE DO NORTE";"10994";"Gerencia de Garantia da Qualidade";".605.252.4006.10994.11031.";"31/07/2017";"";"ACADÊMICA";"ESTRATÉGICO";"ADMINISTRATIVO                                    ";"ASSESSORIA                                                  ";"FIM"
"11924";"33001107";"SETOR DE VIGILANCIA EM SAUDE - HUAB/EBSERH";"SVS/HUAB/EBS";"";"";"SANTA CRUZ";"8195";"SUPERINTENDENCIA DO HUAB - EBSERH";"11865";"GERENCIA DE ATENCAO A SAUDE";".8517.8195.11865.11924.";"01/08/2008";"";"ADMINISTRATIVA";"OPERACIONAL";"CIÊNCIAS DA SAÚDE                                 ";"NÚCLEO                                                      ";"MEIO"
"9873";"311006";"SETOR DE VIGILANCIA EM SAUDE - MEJC/EBSERH";"SEVISAUD/MEJC";"";"";"NATAL";"8194";"SUPERINTENDENCIA DO MEJC - EBSERH";"9861";"GERENCIA DE ATENCAO A SAUDE - MEJC/EBSERH";".8517.8194.9861.9873.";"01/01/2016";"";"ADMINISTRATIVA";"GERENCIAL";"ADMINISTRATIVO                                    ";"ASSESSORIA                                                  ";"FIM"
"6385";"112261";"SETOR DE ZOOTECNIA";"ZOOTEC";"";"";"MACAÍBA";"605";"UNIVERSIDADE FEDERAL DO RIO GRANDE DO NORTE";"351";"ESCOLA AGRICOLA DE JUNDIAI";".605.351.6385.";"14/11/2011";"";"ACADÊMICA";"OPERACIONAL";"AGROPECUÁRIO                                      ";"LABORATÓRIO                                                 ";"FIM"
"4205";"23420804";"SETOR DO CENTRO CIRURGICO";"SCC";"";"";"SANTA CRUZ";"285";"HOSPITAL UNIVERSITARIO ANA BEZERRA";"4201";"GERENCIA DE ENFERMAGEM";".605.285.3722.4201.4205.";"24/06/1974";"";"ADMINISTRATIVA";"OPERACIONAL";"CIÊNCIAS DA SAÚDE                                 ";"SETOR                                                       ";"FIM"
"4204";"23420803";"SETOR DO POSTO DE COLETA";"PC";"";"";"SANTA CRUZ";"285";"HOSPITAL UNIVERSITARIO ANA BEZERRA";"4201";"GERENCIA DE ENFERMAGEM";".605.285.3722.4201.4204.";"24/06/1974";"";"ADMINISTRATIVA";"OPERACIONAL";"CIÊNCIAS DA SAÚDE                                 ";"SETOR                                                       ";"MEIO"
"4221";"201201";"SETOR FINANCEIRO-MEJC";"sf";"";"";"NATAL";"447";"MATERNIDADE ESCOLA JANUARIO CICCO";"286";"DIRETORIA ADMINISTRATIVA - MEJC";".605.447.286.4221.";"24/06/1974";"";"ADMINISTRATIVA";"OPERACIONAL";"ADMINISTRATIVO                                    ";"SETOR                                                       ";"MEIO"
"3637";"2011041301";"SETOR FINANCEIRO/MEJC";"SF/MEJC";"";"";"NATAL";"447";"MATERNIDADE ESCOLA JANUARIO CICCO";"3635";"DIRECAO ADMINISTRATIVA/MEJC";".605.447.2712.3622.3635.3637.";"24/06/1974";"";"ADMINISTRATIVA";"OPERACIONAL";"ADMINISTRATIVO                                    ";"SETOR                                                       ";"MEIO"
"15758";"3111041301";"SETOR FINANCEIRO/MEJC";"SF/MEJC";"";"";"NATAL";"8194";"SUPERINTENDENCIA DO MEJC - EBSERH";"14991";"DIRECAO ADMINISTRATIVA/MEJC";".441.5728.9285.9327.13103.14991.15758.";"24/06/1974";"";"ADMINISTRATIVA";"OPERACIONAL";"ADMINISTRATIVO                                    ";"SETOR                                                       ";"MEIO"
"9890";"3102";"SETOR JURIDICO - MEJC";"SJURMEJCEBSERH";"";"";"NATAL";"8194";"SUPERINTENDENCIA DO MEJC - EBSERH";"8194";"SUPERINTENDENCIA DO MEJC - EBSERH";".8517.8194.9890.";"01/01/2013";"";"ADMINISTRATIVA";"GERENCIAL";"ADMINISTRATIVO                                    ";"ASSESSORIA                                                  ";"FIM"
"10501";"120331";"SETOR LABORATORIOS";"SETLAB/DFTE";"";"";"NATAL";"439";"CENTRO DE CIENCIAS EXATAS E DA TERRA";"121";"DEPARTAMENTO DE FISICA TEORICA E EXPERIMENTAL";".439.121.10501.";"01/01/2015";"";"ACADÊMICA";"ESTRATÉGICO";"ADMINISTRATIVO                                    ";"ASSESSORIA                                                  ";"FIM"
"13045";"3300110103";"SETOR MATERNO INFANTIL E SAUDE DA MULHER - HUAB/EBSERH";"STMIM/HUAB";"";"";"SANTA CRUZ";"8195";"SUPERINTENDENCIA DO HUAB - EBSERH";"9874";"DIVISAO DE GESTAO DO CUIDADO E APOIO DIAGNOSTICO E TERAPEUTICO - HUAB/EBSERH";".8517.8195.11865.9874.13045.";"24/06/1974";"";"ACADÊMICA";"ESTRATÉGICO";"CIÊNCIAS DA SAÚDE                                 ";"SETOR                                                       ";"FIM"
"6101";"128209";"SETOR OPERACIONAL/LABSIS";"SO/LABSIS";"";"";"NATAL";"439";"CENTRO DE CIENCIAS EXATAS E DA TERRA";"4894";"DEPARTAMENTO DE GEOFISICA";".439.4894.6101.";"23/08/2011";"";"ADMINISTRATIVA";"TÁTICO";"CIÊNCIAS EXATAS E DA NATUREZA                     ";"SETOR                                                       ";"MEIO"
"4208";"23420807";"SETOR SALA DE PARTOS";"SSP";"";"";"SANTA CRUZ";"285";"HOSPITAL UNIVERSITARIO ANA BEZERRA";"4201";"GERENCIA DE ENFERMAGEM";".605.285.3722.4201.4208.";"24/06/1974";"";"ADMINISTRATIVA";"OPERACIONAL";"CIÊNCIAS DA SAÚDE                                 ";"SETOR                                                       ";"FIM"
"30431";"11241001";"SGI - PROCEDIMENTOS DISCIPLINARES";"PAD-SIND";"";"99229-6495";"NATAL";"605";"UNIVERSIDADE FEDERAL DO RIO GRANDE DO NORTE";"30417";"SECRETARIA DE GOVERNANCA INSTITUCIONAL";".605.4659.30417.30431.";"31/07/2019";"";"ADMINISTRATIVA";"ESTRATÉGICO";"ADMINISTRATIVO                                    ";"ASSESSORIA                                                  ";"FIM"
"10849";"11240403";"SRI - ASSESSORIA TECNICA";"ASTEC/SRI";"";"";"NATAL";"605";"UNIVERSIDADE FEDERAL DO RIO GRANDE DO NORTE";"6014";"SECRETARIA DE RELACOES INTERNACIONAIS";".605.4659.6014.10849.";"22/05/2017";"";"ACADÊMICA";"ESTRATÉGICO";"ADMINISTRATIVO                                    ";"ASSESSORIA                                                  ";"FIM"
"10851";"11240405";"SRI - COORDENADORIA DE ACORDOS DE COOPERACAO INTERNACIONAL";"CACI/SRI";"";"";"NATAL";"605";"UNIVERSIDADE FEDERAL DO RIO GRANDE DO NORTE";"6014";"SECRETARIA DE RELACOES INTERNACIONAIS";".605.4659.6014.10851.";"22/05/2017";"";"ACADÊMICA";"ESTRATÉGICO";"ADMINISTRATIVO                                    ";"ASSESSORIA                                                  ";"FIM"
"8088";"11240401";"SRI - COORDENADORIA DE  APOIO LINGUISTICO";"SRI/CAPLIN";"";"";"NATAL";"605";"UNIVERSIDADE FEDERAL DO RIO GRANDE DO NORTE";"6014";"SECRETARIA DE RELACOES INTERNACIONAIS";".605.4659.6014.8088.";"19/05/2017";"";"ACADÊMICA";"GERENCIAL";"ADMINISTRATIVO                                    ";"COORDENAÇÃO                                                 ";"FIM"
"10852";"11240406";"SRI - COORDENADORIA DE DIVULGACAO E DADOS";"CDD/SRI";"";"";"NATAL";"605";"UNIVERSIDADE FEDERAL DO RIO GRANDE DO NORTE";"6014";"SECRETARIA DE RELACOES INTERNACIONAIS";".605.4659.6014.10852.";"22/05/2017";"";"ACADÊMICA";"ESTRATÉGICO";"ADMINISTRATIVO                                    ";"ASSESSORIA                                                  ";"FIM"
"30039";"11240409";"SRI - COORDENADORIA DE MIDIA DA SRI";"MEDIA/SRI";"";"33422271";"NATAL";"605";"UNIVERSIDADE FEDERAL DO RIO GRANDE DO NORTE";"6014";"SECRETARIA DE RELACOES INTERNACIONAIS";".605.4659.6014.30039.";"14/02/2019";"";"ADMINISTRATIVA";"OPERACIONAL";"ADMINISTRATIVO                                    ";"COORDENADORIA                                               ";"FIM"
"10850";"11240404";"SRI - COORDENADORIA DE MOBILIDADE ACADEMICA";"CMA/SRI";"";"";"NATAL";"605";"UNIVERSIDADE FEDERAL DO RIO GRANDE DO NORTE";"6014";"SECRETARIA DE RELACOES INTERNACIONAIS";".605.4659.6014.10850.";"22/05/2017";"";"ACADÊMICA";"ESTRATÉGICO";"ADMINISTRATIVO                                    ";"ASSESSORIA                                                  ";"FIM"
"10854";"11240408";"SRI - SECRETARIA ADMINISTRATIVA";"SECAD/SRI";"";"";"NATAL";"605";"UNIVERSIDADE FEDERAL DO RIO GRANDE DO NORTE";"6014";"SECRETARIA DE RELACOES INTERNACIONAIS";".605.4659.6014.10854.";"22/05/2017";"";"ACADÊMICA";"ESTRATÉGICO";"ADMINISTRATIVO                                    ";"ASSESSORIA                                                  ";"FIM"
"10853";"11240407";"SRI - SECRETARIA DA COMISSAO DE RELACOES INTERNACIONAIS E DE MOBILIDADE ACADEMICA";"SECRIMA/SRI";"";"";"NATAL";"605";"UNIVERSIDADE FEDERAL DO RIO GRANDE DO NORTE";"6014";"SECRETARIA DE RELACOES INTERNACIONAIS";".605.4659.6014.10853.";"22/05/2017";"";"ACADÊMICA";"ESTRATÉGICO";"ADMINISTRATIVO                                    ";"ASSESSORIA                                                  ";"FIM"
"3616";"113505";"STI - COORDENADORIA DE REDES";"STI/REDES";"netadmin@info.ufrn.br";"3215 3169";"NATAL";"605";"UNIVERSIDADE FEDERAL DO RIO GRANDE DO NORTE";"2";"SUPERINTENDENCIA DE TECNOLOGIA DA INFORMACAO";".605.2.3616.";"01/01/2000";"";"ADMINISTRATIVA";"OPERACIONAL";"INFORMAÇÃO                                        ";"DIRETORIA                                                   ";"MEIO"
"3615";"113501";"STI - COORDENADORIA DE SISTEMAS";"STI/SISTEMAS";"dirsitemas@info.ufrn.br";"3215 3148";"NATAL";"605";"UNIVERSIDADE FEDERAL DO RIO GRANDE DO NORTE";"2";"SUPERINTENDENCIA DE TECNOLOGIA DA INFORMACAO";".605.2.3615.";"01/01/2000";"";"ADMINISTRATIVA";"OPERACIONAL";"INFORMAÇÃO                                        ";"DIRETORIA                                                   ";"MEIO"
"19";"1128";"SUPERINTENDENCIA DE COMUNICACAO";"COMUNICA";"";"";"NATAL";"605";"UNIVERSIDADE FEDERAL DO RIO GRANDE DO NORTE";"605";"UNIVERSIDADE FEDERAL DO RIO GRANDE DO NORTE";".605.19.";"24/06/1974";"";"ÓRGÃO SUPLEMENTAR";"ESTRATÉGICO";"ADMINISTRATIVO                                    ";"AGÊNCIA                                                     ";"FIM"
"20";"1108";"SUPERINTENDENCIA DE INFRAESTRUTURA";"INFRA";"";"3215.3160,3215.3161";"NATAL";"605";"UNIVERSIDADE FEDERAL DO RIO GRANDE DO NORTE";"605";"UNIVERSIDADE FEDERAL DO RIO GRANDE DO NORTE";".605.20.";"24/06/1974";"";"ADMINISTRATIVA";"ESTRATÉGICO";"INFRA ESTRUTURA                                   ";"SUPERINTENDÊNCIA                                            ";"MEIO"
"2";"1135";"SUPERINTENDENCIA DE TECNOLOGIA DA INFORMACAO";"STI";"contato@sti.ufrn.br";"3215.3156,3215.3134";"NATAL";"605";"UNIVERSIDADE FEDERAL DO RIO GRANDE DO NORTE";"605";"UNIVERSIDADE FEDERAL DO RIO GRANDE DO NORTE";".605.2.";"24/06/1974";"";"ADMINISTRATIVA";"ESTRATÉGICO";"INFORMAÇÃO                                        ";"SUPERINTENDÊNCIA                                            ";"MEIO"
"8195";"3300";"SUPERINTENDENCIA DO HUAB - EBSERH";"SHUAB";"";"";"SANTA CRUZ";"8195";"SUPERINTENDENCIA DO HUAB - EBSERH";"8517";"EMPRESA BRASILEIRA DE SERVICOS HOSPITALARES";".8517.8195.";"01/01/2015";"";"ADMINISTRATIVA";"GERENCIAL";"ADMINISTRATIVO                                    ";"HOSPITAL                                                    ";"FIM"
"8193";"3200";"SUPERINTENDENCIA DO HUOL - EBSERH";"HUOL/EBSERH";"";"";"NATAL";"8193";"SUPERINTENDENCIA DO HUOL - EBSERH";"8517";"EMPRESA BRASILEIRA DE SERVICOS HOSPITALARES";".8517.8193.";"01/01/2013";"";"ACADÊMICA";"ESTRATÉGICO";"ADMINISTRATIVO                                    ";"HOSPITAL                                                    ";"FIM"
"8194";"3100";"SUPERINTENDENCIA DO MEJC - EBSERH";"SMEJC";"";"";"NATAL";"8194";"SUPERINTENDENCIA DO MEJC - EBSERH";"8517";"EMPRESA BRASILEIRA DE SERVICOS HOSPITALARES";".8517.8194.";"01/01/2013";"";"ACADÊMICA";"ESTRATÉGICO";"ADMINISTRATIVO                                    ";"HOSPITAL                                                    ";"FIM"
"2580";"13011031";"SUPERVISAO ACADEMICA - SAT II";"SASATII";"";"";"NATAL";"442";"CENTRO DE CIENCIAS HUMANAS, LETRAS E ARTES";"1840";"ASSESSORIA ADMINISTRATIVA DO CCHLA";".442.135.1840.2580.";"24/06/1974";"";"ADMINISTRATIVA";"TÁTICO";"ADMINISTRATIVO                                    ";"SETOR                                                       ";"FIM"
"10641";"131509";"SUPERVISAO ADMINISTRATIVA";"ADMDECOM";"";"";"NATAL";"442";"CENTRO DE CIENCIAS HUMANAS, LETRAS E ARTES";"140";"DEPARTAMENTO DE COMUNICACAO SOCIAL";".442.140.10641.";"20/03/2017";"";"ADMINISTRATIVA";"ESTRATÉGICO";"ADMINISTRATIVO                                    ";"ASSESSORIA                                                  ";"FIM"
"6176";"141828";"SUPERVISAO DE CONTROLE DE PROCESSO LAMP";"SCP/LAMP";"";"";"NATAL";"445";"CENTRO DE TECNOLOGIA";"56";"DEPARTAMENTO DE ENGENHARIA DE COMPUTACAO E AUTOMACAO";".445.56.6176.";"31/08/2011";"";"ADMINISTRATIVA";"TÁTICO";"ADMINISTRATIVO                                    ";"ASSESSORIA                                                  ";"MEIO"
"2665";"110210";"SUPORTE DE INFORMATICA DA REITORIA";"SUPORTE/REITOR";"";"";"NATAL";"605";"UNIVERSIDADE FEDERAL DO RIO GRANDE DO NORTE";"1422";"PRO-REITORIA DE ADMINISTRACAO (PROAD)";".605.1422.2665.";"24/06/1974";"";"ADMINISTRATIVA";"OPERACIONAL";"ADMINISTRATIVO                                    ";"ASSESSORIA                                                  ";"MEIO"
"6438";"131322";"TEATRO LABORATORIO JESIEL FIGUEIREDO";"TEALABJEFI";"";"";"NATAL";"442";"CENTRO DE CIENCIAS HUMANAS, LETRAS E ARTES";"139";"DEPARTAMENTO DE ARTES";".442.139.6438.";"18/11/2011";"";"ACADÊMICA";"OPERACIONAL";"ARTES, COMUNICAÇAO E DIFUSAO                      ";"LABORATÓRIO                                                 ";"FIM"
"6439";"131323";"TEATRO MULTIPLO";"TEAMULT";"";"";"NATAL";"442";"CENTRO DE CIENCIAS HUMANAS, LETRAS E ARTES";"139";"DEPARTAMENTO DE ARTES";".442.139.6439.";"18/11/2011";"";"ACADÊMICA";"OPERACIONAL";"ARTES, COMUNICAÇAO E DIFUSAO                      ";"SETOR                                                       ";"FIM"
"3798";"21081403";"TERAPIA INTENSIVA";"ti";"";"";"NATAL";"446";"HOSPITAL UNIVERSITARIO ONOFRE LOPES";"3793";"HUOL - EDIFICIO CENTRAL DE INTERNACAO  4º ANDAR";".605.446.394.3793.3798.";"24/06/1974";"";"ADMINISTRATIVA";"OPERACIONAL";"CIÊNCIAS DA SAÚDE                                 ";"SECRETARIA ADMINISTRATIVA                                   ";"FIM"
"20079";"32081403";"TERAPIA INTENSIVA";"ti";"";"";"NATAL";"8193";"SUPERINTENDENCIA DO HUOL - EBSERH";"3793";"HUOL - EDIFICIO CENTRAL DE INTERNACAO  4º ANDAR";".605.446.394.3793.20079.";"24/06/1974";"";"ADMINISTRATIVA";"OPERACIONAL";"CIÊNCIAS DA SAÚDE                                 ";"SECRETARIA ADMINISTRATIVA                                   ";"FIM"
"5241";"8450";"TERMO DE COOPERACAO ANP/PRH 30 - QUIMICA";"ANP/PRH 30-QUI";"";"";"NATAL";"605";"UNIVERSIDADE FEDERAL DO RIO GRANDE DO NORTE";"605";"UNIVERSIDADE FEDERAL DO RIO GRANDE DO NORTE";".605.5241.";"01/01/2010";"";"ACADÊMICA";"ESTRATÉGICO";"ADMINISTRATIVO                                    ";"COORDENAÇÃO                                                 ";"FIM"
"2698";"2162";"TESTE ERGOMETRICO";"ERG/HUOL";"";"";"NATAL";"446";"HOSPITAL UNIVERSITARIO ONOFRE LOPES";"2659";"HUOL - CENTRO DE DIAGNOSTICO POR IMAGEM";".605.446.2659.2698.";"24/06/1974";"";"COMPLEXO HOSPITALAR";"OPERACIONAL";"CIÊNCIAS DA SAÚDE                                 ";"SETOR                                                       ";"FIM"
"11111";"3262";"TESTE ERGOMETRICO";"ERG-HUOL";"";"";"NATAL";"605";"UNIVERSIDADE FEDERAL DO RIO GRANDE DO NORTE";"9990";"GRUPO DE IMPROVISACAO LIVRE DA EMUFRN";".605.284.5870.9966.9990.11111.";"24/06/1974";"";"COMPLEXO HOSPITALAR";"OPERACIONAL";"CIÊNCIAS DA SAÚDE                                 ";"SETOR                                                       ";"FIM"
"4544";"141706";"TOPOGRAFIA";"tpgr";"";"";"NATAL";"445";"CENTRO DE TECNOLOGIA";"52";"DEPARTAMENTO DE ENGENHARIA CIVIL E AMBIENTAL";".445.52.4544.";"24/06/1974";"";"ADMINISTRATIVA";"OPERACIONAL";"CIÊNCIAS EXATAS E DA NATUREZA                     ";"SETOR                                                       ";"FIM"
"3186";"141604";"TRATAMENTOS TERMICOS DE MATERIAIS CERAMICOS";"LTMC/ENGMAT";"";"";"NATAL";"445";"CENTRO DE TECNOLOGIA";"1589";"DEPARTAMENTO DE ENGENHARIA DE MATERIAIS";".445.1589.3186.";"29/07/2014";"";"ACADÊMICA";"OPERACIONAL";"CIÊNCIAS EXATAS E DA NATUREZA                     ";"LABORATÓRIO                                                 ";"FIM"
"5482";"151932";"TRAUMATOLOGIA BUCO-MAXILO-FACIAL";"TRAUMA";"";"";"NATAL";"441";"CENTRO DE CIENCIAS DA SAUDE";"195";"DEPARTAMENTO DE ODONTOLOGIA";".441.195.5482.";"04/10/2010";"";"ACADÊMICA";"OPERACIONAL";"CIÊNCIAS DA SAÚDE                                 ";"LABORATÓRIO                                                 ";"FIM"
"11176";"1132290004";"UNIDADE ACADEMICA DE APOIO AO ENSINO E A PESQUISA DA UBS CENTRO  CAICO";"UBS/castelob";"Andrey.emcm@gmail.com";"33422337";"CAICÓ";"605";"UNIVERSIDADE FEDERAL DO RIO GRANDE DO NORTE";"7278";"ESCOLA MULTICAMPI DE CIENCIAS MEDICAS DO RIO GRANDE DO NORTE";".605.262.7278.11176.";"20/12/2017";"";"ACADÊMICA";"ESTRATÉGICO";"ADMINISTRATIVO                                    ";"SECRETARIA ADMINISTRATIVA                                   ";"FIM"
"11173";"1132290001";"UNIDADE ACADEMICA DE APOIO AO ENSINO E A PESQUISA DA UBS JOAO XXIII  CAICO";"UBS/JOAO-XXIII";"Andrey.emcm@gmail.com";"33422337";"CAICÓ";"605";"UNIVERSIDADE FEDERAL DO RIO GRANDE DO NORTE";"7278";"ESCOLA MULTICAMPI DE CIENCIAS MEDICAS DO RIO GRANDE DO NORTE";".605.262.7278.11173.";"20/12/2017";"";"ACADÊMICA";"ESTRATÉGICO";"ADMINISTRATIVO                                    ";"SECRETARIA ADMINISTRATIVA                                   ";"FIM"
"11174";"1132290002";"UNIDADE ACADEMICA DE APOIO AO ENSINO E A PESQUISA DA UBS PARAIBA  CAICO";"UBS/Paraiba";"Andrey.emcm@gmail.com";"33422337";"CAICÓ";"605";"UNIVERSIDADE FEDERAL DO RIO GRANDE DO NORTE";"7278";"ESCOLA MULTICAMPI DE CIENCIAS MEDICAS DO RIO GRANDE DO NORTE";".605.262.7278.11174.";"20/12/2017";"";"ACADÊMICA";"ESTRATÉGICO";"ADMINISTRATIVO                                    ";"SECRETARIA ADMINISTRATIVA                                   ";"FIM"
"11177";"1132290005";"UNIDADE ACADEMICA DE APOIO AO ENSINO E A PESQUISA DA UBS WALFREDO GURGEL  CAICO";"UBS/WALFREDO";"Andrey.emcm@gmail.com";"33422337";"CAICÓ";"605";"UNIVERSIDADE FEDERAL DO RIO GRANDE DO NORTE";"7278";"ESCOLA MULTICAMPI DE CIENCIAS MEDICAS DO RIO GRANDE DO NORTE";".605.262.7278.11177.";"20/12/2017";"";"ACADÊMICA";"ESTRATÉGICO";"ADMINISTRATIVO                                    ";"SECRETARIA ADMINISTRATIVA                                   ";"FIM"
"10127";"11322910";"UNIDADE ACADEMICA DE APOIO AO ENSINO E A PESQUISA DO HOSPITAL REGIONAL DR. MARIANO COELHO";"EMCM/ApoioACAD";"";"";"CAICÓ";"605";"UNIVERSIDADE FEDERAL DO RIO GRANDE DO NORTE";"7278";"ESCOLA MULTICAMPI DE CIENCIAS MEDICAS DO RIO GRANDE DO NORTE";".605.262.7278.10127.";"21/08/2019";"";"ACADÊMICA";"ESTRATÉGICO";"ADMINISTRATIVO                                    ";"ASSESSORIA                                                  ";"FIM"
"32401";"31540202";"UNIDADE DA GESTAO DA INOVACAO TECNOLOGICA EM SAUDE MEJC/EBSERH";"UGITS/MEJC";"";"";"NATAL";"8194";"SUPERINTENDENCIA DO MEJC - EBSERH";"9855";"SETOR DE GESTAO DA PESQUISA E INOVACAO TECNOLOGICA EM SAUDE - MEJC/EBSERH";".8517.8194.11805.9855.32401.";"20/12/2022";"";"ACADÊMICA";"ESTRATÉGICO";"ADMINISTRATIVO                                    ";"AGÊNCIA                                                     ";"FIM"
"32400";"31540201";"UNIDADE DA GESTAO DA PESQUISA MEJC/EBSERH";"UGPESQ/MEJC";"";"";"NATAL";"8194";"SUPERINTENDENCIA DO MEJC - EBSERH";"9855";"SETOR DE GESTAO DA PESQUISA E INOVACAO TECNOLOGICA EM SAUDE - MEJC/EBSERH";".8517.8194.11805.9855.32400.";"20/12/2022";"";"ACADÊMICA";"ESTRATÉGICO";"ADMINISTRATIVO                                    ";"AGÊNCIA                                                     ";"FIM"
"9835";"3300100101";"UNIDADE DE ADMINISTRACAO DE PESSOAL - HUAB/EBSERH";"UAP/HUAB/EBS";"";"";"SANTA CRUZ";"8195";"SUPERINTENDENCIA DO HUAB - EBSERH";"9834";"DIVISAO DE GESTAO DE PESSOAS - HUAB/EBSERH";".8517.8195.11688.9834.9835.";"11/01/2016";"";"ACADÊMICA";"ESTRATÉGICO";"ADMINISTRATIVO                                    ";"ASSESSORIA                                                  ";"FIM"
"9844";"31121001";"UNIDADE DE ADMINISTRACAO DE PESSOAL - MEJC/EBSERH";"UADPMEJCEBSERH";"";"";"NATAL";"8194";"SUPERINTENDENCIA DO MEJC - EBSERH";"8973";"DIVISAO DE GESTAO DE PESSOAS MEJC/EBSERH";".8517.8194.9386.8973.9844.";"01/01/2013";"";"ADMINISTRATIVA";"OPERACIONAL";"ADMINISTRATIVO                                    ";"SETOR                                                       ";"FIM"
"6403";"112282";"UNIDADE DE AGRICULTURA ORGANICA ";"UNIAGRIORG";"";"";"MACAÍBA";"605";"UNIVERSIDADE FEDERAL DO RIO GRANDE DO NORTE";"351";"ESCOLA AGRICOLA DE JUNDIAI";".605.351.6403.";"16/11/2011";"";"ACADÊMICA";"OPERACIONAL";"AGROPECUÁRIO                                      ";"LABORATÓRIO                                                 ";"FIM"
"32399";"3112110202";"UNIDADE DE ALMOXARIFADO E CONTROLE DE ESTOQUES  MEJC/EBSERH";"UACE/MEJC";"";"";"NATAL";"8194";"SUPERINTENDENCIA DO MEJC - EBSERH";"13575";"SETOR DE ABASTECIMENTO FARMACEUTICO E SUPRIMENTOS  MEJC/EBSERH";".8517.8194.9386.9846.13575.32399.";"20/12/2022";"";"ACADÊMICA";"ESTRATÉGICO";"ADMINISTRATIVO                                    ";"AGÊNCIA                                                     ";"FIM"
"10693";"31100306";"UNIDADE DE ALTO RISCO - MEJC";"ALTORISCO/MEJC";"";"";"NATAL";"8194";"SUPERINTENDENCIA DO MEJC - EBSERH";"9868";"DIVISAO DE ENFERMAGEM - MEJC/EBSERH";".8517.8194.9861.9868.10693.";"01/04/2017";"";"ACADÊMICA";"ESTRATÉGICO";"ADMINISTRATIVO                                    ";"ASSESSORIA                                                  ";"FIM"
"10689";"31100302";"UNIDADE DE AMBULATORIO - MEJC/EBSERH";"UAMB/MEJC/EBSERH";"";"";"NATAL";"8194";"SUPERINTENDENCIA DO MEJC - EBSERH";"9868";"DIVISAO DE ENFERMAGEM - MEJC/EBSERH";".8517.8194.9861.9868.10689.";"01/04/2017";"";"ACADÊMICA";"ESTRATÉGICO";"ADMINISTRATIVO                                    ";"ASSESSORIA                                                  ";"FIM"
"9833";"330012";"UNIDADE DE APOIO CORPORATIVO - HUAB/EBSERH";"UAC/HUAB/EBSER";"";"";"SANTA CRUZ";"8195";"SUPERINTENDENCIA DO HUAB - EBSERH";"8195";"SUPERINTENDENCIA DO HUAB - EBSERH";".8517.8195.9833.";"01/01/2017";"";"ACADÊMICA";"ESTRATÉGICO";"ADMINISTRATIVO                                    ";"ASSESSORIA                                                  ";"FIM"
"12986";"3300110104";"UNIDADE DE ATENCAO A SAUDE DA MULHER - HUAB/EBSERH";"UASM/HUAB/EBS";"";"";"SANTA CRUZ";"8195";"SUPERINTENDENCIA DO HUAB - EBSERH";"9874";"DIVISAO DE GESTAO DO CUIDADO E APOIO DIAGNOSTICO E TERAPEUTICO - HUAB/EBSERH";".8517.8195.11865.9874.12986.";"24/06/1974";"";"COMPLEXO HOSPITALAR";"ESTRATÉGICO";"CIÊNCIAS DA SAÚDE                                 ";"SETOR                                                       ";"FIM"
"9865";"31100204";"UNIDADE DE ATENCAO A SAUDE DA MULHER - MEJC/EBSERH";"UNI/AT/MULHER";"";"";"NATAL";"8194";"SUPERINTENDENCIA DO MEJC - EBSERH";"9863";"DIVISAO DE GESTAO DO CUIDADO E APOIO DIAGNOSTICO E TERAPEUTICO - MEJC/EBSERH";".8517.8194.9861.9863.9865.";"01/01/2013";"";"ADMINISTRATIVA";"OPERACIONAL";"ADMINISTRATIVO                                    ";"SETOR                                                       ";"FIM"
"9879";"31100501";"UNIDADE DE CIRURGIA/RPA CME - MEJC/EBSERH";"UCRMEJCEBSERH";"";"";"NATAL";"8194";"SUPERINTENDENCIA DO MEJC - EBSERH";"9741";"UNIDADE MULTIPROFISSIONAL - MEJC/EBSERH";".8517.8194.9861.9741.9879.";"01/01/2013";"";"ADMINISTRATIVA";"OPERACIONAL";"ADMINISTRATIVO                                    ";"SETOR                                                       ";"FIM"
"32391";"31100104";"UNIDADE DE CLINICA MEDICA E CLINICA CIRURGICA - MEJC/EBSERH";"UCMC/MEJC";"";"";"NATAL";"8194";"SUPERINTENDENCIA DO MEJC - EBSERH";"9867";"DIVISAO MEDICA - MEJC/EBSERH";".8517.8194.9861.9867.32391.";"01/04/2017";"";"ACADÊMICA";"ESTRATÉGICO";"ADMINISTRATIVO                                    ";"AGÊNCIA                                                     ";"FIM"
"9852";"3112090201";"UNIDADE DE COMPRAS E LICITACAO - MEJC/EBSERH";"UCL/MEJC/EBSERH";"";"";"NATAL";"8194";"SUPERINTENDENCIA DO MEJC - EBSERH";"9843";"SETOR DE ADMINISTRACAO - MEJC/EBSERH";".8517.8194.9386.9838.9843.9852.";"01/01/2013";"";"ADMINISTRATIVA";"OPERACIONAL";"ADMINISTRATIVO                                    ";"SETOR                                                       ";"FIM"
"9853";"3112090202";"UNIDADE DE CONTRATOS - MEJC/EBSERH";"UNCONTMEJCEBSE";"";"";"NATAL";"8194";"SUPERINTENDENCIA DO MEJC - EBSERH";"9843";"SETOR DE ADMINISTRACAO - MEJC/EBSERH";".8517.8194.9386.9838.9843.9853.";"01/01/2013";"";"ADMINISTRATIVA";"OPERACIONAL";"ADMINISTRATIVO                                    ";"SETOR                                                       ";"FIM"
"32387";"310802";"UNIDADE DE CONTRATUALIZACAO E PROCESSAMENTO DA INFORMACAO ASSISTENCIAL  MEJC/EBSERH";"UCPIA/MEJC";"";"";"NATAL";"8194";"SUPERINTENDENCIA DO MEJC - EBSERH";"32385";"SETOR DE CONTRATUALIZACAO E REGULACAO  MEJC/EBSERH";".8517.8194.32385.32387.";"20/12/2022";"";"ACADÊMICA";"ESTRATÉGICO";"ADMINISTRATIVO                                    ";"AGÊNCIA                                                     ";"FIM"
"9883";"3300110804";"UNIDADE DE CUIDADOS INTENSIVOS E SEMI-INTENSIVOS - HUAB/EBSERH";"UCISI/HUAB/EBS";"";"";"SANTA CRUZ";"8195";"SUPERINTENDENCIA DO HUAB - EBSERH";"9884";"SETOR DE APOIO TERAPEUTICO - HUAB/EBSERH";".8517.8195.11865.9884.9883.";"01/01/2017";"";"ACADÊMICA";"ESTRATÉGICO";"ADMINISTRATIVO                                    ";"ASSESSORIA                                                  ";"FIM"
"9878";"31100502";"UNIDADE DE CUIDADOS INTENSIVOS E SEMI-INTENSIVOS - MEJC/EBSERH";"CUIDADO/INT/SI";"";"";"NATAL";"8194";"SUPERINTENDENCIA DO MEJC - EBSERH";"9741";"UNIDADE MULTIPROFISSIONAL - MEJC/EBSERH";".8517.8194.9861.9741.9878.";"01/01/2013";"";"ADMINISTRATIVA";"OPERACIONAL";"ADMINISTRATIVO                                    ";"ASSESSORIA                                                  ";"FIM"
"6353";"112279";"UNIDADE DE CULTURAS REGIONAIS";"UNCULTREG";"";"";"MACAÍBA";"605";"UNIVERSIDADE FEDERAL DO RIO GRANDE DO NORTE";"351";"ESCOLA AGRICOLA DE JUNDIAI";".605.351.6353.";"10/11/2011";"";"ACADÊMICA";"OPERACIONAL";"AGROPECUÁRIO                                      ";"LABORATÓRIO                                                 ";"FIM"
"9845";"31121002";"UNIDADE DE DESENVOLVIMENTO DE PESSOAS - MEJC/EBSERH";"UDPMEJCEBSERH";"";"";"NATAL";"8194";"SUPERINTENDENCIA DO MEJC - EBSERH";"8973";"DIVISAO DE GESTAO DE PESSOAS MEJC/EBSERH";".8517.8194.9386.8973.9845.";"01/01/2013";"";"ADMINISTRATIVA";"OPERACIONAL";"ADMINISTRATIVO                                    ";"SETOR                                                       ";"FIM"
"9885";"3300110501";"UNIDADE DE DIAGNOSTICO POR IMAGEM E METODOS GRAFICOS - HUAB/EBSERH";"UDIMG/HUAB/EBS";"";"";"SANTA CRUZ";"8195";"SUPERINTENDENCIA DO HUAB - EBSERH";"9876";"SETOR DE APOIO DIAGNOSTICO - HUAB/EBSERH";".8517.8195.11865.9876.9885.";"01/01/2017";"";"ACADÊMICA";"ESTRATÉGICO";"ADMINISTRATIVO                                    ";"ASSESSORIA                                                  ";"FIM"
"12867";"31100202";"UNIDADE DE DIREITOS REPRODUTIVOS - MEJC/EBSERH";"DIR/REP/MEJC";"";"";"NATAL";"8194";"SUPERINTENDENCIA DO MEJC - EBSERH";"9863";"DIVISAO DE GESTAO DO CUIDADO E APOIO DIAGNOSTICO E TERAPEUTICO - MEJC/EBSERH";".8517.8194.9861.9863.12867.";"01/01/2013";"";"ADMINISTRATIVA";"OPERACIONAL";"ADMINISTRATIVO                                    ";"SETOR                                                       ";"FIM"
"9854";"315401";"UNIDADE DE E-SAUDE MEJC/EBSERH";"UES/MEJC/EBSERH";"";"";"NATAL";"8194";"SUPERINTENDENCIA DO MEJC - EBSERH";"11805";"GERENCIA DE ENSINO E PESQUISA - MEJC/EBSERH";".8517.8194.11805.9854.";"01/01/2013";"";"ADMINISTRATIVA";"GERENCIAL";"ADMINISTRATIVO                                    ";"SETOR                                                       ";"FIM"
"32411";"330010020201";"UNIDADE DE EXECUCAO ORCAMENTARIA E FINANCEIRA - HUAB/EBSERH";"UEOF/HUAB";"";"";"SANTA CRUZ";"8195";"SUPERINTENDENCIA DO HUAB - EBSERH";"9860";"SETOR DE GESTAO ORCAMENTARIA E FINANCEIRA - HUAB/EBSERH";".8517.8195.11688.8797.9860.32411.";"13/12/2022";"";"ACADÊMICA";"ESTRATÉGICO";"ADMINISTRATIVO                                    ";"AGÊNCIA                                                     ";"FIM"
"9841";"3112090102";"UNIDADE DE EXECUCAO ORCAMENTARIA E FINANCEIRA - MEJC/EBSERH";"UEOFMEJCEBSERH";"";"";"NATAL";"8194";"SUPERINTENDENCIA DO MEJC - EBSERH";"13280";"SETOR DE GESTAO ORCAMENTARIA E FINANCEIRA - MEJC/EBSERH";".8517.8194.9386.9838.13280.9841.";"01/01/2013";"";"ADMINISTRATIVA";"GERENCIAL";"ADMINISTRATIVO                                    ";"SETOR                                                       ";"FIM"
"32414";"330011010201";"UNIDADE DE FARMACIA CLINICA E DISPENSACAO FARMACEUTICA - HUAB/EBSERH";"UFCD/HUAB";"";"";"SANTA CRUZ";"8195";"SUPERINTENDENCIA DO HUAB - EBSERH";"9882";"SETOR DE FARMACIA HOSPITALAR - HUAB/EBSERH";".8517.8195.11865.9874.9882.32414.";"13/12/2022";"";"ACADÊMICA";"ESTRATÉGICO";"ADMINISTRATIVO                                    ";"AGÊNCIA                                                     ";"FIM"
"12927";"3300110803";"UNIDADE DE FARMACIA CLINICA - HUAB/EBSERH";"FARCLI/HUAB/EBS";"";"";"SANTA CRUZ";"8195";"SUPERINTENDENCIA DO HUAB - EBSERH";"9884";"SETOR DE APOIO TERAPEUTICO - HUAB/EBSERH";".8517.8195.11865.9884.12927.";"24/06/1974";"";"ADMINISTRATIVA";"OPERACIONAL";"CIÊNCIAS DA SAÚDE                                 ";"SETOR                                                       ";"FIM"
"13811";"3112090203";"UNIDADE DE FISCALIZACAO ADMINISTRATIVA DE CONTRATOS - MEJC/EBSERH";"UFAC/MEJC/EBSERH";"";"";"NATAL";"8194";"SUPERINTENDENCIA DO MEJC - EBSERH";"9843";"SETOR DE ADMINISTRACAO - MEJC/EBSERH";".8517.8194.9386.9838.9843.13811.";"24/06/1974";"";"ADMINISTRATIVA";"OPERACIONAL";"ADMINISTRATIVO                                    ";"SETOR                                                       ";"MEIO"
"6354";"112280";"UNIDADE DE FLORICULTURA ";"UNFLORICUL";"";"";"MACAÍBA";"605";"UNIVERSIDADE FEDERAL DO RIO GRANDE DO NORTE";"351";"ESCOLA AGRICOLA DE JUNDIAI";".605.351.6354.";"10/11/2011";"";"ACADÊMICA";"OPERACIONAL";"AGROPECUÁRIO                                      ";"LABORATÓRIO                                                 ";"FIM"
"6402";"112281";"UNIDADE DE FORRAGICULTURA";"UNIFORRA";"";"";"MACAÍBA";"605";"UNIVERSIDADE FEDERAL DO RIO GRANDE DO NORTE";"351";"ESCOLA AGRICOLA DE JUNDIAI";".605.351.6402.";"16/11/2011";"";"ACADÊMICA";"OPERACIONAL";"AGROPECUÁRIO                                      ";"LABORATÓRIO                                                 ";"FIM"
"6351";"112277";"UNIDADE DE FRUTICULTURA ";"UNFRUTI";"";"";"MACAÍBA";"605";"UNIVERSIDADE FEDERAL DO RIO GRANDE DO NORTE";"351";"ESCOLA AGRICOLA DE JUNDIAI";".605.351.6351.";"10/11/2011";"";"ACADÊMICA";"OPERACIONAL";"AGROPECUÁRIO                                      ";"LABORATÓRIO                                                 ";"FIM"
"13693";"310701";"UNIDADE DE GESTAO DA QUALIDADE E SEGURANCA DO PACIENTE - MEJC/EBSERH";"UGQSP/MEJC/EBSERH";"";"";"NATAL";"8194";"SUPERINTENDENCIA DO MEJC - EBSERH";"9891";"SETOR DE GESTAO DA QUALIDADE - MEJC/EBSERH";".8517.8194.9891.13693.";"24/06/1974";"";"ADMINISTRATIVA";"OPERACIONAL";"ADMINISTRATIVO                                    ";"SETOR                                                       ";"MEIO"
"9857";"31540301";"UNIDADE DE GESTAO DE GRADUACAO, ENSINO TECNICO E EXTENSAO - MEJC/EBSERH";"UGETE/MEJC/EBSERH";"";"";"NATAL";"8194";"SUPERINTENDENCIA DO MEJC - EBSERH";"9856";"SETOR DE GESTAO DE ENSINO - MEJC/EBSERH";".8517.8194.11805.9856.9857.";"01/01/2013";"";"ADMINISTRATIVA";"OPERACIONAL";"ADMINISTRATIVO                                    ";"SETOR                                                       ";"FIM"
"9858";"31540302";"UNIDADE DE GESTAO DE POS-GRADUACAO -MEJC/EBSERH";"UGPOS/MEJC/EBSERH";"";"";"NATAL";"8194";"SUPERINTENDENCIA DO MEJC - EBSERH";"9856";"SETOR DE GESTAO DE ENSINO - MEJC/EBSERH";".8517.8194.11805.9856.9858.";"01/01/2013";"";"ADMINISTRATIVA";"OPERACIONAL";"ADMINISTRATIVO                                    ";"SETOR                                                       ";"FIM"
"9889";"31100602";"UNIDADE DE GESTAO DE RISCOS ASSISTENCIAS - MEJC/EBSERH";"UGRMEJCEBSERH";"";"";"NATAL";"8194";"SUPERINTENDENCIA DO MEJC - EBSERH";"9873";"SETOR DE VIGILANCIA EM SAUDE - MEJC/EBSERH";".8517.8194.9861.9873.9889.";"01/01/2016";"";"ADMINISTRATIVA";"GERENCIAL";"ADMINISTRATIVO                                    ";"ASSESSORIA                                                  ";"FIM"
"32383";"310302";"UNIDADE DE INFRAESTRUTURA, SUPORTE E SEGURANCA DE TECNOLOGIA DA INFORMACAO  MEJC/EBSERH";"UISTI/MEJC";"";"";"NATAL";"8194";"SUPERINTENDENCIA DO MEJC - EBSERH";"10679";"SETOR DE TECNOLOGIA DA INFORMACAO E SAUDE DIGITAL - MEJC/EBSERH";".8517.8194.10679.32383.";"20/12/2022";"";"ACADÊMICA";"ESTRATÉGICO";"ADMINISTRATIVO                                    ";"AGÊNCIA                                                     ";"FIM"
"8738";"3300110502";"UNIDADE DE LABORATORIO DE ANALISE CLINICA CITOPATOLOGIA - HUAB/EBSERH";"ULACC/HUAB/EBS";"";"";"SANTA CRUZ";"8195";"SUPERINTENDENCIA DO HUAB - EBSERH";"9876";"SETOR DE APOIO DIAGNOSTICO - HUAB/EBSERH";".8517.8195.11865.9876.8738.";"01/01/2010";"";"ACADÊMICA";"ESTRATÉGICO";"ADMINISTRATIVO                                    ";"ASSESSORIA                                                  ";"MEIO"
"9850";"330010020101";"Unidade de Licitacoes e Contratos- HUAB/EBSERH";"ULC";"";"";"SANTA CRUZ";"8195";"SUPERINTENDENCIA DO HUAB - EBSERH";"9848";"SETOR DE ADMINISTRACAO - HUAB/EBSERH";".8517.8195.11688.8797.9848.9850.";"11/01/2016";"";"ADMINISTRATIVA";"GERENCIAL";"ADMINISTRATIVO                                    ";"ASSESSORIA                                                  ";"FIM"
"4414";"14230106";"UNIDADE DE MANUTENCAO DE REFRIGERACAO";"umref";"";"";"NATAL";"445";"CENTRO DE TECNOLOGIA";"3512";"DIRECAO/NTI";".445.116.3512.4414.";"24/06/1974";"";"ADMINISTRATIVA";"OPERACIONAL";"ADMINISTRATIVO                                    ";"SETOR                                                       ";"MEIO"
"4440";"14230108";"UNIDADE DE MANUTENCAO ELETRONICA";"ume";"";"";"NATAL";"445";"CENTRO DE TECNOLOGIA";"3512";"DIRECAO/NTI";".445.116.3512.4440.";"24/06/1974";"";"ADMINISTRATIVA";"OPERACIONAL";"ADMINISTRATIVO                                    ";"SETOR                                                       ";"FIM"
"3871";"211004";"UNIDADE DE MEDICINA FAMILIAR E COMUNITARIA";"umfc";"";"";"NATAL";"446";"HOSPITAL UNIVERSITARIO ONOFRE LOPES";"392";"HUOL - DIRETORIA MEDICA";".605.446.392.3871.";"24/06/1974";"";"ADMINISTRATIVA";"OPERACIONAL";"CIÊNCIAS DA SAÚDE                                 ";"DIVISAO                                                     ";"FIM"
"15241";"321004";"UNIDADE DE MEDICINA FAMILIAR E COMUNITARIA";"umfc";"";"";"NATAL";"8193";"SUPERINTENDENCIA DO HUOL - EBSERH";"392";"HUOL - DIRETORIA MEDICA";".605.446.392.15241.";"24/06/1974";"";"ADMINISTRATIVA";"OPERACIONAL";"CIÊNCIAS DA SAÚDE                                 ";"DIVISAO                                                     ";"FIM"
"9887";"31100701";"UNIDADE DE MONITORAMENTO E AVALIACAO AMBULATORIAL E HOSPITALAR - MEJC/EBSERH";"UMAMEJCEBSERH";"";"";"NATAL";"8194";"SUPERINTENDENCIA DO MEJC - EBSERH";"9871";"SETOR DE REGULACAO E AVALIACAO EM SAUDE - MEJC/EBSERH";".8517.8194.9861.9871.9887.";"01/01/2016";"";"ADMINISTRATIVA";"GERENCIAL";"ADMINISTRATIVO                                    ";"ASSESSORIA                                                  ";"FIM"
"10690";"31100303";"UNIDADE DE OBSTETRICIA 2 (MAE CANGURU) - MEJC";"OBS/MÃE/CANGUR";"";"";"NATAL";"8194";"SUPERINTENDENCIA DO MEJC - EBSERH";"9868";"DIVISAO DE ENFERMAGEM - MEJC/EBSERH";".8517.8194.9861.9868.10690.";"01/04/2017";"";"ACADÊMICA";"ESTRATÉGICO";"ADMINISTRATIVO                                    ";"ASSESSORIA                                                  ";"FIM"
"10691";"31100304";"UNIDADE DE OBSTETRICIA 3 (EXPECTACAO) - MEJC";"OBST/EXPECTAÇÃ";"";"";"NATAL";"8194";"SUPERINTENDENCIA DO MEJC - EBSERH";"9868";"DIVISAO DE ENFERMAGEM - MEJC/EBSERH";".8517.8194.9861.9868.10691.";"01/04/2017";"";"ACADÊMICA";"ESTRATÉGICO";"ADMINISTRATIVO                                    ";"ASSESSORIA                                                  ";"FIM"
"10692";"31100305";"UNIDADE DE OBSTETRICIA 4 - MEJC";"OBESTETRÍCIA-4";"";"";"NATAL";"8194";"SUPERINTENDENCIA DO MEJC - EBSERH";"9868";"DIVISAO DE ENFERMAGEM - MEJC/EBSERH";".8517.8194.9861.9868.10692.";"01/04/2017";"";"ACADÊMICA";"ESTRATÉGICO";"ADMINISTRATIVO                                    ";"ASSESSORIA                                                  ";"FIM"
"32395";"3110020106";"UNIDADE DE OBSTETRICIA - MEJC/EBSERH";"UOBT/MEJC";"";"";"NATAL";"8194";"SUPERINTENDENCIA DO MEJC - EBSERH";"9864";"SETOR MATERNO INFANTIL E SAUDE DA MULHER - MEJC/EBSERH";".8517.8194.9861.9863.9864.32395.";"20/12/2022";"";"ACADÊMICA";"ESTRATÉGICO";"ADMINISTRATIVO                                    ";"AGÊNCIA                                                     ";"FIM"
"6350";"112276";"UNIDADE DE OLERICULTURA ";"UNOLERICUL";"";"";"MACAÍBA";"605";"UNIVERSIDADE FEDERAL DO RIO GRANDE DO NORTE";"351";"ESCOLA AGRICOLA DE JUNDIAI";".605.351.6350.";"10/11/2011";"";"ACADÊMICA";"OPERACIONAL";"AGROPECUÁRIO                                      ";"LABORATÓRIO                                                 ";"FIM"
"10694";"31100307";"UNIDADE DE PARTO HUMANIZADO - MEJC";"PARTO/HUMANIZA";"";"";"NATAL";"8194";"SUPERINTENDENCIA DO MEJC - EBSERH";"9868";"DIVISAO DE ENFERMAGEM - MEJC/EBSERH";".8517.8194.9861.9868.10694.";"01/04/2017";"";"ACADÊMICA";"ESTRATÉGICO";"ADMINISTRATIVO                                    ";"ASSESSORIA                                                  ";"FIM"
"9851";"330010020102";"UNIDADE DE PATRIMONIO - HUAB/EBSERH";"UPAT/HUAB/EBS";"";"";"SANTA CRUZ";"8195";"SUPERINTENDENCIA DO HUAB - EBSERH";"9848";"SETOR DE ADMINISTRACAO - HUAB/EBSERH";".8517.8195.11688.8797.9848.9851.";"11/01/2016";"";"ADMINISTRATIVA";"GERENCIAL";"ADMINISTRATIVO                                    ";"ASSESSORIA                                                  ";"FIM"
"9754";"3201010303";"UNIDADE DE PATRIMONIO - HUOL/EBSERH";"PATRIEBSERH";"";"";"NATAL";"8193";"SUPERINTENDENCIA DO HUOL - EBSERH";"9784";"SETOR DE ADMINISTRACAO - HUOL/EBSERH";".8517.8193.8987.9780.9784.9754.";"01/01/2013";"";"ADMINISTRATIVA";"GERENCIAL";"ADMINISTRATIVO                                    ";"ASSESSORIA                                                  ";"FIM"
"13339";"3112090204";"UNIDADE DE PATRIMONIO - MEJC/EBSERH";"UPATMEJCEBSERH";"";"";"NATAL";"8194";"SUPERINTENDENCIA DO MEJC - EBSERH";"9843";"SETOR DE ADMINISTRACAO - MEJC/EBSERH";".8517.8194.9386.9838.9843.13339.";"24/06/1974";"";"ADMINISTRATIVA";"OPERACIONAL";"ADMINISTRATIVO                                    ";"SETOR                                                       ";"FIM"
"32398";"3112110201";"UNIDADE DE PLANEJAMENTO E DIMENSIONAMENTO DE ESTOQUES - MEJC/EBSERH";"UPDE/MEJC";"";"";"NATAL";"8194";"SUPERINTENDENCIA DO MEJC - EBSERH";"13575";"SETOR DE ABASTECIMENTO FARMACEUTICO E SUPRIMENTOS  MEJC/EBSERH";".8517.8194.9386.9846.13575.32398.";"20/12/2022";"";"ACADÊMICA";"ESTRATÉGICO";"ADMINISTRATIVO                                    ";"AGÊNCIA                                                     ";"FIM"
"6352";"112278";"UNIDADE DE PRODUCAO DE MUDAS";"UNPROMU";"";"";"MACAÍBA";"605";"UNIVERSIDADE FEDERAL DO RIO GRANDE DO NORTE";"351";"ESCOLA AGRICOLA DE JUNDIAI";".605.351.6352.";"10/11/2011";"";"ACADÊMICA";"OPERACIONAL";"AGROPECUÁRIO                                      ";"LABORATÓRIO                                                 ";"FIM"
"10925";"3300110801";"UNIDADE DE REABILITACAO - HUAB/EBSERH";"REAB/HUAB/EBSE";"";"";"SANTA CRUZ";"8195";"SUPERINTENDENCIA DO HUAB - EBSERH";"9884";"SETOR DE APOIO TERAPEUTICO - HUAB/EBSERH";".8517.8195.11865.9884.10925.";"01/01/2017";"";"ACADÊMICA";"ESTRATÉGICO";"ADMINISTRATIVO                                    ";"ASSESSORIA                                                  ";"FIM"
"32393";"3110020104";"UNIDADE DE SAUDE DA MULHER - MEJC/EBSERH";"UMUL/MEJC";"";"";"NATAL";"8194";"SUPERINTENDENCIA DO MEJC - EBSERH";"9864";"SETOR MATERNO INFANTIL E SAUDE DA MULHER - MEJC/EBSERH";".8517.8194.9861.9863.9864.32393.";"20/12/2022";"";"ACADÊMICA";"ESTRATÉGICO";"ADMINISTRATIVO                                    ";"AGÊNCIA                                                     ";"FIM"
"9836";"3300100102";"Unidade de Saude Ocupacional e Seguranca do Trabalho - HUAB/EBSERH";"USOST";"";"";"SANTA CRUZ";"8195";"SUPERINTENDENCIA DO HUAB - EBSERH";"9834";"DIVISAO DE GESTAO DE PESSOAS - HUAB/EBSERH";".8517.8195.11688.9834.9836.";"11/01/2016";"";"ADMINISTRATIVA";"GERENCIAL";"ADMINISTRATIVO                                    ";"ASSESSORIA                                                  ";"FIM"
"10806";"31121003";"UNIDADE DE SAUDE OCUPACIONAL E SEGURANCA DO TRABALHO - MEJC/EBSERH";"USOST/MEJC/EBSERH";"";"";"NATAL";"8194";"SUPERINTENDENCIA DO MEJC - EBSERH";"8973";"DIVISAO DE GESTAO DE PESSOAS MEJC/EBSERH";".8517.8194.9386.8973.10806.";"20/12/2022";"";"ACADÊMICA";"ESTRATÉGICO";"ADMINISTRATIVO                                    ";"AGÊNCIA                                                     ";"FIM"
"32413";"3300100305";"UNIDADE DE SERVICOS GERAIS - HUAB/EBSERH";"USG/HUAB";"";"";"SANTA CRUZ";"8195";"SUPERINTENDENCIA DO HUAB - EBSERH";"9839";"DIVISAO DE LOGISTICA E INFRAESTRUTURA - HUAB/EBSERH";".8517.8195.11688.9839.32413.";"13/12/2022";"";"ACADÊMICA";"ESTRATÉGICO";"ADMINISTRATIVO                                    ";"AGÊNCIA                                                     ";"FIM"
"32382";"310301";"UNIDADE DE SISTEMAS DA INFORMACAO E INTELIGENCIA DE DADOS  MEJC/EBSERH";"USID/MEJC";"";"";"NATAL";"8194";"SUPERINTENDENCIA DO MEJC - EBSERH";"10679";"SETOR DE TECNOLOGIA DA INFORMACAO E SAUDE DIGITAL - MEJC/EBSERH";".8517.8194.10679.32382.";"20/12/2022";"";"ACADÊMICA";"ESTRATÉGICO";"ADMINISTRATIVO                                    ";"AGÊNCIA                                                     ";"FIM"
"9830";"33000901";"UNIDADE DE TELESSAUDE - HUAB/EBSERH";"TELESSAUD/HUAB";"";"";"SANTA CRUZ";"8195";"SUPERINTENDENCIA DO HUAB - EBSERH";"11629";"GERENCIA DE ENSINO E PESQUISA";".8517.8195.11629.9830.";"08/01/2016";"";"ACADÊMICA";"ESTRATÉGICO";"ADMINISTRATIVO                                    ";"ASSESSORIA                                                  ";"FIM"
"32415";"3300110201";"UNIDADE DE TERAPIA INTENSIVA NEONATAL - HUAB/EBSERH";"UTIN/HUAB";"";"";"SANTA CRUZ";"8195";"SUPERINTENDENCIA DO HUAB - EBSERH";"9875";"DIVISAO MEDICA - HUAB/EBSERH";".8517.8195.11865.9875.32415.";"13/12/2022";"";"ACADÊMICA";"ESTRATÉGICO";"ADMINISTRATIVO                                    ";"AGÊNCIA                                                     ";"FIM"
"9888";"31100601";"UNIDADE DE VIGILANCIA EM SAUDE - MEJC/EBSERH";"UNIVISA/MEJC";"";"";"NATAL";"8194";"SUPERINTENDENCIA DO MEJC - EBSERH";"9873";"SETOR DE VIGILANCIA EM SAUDE - MEJC/EBSERH";".8517.8194.9861.9873.9888.";"01/01/2013";"";"ADMINISTRATIVA";"OPERACIONAL";"ADMINISTRATIVO                                    ";"SETOR                                                       ";"FIM"
"32384";"310702";"UNIDADE DE VIGILANCIA EM SAUDE - MEJC/EBSERH";"UVS/MEJC";"";"";"NATAL";"8194";"SUPERINTENDENCIA DO MEJC - EBSERH";"9891";"SETOR DE GESTAO DA QUALIDADE - MEJC/EBSERH";".8517.8194.9891.32384.";"20/12/2022";"";"ACADÊMICA";"ESTRATÉGICO";"ADMINISTRATIVO                                    ";"AGÊNCIA                                                     ";"FIM"
"13163";"3300110101";"- Unidade Multiprofissional - HUAB/EBSERH";"UMULT";"";"";"SANTA CRUZ";"8195";"SUPERINTENDENCIA DO HUAB - EBSERH";"9874";"DIVISAO DE GESTAO DO CUIDADO E APOIO DIAGNOSTICO E TERAPEUTICO - HUAB/EBSERH";".8517.8195.11865.9874.13163.";"24/06/1974";"";"COMPLEXO HOSPITALAR";"ESTRATÉGICO";"CIÊNCIAS DA SAÚDE                                 ";"SETOR                                                       ";"FIM"
"2736";"2037";"UNID. DE PARTO HUMANIZADO (UPH) - MEJC";"UPH/MEJC";"";"";"NATAL";"447";"MATERNIDADE ESCOLA JANUARIO CICCO";"447";"MATERNIDADE ESCOLA JANUARIO CICCO";".605.447.2736.";"04/04/2011";"";"ADMINISTRATIVA";"OPERACIONAL";"CIÊNCIAS DA SAÚDE                                 ";"SETOR                                                       ";"MEIO"
"3784";"210806";"UROLOGIA";"uro";"";"";"NATAL";"446";"HOSPITAL UNIVERSITARIO ONOFRE LOPES";"3776";"DIVISAO DE ENFERMAGEM EM AMBULATORIO";".605.446.394.3776.3784.";"24/06/1974";"";"ADMINISTRATIVA";"OPERACIONAL";"CIÊNCIAS DA SAÚDE                                 ";"SETOR                                                       ";"FIM"
"13530";"320806";"UROLOGIA";"uro";"";"";"NATAL";"8193";"SUPERINTENDENCIA DO HUOL - EBSERH";"3776";"DIVISAO DE ENFERMAGEM EM AMBULATORIO";".605.446.394.3776.13530.";"24/06/1974";"";"ADMINISTRATIVA";"OPERACIONAL";"CIÊNCIAS DA SAÚDE                                 ";"SETOR                                                       ";"FIM"
"2739";"2040";"UTI-MATERNA";"UTIMAT";"";"";"NATAL";"447";"MATERNIDADE ESCOLA JANUARIO CICCO";"447";"MATERNIDADE ESCOLA JANUARIO CICCO";".605.447.2739.";"24/06/1974";"";"ADMINISTRATIVA";"OPERACIONAL";"CIÊNCIAS DA SAÚDE                                 ";"SETOR                                                       ";"FIM"
"11038";"3140";"UTI-MATERNA";"UTIMAT";"";"";"NATAL";"8194";"SUPERINTENDENCIA DO MEJC - EBSERH";"8194";"SUPERINTENDENCIA DO MEJC - EBSERH";".8517.8194.11038.";"24/06/1974";"";"ADMINISTRATIVA";"OPERACIONAL";"CIÊNCIAS DA SAÚDE                                 ";"SETOR                                                       ";"FIM"
"10700";"3110050201";"UTI MATERNA - MEJC";"UTI/MATERNA";"";"";"NATAL";"8194";"SUPERINTENDENCIA DO MEJC - EBSERH";"9878";"UNIDADE DE CUIDADOS INTENSIVOS E SEMI-INTENSIVOS - MEJC/EBSERH";".8517.8194.9861.9741.9878.10700.";"01/04/2017";"";"ACADÊMICA";"ESTRATÉGICO";"ADMINISTRATIVO                                    ";"ASSESSORIA                                                  ";"FIM"
"2738";"2039";"UTI NEO NATAL - MEJC";"UTINN/MEJC";"";"";"NATAL";"447";"MATERNIDADE ESCOLA JANUARIO CICCO";"447";"MATERNIDADE ESCOLA JANUARIO CICCO";".605.447.2738.";"24/06/1974";"";"ADMINISTRATIVA";"OPERACIONAL";"CIÊNCIAS DA SAÚDE                                 ";"SETOR                                                       ";"FIM"
"10979";"3139";"UTI NEO NATAL - MEJC";"UTINN/MEJC";"";"";"NATAL";"8194";"SUPERINTENDENCIA DO MEJC - EBSERH";"8194";"SUPERINTENDENCIA DO MEJC - EBSERH";".8517.8194.10979.";"24/06/1974";"";"ADMINISTRATIVA";"OPERACIONAL";"CIÊNCIAS DA SAÚDE                                 ";"SETOR                                                       ";"FIM"
"10701";"3110050202";"UTI NEONATAL - MEJC";"UTI/NEONATAL";"";"";"NATAL";"8194";"SUPERINTENDENCIA DO MEJC - EBSERH";"9878";"UNIDADE DE CUIDADOS INTENSIVOS E SEMI-INTENSIVOS - MEJC/EBSERH";".8517.8194.9861.9741.9878.10701.";"01/04/2017";"";"ACADÊMICA";"ESTRATÉGICO";"ADMINISTRATIVO                                    ";"ASSESSORIA                                                  ";"FIM"
"4142";"201106";"VICE-DIRECAO";"vd";"";"";"NATAL";"447";"MATERNIDADE ESCOLA JANUARIO CICCO";"2712";"DIRETORIA GERAL - MEJC";".605.447.2712.4142.";"24/06/1974";"";"ADMINISTRATIVA";"OPERACIONAL";"CIÊNCIAS DA SAÚDE                                 ";"ASSESSORIA                                                  ";"MEIO"
"13221";"311106";"VICE-DIRECAO";"vd";"";"";"NATAL";"8194";"SUPERINTENDENCIA DO MEJC - EBSERH";"9327";"DIALOGO E TROCAS DE SABERES: A ENFERMAGEM FORTALECENDO O CUIDADO MATERNO E INFANTIL (2015)";".441.5728.9285.9327.13221.";"24/06/1974";"";"ADMINISTRATIVA";"OPERACIONAL";"CIÊNCIAS DA SAÚDE                                 ";"ASSESSORIA                                                  ";"MEIO"
"1677";"210906";"VICE-DIRETORIA DE FARMACIA";"VDF/HUOL";"";"3215.4447";"NATAL";"446";"HOSPITAL UNIVERSITARIO ONOFRE LOPES";"416";"HUOL - DIRECAO GERAL";".605.446.416.1677.";"24/06/1974";"";"ADMINISTRATIVA";"OPERACIONAL";"ADMINISTRATIVO                                    ";"DIVISAO                                                     ";"MEIO"
"14533";"320906";"VICE-DIRETORIA DE FARMACIA";"VDF/HUOL";"";"3215.4447";"NATAL";"8193";"SUPERINTENDENCIA DO HUOL - EBSERH";"416";"HUOL - DIRECAO GERAL";".605.446.416.14533.";"24/06/1974";"";"ADMINISTRATIVA";"OPERACIONAL";"ADMINISTRATIVO                                    ";"DIVISAO                                                     ";"MEIO"
"4379";"11210503";"VIGILANCIA/SANTO ANTONIO";"VSA";"";"";"MACAU";"605";"UNIVERSIDADE FEDERAL DO RIO GRANDE DO NORTE";"3973";"ADMINISTRACAO REGIONAL DE SANTO ANTONIO";".605.1450.3418.3425.3973.4379.";"24/06/1974";"";"ADMINISTRATIVA";"OPERACIONAL";"ADMINISTRATIVO                                    ";"SETOR                                                       ";"FIM"
