"id_curso";"nome";"id_coordenador";"coordenador";"situacao_curso";"nivel_ensino";"grau_academico";"modalidade_educacao";"area_conhecimento";"tipo_oferta";"turno";"tipo_ciclo_formacao";"municipio";"campus";"id_unidade_responsavel";"unidade_responsavel";"website";"data_funcionamento";"codigo_inep";"dou";"portaria_reconhecimento";"convenio_academico"
"150845958";"AAA";"";"";"";"LATO SENSU";"";"Semi-Presencial";"";"";"";"";"";"";"31011";"FACULDADE DE ENGENHARIA, LETRAS E CIÊNCIAS SOCIAIS DO SERIDÓ - FELCS";"";"";"";"";"";""
"2000002";"ADMINISTRAÇÃO";"24344";"CARLOS ALBERTO FREIRE MEDEIROS";"ATIVO";"GRADUAÇÃO";"BACHARELADO";"Presencial";"Ciências Sociais Aplicadas";"Regular";"Matutino e Noturno";"Generalista";"NATAL";"Campus Central";"443";"CENTRO DE CIÊNCIAS SOCIAIS APLICADAS";"http://sol.ccsa.ufrn.br/ccsa/areas/adm/administracao";"1971/09/16 00:00:00.000";"12311";"2017/04/04 00:00:00.000";"Portaria nº 272/2017 - MEC";""
"2000004";"ADMINISTRAÇÃO";"5754352";"KELSIANE DE MEDEIROS LIMA";"ATIVO";"GRADUAÇÃO";"BACHARELADO";"Presencial";"Ciências Sociais Aplicadas";"Regular";"Vespertino e Noturno";"Generalista";"CURRAIS NOVOS";"Campus Currais Novos";"31011";"FACULDADE DE ENGENHARIA, LETRAS E CIÊNCIAS SOCIAIS DO SERIDÓ - FELCS";"";"1978/09/15 00:00:00.000";"12355";"2017/04/04 00:00:00.000";"Portaria nº 272/2017 - MEC";""
"15315770";"ADMINISTRAÇÃO PÚBLICA";"5753650";"DANIEL DE ARAUJO MARTINS";"ATIVO";"GRADUAÇÃO";"BACHARELADO";"A Distância";"Ciências Sociais Aplicadas";"Regular";"";"Generalista";"NATAL";"";"443";"CENTRO DE CIÊNCIAS SOCIAIS APLICADAS";"";"";"1151028";"2014/04/11 00:00:00.000";"Portaria nº 226/2014 - DIREG/MEC";""
"149654895";"ADMINISTRAÇÃO PÚBLICA";"5753060";"HIRONOBU SANO";"ATIVO";"GRADUAÇÃO";"BACHARELADO";"Presencial";"Ciências Sociais Aplicadas";"Regular";"";"Generalista";"NATAL";"";"443";"CENTRO DE CIÊNCIAS SOCIAIS APLICADAS";"";"";"1563343";"";"";""
"174826463";"AGENTE DE HIGIENE E BELEZA ANIMAL - EJA EPT - LAGOA DE PEDRAS";"";"";"";"TÉCNICO";"";"Semi-Presencial";"";"";"";"";"MACAÍBA";"";"351";"ESCOLA AGRÍCOLA DE JUNDIAÍ";"";"";"";"";"";""
"183433591";"AGENTE DE HIGIENE E BELEZA ANIMAL - EJA EPT - PARNAMIRIM";"";"";"";"TÉCNICO";"";"Semi-Presencial";"";"";"";"";"MACAÍBA";"";"351";"ESCOLA AGRÍCOLA DE JUNDIAÍ";"";"";"";"";"";""
"94598200";"ANÁLISE E DESENVOLVIMENTO DE SISTEMAS";"5763608";"ANTONINO ALVES FEITOSA NETO";"ATIVO";"GRADUAÇÃO";"TECNOLÓGICO";"Presencial";"Outra";"Anual";"";"Generalista";"MACAÍBA";"";"351";"ESCOLA AGRÍCOLA DE JUNDIAÍ";"";"";"1188193";"2018/12/28 00:00:00.000";"Portaria MEC/SERES Nº 922/2018";""
"123041053";"ANÁLISES CLÍNICAS E MEDICAMENTOS";"";"";"";"LATO SENSU";"";"Presencial";"";"";"";"";"";"";"117";"DEPARTAMENTO DE ANÁLISES CLÍNICAS E TOXICOLÓGICAS";"";"";"";"";"";""
"5049081";"ANDRÉ DE MATTOS MARQUES";"";"";"ATIVO";"LATO SENSU";"";"Presencial";"";"";"";"";"";"";"160";"DEPARTAMENTO DE ECONOMIA - DEPEC";"";"";"";"";"";""
"169660378";"APERFEIÇOAMENTO EM AJUSTE CONSCIENCIAL À SOCIEDADE IDEAL";"";"";"";"LATO SENSU";"";"A Distância";"";"";"";"";"";"";"191";"DEPARTAMENTO DE MEDICINA CLÍNICA";"";"";"";"";"";""
"123907274";"APERFEIÇOAMENTO EM CURRÍCULO E PRÁTICAS NA EDUCAÇÃO INFANTIL";"";"";"";"LATO SENSU";"";"Presencial";"";"";"";"";"";"";"1452";"NÚCLEO DE EDUCAÇÃO DA INFÂNCIA";"";"";"";"";"";""
"168491973";"APERFEIÇOAMENTO EM DEFICIÊNCIA VISUAL E OS RECURSOS DE ACESSIBILIDADE COMUNICACIONAL";"";"";"";"LATO SENSU";"";"Presencial";"";"";"";"";"";"";"30546";"PROGRAMA DE PÓS-GRADUAÇÃO EM EDUCAÇÃO ESPECIAL";"";"";"";"";"";""
"168489693";"APERFEIÇOAMENTO EM DIDÁTICA E MÉTODO MULTISSENSORIAL NO ENSINO A ESTUDANTES COM DEFICIÊNCIA VISUAL";"";"";"";"LATO SENSU";"";"A Distância";"";"";"";"";"";"";"30546";"PROGRAMA DE PÓS-GRADUAÇÃO EM EDUCAÇÃO ESPECIAL";"";"";"";"";"";""
"168441602";"APERFEIÇOAMENTO EM EDUCAÇÃO ESPECIAL-INCLUSIVA NA EDUCAÇÃO BÁSICA";"";"";"";"LATO SENSU";"";"A Distância";"";"";"";"";"";"";"30546";"PROGRAMA DE PÓS-GRADUAÇÃO EM EDUCAÇÃO ESPECIAL";"";"";"";"";"";""
"130818692";"APERFEIÇOAMENTO EM EDUCAÇÃO, POBREZA E DESIGUALDADE SOCIAL";"";"";"";"LATO SENSU";"";"A Distância";"";"";"";"";"";"";"5967";"DEPARTAMENTO DE FUNDAMENTOS E POLÍTICAS DA EDUCAÇÃO";"";"";"";"";"";""
"98400995";"APERFEIÇOAMENTO EM ELETROENCEFALOGRAFIA BÁSICA  E CLÍNICA PARA RESIDÊNCIA MÉDICA";"";"";"ATIVO";"LATO SENSU";"";"Presencial";"";"";"";"";"";"";"193";"DEPARTAMENTO DE PEDIATRIA";"";"";"";"";"";""
"99582905";"APERFEIÇOAMENTO EM ENDOCRINOLOGIA PEDIÁTRICA";"";"";"ATIVO";"LATO SENSU";"";"Presencial";"";"";"";"";"";"";"193";"DEPARTAMENTO DE PEDIATRIA";"";"";"";"";"";""
"90723724";"APERFEIÇOAMENTO EM ENDOCRINOLOGIA PEDIÁTRICA";"";"";"ATIVO";"LATO SENSU";"";"Presencial";"";"";"";"";"";"";"193";"DEPARTAMENTO DE PEDIATRIA";"";"";"";"";"";""
"135860936";"APERFEIÇOAMENTO EM ENSINO DE PORTUGUÊS PARA ESTRANGEIROS, IMIGRANTES E REFUGIADOS";"";"";"";"LATO SENSU";"";"Remoto";"";"";"";"";"";"";"5206";"DEPARTAMENTO DE LINGUAS E LITERATURAS ESTRANGEIRAS MODERNAS";"";"";"";"";"";""
"124880396";"APERFEIÇOAMENTO EM FORMAÇÃO PEDAGÓGICA TUTORES E PRECEPTORES DA RESIDÊNCIA EM SAÚDE";"";"";"";"LATO SENSU";"";"Presencial";"";"";"";"";"";"";"197";"DEPARTAMENTO DE TOCO-GINECOLOGIA";"";"";"";"";"";""
"124895528";"APERFEIÇOAMENTO EM GESTÃO DE POLÍTICA DE DST AIDS HEPATITES VIRAIS E TUBERCULOSE";"";"";"";"LATO SENSU";"";"A Distância";"";"";"";"";"";"";"409";"NÚCLEO DE ESTUDOS EM SAÚDE COLETIVA";"";"";"";"";"";""
"138941430";"APERFEIÇOAMENTO EM GESTÃO DO TRABALHO E DA EDUCAÇÃO NA SAÚDE";"";"";"ATIVO";"LATO SENSU";"";"A Distância";"";"";"";"";"";"";"202";"DEPARTAMENTO DE SAÚDE COLETIVA";"";"";"";"";"";""
"130027665";"APERFEIÇOAMENTO EM LINGUAGEM TEATRAL: TEATRO DE ANIMAÇÃO NA EDUCAÇÃO DA INFÂNCIA";"";"";"";"LATO SENSU";"";"Presencial";"";"";"";"";"";"";"1452";"NÚCLEO DE EDUCAÇÃO DA INFÂNCIA";"";"";"";"";"";""
"135650946";"APERFEIÇOAMENTO EM LITERATURA INFANTIL NEGRA NA ESCOLA";"";"";"";"LATO SENSU";"";"Presencial";"";"";"";"";"";"";"363";"PROGRAMA DE PÓS-GRADUAÇÃO EM EDUCAÇÃO";"";"";"";"";"";""
"178449005";"APERFEIÇOAMENTO EM MENTORIA DE DIRETORES ESCOLARES";"5758538";"RUTE REGIS DE OLIVEIRA DA SILVA";"";"LATO SENSU";"";"A Distância";"";"";"";"";"";"";"5967";"DEPARTAMENTO DE FUNDAMENTOS E POLÍTICAS DA EDUCAÇÃO";"";"";"";"";"";""
"92843489";"APERFEIÇOAMENTO EM PLANEJAMENTO, CRIAÇÃO E MANUTENÇÃO DE REPOSITÓRIOS DIGITAIS";"";"";"ATIVO";"LATO SENSU";"";"Presencial";"";"";"";"";"";"";"63";"DEPARTAMENTO DE CIÊNCIA DA INFORMAÇÃO";"";"";"";"";"";""
"98641137";"APERFEIÇOAMENTO EM PRÓTESE SOBRE IMPLANTES";"";"";"ATIVO";"LATO SENSU";"";"Presencial";"";"";"";"";"";"";"195";"DEPARTAMENTO DE ODONTOLOGIA";"";"";"";"";"";""
"124922102";"APERFEIÇOAMENTO EM REABILITAÇÃO ORAL AVANÇADA EM PRÓTESE SOBRE IMPLANTE";"";"";"";"LATO SENSU";"";"Presencial";"";"";"";"";"";"";"195";"DEPARTAMENTO DE ODONTOLOGIA";"";"";"";"";"";""
"117438135";"APERFEIÇOAMENTO EM SAÚDE DA FAMÍLIA";"";"";"";"LATO SENSU";"";"A Distância";"";"";"";"";"";"";"7278";"ESCOLA MULTICAMPI DE CIÊNCIAS MÉDICAS DO RIO GRANDE DO NORTE";"";"";"";"";"";""
"171908775";"APERFEIÇOAMENTO PARA PROFISSIONAIS DO SISTEMA SOCIOEDUCATIVO DA CIDADE DE NATAL/RN";"5752795";"ILANA LEMOS DE PAIVA";"";"LATO SENSU";"";"Presencial";"";"";"";"";"";"";"143";"DEPARTAMENTO DE PSICOLOGIA";"";"";"";"";"";""
"174575192";"APERFEIÇOAMENTO PARA PROFISSIONAIS DO SISTEMA SOCIOEDUCATIVO DAS CIDADES DE CAICÓ/RN E MOSSORÓ/RN";"23731";"ISABEL MARIA FARIAS FERNANDES DE OLIVEIRA";"";"LATO SENSU";"";"Presencial";"";"";"";"";"";"";"143";"DEPARTAMENTO DE PSICOLOGIA";"";"";"";"";"";""
"184446888";"ARQUEOLOGIA";"5758829";"AIRAN DOS SANTOS BORGES DE OLIVEIRA";"ATIVO";"GRADUAÇÃO";"BACHARELADO";"Presencial";"Ciências Humanas";"Regular";"";"Generalista";"CAICÓ";"";"1482";"CENTRO DE  ENSINO SUPERIOR DO SERIDÓ";"";"";"";"";"";""
"2000005";"ARQUITETURA E URBANISMO";"5760236";"RENATO DE MEDEIROS";"ATIVO";"GRADUAÇÃO";"BACHARELADO";"Presencial";"Engenharias";"Regular";"Matutino, Vespertino e Noturno";"Generalista";"NATAL";"Campus Central";"445";"CENTRO DE TECNOLOGIA";"";"1973/08/13 00:00:00.000";"12343";"2018/12/28 00:00:00.000";"Portaria MEC/SERES Nº 922/2018";""
"2000123";"ARTES VISUAIS";"5759408";"BETTINA RUPP";"ATIVO";"GRADUAÇÃO";"LICENCIATURA";"Presencial";"Lingüística, Letras e Artes";"Regular";"Matutino e Vespertino";"Generalista";"NATAL";"Campus Central";"442";"CENTRO DE CIÊNCIAS HUMANAS, LETRAS E ARTES";"";"1977/03/03 00:00:00.000";"95667";"2018/12/28 00:00:00.000";"Portaria MEC/SERES Nº 922/2018";""
"180582342";"ATENDIMENTO EDUCACIONAL ESPECIALIZADO: A AUTORREGULAÇÃO POR ESTUDANTES COM DEFICIÊNCIA INTELECTUAL";"5758461";"FLAVIA ROLDAN VIANA";"";"LATO SENSU";"";"Semi-Presencial";"";"";"";"";"";"";"30546";"PROGRAMA DE PÓS-GRADUAÇÃO EM EDUCAÇÃO ESPECIAL";"";"";"";"";"";""
"99413191";"ATENDIMENTO EDUCACIONAL ESPECIALIZADO NA PERSPECTIVA DA EDUCAÇÃO INCLUSIVA";"";"";"ATIVO";"LATO SENSU";"";"Presencial";"";"";"";"";"";"";"363";"PROGRAMA DE PÓS-GRADUAÇÃO EM EDUCAÇÃO";"";"";"";"";"";""
"126946116";"AUDITORIA EM SAÚDE";"";"";"";"LATO SENSU";"";"Presencial";"";"";"";"";"";"";"205";"ESCOLA DE SAÚDE";"";"";"";"";"";""
"183034505";"AUXILIAR DE AGROECOLOGIA - EJA EPT - CANGUARETAMA";"";"";"";"TÉCNICO";"";"Semi-Presencial";"";"";"";"";"MACAÍBA";"";"351";"ESCOLA AGRÍCOLA DE JUNDIAÍ";"";"";"";"";"";""
"174832421";"AUXILIAR DE AGROECOLOGIA - EJA EPT - LAGOA DE PEDRAS";"";"";"";"TÉCNICO";"";"Semi-Presencial";"";"";"";"";"MACAÍBA";"";"351";"ESCOLA AGRÍCOLA DE JUNDIAÍ";"";"";"";"";"";""
"174825967";"AUXILIAR DE COZINHA - EJA EPT - LAGOA DE PEDRAS";"";"";"";"TÉCNICO";"";"Semi-Presencial";"";"";"";"";"MACAÍBA";"";"351";"ESCOLA AGRÍCOLA DE JUNDIAÍ";"";"";"";"";"";""
"183448090";"AUXILIAR DE COZINHA - EJA EPT - PARNAMIRIM";"";"";"";"TÉCNICO";"";"Semi-Presencial";"";"";"";"";"MACAÍBA";"";"351";"ESCOLA AGRÍCOLA DE JUNDIAÍ";"";"";"";"";"";""
"181676364";"AUXILIAR DE COZINHA - EJA EPT - TIBAU DO SUL";"";"";"";"TÉCNICO";"";"Semi-Presencial";"";"";"";"";"MACAÍBA";"";"351";"ESCOLA AGRÍCOLA DE JUNDIAÍ";"";"";"";"";"";""
"97605099";"AVALIAÇÃO E INTERVENÇÃO FISIOTERAPÊUTICA NA ÁREA MATERNO INFANTIL";"";"";"ATIVO";"LATO SENSU";"";"Presencial";"";"";"";"";"";"";"201";"DEPARTAMENTO DE FISIOTERAPIA";"";"";"";"";"";""
"9291230";"Avaliação psicológica da personalidade";"";"";"ATIVO";"LATO SENSU";"";"Presencial";"";"";"";"";"NATAL";"";"143";"DEPARTAMENTO DE PSICOLOGIA";"";"";"";"";"";""
"178733979";"BACHARELADO EM INTELIGÊNCIA ARTIFICIAL";"";"";"ATIVO";"GRADUAÇÃO";"BACHARELADO";"Presencial";"Ciências Exatas e da Terra";"Semestral";"";"Associada";"NATAL";"";"6069";"INSTITUTO METROPOLE DIGITAL";"";"";"";"";"";""
"149717829";"BACHARELADO INTERDISCIPLINAR EM HUMANIDADES";"5763579";"ANDRESSA LIDICY MORAIS LIMA FREITAS";"ATIVO";"GRADUAÇÃO";"BACHARELADO";"Presencial";"Ciências Humanas";"Regular";"";"Generalista";"NATAL";"";"30304";"INSTITUTO HUMANITAS DE ESTUDOS INTEGRADOS";"";"";"1562727";"";"";""
"95739909";"BASES FISIOLÓGICAS PARA AVALIAÇÃO E PRESCRIÇÃO DE EXERCÍCIOS FÍSICOS";"";"";"ATIVO";"LATO SENSU";"";"Presencial";"";"";"";"";"";"";"199";"DEPARTAMENTO DE EDUCAÇÃO FÍSICA";"";"";"";"";"";""
"2000006";"BIBLIOTECONOMIA";"5760265";"NANCY SANCHEZ TARRAGO";"ATIVO";"GRADUAÇÃO";"BACHARELADO";"Presencial";"Ciências Sociais Aplicadas";"Regular";"Vespertino";"Generalista";"NATAL";"Campus Central";"443";"CENTRO DE CIÊNCIAS SOCIAIS APLICADAS";"http://sol.ccsa.ufrn.br/ccsa/areas/biblio/biblioteconomia/";"1977/03/03 00:00:00.000";"18393";"2017/06/26 00:00:00.000";"Portaria nº 628/2017 - MEC";""
"100097561";"BIOLOGIA MOLECULAR - DIAGNOSTICO MOLECULAR DE DOENCAS HUMANAS";"";"";"ATIVO";"LATO SENSU";"";"Presencial";"";"";"";"";"";"";"366";"PROGRAMA DE PÓS-GRADUAÇÃO EM CIÊNCIAS FARMACÊUTICAS";"";"";"";"";"";""
"2000122";"BIOMEDICINA";"5752588";"ERMETON DUARTE DO NASCIMENTO";"ATIVO";"GRADUAÇÃO";"BACHARELADO";"Presencial";"Ciências Biológicas";"Regular";"Matutino, Vespertino e Noturno";"Generalista";"NATAL";"Campus Central";"440";"CENTRO DE BIOCIÊNCIAS";"";"2003/03/31 00:00:00.000";"60288";"2018/03/02 00:00:00.000";"Portaria Nº 133/2018 - MEC";""
"2000013";"CIÊNCIA DA COMPUTAÇÃO";"5764008";"MATHEUS DA SILVA MENEZES";"ATIVO";"GRADUAÇÃO";"BACHARELADO";"Presencial";"Ciências Exatas e da Terra";"Regular";"Matutino e Vespertino";"Associada";"NATAL";"Campus Central";"439";"CENTRO DE CIÊNCIAS EXATAS E DA TERRA";"http://www.dimap.ufrn.br/ccc.html";"1987/03/01 00:00:00.000";"12313";"2018/12/28 00:00:00.000";"Portaria MEC/SERES Nº 922/2018";""
"6633741";"CIÊNCIAS ATUARIAIS";"5760217";"JÁRVIS CAMPOS";"ATIVO";"GRADUAÇÃO";"BACHARELADO";"Presencial";"Ciências Exatas e da Terra";"Regular";"";"Generalista";"NATAL";"";"439";"CENTRO DE CIÊNCIAS EXATAS E DA TERRA";"";"";"116514";"2013/12/30 00:00:00.000";"Portaria nº 735/2013 - MEC";""
"2000009";"CIÊNCIAS BIOLÓGICAS";"26020";"JACIRA MARIA ANDRADE DE SOUSA";"ATIVO";"GRADUAÇÃO";"BACHARELADO";"Presencial";"Ciências Biológicas";"Regular";"Matutino, Vespertino e Noturno";"Generalista";"NATAL";"Campus Central";"440";"CENTRO DE BIOCIÊNCIAS";"http://www.cb.ufrn.br/conteudo/cursos/biologia/biologia.htm";"1970/02/23 00:00:00.000";"12332";"2018/12/28 00:00:00.000";"Portaria MEC/SERES Nº 922/2018";""
"9295710";"CIÊNCIAS BIOLÓGICAS";"26028";"MAGNOLIA FERNANDES FLORENCIO DE ARAUJO";"ATIVO";"GRADUAÇÃO";"LICENCIATURA";"A Distância";"Ciências Biológicas";"Regular";"";"Generalista";"NATAL";"";"440";"CENTRO DE BIOCIÊNCIAS";"";"";"120887";"2018/12/28 00:00:00.000";"Portaria MEC/SERES Nº 913/2018";""
"111635035";"CIÊNCIAS BIOLÓGICAS";"5755490";"RAQUEL CORDEIRO THEODORO";"ATIVO";"GRADUAÇÃO";"LICENCIATURA";"Presencial";"Ciências Biológicas";"Regular";"Matutino, Vespertino e Noturno";"Generalista";"NATAL";"Campus Central";"440";"CENTRO DE BIOCIÊNCIAS";"http://www.cb.ufrn.br/conteudo/cursos/biologia/biologia.htm";"1970/02/23 00:00:00.000";"312332";"2018/12/28 00:00:00.000";"Portaria MEC/SERES Nº 922/2018";""
"2000012";"CIÊNCIAS CONTÁBEIS";"25988";"LUZIANA MARIA NUNES DE QUEIROZ";"ATIVO";"GRADUAÇÃO";"BACHARELADO";"Presencial";"Ciências Sociais Aplicadas";"Regular";"Matutino e Noturno";"Generalista";"CAICÓ";"Campus Caicó";"1482";"CENTRO DE  ENSINO SUPERIOR DO SERIDÓ";"";"1979/03/11 00:00:00.000";"12349";"2017/04/04 00:00:00.000";"Portaria nº 272/2017 - MEC";""
"2000011";"CIÊNCIAS CONTÁBEIS";"5755577";"GIOVANNA TONETTO SEGANTINI";"ATIVO";"GRADUAÇÃO";"BACHARELADO";"Presencial";"Ciências Sociais Aplicadas";"Regular";"Matutino e Noturno";"Generalista";"NATAL";"Campus Central";"443";"CENTRO DE CIÊNCIAS SOCIAIS APLICADAS";"http://sol.ccsa.ufrn.br/ccsa/areas/cont/contabeis/";"1962/09/16 00:00:00.000";"12312";"2017/04/04 00:00:00.000";"Portaria nº 272/2017 - MEC";""
"2000014";"CIÊNCIAS ECONÔMICAS";"5760226";"JULIA ROCHA ARAUJO";"ATIVO";"GRADUAÇÃO";"BACHARELADO";"Presencial";"Ciências Sociais Aplicadas";"Regular";"Matutino e Noturno";"Generalista";"NATAL";"Campus Central";"443";"CENTRO DE CIÊNCIAS SOCIAIS APLICADAS";"http://sol.ccsa.ufrn.br/ccsa/areas/eco/economia/";"1979/06/16 00:00:00.000";"12314";"2017/04/04 00:00:00.000";"Portaria nº 272/2017 - MEC";""
"10320810";"CIÊNCIAS E TECNOLOGIA";"5760234";"KELLY KALIANE REGO DA PAZ RODRIGUES";"ATIVO";"GRADUAÇÃO";"BACHARELADO";"Presencial";"Ciências Exatas e da Terra";"Regular";"";"Generalista";"NATAL";"";"4885";"ESCOLA DE CIÊNCIAS E TECNOLOGIA";"http://www.prograd.ufrn.br";"";"116756";"2008/06/10 00:00:00.000";"RESOLUÇÃO Nº083/2008-CONSEPE";""
"2000015";"CIÊNCIAS SOCIAIS";"5760430";"CARLOS EDUARDO FREITAS MORAIS";"ATIVO";"GRADUAÇÃO";"BACHARELADO";"Presencial";"Ciências Humanas";"Regular";"Matutino e Noturno";"Generalista";"NATAL";"Campus Central";"442";"CENTRO DE CIÊNCIAS HUMANAS, LETRAS E ARTES";"http://www.nexusonline.com.br/ccs/";"1974/09/04 00:00:00.000";"1113220";"2018/12/28 00:00:00.000";"Portaria MEC/SERES Nº 922/2018";""
"111635038";"CIÊNCIAS SOCIAIS";"22941";"ELISETE SCHWADE";"ATIVO";"GRADUAÇÃO";"LICENCIATURA";"Presencial";"Ciências Humanas";"Regular";"Matutino e Noturno";"Generalista";"NATAL";"Campus Central";"442";"CENTRO DE CIÊNCIAS HUMANAS, LETRAS E ARTES";"http://www.nexusonline.com.br/ccs/";"1974/09/04 00:00:00.000";"12315";"2018/12/28 00:00:00.000";"Portaria MEC/SERES Nº 922/2018";""
"102191189";"CIÊNCIAS SOCIAIS";"";"";"ATIVO";"GRADUAÇÃO";"LICENCIATURA";"Presencial";"Ciências Humanas";"Temporário";"";"Generalista";"NATAL";"";"442";"CENTRO DE CIÊNCIAS HUMANAS, LETRAS E ARTES";"";"";"12315";"";"";"PRONERA"
"2163123";"CLINICA MEDICA";"";"";"ATIVO";"RESIDÊNCIA";"";"Presencial";"";"";"";"";"";"";"5285";"COREME - CLÍNICA MÉDICA";"";"";"";"";"";""
"136155633";"COMUNICAÇÃO E EDUCAÇÃO";"";"";"";"LATO SENSU";"";"Semi-Presencial";"";"";"";"";"";"";"140";"DEPARTAMENTO DE COMUNICAÇÃO SOCIAL";"";"";"";"";"";""
"51497566";"COMUNICAÇÃO E EDUCAÇÃO";"";"";"ATIVO";"LATO SENSU";"";"Semi-Presencial";"";"";"";"";"";"";"140";"DEPARTAMENTO DE COMUNICAÇÃO SOCIAL";"";"";"";"";"";""
"2000016";"COMUNICAÇÃO SOCIAL";"22930";"FRANCISCO DE ASSIS DUARTE GUIMARAES";"ATIVO";"GRADUAÇÃO";"BACHARELADO";"Presencial";"Ciências Humanas";"Regular";"Matutino, Vespertino e Noturno";"Generalista";"NATAL";"Campus Central";"442";"CENTRO DE CIÊNCIAS HUMANAS, LETRAS E ARTES";"http://www.decom.ufrn.br/";"1963/03/01 00:00:00.000";"116516";"2018/02/02 00:00:00.000";"PORTARIA Nº 58, DE 2 DE FEVEREIRO DE 2018";""
"119512361";"COMUNICAÇÃO SOCIAL - AUDIOVISUAL";"5752197";"HELCIO PACHECO DE MEDEIROS";"ATIVO";"GRADUAÇÃO";"BACHARELADO";"Presencial";"Ciências Humanas";"Semestral";"";"Generalista";"NATAL";"";"442";"CENTRO DE CIÊNCIAS HUMANAS, LETRAS E ARTES";"";"";"1364002";"2016/07/26 00:00:00.000";"RESOLUÇÃO N°119/2016-CONSEPE, de 26 de JULHO de 2016";""
"118834827";"COMUNICAÇÃO SOCIAL- PUBLICIDADE E PROPAGANDA";"5758436";"MARCELA COSTA DA CUNHA CHACEL";"ATIVO";"GRADUAÇÃO";"BACHARELADO";"Presencial";"Ciências Humanas";"Semestral";"";"Generalista";"NATAL";"";"442";"CENTRO DE CIÊNCIAS HUMANAS, LETRAS E ARTES";"";"";"116624";"2017/04/04 00:00:00.000";"Portaria nº 272/2017 - MEC";""
"141014211";"CONTABILIDADE E GESTÃO EMPRESARIAL";"";"";"";"LATO SENSU";"";"Semi-Presencial";"";"";"";"";"";"";"163";"DEPARTAMENTO DE CIÊNCIAS CONTÁBEIS - DCC";"";"";"";"";"";""
"6633740";"CURSO DE APERFEIÇOAMENTO EM ENDOCRINOLOGIA PEDIÁTRICA";"";"";"ATIVO";"LATO SENSU";"";"Presencial";"";"";"";"";"NATAL";"";"193";"DEPARTAMENTO DE PEDIATRIA";"";"";"";"";"";""
"51003665";"CURSO DE APERFEIÇOAMENTO EM ENDOCRINOLOGIA PEDIÁTRICA";"";"";"ATIVO";"LATO SENSU";"";"Presencial";"";"";"";"";"";"";"193";"DEPARTAMENTO DE PEDIATRIA";"";"";"";"";"";""
"115828700";"CURSO DE APERFEIÇOAMENTO SOBRE GESTÃO DA POLÍTICA EM DST, AIDS, HEPATITES VIRAIS";"";"";"";"LATO SENSU";"";"A Distância";"";"";"";"";"";"";"409";"NÚCLEO DE ESTUDOS EM SAÚDE COLETIVA";"";"";"";"";"";""
"87094038";"CURSO DE CONVERSAÇÃO EM LÍNGUA ALEMÃ";"";"";"ATIVO";"FORMAÇÃO COMPLEMENTAR";"";"Presencial";"";"";"";"";"NATAL";"";"6042";"INSTITUTO ÁGORA - LÍNGUAS, LITERATURAS E CULTURAS ESTRANGEIRAS MODERNAS";"";"";"";"";"";""
"133458885";"CURSO DE CONVERSAÇÃO EM LÍNGUA BRASILEIRA DE SINAIS";"";"";"";"FORMAÇÃO COMPLEMENTAR";"";"Presencial";"";"";"";"";"NATAL";"";"6042";"INSTITUTO ÁGORA - LÍNGUAS, LITERATURAS E CULTURAS ESTRANGEIRAS MODERNAS";"";"";"";"";"";""
"87093989";"CURSO DE CONVERSAÇÃO EM LÍNGUA ESPANHOLA";"";"";"ATIVO";"FORMAÇÃO COMPLEMENTAR";"";"Presencial";"";"";"";"";"NATAL";"";"6042";"INSTITUTO ÁGORA - LÍNGUAS, LITERATURAS E CULTURAS ESTRANGEIRAS MODERNAS";"";"";"";"";"";""
"86980267";"CURSO DE CONVERSAÇÃO EM LÍNGUA FRANCESA";"";"";"ATIVO";"FORMAÇÃO COMPLEMENTAR";"";"Presencial";"";"";"";"";"NATAL";"";"6042";"INSTITUTO ÁGORA - LÍNGUAS, LITERATURAS E CULTURAS ESTRANGEIRAS MODERNAS";"";"";"";"";"";""
"87093970";"CURSO DE CONVERSAÇÃO EM LÍNGUA INGLESA";"";"";"ATIVO";"FORMAÇÃO COMPLEMENTAR";"";"Presencial";"";"";"";"";"NATAL";"";"6042";"INSTITUTO ÁGORA - LÍNGUAS, LITERATURAS E CULTURAS ESTRANGEIRAS MODERNAS";"";"";"";"";"";""
"86981390";"Curso de Conversação em Língua Japonesa";"";"";"ATIVO";"FORMAÇÃO COMPLEMENTAR";"";"Presencial";"";"";"";"";"NATAL";"";"6042";"INSTITUTO ÁGORA - LÍNGUAS, LITERATURAS E CULTURAS ESTRANGEIRAS MODERNAS";"";"";"";"";"";""
"87093990";"CURSO DE CONVERSAÇÃO EM LÍNGUA PORTUGUESA PARA ESTRANGEIROS";"";"";"ATIVO";"FORMAÇÃO COMPLEMENTAR";"";"Presencial";"";"";"";"";"NATAL";"";"6042";"INSTITUTO ÁGORA - LÍNGUAS, LITERATURAS E CULTURAS ESTRANGEIRAS MODERNAS";"";"";"";"";"";""
"175787885";"CURSO DE ESPECIALIZAÇÃO DE GESTÃO EM SAÚDE MODALIDADE A DISTÂNCIA";"";"";"";"LATO SENSU";"";"A Distância";"";"";"";"";"";"";"205";"ESCOLA DE SAÚDE";"";"";"";"";"";""
"4711440";"CURSO DE  ESPECIALIZAÇÃO EM ADMINISTRAÇÃO PÚBLICA";"";"";"ATIVO";"LATO SENSU";"";"Presencial";"";"";"";"";"NATAL";"";"3202";"FUNPEC/PPGAD";"";"";"";"";"";""
"3161570";"CURSO DE ESPECIALIZAÇÃO EM ANÁLISES CLÍNICAS";"";"";"ATIVO";"LATO SENSU";"";"Presencial";"";"";"";"";"NATAL";"";"117";"DEPARTAMENTO DE ANÁLISES CLÍNICAS E TOXICOLÓGICAS";"";"";"";"";"";""
"2527490";"CURSO DE ESPECIALIZAÇÃO EM AUDITORIA E CONTROLE INTERNO";"";"";"ATIVO";"LATO SENSU";"";"Presencial";"";"";"";"";"NATAL";"";"443";"CENTRO DE CIÊNCIAS SOCIAIS APLICADAS";"";"";"";"";"";""
"1080250";"CURSO DE ESPECIALIZAÇÃO EM AUDITORIA E PERÍCIA";"";"";"ATIVO";"LATO SENSU";"";"Presencial";"";"";"";"";"CAICÓ";"";"2856";"CERES - SECRETARIA DO DCEA";"";"";"";"";"";""
"3179270";"CURSO DE ESPECIALIZAÇÃO EM CIÊNCIAS MORFOLÓGICAS - INTERDISCIPLINARIDADE NO ENSI";"";"";"ATIVO";"LATO SENSU";"";"Presencial";"";"";"";"";"NATAL";"";"177";"DEPARTAMENTO DE MORFOLOGIA";"";"";"";"";"";""
"8234990";"CURSO DE ESPECIALIZAÇÃO EM CONTROLADORIA PARA GESTÃO PÚBLICA E TERCEIRO SETOR";"";"";"ATIVO";"LATO SENSU";"";"Semi-Presencial";"";"";"";"";"NATAL";"";"163";"DEPARTAMENTO DE CIÊNCIAS CONTÁBEIS - DCC";"";"";"";"";"";""
"1085930";"CURSO DE ESPECIALIZAÇÃO EM DIREITO CIVIL E PROCESSUAL CIVIL";"";"";"ATIVO";"LATO SENSU";"";"Presencial";"";"";"";"";"NATAL";"";"404";"PROGRAMA DE PÓS-GRADUAÇÃO EM DIREITO";"";"";"";"";"";""
"162847957";"CURSO DE ESPECIALIZAÇÃO EM DIREITO DA INCLUSÃO E COMBATE À DISCRIMINAÇÃO";"";"";"";"LATO SENSU";"";"Semi-Presencial";"";"";"";"";"";"";"9750";"DEPARTAMENTO DE DIREITO PROCESSUAL E PROPEDÊUTICA - DEPRO";"";"";"";"";"";""
"6165401";"CURSO DE ESPECIALIZAÇÃO EM EDUCAÇÃO E SUSTENTABILIDADE AMBIENTAL";"";"";"ATIVO";"LATO SENSU";"";"Presencial";"";"";"";"";"NATAL";"";"159";"DEPARTAMENTO DE EDUCAÇÃO";"";"";"";"";"";""
"7008210";"CURSO DE ESPECIALIZAÇÃO EM EDUCAÇÃO E SUSTENTABILIDADE AMBIENTAL";"";"";"ATIVO";"LATO SENSU";"";"Presencial";"";"";"";"";"NATAL";"";"159";"DEPARTAMENTO DE EDUCAÇÃO";"";"";"";"";"";""
"7612820";"Curso de Especialização em Elaboração e Avaliação de Projetos Turísticos";"";"";"ATIVO";"LATO SENSU";"";"Presencial";"";"";"";"";"NATAL";"";"4652";"PÓS-GRADUAÇÃO EM TURISMO";"";"";"";"";"";""
"1308470";"CURSO DE ESPECIALIZAÇÃO EM ENDODONTIA";"";"";"ATIVO";"LATO SENSU";"";"Presencial";"";"";"";"";"NATAL";"";"195";"DEPARTAMENTO DE ODONTOLOGIA";"";"";"";"";"";""
"124758134";"CURSO DE ESPECIALIZAÇÃO EM ENFERMAGEM OBSTÉTRICA III - REDE CEGONHA";"";"";"";"LATO SENSU";"";"Presencial";"";"";"";"";"";"";"205";"ESCOLA DE SAÚDE";"";"";"";"";"";""
"124522223";"CURSO DE ESPECIALIZAÇÃO EM ENFERMAGEM OBSTÉTRICA - REDE CEGONHA III";"";"";"";"LATO SENSU";"";"Presencial";"";"";"";"";"";"";"205";"ESCOLA DE SAÚDE";"";"";"";"";"";""
"7634140";"CURSO DE ESPECIALIZAÇÃO EM ENSINO DE EDUCAÇÃO FÍSICA";"";"";"ATIVO";"LATO SENSU";"";"Presencial";"";"";"";"";"NATAL";"";"199";"DEPARTAMENTO DE EDUCAÇÃO FÍSICA";"";"";"";"";"";""
"906290";"CURSO DE ESPECIALIZAÇÃO EM EPIDEMIOLOGIA PARA SERVIÇOS HOSPITALARES";"";"";"ATIVO";"LATO SENSU";"";"Presencial";"";"";"";"";"NATAL";"";"1609";"NESC - NÚCLEO DE ESTUDOS EM SAÚDE COLETIVA (ADM. CENTRAL)";"";"";"";"";"";""
"5622610";"CURSO DE ESPECIALIZAÇÃO EM FINANÇAS E CONTROLADORIA PARA NEGÓCIOS EMPRESARIAIS";"";"";"ATIVO";"LATO SENSU";"";"Presencial";"";"";"";"";"NATAL";"";"163";"DEPARTAMENTO DE CIÊNCIAS CONTÁBEIS - DCC";"";"";"";"";"";""
"13486010";"CURSO DE ESPECIALIZAÇÃO EM GEOPROCESAMENTO E CARTOGRAFIA DIGITAL";"";"";"ATIVO";"LATO SENSU";"";"Presencial";"";"";"";"";"";"";"142";"DEPARTAMENTO DE GEOGRAFIA/CCHLA";"";"";"";"";"";""
"2665390";"CURSO DE ESPECIALIZAÇÃO EM GEOPROCESSAMENTO E CARTOGRAFIA DIGITAL";"";"";"ATIVO";"LATO SENSU";"";"Presencial";"";"";"";"";"NATAL";"";"142";"DEPARTAMENTO DE GEOGRAFIA/CCHLA";"";"";"";"";"";""
"1152410";"CURSO DE ESPECIALIZAÇÃO EM GEOPROCESSAMENTO E CARTOGRAFIA DIGITAL";"";"";"ATIVO";"LATO SENSU";"";"Presencial";"";"";"";"";"NATAL";"";"142";"DEPARTAMENTO DE GEOGRAFIA/CCHLA";"";"";"";"";"";""
"5505370";"CURSO DE ESPECIALIZAÇÃO EM GESTÃO DA QUALIDADE EM SERVIÇOS DE SAÚDE";"";"";"ATIVO";"LATO SENSU";"";"Presencial";"";"";"";"";"NATAL";"";"115";"DEPARTAMENTO DE ENGENHARIA PRODUÇÃO";"";"";"";"";"";""
"899332";"CURSO DE ESPECIALIZAÇÃO EM GESTÃO DE HOSPITAIS PÚBLICOS";"";"";"ATIVO";"LATO SENSU";"";"Presencial";"";"";"";"";"NATAL";"";"202";"DEPARTAMENTO DE SAÚDE COLETIVA";"";"";"";"";"";""
"1384330";"CURSO DE ESPECIALIZAÇÃO EM GESTÃO DE HOSPITAIS PÚBLICOS";"";"";"ATIVO";"LATO SENSU";"";"Presencial";"";"";"";"";"NATAL";"";"441";"CENTRO DE CIÊNCIAS DA SAÚDE";"";"";"";"";"";""
"2558520";"Curso de Especialização em Gestão de Qualidade de Vida e Saúde no Trabalho";"";"";"ATIVO";"LATO SENSU";"";"Presencial";"";"";"";"";"NATAL";"";"1618";"COORD. DO PROGRAMA DE POS-GRAD. EM ADMINISTRACAO";"";"";"";"";"";""
"129738043";"CURSO DE ESPECIALIZAÇÃO EM GESTÃO EM SAÚDE / MODALIDADE À DISTÂNCIA - UAB";"";"";"";"LATO SENSU";"";"A Distância";"";"";"";"";"";"";"205";"ESCOLA DE SAÚDE";"";"";"";"";"";""
"2365305";"CURSO DE ESPECIALIZAÇÃO EM GESTÃO ESTRATÉGICA DE NEGÓCIOS";"";"";"ATIVO";"LATO SENSU";"";"Presencial";"";"";"";"";"";"";"105";"PROGRAMA DE PÓS-GRADUAÇÃO EM ENGENHARIA DE PRODUÇÃO";"";"";"";"";"";""
"908980";"CURSO DE ESPECIALIZAÇÃO EM GESTÃO ESTRATÉGICA EM MARKETING";"";"";"ATIVO";"LATO SENSU";"";"Presencial";"";"";"";"";"NATAL";"";"161";"DEPARTAMENTO DE CIÊNCIAS ADMINISTRATIVAS - DEPAD";"";"";"";"";"";""
"123432493";"CURSO DE ESPECIALIZAÇÃO EM LIBRAS";"";"";"";"LATO SENSU";"";"Presencial";"";"";"";"";"";"";"7847";"DEPARTAMENTO DE LETRAS - CERES";"";"";"";"";"";""
"9299260";"CURSO DE ESPECIALIZAÇÃO EM LÍNGUA PORTUGUESA E ENSINO - CELPE";"";"";"ATIVO";"LATO SENSU";"";"Presencial";"";"";"";"";"NATAL";"";"138";"DEPARTAMENTO DE LETRAS";"";"";"";"";"";""
"2669130";"CURSO DE ESPECIALIZAÇÃO EM LÍNGUA PORTUGUESA: LEITURA, PRODUÇÃO DE TEXTOS E GRAM";"";"";"ATIVO";"LATO SENSU";"";"Presencial";"";"";"";"";"NATAL";"";"138";"DEPARTAMENTO DE LETRAS";"";"";"";"";"";""
"5405880";"CURSO DE ESPECIALIZAÇÃO EM MATEMÁTICA DO ENSINO FUNDAMENTAL";"";"";"ATIVO";"LATO SENSU";"";"Presencial";"";"";"";"";"NATAL";"";"120";"DEPARTAMENTO DE MATEMÁTICA";"";"";"";"";"";""
"4170990";"CURSO DE ESPECIALIZAÇÃO EM ORTODONTIA E ORTOPEDIA FACIAL";"";"";"ATIVO";"LATO SENSU";"";"Presencial";"";"";"";"";"";"";"195";"DEPARTAMENTO DE ODONTOLOGIA";"";"";"";"";"";""
"905860";"CURSO DE ESPECIALIZAÇÃO EM PSICOPEDAGOGIA";"";"";"ATIVO";"LATO SENSU";"";"Presencial";"";"";"";"";"NATAL";"";"143";"DEPARTAMENTO DE PSICOLOGIA";"";"";"";"";"";""
"20214620";"CURSO DE ESPECIALIZAÇÃO EM QUALIDADE DE VIDA E SAÚDE NO TRABALHO";"";"";"ATIVO";"LATO SENSU";"";"Presencial";"";"";"";"";"";"";"74";"PROGRAMA DE PÓS-GRADUAÇÃO EM ADMINISTRAÇÃO";"";"";"";"";"";""
"912010";"CURSO DE ESPECIALIZAÇÃO EM VIGILÂNCIA EPIDEMIOLÓGICA DAS DOENÇAS TRANSMISSÍVEIS";"";"";"ATIVO";"LATO SENSU";"";"Presencial";"";"";"";"";"NATAL";"";"412";"PROGRAMA DE PÓS-GRADUAÇÃO EM ENFERMAGEM";"";"";"";"";"";""
"120187299";"CURSO DE ESPECIALIZAÇÃO TÉCNICA EM INSTRUMENTAÇÃO CIRÚRGICA";"";"";"";"TÉCNICO";"";"Presencial";"";"";"";"";"NATAL";"";"205";"ESCOLA DE SAÚDE";"";"";"";"";"";""
"2252975";"CURSO DE ESPECILIZAÇÃO EM PERFORMANCE ORQUESTRAL EM REGÊNCIA E VIOLONCELO";"";"";"ATIVO";"LATO SENSU";"";"Presencial";"";"";"";"";"";"";"284";"ESCOLA DE MÚSICA";"";"";"";"";"";""
"13085351";"Curso de férias - Noções Básicas de Implantodontia";"";"";"ATIVO";"LATO SENSU";"";"Presencial";"";"";"";"";"";"";"195";"DEPARTAMENTO DE ODONTOLOGIA";"";"";"";"";"";""
"2247254";"CURSO DE FORMAÇÃO DE PROGRAMADORES DA METRÓPOLE DIGITAL";"";"";"ATIVO";"TÉCNICO";"";"Semi-Presencial";"";"";"";"";"NATAL";"";"125";"DEPARTAMENTO DE INFORMÁTICA E MATEMÁTICA APLICADA";"";"";"";"";"";""
"11521680";"CURSO DE FORMAÇÃO INICIAL E CONTINUADA EM CANTO CORAL - PROEJA";"";"";"ATIVO";"TÉCNICO";"";"Presencial";"";"";"";"";"NATAL";"";"284";"ESCOLA DE MÚSICA";"";"";"";"";"";""
"2818700";"CURSO DE FORMAÇÃO INICIAL E CONTINUADA EM VIOLÃO POPULAR - PROEJA";"";"";"ATIVO";"TÉCNICO";"";"Presencial";"";"";"";"";"NATAL";"";"284";"ESCOLA DE MÚSICA";"";"";"";"";"";""
"140211655";"CURSO DE INICIAÇÃO ARTÍSTICA - CIART";"";"";"";"FORMAÇÃO COMPLEMENTAR";"";"Presencial";"";"";"";"";"NATAL";"";"284";"ESCOLA DE MÚSICA";"";"";"";"";"";""
"86980604";"CURSO DE LÍNGUA ALEMÃ - BÁSICO";"";"";"ATIVO";"FORMAÇÃO COMPLEMENTAR";"";"Presencial";"";"";"";"";"NATAL";"";"6042";"INSTITUTO ÁGORA - LÍNGUAS, LITERATURAS E CULTURAS ESTRANGEIRAS MODERNAS";"";"";"";"";"";""
"86980718";"CURSO DE LÍNGUA ALEMÃ PARA FINS ACADÊMICOS";"";"";"ATIVO";"FORMAÇÃO COMPLEMENTAR";"";"Presencial";"";"";"";"";"NATAL";"";"6042";"INSTITUTO ÁGORA - LÍNGUAS, LITERATURAS E CULTURAS ESTRANGEIRAS MODERNAS";"";"";"";"";"";""
"112718836";"CURSO DE LÍNGUA BRASILEIRA DE SINAIS (LIBRAS)";"";"";"";"FORMAÇÃO COMPLEMENTAR";"";"Presencial";"";"";"";"";"NATAL";"";"6042";"INSTITUTO ÁGORA - LÍNGUAS, LITERATURAS E CULTURAS ESTRANGEIRAS MODERNAS";"";"";"";"";"";""
"116158046";"CURSO DE LÍNGUA E CULTURA HEBRAICA - BÁSICO";"";"";"";"FORMAÇÃO COMPLEMENTAR";"";"Presencial";"";"";"";"";"NATAL";"";"6042";"INSTITUTO ÁGORA - LÍNGUAS, LITERATURAS E CULTURAS ESTRANGEIRAS MODERNAS";"";"";"";"";"";""
"86980317";"CURSO DE LÍNGUA ESPANHOLA - BÁSICO";"";"";"ATIVO";"FORMAÇÃO COMPLEMENTAR";"";"Presencial";"";"";"";"";"NATAL";"";"6042";"INSTITUTO ÁGORA - LÍNGUAS, LITERATURAS E CULTURAS ESTRANGEIRAS MODERNAS";"";"";"";"";"";""
"86980325";"CURSO DE LÍNGUA ESPANHOLA PARA FINS ACADÊMICOS";"";"";"ATIVO";"FORMAÇÃO COMPLEMENTAR";"";"Presencial";"";"";"";"";"NATAL";"";"6042";"INSTITUTO ÁGORA - LÍNGUAS, LITERATURAS E CULTURAS ESTRANGEIRAS MODERNAS";"";"";"";"";"";""
"86979859";"CURSO DE LÍNGUA FRANCESA  BÁSICO";"";"";"ATIVO";"FORMAÇÃO COMPLEMENTAR";"";"Presencial";"";"";"";"";"NATAL";"";"6042";"INSTITUTO ÁGORA - LÍNGUAS, LITERATURAS E CULTURAS ESTRANGEIRAS MODERNAS";"";"";"";"";"";""
"86979912";"CURSO DE LÍNGUA FRANCESA PARA FINS ACADÊMICOS";"";"";"ATIVO";"FORMAÇÃO COMPLEMENTAR";"";"Presencial";"";"";"";"";"NATAL";"";"6042";"INSTITUTO ÁGORA - LÍNGUAS, LITERATURAS E CULTURAS ESTRANGEIRAS MODERNAS";"";"";"";"";"";""
"119249870";"CURSO DE LÍNGUA GREGA CLÁSSICA";"";"";"";"FORMAÇÃO COMPLEMENTAR";"";"Presencial";"";"";"";"";"NATAL";"";"6042";"INSTITUTO ÁGORA - LÍNGUAS, LITERATURAS E CULTURAS ESTRANGEIRAS MODERNAS";"";"";"";"";"";""
"119250014";"CURSO DE LÍNGUA GREGA MODERNA";"";"";"";"FORMAÇÃO COMPLEMENTAR";"";"Presencial";"";"";"";"";"NATAL";"";"6042";"INSTITUTO ÁGORA - LÍNGUAS, LITERATURAS E CULTURAS ESTRANGEIRAS MODERNAS";"";"";"";"";"";""
"86979169";"CURSO DE LÍNGUA INGLESA  BÁSICO";"";"";"ATIVO";"FORMAÇÃO COMPLEMENTAR";"";"Presencial";"";"";"";"";"NATAL";"";"6042";"INSTITUTO ÁGORA - LÍNGUAS, LITERATURAS E CULTURAS ESTRANGEIRAS MODERNAS";"";"";"";"";"";""
"86979728";"CURSO DE LÍNGUA INGLESA PARA FINS ACADÊMICOS";"";"";"ATIVO";"FORMAÇÃO COMPLEMENTAR";"";"Presencial";"";"";"";"";"NATAL";"";"6042";"INSTITUTO ÁGORA - LÍNGUAS, LITERATURAS E CULTURAS ESTRANGEIRAS MODERNAS";"";"";"";"";"";""
"121650822";"CURSO DE LÍNGUA INGLESA  SINFO";"";"";"";"FORMAÇÃO COMPLEMENTAR";"";"Presencial";"";"";"";"";"NATAL";"";"6042";"INSTITUTO ÁGORA - LÍNGUAS, LITERATURAS E CULTURAS ESTRANGEIRAS MODERNAS";"";"";"";"";"";""
"86981150";"CURSO DE LÍNGUA JAPONESA - BÁSICO";"";"";"ATIVO";"FORMAÇÃO COMPLEMENTAR";"";"Presencial";"";"";"";"";"NATAL";"";"6042";"INSTITUTO ÁGORA - LÍNGUAS, LITERATURAS E CULTURAS ESTRANGEIRAS MODERNAS";"";"";"";"";"";""
"86981352";"CURSO DE LÍNGUA JAPONESA PARA FINS ACADÊMICOS";"";"";"ATIVO";"FORMAÇÃO COMPLEMENTAR";"";"Presencial";"";"";"";"";"NATAL";"";"6042";"INSTITUTO ÁGORA - LÍNGUAS, LITERATURAS E CULTURAS ESTRANGEIRAS MODERNAS";"";"";"";"";"";""
"119248706";"CURSO DE LÍNGUA LATINA";"";"";"";"FORMAÇÃO COMPLEMENTAR";"";"Presencial";"";"";"";"";"NATAL";"";"6042";"INSTITUTO ÁGORA - LÍNGUAS, LITERATURAS E CULTURAS ESTRANGEIRAS MODERNAS";"";"";"";"";"";""
"86980533";"CURSO DE LÍNGUA PORTUGUESA PARA ESTRANGEIROS COM FINS ACADÊMICOS";"";"";"ATIVO";"FORMAÇÃO COMPLEMENTAR";"";"Presencial";"";"";"";"";"NATAL";"";"6042";"INSTITUTO ÁGORA - LÍNGUAS, LITERATURAS E CULTURAS ESTRANGEIRAS MODERNAS";"";"";"";"";"";""
"96690272";"CURSO DE PLURILINGUISMO E INTERCULTURALIDADE: FRANCÊS, ESPANHOL, ITALI";"";"";"ATIVO";"FORMAÇÃO COMPLEMENTAR";"";"Presencial";"";"";"";"";"";"";"6042";"INSTITUTO ÁGORA - LÍNGUAS, LITERATURAS E CULTURAS ESTRANGEIRAS MODERNAS";"";"";"";"";"";""
"176715640";"CURSO DE PORTUGUÊS COMO LÍNGUA DE ACOLHIMENTO";"";"";"";"FORMAÇÃO COMPLEMENTAR";"";"Presencial";"";"";"";"";"NATAL";"";"6042";"INSTITUTO ÁGORA - LÍNGUAS, LITERATURAS E CULTURAS ESTRANGEIRAS MODERNAS";"";"";"";"";"";""
"140780735";"CURSO DE PORTUGUÊS LÍNGUA ESTRANGEIRA - AVANÇADO";"";"";"";"FORMAÇÃO COMPLEMENTAR";"";"Presencial";"";"";"";"";"NATAL";"";"6042";"INSTITUTO ÁGORA - LÍNGUAS, LITERATURAS E CULTURAS ESTRANGEIRAS MODERNAS";"";"";"";"";"";""
"99449969";"CURSO DE PORTUGUÊS LÍNGUA ESTRANGEIRA - BÁSICO";"";"";"ATIVO";"FORMAÇÃO COMPLEMENTAR";"";"Presencial";"";"";"";"";"NATAL";"";"6042";"INSTITUTO ÁGORA - LÍNGUAS, LITERATURAS E CULTURAS ESTRANGEIRAS MODERNAS";"";"";"";"";"";""
"86980524";"CURSO DE PORTUGUÊS LÍNGUA ESTRANGEIRA - BÁSICO";"";"";"ATIVO";"FORMAÇÃO COMPLEMENTAR";"";"Presencial";"";"";"";"";"NATAL";"";"6042";"INSTITUTO ÁGORA - LÍNGUAS, LITERATURAS E CULTURAS ESTRANGEIRAS MODERNAS";"";"";"";"";"";""
"129346781";"CURSO DE PÓS-GRADUAÇÃO LATO SENSU EM GESTÃO MUNICIPAL - MODALIDADE A DISTÂNCIA";"";"";"";"LATO SENSU";"";"A Distância";"";"";"";"";"";"";"5679";"PROGRAMA DE PÓS-GRADUAÇÃO EM GESTÃO PÚBLICA";"";"";"";"";"";""
"129614610";"CURSO DE PÓS-GRADUAÇÃO LATO SENSU EM GESTÃO PÚBLICA MUNICIPAL DISTÂNCIA";"";"";"";"LATO SENSU";"";"A Distância";"";"";"";"";"";"";"5679";"PROGRAMA DE PÓS-GRADUAÇÃO EM GESTÃO PÚBLICA";"";"";"";"";"";""
"129593359";"CURSO DE PÓS-GRADUAÇÃO LATO SENSU EM GESTÃO PÚBLICA MUNICIPAL - EAD";"";"";"";"LATO SENSU";"";"A Distância";"";"";"";"";"";"";"5679";"PROGRAMA DE PÓS-GRADUAÇÃO EM GESTÃO PÚBLICA";"";"";"";"";"";""
"134940269";"CURSO DE PRÁTICA DE LEITURA E ESCRITA DO PORTUGUÊS PARA ESTRANGEIROS";"";"";"";"FORMAÇÃO COMPLEMENTAR";"";"Presencial";"";"";"";"";"NATAL";"";"6042";"INSTITUTO ÁGORA - LÍNGUAS, LITERATURAS E CULTURAS ESTRANGEIRAS MODERNAS";"";"";"";"";"";""
"119186158";"CURSO DE PRONÚNCIA EM LÍNGUA INGLESA";"";"";"";"FORMAÇÃO COMPLEMENTAR";"";"Presencial";"";"";"";"";"NATAL";"";"6042";"INSTITUTO ÁGORA - LÍNGUAS, LITERATURAS E CULTURAS ESTRANGEIRAS MODERNAS";"";"";"";"";"";""
"135192457";"CURSO EM LITERATURA INFANTIL NEGRA NA ESCOLA";"";"";"";"LATO SENSU";"";"Presencial";"";"";"";"";"";"";"363";"PROGRAMA DE PÓS-GRADUAÇÃO EM EDUCAÇÃO";"";"";"";"";"";""
"1101030";"CURSO ESPECIALIZAÇÃO EM SAÚDE COLETIVA";"";"";"ATIVO";"LATO SENSU";"";"Presencial";"";"";"";"";"NATAL";"";"1591";"PROG. POS-GRADUACAO EM ODONTOLOGIA SOCIAL";"";"";"";"";"";""
"151748706";"CURSO PREPARATÓRIO CELPE-BRAS AVANÇADO (PCB-A)";"";"";"";"FORMAÇÃO COMPLEMENTAR";"";"Presencial";"";"";"";"";"NATAL";"";"6042";"INSTITUTO ÁGORA - LÍNGUAS, LITERATURAS E CULTURAS ESTRANGEIRAS MODERNAS";"";"";"";"";"";""
"134965261";"CURSO PREPARATÓRIO CELPE-BRAS [PCB]";"";"";"";"FORMAÇÃO COMPLEMENTAR";"";"Presencial";"";"";"";"";"NATAL";"";"6042";"INSTITUTO ÁGORA - LÍNGUAS, LITERATURAS E CULTURAS ESTRANGEIRAS MODERNAS";"";"";"";"";"";""
"88353771";"CURSO TÉCNICO DA METRÓPOLE DIGITAL";"";"";"ATIVO";"TÉCNICO";"";"Semi-Presencial";"";"";"";"";"MACAÍBA";"";"351";"ESCOLA AGRÍCOLA DE JUNDIAÍ";"";"";"";"";"";""
"96054058";"CURSO TÉCNICO DA METRÓPOLE DIGITAL";"";"";"ATIVO";"TÉCNICO";"";"Semi-Presencial";"";"";"";"";"NATAL";"";"6069";"INSTITUTO METROPOLE DIGITAL";"";"";"";"";"";""
"1086003";"CURSO TÉCNICO EM ENFERMAGEM";"";"";"ATIVO";"TÉCNICO";"";"Presencial";"";"";"";"";"NATAL";"";"205";"ESCOLA DE SAÚDE";"";"";"";"";"";""
"1086001";"CURSO TÉCNICO EM ENFERMAGEM";"5756812";"CLAUDIA CRISTIANE FILGUEIRA MARTINS RODRIGUES";"ATIVO";"TÉCNICO";"";"Presencial";"";"";"";"";"NATAL";"";"205";"ESCOLA DE SAÚDE";"";"";"";"";"";""
"1086002";"CURSO TÉCNICO EM ENFERMAGEM";"";"";"ATIVO";"TÉCNICO";"";"Presencial";"";"";"";"";"NATAL";"";"205";"ESCOLA DE SAÚDE";"";"";"";"";"";""
"115285617";"CURSO TÉCNICO EM ESTÉTICA";"";"";"";"TÉCNICO";"";"Presencial";"";"";"";"";"NATAL";"";"205";"ESCOLA DE SAÚDE";"";"";"";"";"";""
"126501266";"CURSO TÉCNICO EM ESTÉTICA";"";"";"";"TÉCNICO";"";"Semi-Presencial";"";"";"";"";"NATAL";"";"205";"ESCOLA DE SAÚDE";"";"";"";"";"";""
"125823462";"CURSO TÉCNICO EM GERÊNCIA DE SAÚDE";"";"";"";"TÉCNICO";"";"Semi-Presencial";"";"";"";"";"NATAL";"";"205";"ESCOLA DE SAÚDE";"";"";"";"";"";""
"108837709";"CURSO TÉCNICO EM MANUTENÇÃO E SUPORTE EM INFORMÁTICA";"";"";"";"TÉCNICO";"";"Presencial";"";"";"";"";"NATAL";"";"205";"ESCOLA DE SAÚDE";"";"";"";"";"";""
"104411100";"CURSO TÉCNICO EM MASSOTERAPIA";"5756811";"BIANCA NUNES GUEDES DO AMARAL ROCHA";"";"TÉCNICO";"";"Presencial";"";"";"";"";"NATAL";"";"205";"ESCOLA DE SAÚDE";"";"";"";"";"";""
"2624567";"CURSO TÉCNICO EM PRÁTICAS INTEGRATIVAS E COMPLEMENTARES EM SAÚDE";"";"";"ATIVO";"TÉCNICO";"";"Presencial";"";"";"";"";"NATAL";"";"205";"ESCOLA DE SAÚDE";"";"";"";"";"";""
"10598020";"CURSO TÉCNICO EM REGISTROS E INFORMAÇÕES EM SAÚDE";"";"";"ATIVO";"TÉCNICO";"";"Presencial";"";"";"";"";"NATAL";"";"205";"ESCOLA DE SAÚDE";"";"";"";"";"";""
"100892419";"CURSO TÉCNICO EM SEGURANÇA DO TRABALHO";"";"";"ATIVO";"TÉCNICO";"";"Presencial";"";"";"";"";"NATAL";"";"205";"ESCOLA DE SAÚDE";"";"";"";"";"";""
"7264330";"DANÇA";"5762305";"KATIA AGG";"ATIVO";"GRADUAÇÃO";"LICENCIATURA";"Presencial";"Lingüística, Letras e Artes";"Regular";"";"Generalista";"NATAL";"";"442";"CENTRO DE CIÊNCIAS HUMANAS, LETRAS E ARTES";"http://www.cchla.ufrn.br";"";"116774";"2015/10/05 00:00:00.000";"Portaria nº 699/2015 - MEC";""
"106619252";"DDF";"";"";"";"LATO SENSU";"";"Presencial";"";"";"";"";"";"";"236";"CERES - DEPTO CIÊNCIAS SOCIAIS E HUMANAS";"";"";"";"";"";""
"2894320";"DESENVOLVIMENTO GERENCIAL DOS SERVIDORES DO TRIBUNAL DE CONTAS DO ESTADO DO RN";"";"";"ATIVO";"LATO SENSU";"";"Presencial";"";"";"";"";"NATAL";"";"3202";"FUNPEC/PPGAD";"";"";"";"";"";""
"6992521";"DESIGN";"5762729";"LORENA GOMES TORRES";"ATIVO";"GRADUAÇÃO";"BACHARELADO";"Presencial";"Lingüística, Letras e Artes";"Regular";"";"Generalista";"NATAL";"";"442";"CENTRO DE CIÊNCIAS HUMANAS, LETRAS E ARTES";"http://www.cchla.ufrn.br";"";"116758";"2017/04/04 00:00:00.000";"Portaria nº 272/2017 - MEC";""
"122921357";"DESIGN DE INOVAÇÃO";"";"";"";"LATO SENSU";"";"Presencial";"";"";"";"";"";"";"9109";"PROGRAMA DE PÓS-GRADUAÇÃO EM CIÊNCIA, TECNOLOGIA E INOVAÇÃO";"";"";"";"";"";""
"168489371";"DIDÁTICA E MÉTODO MULTISSENSORIAL NO ENSINO A ESTUDANTES COM DEFICIÊNCIA VISUAL";"";"";"";"LATO SENSU";"";"A Distância";"";"";"";"";"";"";"30546";"PROGRAMA DE PÓS-GRADUAÇÃO EM EDUCAÇÃO ESPECIAL";"";"";"";"";"";""
"2000019";"DIREITO";"5762705";"FILLIPE AZEVEDO RODRIGUES";"ATIVO";"GRADUAÇÃO";"BACHARELADO";"Presencial";"Ciências Sociais Aplicadas";"Regular";"Matutino, Vespertino e Noturno";"Generalista";"CAICÓ";"Campus Caicó";"1482";"CENTRO DE  ENSINO SUPERIOR DO SERIDÓ";"http://sol.ccsa.ufrn.br/ccsa/areas/dir/direito/";"2020/01/01 00:00:00.000";"18852";"2018/02/02 00:00:00.000";"PORTARIA Nº 58, DE 2 DE FEVEREIRO DE 2018";""
"2000018";"DIREITO";"5753018";"SERGIO ALEXANDRE DE MORAES BRAGA JUNIOR";"ATIVO";"GRADUAÇÃO";"BACHARELADO";"Presencial";"Ciências Sociais Aplicadas";"Regular";"Matutino e Noturno";"Generalista";"NATAL";"Campus Central";"443";"CENTRO DE CIÊNCIAS SOCIAIS APLICADAS";"";"1954/01/25 00:00:00.000";"12317";"2017/07/10 00:00:00.000";"Portaria nº 688";""
"130602745";"DIREITO ADMINISTRATIVO";"";"";"";"LATO SENSU";"";"Presencial";"";"";"";"";"";"";"84";"DEPARTAMENTO DE DIREITO PUBLICO - DIPUB";"";"";"";"";"";""
"130399494";"DIREITO ADMINISTRATIVO";"";"";"";"LATO SENSU";"";"Presencial";"";"";"";"";"";"";"84";"DEPARTAMENTO DE DIREITO PUBLICO - DIPUB";"";"";"";"";"";""
"130598333";"DIREITO ADMINISTRATIVO";"";"";"";"LATO SENSU";"";"Presencial";"";"";"";"";"";"";"84";"DEPARTAMENTO DE DIREITO PUBLICO - DIPUB";"";"";"";"";"";""
"143107647";"DIREITO CIVIL E PROCESSO CIVIL";"";"";"";"LATO SENSU";"";"A Distância";"";"";"";"";"";"";"4881";"DEPARTAMENTO DE DIREITO - CERES";"";"";"";"";"";""
"120645059";"DIREITO CIVIL E PROCESSUAL CIVIL";"";"";"";"LATO SENSU";"";"Presencial";"";"";"";"";"";"";"404";"PROGRAMA DE PÓS-GRADUAÇÃO EM DIREITO";"";"";"";"";"";""
"141046982";"DIREITO DO TRABALHO E SEGURIDADE SOCIAL";"";"";"";"LATO SENSU";"";"Presencial";"";"";"";"";"";"";"79";"DEPARTAMENTO DE DIREITO PRIVADO - DIPRI";"";"";"";"";"";""
"184650161";"DIREITO E GESTÃO PÚBLICA";"";"";"";"LATO SENSU";"";"Semi-Presencial";"";"";"";"";"";"";"4881";"DEPARTAMENTO DE DIREITO - CERES";"";"";"";"";"";""
"170540665";"DIREITO INTERNACIONAL";"";"";"";"LATO SENSU";"";"Presencial";"";"";"";"";"";"";"404";"PROGRAMA DE PÓS-GRADUAÇÃO EM DIREITO";"";"";"";"";"";""
"170538250";"DIREITO INTERNACIONAL";"";"";"";"LATO SENSU";"";"Presencial";"";"";"";"";"";"";"404";"PROGRAMA DE PÓS-GRADUAÇÃO EM DIREITO";"";"";"";"";"";""
"170586916";"DIREITO INTERNACIONAL";"";"";"";"LATO SENSU";"";"Presencial";"";"";"";"";"";"";"404";"PROGRAMA DE PÓS-GRADUAÇÃO EM DIREITO";"";"";"";"";"";""
"120202645";"DIREITO LATO SENSU";"";"";"";"LATO SENSU";"";"Presencial";"";"";"";"";"";"";"404";"PROGRAMA DE PÓS-GRADUAÇÃO EM DIREITO";"";"";"";"";"";""
"2211049";"DIREITO, MEIO AMBIENTE E DESENVOLVIMENTO SUSTENTÁVEL";"";"";"ATIVO";"LATO SENSU";"";"Presencial";"";"";"";"";"";"";"404";"PROGRAMA DE PÓS-GRADUAÇÃO EM DIREITO";"";"";"";"";"";""
"183098648";"DIREITO MILITAR";"5764483";"LEONARDO OLIVEIRA FREIRE";"";"LATO SENSU";"";"Presencial";"";"";"";"";"";"";"9750";"DEPARTAMENTO DE DIREITO PROCESSUAL E PROPEDÊUTICA - DEPRO";"";"";"";"";"";""
"183356231";"DIREITO MILITAR";"5764483";"LEONARDO OLIVEIRA FREIRE";"";"LATO SENSU";"";"Presencial";"";"";"";"";"";"";"9750";"DEPARTAMENTO DE DIREITO PROCESSUAL E PROPEDÊUTICA - DEPRO";"";"";"";"";"";""
"117508551";"DIREITO PROCESSUAL CIVIL";"";"";"";"LATO SENSU";"";"Presencial";"";"";"";"";"";"";"404";"PROGRAMA DE PÓS-GRADUAÇÃO EM DIREITO";"";"";"";"";"";""
"113661131";"DOCÊNCIA NA EDUCAÇÃO INFANTIL";"";"";"";"LATO SENSU";"";"Presencial";"";"";"";"";"";"";"1452";"NÚCLEO DE EDUCAÇÃO DA INFÂNCIA";"";"";"";"";"";""
"315765";"DOUTORADO EM ADMINISTRAÇÃO";"";"";"ATIVO";"DOUTORADO";"";"Presencial";"Ciências Sociais Aplicadas";"Regular";"";"Generalista";"NATAL";"";"74";"PROGRAMA DE PÓS-GRADUAÇÃO EM ADMINISTRAÇÃO";"";"";"";"";"";""
"108227148";"DOUTORADO EM ANTROPOLOGIA SOCIAL";"";"";"ATIVO";"DOUTORADO";"";"Presencial";"Ciências Humanas";"Regular";"";"Generalista";"NATAL";"";"1442";"PROGRAMA DE PÓS-GRADUAÇÃO EM ANTROPOLOGIA SOCIAL";"";"";"";"";"";""
"315767";"DOUTORADO EM ARQUITETURA E URBANISMO";"";"";"ATIVO";"DOUTORADO";"";"Presencial";"Outra";"Regular";"";"Generalista";"NATAL";"";"102";"PROGRAMA DE PÓS-GRADUAÇÃO EM ARQUITETURA E URBANISMO";"";"";"";"";"";""
"177608894";"DOUTORADO EM ARTES CÊNICAS";"";"";"ATIVO";"DOUTORADO";"";"Presencial";"Lingüística, Letras e Artes";"Regular";"";"Generalista";"NATAL";"";"4073";"PROGRAMA DE PÓS-GRADUAÇÃO EM ARTES CÊNICAS";"";"";"";"";"";""
"164535795";"DOUTORADO EM ASSISTÊNCIA FARMACÊUTICA EM REDE";"";"";"ATIVO";"DOUTORADO";"";"Presencial";"Ciências da Saúde";"Regular";"";"Generalista";"NATAL";"";"31835";"PROGRAMA DE PÓS GRADUAÇÃO EM ASSISTÊNCIA FARMACÊUTICA EM REDE";"";"";"";"";"";""
"115845494";"DOUTORADO EM BIOINFORMÁTICA";"";"";"ATIVO";"DOUTORADO";"";"Presencial";"Ciências Biológicas";"Regular";"";"Generalista";"NATAL";"";"9814";"PROGRAMA DE PÓS-GRADUAÇÃO EM BIOINFORMÁTICA";"";"";"";"";"";""
"172254760";"DOUTORADO EM BIOLOGIA ESTRUTURAL E FUNCIONAL";"";"";"ATIVO";"DOUTORADO";"";"Presencial";"Ciências Biológicas";"Regular";"";"Generalista";"NATAL";"";"7805";"PROGRAMA DE PÓS-GRADUAÇÃO EM BIOLOGIA ESTRUTURAL E FUNCIONAL";"";"";"";"2023/12/26 00:00:00.000";"2149";""
"178355478";"DOUTORADO EM BIOLOGIA PARASITÁRIA";"";"";"ATIVO";"DOUTORADO";"";"Presencial";"Ciências Biológicas";"Regular";"";"Generalista";"NATAL";"";"8085";"PROGRAMA DE PÓS-GRADUAÇÃO EM BIOLOGIA PARASITÁRIA";"";"";"";"";"";""
"9285380";"DOUTORADO EM BIOQUÍMICA E BIOLOGIA MOLECULAR";"";"";"ATIVO";"DOUTORADO";"";"Presencial";"Ciências Biológicas";"Regular";"";"Generalista";"NATAL";"";"31300";"PROGRAMA DE PÓS-GRADUAÇÃO EM BIOQUÍMICA E BIOLOGIA MOLECULAR";"";"";"";"";"";""
"315788";"DOUTORADO EM BIOTECNOLOGIA";"";"";"ATIVO";"DOUTORADO";"";"Presencial";"Outra";"Regular";"";"Generalista";"NATAL";"";"3014";"PROGRAMA DE PÓS-GRADUAÇÃO EM BIOTECNOLOGIA";"";"";"";"";"";""
"315743";"DOUTORADO EM CIÊNCIA DA COMPUTAÇÃO";"";"";"ATIVO";"DOUTORADO";"";"Presencial";"Ciências Exatas e da Terra";"Regular";"";"Generalista";"NATAL";"";"73";"PROGRAMA DE PÓS-GRADUAÇÃO EM SISTEMAS E COMPUTAÇÃO";"";"";"";"";"";""
"177609429";"DOUTORADO EM CIÊNCIA DA INFORMAÇÃO";"";"";"ATIVO";"DOUTORADO";"";"Presencial";"Ciências Sociais Aplicadas";"Regular";"";"Generalista";"NATAL";"";"32531";"PROGRAMA DE PÓS-GRADUAÇÃO EM CIÊNCIA DA INFORMAÇÃO";"";"";"";"2025/03/21 00:00:00.000";"Portaria MEC nº 213, de 20/03/2025. DOU nº 55, de 21/03/2025. Seção 1. Página 24";""
"315771";"DOUTORADO EM CIÊNCIA E ENGENHARIA DE MATERIAIS";"";"";"ATIVO";"DOUTORADO";"";"Presencial";"Engenharias";"Regular";"";"Generalista";"NATAL";"";"68";"PROGRAMA DE PÓS-GRADUAÇÃO EM CIÊNCIA E ENGENHARIA DE MATERIAIS";"";"";"";"";"";""
"315787";"DOUTORADO EM CIÊNCIA E ENGENHARIA DE PETRÓLEO";"";"";"ATIVO";"DOUTORADO";"";"Presencial";"Engenharias";"Regular";"";"Generalista";"NATAL";"";"2598";"PROGRAMA DE PÓS-GRADUAÇÃO EM CIÊNCIA E ENGENHARIA DE PETRÓLEO";"";"";"";"";"";""
"17975012";"DOUTORADO EM CIÊNCIAS CLIMÁTICAS";"";"";"ATIVO";"DOUTORADO";"";"Presencial";"Ciências Exatas e da Terra";"Regular";"";"Generalista";"NATAL";"";"5211";"PROGRAMA DE PÓS-GRADUAÇÃO EM CIÊNCIAS CLIMÁTICAS";"";"";"";"";"";""
"315774";"DOUTORADO EM CIÊNCIAS DA SAÚDE";"";"";"ATIVO";"DOUTORADO";"";"Presencial";"Ciências da Saúde";"Regular";"";"Generalista";"NATAL";"";"66";"PROGRAMA DE PÓS-GRADUAÇÃO EM CIÊNCIAS DA SAÚDE";"";"";"";"";"";""
"110710810";"DOUTORADO EM CIÊNCIAS FARMACÊUTICAS";"";"";"ATIVO";"DOUTORADO";"";"Presencial";"Ciências da Saúde";"Regular";"";"Generalista";"NATAL";"";"366";"PROGRAMA DE PÓS-GRADUAÇÃO EM CIÊNCIAS FARMACÊUTICAS";"";"";"";"";"";""
"168173029";"DOUTORADO EM CIÊNCIAS FISIOLÓGICAS";"";"";"ATIVO";"DOUTORADO";"";"Presencial";"Ciências Biológicas";"Regular";"";"Generalista";"NATAL";"";"32254";"PROGRAMA DE PÓS-GRADUAÇÃO MULTICÊNTRICO EM CIÊNCIAS FISIOLÓGICAS (CCS/FACISA)";"";"";"";"";"";""
"130260440";"DOUTORADO EM CIÊNCIAS ODONTOLÓGICAS";"";"";"ATIVO";"DOUTORADO";"";"Presencial";"Ciências da Saúde";"Regular";"";"Generalista";"NATAL";"";"11354";"PROGRAMA DE PÓS-GRADUAÇÃO EM CIÊNCIAS ODONTOLÓGICAS";"";"";"";"";"";""
"315777";"DOUTORADO EM CIÊNCIAS SOCIAIS";"";"";"ATIVO";"DOUTORADO";"";"Presencial";"Ciências Humanas";"Regular";"";"Generalista";"NATAL";"";"360";"PROGRAMA DE PÓS-GRADUAÇÃO EM CIÊNCIAS SOCIAIS";"";"";"";"";"";""
"132958656";"DOUTORADO EM DEMOGRAFIA";"";"";"ATIVO";"DOUTORADO";"";"Presencial";"Ciências Exatas e da Terra";"Regular";"";"Generalista";"NATAL";"";"5570";"PROGRAMA DE PÓS-GRADUAÇÃO EM DEMOGRAFIA";"";"";"";"";"";""
"9300591";"DOUTORADO EM DESENVOLVIMENTO E INOVAÇÃO TECNOLÓGICA EM MEDICAMENTOS";"";"";"ATIVO";"DOUTORADO";"";"Presencial";"Ciências da Saúde";"Semestral";"";"Generalista";"NATAL";"";"4847";"PROGRAMA DE PÓS-GRADUAÇÃO EM DESENVOLVIMENTO E INOVAÇÃO TECNOLÓGICA EM MEDICAMENTOS";"";"";"";"";"";""
"19018260";"DOUTORADO EM DESENVOLVIMENTO E MEIO AMBIENTE";"";"";"ATIVO";"DOUTORADO";"";"Presencial";"Ciências Agrárias";"Regular";"";"Generalista";"NATAL";"";"5237";"PROGRAMA DE PÓS-GRADUAÇÃO EM DESENVOLVIMENTO E MEIO AMBIENTE - PRODEMA";"";"";"";"";"";""
"9300592";"DOUTORADO EM ECOLOGIA";"";"";"ATIVO";"DOUTORADO";"";"Presencial";"Ciências Biológicas";"Regular";"";"Generalista";"NATAL";"";"4846";"PROGRAMA DE PÓS-GRADUAÇÃO EM ECOLOGIA";"";"";"";"";"";""
"170068950";"DOUTORADO EM ECONOMIA";"";"";"ATIVO";"DOUTORADO";"";"Presencial";"Ciências Sociais Aplicadas";"Regular";"";"Generalista";"NATAL";"";"434";"PROGRAMA DE PÓS-GRADUAÇÃO EM ECONOMIA";"";"";"";"2023/12/26 00:00:00.000";"2149";""
"315746";"DOUTORADO EM EDUCAÇÃO";"";"";"ATIVO";"DOUTORADO";"";"Presencial";"Ciências Sociais Aplicadas";"Regular";"";"Generalista";"NATAL";"";"363";"PROGRAMA DE PÓS-GRADUAÇÃO EM EDUCAÇÃO";"";"";"";"";"";""
"170670143";"DOUTORADO EM EDUCAÇÃO FISICA";"";"";"ATIVO";"DOUTORADO";"";"Presencial";"Ciências Biológicas";"Regular";"";"Generalista";"NATAL";"";"5591";"PROGRAMA DE PÓS-GRADUAÇÃO EM EDUCAÇÃO FÍSICA";"";"";"";"2023/12/26 00:00:00.000";"2150";""
"50903134";"DOUTORADO EM ENFERMAGEM NA ATENÇÃO À SAÚDE";"";"";"ATIVO";"DOUTORADO";"";"Presencial";"Ciências da Saúde";"Regular";"";"Generalista";"NATAL";"";"412";"PROGRAMA DE PÓS-GRADUAÇÃO EM ENFERMAGEM";"";"";"";"";"";""
"178227870";"DOUTORADO EM ENGENHARIA CIVIL E AMBIENTAL";"";"";"ATIVO";"DOUTORADO";"";"Presencial";"Engenharias";"Regular";"";"Generalista";"NATAL";"";"31338";"PROGRAMA DE PÓS-GRADUAÇÃO EM ENGENHARIA CIVIL E AMBIENTAL";"";"";"";"2025/03/21 00:00:00.000";"Portaria MEC nº 214, de 20/03/2025. DOU nº 55, de 21/03/2025. Seção 1. Página 28";""
"315750";"DOUTORADO EM ENGENHARIA ELÉTRICA E DE COMPUTAÇÃO";"";"";"ATIVO";"DOUTORADO";"";"Presencial";"Engenharias";"Regular";"";"Generalista";"NATAL";"";"103";"PROGRAMA DE PÓS-GRADUAÇÃO EM ENGENHARIA ELÉTRICA E DE COMPUTAÇÃO";"";"";"";"";"";""
"315752";"DOUTORADO EM ENGENHARIA MECÂNICA";"";"";"ATIVO";"DOUTORADO";"";"Presencial";"Engenharias";"Regular";"";"Generalista";"NATAL";"";"104";"PROGRAMA DE PÓS-GRADUAÇÃO EM ENGENHARIA MECÂNICA";"";"";"";"2025/03/21 00:00:00.000";"Portaria MEC nº 214, de 20/03/2025. DOU nº 55, de 21/03/2025. Seção 1. Página 28";""
"315754";"DOUTORADO EM ENGENHARIA QUÍMICA";"";"";"ATIVO";"DOUTORADO";"";"Presencial";"Engenharias";"Regular";"";"Generalista";"NATAL";"";"106";"PROGRAMA DE PÓS-GRADUAÇÃO EM ENGENHARIA QUÍMICA";"";"";"";"";"";""
"108847150";"DOUTORADO EM ENSINO DE CIÊNCIAS E MATEMÁTICA";"";"";"ATIVO";"DOUTORADO";"";"Presencial";"Ciências Exatas e da Terra";"Regular";"";"Generalista";"NATAL";"";"9111";"PROGRAMA DE PÓS-GRADUAÇÃO EM ENSINO DE CIÊNCIAS E MATEMÁTICA";"";"";"";"";"";""
"315758";"DOUTORADO EM ESTUDOS DA LINGUAGEM";"";"";"ATIVO";"DOUTORADO";"";"Presencial";"Lingüística, Letras e Artes";"Regular";"";"Generalista";"NATAL";"";"65";"PROGRAMA DE PÓS-GRADUAÇÃO EM ESTUDOS DA LINGUAGEM";"";"";"";"";"";""
"115789633";"DOUTORADO EM ESTUDOS DA MÍDIA";"";"";"ATIVO";"DOUTORADO";"";"Presencial";"Ciências Sociais Aplicadas";"Regular";"";"Generalista";"NATAL";"";"4893";"PROGRAMA DE PÓS-GRADUAÇÃO EM ESTUDOS DA MÍDIA";"";"";"";"2015/12/16 00:00:00.000";"";""
"132958781";"DOUTORADO EM ESTUDOS URBANOS E REGIONAIS";"";"";"ATIVO";"DOUTORADO";"";"Presencial";"Ciências Humanas";"Regular";"";"Generalista";"NATAL";"";"5254";"PROGRAMA DE PÓS-GRADUAÇÃO EM ESTUDOS URBANOS E REGIONAIS";"";"";"";"";"";""
"115789618";"DOUTORADO EM FILOSOFIA";"";"";"ATIVO";"DOUTORADO";"";"Presencial";"Ciências Humanas";"Regular";"";"Generalista";"NATAL";"";"364";"PROGRAMA DE PÓS-GRADUAÇÃO EM FILOSOFIA";"";"";"";"";"";""
"315728";"DOUTORADO EM FÍSICA";"";"";"ATIVO";"DOUTORADO";"";"Presencial";"Ciências Exatas e da Terra";"Regular";"";"Generalista";"NATAL";"";"388";"PROGRAMA DE PÓS-GRADUAÇÃO EM FÍSICA";"";"";"";"";"";""
"95726200";"DOUTORADO EM FISIOTERAPIA";"";"";"ATIVO";"DOUTORADO";"";"Presencial";"Ciências da Saúde";"Regular";"";"Generalista";"NATAL";"";"4072";"PROGRAMA DE PÓS-GRADUAÇÃO EM FISIOTERAPIA";"";"";"";"";"";""
"171468995";"DOUTORADO EM FONOAUDIOLOGIA";"";"";"ATIVO";"DOUTORADO";"";"Presencial";"Ciências da Saúde";"Regular";"";"Generalista";"NATAL";"";"10490";"PROGRAMA DE PÓS-GRADUAÇÃO EM FONOAUDIOLOGIA";"";"";"";"2023/12/26 00:00:00.000";"2150";""
"315763";"DOUTORADO EM GEODINÂMICA E GEOFÍSICA";"";"";"ATIVO";"DOUTORADO";"";"Presencial";"Outra";"Regular";"";"Generalista";"NATAL";"";"325";"PROGRAMA DE PÓS-GRADUAÇÃO EM GEODINÂMICA E GEOFÍSICA";"";"";"";"";"";""
"95953799";"DOUTORADO EM GEOGRAFIA";"";"";"ATIVO";"DOUTORADO";"";"Presencial";"Ciências Humanas";"Regular";"";"Generalista";"NATAL";"";"315";"PROGRAMA DE PÓS-GRADUAÇÃO EM GEOGRAFIA";"";"";"";"";"";""
"178227782";"DOUTORADO EM GEOGRAFIA";"";"";"ATIVO";"DOUTORADO";"";"Presencial";"Ciências Humanas";"Regular";"";"Generalista";"CAICÓ";"";"9110";"PROGRAMA DE PÓS-GRADUAÇÃO EM GEOGRAFIA - GEOPROF - CERES";"";"";"";"";"";""
"177612850";"DOUTORADO EM GESTÃO E INOVAÇÃO EM SAÚDE";"";"";"ATIVO";"DOUTORADO";"";"Presencial";"Ciências da Saúde";"Regular";"";"Generalista";"NATAL";"";"10482";"PROGRAMA DE PÓS-GRADUAÇÃO EM GESTÃO E INOVAÇÃO EM SAÚDE";"";"";"";"";"";""
"133179605";"DOUTORADO EM HISTÓRIA";"";"";"ATIVO";"DOUTORADO";"";"Presencial";"Ciências Humanas";"Regular";"";"Generalista";"NATAL";"";"435";"PROGRAMA DE PÓS-GRADUAÇÃO EM HISTÓRIA";"";"";"";"";"";""
"98462514";"DOUTORADO EM NANOTECNOLOGIA FARMACÊUTICA";"";"";"ATIVO";"DOUTORADO";"";"Presencial";"Ciências da Saúde";"Regular";"";"Generalista";"NATAL";"";"6030";"PROGRAMA DE PÓS-GRADUAÇÃO EM NANOTECNOLOGIA FARMACÊUTICA";"";"";"";"";"";""
"17565631";"DOUTORADO EM NEUROCIÊNCIAS";"";"";"ATIVO";"DOUTORADO";"";"Presencial";"Ciências Biológicas";"Regular";"";"Generalista";"NATAL";"";"5207";"PROGRAMA DE PÓS-GRADUAÇÃO EM NEUROCIÊNCIAS";"";"";"";"";"";""
"171307246";"DOUTORADO EM NUTRIÇÃO";"";"";"ATIVO";"DOUTORADO";"";"Presencial";"Ciências da Saúde";"Regular";"";"Generalista";"NATAL";"";"8191";"PROGRAMA DE PÓS-GRADUAÇÃO EM NUTRIÇÃO";"";"";"";"2023/12/26 00:00:00.000";"2149";""
"315734";"DOUTORADO EM PATOLOGIA ORAL";"";"";"EXTINTO";"DOUTORADO";"";"Presencial";"Ciências da Saúde";"Regular";"";"Generalista";"NATAL";"";"1760";"PROGRAMA DE PÓS-GRADUAÇÃO EM PATOLOGIA ORAL";"";"";"";"";"";""
"315736";"DOUTORADO EM PSICOBIOLOGIA";"";"";"ATIVO";"DOUTORADO";"";"Presencial";"Outra";"Regular";"";"Generalista";"NATAL";"";"367";"PROGRAMA DE PÓS-GRADUAÇÃO EM PSICOBIOLOGIA";"";"";"";"";"";""
"17275730";"DOUTORADO EM PSICOLOGIA";"";"";"ATIVO";"DOUTORADO";"";"Presencial";"Ciências Humanas";"Regular";"";"Generalista";"NATAL";"";"64";"PROGRAMA DE PÓS-GRADUAÇÃO EM PSICOLOGIA";"";"";"";"";"";""
"315740";"DOUTORADO EM QUÍMICA";"";"";"ATIVO";"DOUTORADO";"";"Presencial";"Ciências Exatas e da Terra";"Regular";"";"Generalista";"NATAL";"";"85";"PROGRAMA DE PÓS-GRADUAÇÃO EM QUÍMICA";"";"";"";"";"";""
"84739891";"DOUTORADO EM SAÚDE COLETIVA";"";"";"ATIVO";"DOUTORADO";"";"Presencial";"Ciências da Saúde";"Anual";"";"Generalista";"NATAL";"";"5670";"PROGRAMA DE PÓS-GRADUAÇÃO EM SAÚDE COLETIVA";"";"";"";"";"";""
"117229950";"DOUTORADO EM SERVIÇO SOCIAL";"";"";"ATIVO";"DOUTORADO";"";"Presencial";"Ciências Sociais Aplicadas";"Regular";"";"Generalista";"NATAL";"";"376";"PROGRAMA DE PÓS-GRADUAÇÃO EM SERVIÇO SOCIAL";"";"";"";"";"";""
"96146345";"DOUTORADO EM SISTEMÁTICA E EVOLUÇÃO";"";"";"ATIVO";"DOUTORADO";"";"Presencial";"Ciências Biológicas";"Regular";"";"Generalista";"NATAL";"";"5579";"PROGRAMA DE PÓS-GRADUAÇÃO EM SISTEMÁTICA E EVOLUÇÃO";"";"";"";"";"";""
"104910434";"DOUTORADO EM TURISMO";"";"";"ATIVO";"DOUTORADO";"";"Presencial";"Ciências Sociais Aplicadas";"Regular";"";"Generalista";"NATAL";"";"4295";"PROGRAMA DE PÓS-GRADUAÇÃO EM TURISMO";"";"";"";"";"";""
"177835234";"DOUTORADO PROFISSIONAL EM ENSINO DE HISTÓRIA - PROFHISTORIA";"";"";"ATIVO";"DOUTORADO";"";"Presencial";"Ciências Humanas";"Regular";"";"Generalista";"NATAL";"";"9395";"PROGRAMA DE PÓS-GRADUAÇÃO EM ENSINO DE HISTÓRIA - REDE NACIONAL";"";"";"";"";"";""
"172269300";"DOUTORADO PROFISSIONAL EM INOVAÇÃO EM TECNOLOGIAS EDUCACIONAIS";"";"";"ATIVO";"DOUTORADO";"";"Presencial";"Outra";"Regular";"";"Generalista";"NATAL";"";"10481";"PROGRAMA DE PÓS-GRADUAÇÃO EM INOVAÇÃO EM TECNOLOGIAS EDUCACIONAIS";"";"";"";"";"";""
"147308656";"DOUTORADO PROFISSIONAL EM SAÚDE DA FAMÍLIA";"";"";"ATIVO";"DOUTORADO";"";"Presencial";"Ciências da Saúde";"Regular";"";"Generalista";"NATAL";"";"6135";"PROGRAMA DE PÓS-GRADUAÇÃO EM SAÚDE DA FAMÍLIA NO NORDESTE";"";"";"";"";"";""
"177385128";"DOUTORADO PROFISSIONAL EM TECNOLOGIA DA INFORMAÇÃO";"";"";"ATIVO";"DOUTORADO";"";"Presencial";"Ciências Exatas e da Terra";"Regular";"";"Generalista";"NATAL";"";"7872";"PROGRAMA DE PÓS-GRADUAÇÃO EM TECNOLOGIA DA INFORMAÇÃO";"";"";"";"";"";""
"2000121";"ECOLOGIA";"24923";"JOSE LUIZ DE ATTAYDE";"ATIVO";"GRADUAÇÃO";"BACHARELADO";"Presencial";"Ciências Biológicas";"Regular";"Matutino e Vespertino";"Generalista";"NATAL";"Campus Central";"440";"CENTRO DE BIOCIÊNCIAS";"http://www.ecologia.ufrn.br/";"2003/12/31 00:00:00.000";"60286";"2018/10/17 00:00:00.000";"PORTARIA Nº 677/2018 - MEC";""
"127242379";"EDUCAÇÃO A DISTÂNCIA";"";"";"";"LATO SENSU";"";"Semi-Presencial";"";"";"";"";"";"";"351";"ESCOLA AGRÍCOLA DE JUNDIAÍ";"";"";"";"";"";""
"175519413";"EDUCAÇÃO BILÍNGUE PARA SURDOS";"";"";"";"LATO SENSU";"";"Remoto";"";"";"";"";"";"";"4880";"DEPARTAMENTO DE EDUCAÇÃO - CERES";"";"";"";"";"";""
"182472899";"EDUCAÇÃO DO CAMPO";"5753849";"GILBERTO FERREIRA COSTA";"";"LATO SENSU";"";"Presencial";"";"";"";"";"";"";"5968";"DEPARTAMENTO DE PRÁTICAS EDUCACIONAIS E CURRÍCULO";"";"";"";"";"";""
"101012784";"EDUCAÇÃO EM DIREITOS HUMANOS";"";"";"ATIVO";"LATO SENSU";"";"Presencial";"";"";"";"";"";"";"4880";"DEPARTAMENTO DE EDUCAÇÃO - CERES";"";"";"";"";"";""
"175224989";"EDUCAÇÃO ESPECIAL INCLUSIVA";"5758395";"ADRIANE CENCI";"ATIVO";"GRADUAÇÃO";"LICENCIATURA";"A Distância";"Ciências Humanas";"Temporário";"";"Generalista";"NATAL";"";"5965";"CENTRO DE EDUCAÇÃO";"";"";"1676530";"";"";"PARFOR"
"168323829";"EDUCAÇÃO ESPECIAL/INCLUSIVA NA EDUCAÇÃO BÁSICA";"";"";"";"LATO SENSU";"";"A Distância";"";"";"";"";"";"";"30546";"PROGRAMA DE PÓS-GRADUAÇÃO EM EDUCAÇÃO ESPECIAL";"";"";"";"";"";""
"2000022";"EDUCAÇÃO FÍSICA";"5755812";"ARNALDO LUIS MORTATTI";"ATIVO";"GRADUAÇÃO";"BACHARELADO";"Presencial";"Ciências da Saúde";"Regular";"Matutino, Vespertino e Noturno";"Generalista";"NATAL";"Campus Central";"441";"CENTRO DE CIÊNCIAS DA SAÚDE";"http://prograd.ufrn.br/";"1973/08/13 00:00:00.000";"12327";"2018/03/02 00:00:00.000";"Portaria Nº 133/2018 - MEC";""
"85436676";"EDUCAÇÃO FÍSICA";"";"";"ATIVO";"GRADUAÇÃO";"LICENCIATURA";"Presencial";"Ciências da Saúde";"Semestral";"";"Generalista";"NATAL";"";"441";"CENTRO DE CIÊNCIAS DA SAÚDE";"";"";"312327";"2015/12/30 00:00:00.000";"Portaria nº 1098/2015 - DIREG/MEC";"PARFOR"
"111635041";"EDUCAÇÃO FÍSICA";"5757142";"HINDIAEL AERAF BELCHIOR";"ATIVO";"GRADUAÇÃO";"LICENCIATURA";"Presencial";"Ciências da Saúde";"Regular";"Matutino, Vespertino e Noturno";"Generalista";"NATAL";"Campus Central";"441";"CENTRO DE CIÊNCIAS DA SAÚDE";"http://prograd.ufrn.br/";"1973/08/13 00:00:00.000";"312327";"2018/12/28 00:00:00.000";"Portaria MEC/SERES Nº 922/2018";""
"50688664";"EDUCAÇÃO FÍSICA";"5757053";"MARCIO ROMEU RIBAS DE OLIVEIRA";"ATIVO";"GRADUAÇÃO";"LICENCIATURA";"A Distância";"Ciências da Saúde";"Regular";"";"Generalista";"NATAL";"";"441";"CENTRO DE CIÊNCIAS DA SAÚDE";"";"";"1193750";"2016/07/08 00:00:00.000";"Portaria nº 293/2016 - MEC";""
"177115407";"EDUCAÇÃO MIDIÁTICA";"25986";"MARCELO BOLSHAW GOMES";"";"LATO SENSU";"";"Semi-Presencial";"";"";"";"";"";"";"140";"DEPARTAMENTO DE COMUNICAÇÃO SOCIAL";"";"";"";"";"";""
"176994916";"EDUCAÇÃO MIDIÁTICA";"25986";"MARCELO BOLSHAW GOMES";"";"LATO SENSU";"";"Semi-Presencial";"";"";"";"";"";"";"140";"DEPARTAMENTO DE COMUNICAÇÃO SOCIAL";"";"";"";"";"";""
"177104498";"EDUCAÇÃO MIDIÁTICA";"25986";"MARCELO BOLSHAW GOMES";"";"LATO SENSU";"";"Semi-Presencial";"";"";"";"";"";"";"140";"DEPARTAMENTO DE COMUNICAÇÃO SOCIAL";"";"";"";"";"";""
"130816499";"EDUCAÇÃO POBREZA E DESIGUALDADE SOCIAL";"";"";"";"LATO SENSU";"";"A Distância";"";"";"";"";"";"";"5967";"DEPARTAMENTO DE FUNDAMENTOS E POLÍTICAS DA EDUCAÇÃO";"";"";"";"";"";""
"123036166";"EEE";"";"";"";"LATO SENSU";"";"Presencial";"";"";"";"";"";"";"199";"DEPARTAMENTO DE EDUCAÇÃO FÍSICA";"";"";"";"";"";""
"13027790";"ENFERMAGEM";"5753862";"DANNIELLY AZEVEDO DE OLIVEIRA";"ATIVO";"GRADUAÇÃO";"BACHARELADO";"Presencial";"Ciências da Saúde";"Regular";"";"Generalista";"SANTA CRUZ";"";"4890";"FACULDADE DE CIÊNCIAS DA SAÚDE DO TRAIRI - FACISA";"http://www.prograd.ufrn.br";"";"108486";"2015/01/02 00:00:00.000";"Portaria nº 824/2014 - DIREG/MEC";""
"2000023";"ENFERMAGEM";"5756815";"GABRIELA DE SOUSA MARTINS MELO DE ARAUJO";"ATIVO";"GRADUAÇÃO";"BACHARELADO";"Presencial";"Ciências da Saúde";"Regular";"Matutino e Vespertino";"Generalista";"NATAL";"Campus Central";"441";"CENTRO DE CIÊNCIAS DA SAÚDE";"http://www.prograd.ufrn.br";"1974/01/02 00:00:00.000";"12326";"2018/03/02 00:00:00.000";"Portaria Nº 133/2018 - MEC";""
"979300";"ENFERMAGEM  EM SAÚDE DA  CRIANÇA";"";"";"ATIVO";"LATO SENSU";"";"Presencial";"";"";"";"";"NATAL";"";"198";"DEPARTAMENTO DE ENFERMAGEM";"";"";"";"";"";""
"163821950";"ENFERMAGEM EM TERAPIA INTENSIVA";"";"";"";"LATO SENSU";"";"Presencial";"";"";"";"";"";"";"198";"DEPARTAMENTO DE ENFERMAGEM";"";"";"";"";"";""
"181080339";"ENFERMAGEM EM URGÊNCIA E EMERGÊNCIA";"5753655";"LUIZ ALVES MORAIS FILHO";"";"LATO SENSU";"";"Semi-Presencial";"";"";"";"";"";"";"4890";"FACULDADE DE CIÊNCIAS DA SAÚDE DO TRAIRI - FACISA";"";"";"";"";"";""
"177837702";"ENFERMAGEM NEONATAL E PEDIÁTRICA";"";"";"";"LATO SENSU";"";"Presencial";"";"";"";"";"";"";"198";"DEPARTAMENTO DE ENFERMAGEM";"";"";"";"";"";""
"163759026";"ENFERMAGEM NEONATAL E PEDIÁTRICA";"";"";"";"LATO SENSU";"";"Semi-Presencial";"";"";"";"";"";"";"198";"DEPARTAMENTO DE ENFERMAGEM";"";"";"";"";"";""
"177848129";"ENFERMAGEM NEONATAL E PEDIÁTRICA";"";"";"";"LATO SENSU";"";"Presencial";"";"";"";"";"";"";"198";"DEPARTAMENTO DE ENFERMAGEM";"";"";"";"";"";""
"177822729";"ENFERMAGEM NEONATAL E PEDIÁTRICA";"";"";"";"LATO SENSU";"";"Presencial";"";"";"";"";"";"";"198";"DEPARTAMENTO DE ENFERMAGEM";"";"";"";"";"";""
"177846796";"ENFERMAGEM NEONATAL E PEDIÁTRICA";"5760266";"CAROLINE EVELIN NASCIMENTO KLUCZYNIK";"";"LATO SENSU";"";"Presencial";"";"";"";"";"";"";"198";"DEPARTAMENTO DE ENFERMAGEM";"";"";"";"";"";""
"124763322";"ENFERMAGEM OBSTÉTRICA III - REDE CEGONHA";"";"";"";"LATO SENSU";"";"Presencial";"";"";"";"";"";"";"205";"ESCOLA DE SAÚDE";"";"";"";"";"";""
"2576632";"ENGENHARIA AGRONÔMICA";"5758350";"JOSE HAMILTON DA COSTA FILHO";"ATIVO";"GRADUAÇÃO";"BACHARELADO";"Presencial";"Ciências Agrárias";"Regular";"";"Generalista";"MACAÍBA";"";"351";"ESCOLA AGRÍCOLA DE JUNDIAÍ";"";"";"1127694";"2018/03/02 00:00:00.000";"Portaria Nº 133/2018 - MEC";""
"85322571";"ENGENHARIA AMBIENTAL";"5761593";"HÉRIKA CAVALCANTE DANTAS DA SILVA";"ATIVO";"GRADUAÇÃO";"BACHARELADO";"Presencial";"Engenharias";"Anual";"";"Associada";"NATAL";"";"445";"CENTRO DE TECNOLOGIA";"";"";"1159355";"2018/12/28 00:00:00.000";"Portaria MEC/SERES Nº 922/2018";""
"85341136";"ENGENHARIA BIOMÉDICA";"5753676";"LUCIANA DE ANDRADE MENDES";"ATIVO";"GRADUAÇÃO";"BACHARELADO";"Presencial";"Engenharias";"Regular";"";"Associada";"NATAL";"";"445";"CENTRO DE TECNOLOGIA";"";"";"1154794";"2018/12/28 00:00:00.000";"Portaria MEC/SERES Nº 922/2018";""
"2000025";"ENGENHARIA CIVIL";"22921";"MARCOS LACERDA ALMEIDA";"ATIVO";"GRADUAÇÃO";"BACHARELADO";"Presencial";"Engenharias";"Regular";"Matutino, Vespertino e Noturno";"Generalista";"NATAL";"Campus Central";"445";"CENTRO DE TECNOLOGIA";"http://www.ct.ufrn.br/ct/conteudo/graduacao/eng_civil.htm";"1960/01/02 00:00:00.000";"12339";"2018/12/28 00:00:00.000";"Portaria MEC/SERES Nº 922/2018";""
"2000150";"ENGENHARIA DE ALIMENTOS";"5760956";"LIANA FRANCO PADILHA";"ATIVO";"GRADUAÇÃO";"BACHARELADO";"Presencial";"Engenharias";"Regular";"Noturno";"Generalista";"NATAL";"Campus Central";"445";"CENTRO DE TECNOLOGIA";"http://www.ct.ufrn.br";"2020/01/01 00:00:00.000";"96878";"2018/12/28 00:00:00.000";"Portaria MEC/SERES Nº 922/2018";""
"2576623";"ENGENHARIA DE AQUICULTURA";"5762189";"Cybelle Menolli Longhini";"ATIVO";"GRADUAÇÃO";"BACHARELADO";"Presencial";"Ciências Biológicas";"Regular";"";"Generalista";"NATAL";"";"440";"CENTRO DE BIOCIÊNCIAS";"";"";"1157867";"2015/01/23 00:00:00.000";"Portaria nº 44/2015 - DIREG/MEC";""
"181657650";"ENGENHARIA DE COMPUTAÇÃO";"5753665";"JOAO PAULO DE SOUZA MEDEIROS";"ATIVO";"GRADUAÇÃO";"BACHARELADO";"Presencial";"Engenharias";"Semestral";"";"Generalista";"CAICÓ";"";"1482";"CENTRO DE  ENSINO SUPERIOR DO SERIDÓ";"";"";"";"";"";""
"2000026";"ENGENHARIA DE COMPUTAÇÃO";"21846";"ADELARDO ADELINO DANTAS DE MEDEIROS";"ATIVO";"GRADUAÇÃO";"BACHARELADO";"Presencial";"Engenharias";"Regular";"Matutino, Vespertino e Noturno";"Associada";"NATAL";"Campus Central";"445";"CENTRO DE TECNOLOGIA";"http://www.engcomp.ufrn.br/";"1996/03/03 00:00:00.000";"18392";"2018/12/28 00:00:00.000";"Portaria MEC/SERES Nº 922/2018";""
"178696492";"ENGENHARIA DE ENERGIA";"5753590";"LINDEMBERG DE JESUS NOGUEIRA DUARTE";"ATIVO";"GRADUAÇÃO";"BACHARELADO";"Presencial";"Engenharias";"Semestral";"";"Generalista";"NATAL";"";"445";"CENTRO DE TECNOLOGIA";"";"";"";"";"";""
"2000027";"ENGENHARIA DE MATERIAIS";"5755863";"ANA PAULA CYSNE BARBOSA";"ATIVO";"GRADUAÇÃO";"BACHARELADO";"Presencial";"Engenharias";"Regular";"Matutino, Vespertino e Noturno";"Associada";"NATAL";"Campus Central";"445";"CENTRO DE TECNOLOGIA";"http://www.demat.ct.ufrn.br";"1999/04/05 00:00:00.000";"20339";"2018/12/28 00:00:00.000";"Portaria MEC/SERES Nº 922/2018";""
"2071220";"ENGENHARIA DE PETRÓLEO";"5753590";"LINDEMBERG DE JESUS NOGUEIRA DUARTE";"ATIVO";"GRADUAÇÃO";"BACHARELADO";"Presencial";"Engenharias";"Regular";"";"Associada";"NATAL";"";"445";"CENTRO DE TECNOLOGIA";"";"";"1151610";"2018/12/28 00:00:00.000";"Portaria MEC/SERES Nº 922/2018";""
"150738818";"ENGENHARIA DE PRODUÇÃO";"5762730";"PHILIPPE EDUARDO DE MEDEIROS";"ATIVO";"GRADUAÇÃO";"BACHARELADO";"Presencial";"Engenharias";"Regular";"";"Generalista";"CURRAIS NOVOS";"";"31011";"FACULDADE DE ENGENHARIA, LETRAS E CIÊNCIAS SOCIAIS DO SERIDÓ - FELCS";"";"";"1570594";"";"";""
"2000029";"ENGENHARIA DE PRODUÇÃO";"5755045";"WERNER KLEYSON DA SILVA SOARES";"ATIVO";"GRADUAÇÃO";"BACHARELADO";"Presencial";"Engenharias";"Regular";"Vespertino e Noturno";"Generalista";"NATAL";"Campus Central";"445";"CENTRO DE TECNOLOGIA";"http://www.prograd.ufrn.br";"1998/03/03 00:00:00.000";"18853";"2018/12/28 00:00:00.000";"Portaria MEC/SERES Nº 922/2018";""
"140694375";"ENGENHARIA DE SEGURANCA DO TRABALHO";"";"";"";"LATO SENSU";"";"Presencial";"";"";"";"";"";"";"115";"DEPARTAMENTO DE ENGENHARIA PRODUÇÃO";"";"";"";"";"";""
"100339822";"ENGENHARIA DE SEGURANÇA DO TRABALHO";"";"";"ATIVO";"LATO SENSU";"";"Presencial";"";"";"";"";"";"";"52";"DEPARTAMENTO DE ENGENHARIA CIVIL E AMBIENTAL";"";"";"";"";"";""
"149832890";"ENGENHARIA DE SEGURANÇA DO TRABALHO";"";"";"";"LATO SENSU";"";"Semi-Presencial";"";"";"";"";"";"";"115";"DEPARTAMENTO DE ENGENHARIA PRODUÇÃO";"";"";"";"";"";""
"17848940";"ENGENHARIA DE SOFTWARE";"24949";"ANDRE MAURICIO CUNHA CAMPOS";"ATIVO";"GRADUAÇÃO";"BACHARELADO";"Presencial";"Ciências Exatas e da Terra";"Regular";"";"Associada";"NATAL";"";"439";"CENTRO DE CIÊNCIAS EXATAS E DA TERRA";"";"";"1113231";"2013/12/11 00:00:00.000";"Portaria nº 651/2013 - MEC";""
"85322080";"ENGENHARIA DE TELECOMUNICAÇÕES";"23685";"CLAUDIO RODRIGUES MUNIZ DA SILVA";"ATIVO";"GRADUAÇÃO";"BACHARELADO";"Presencial";"Engenharias";"Regular";"";"Associada";"NATAL";"";"445";"CENTRO DE TECNOLOGIA";"";"";"1154401";"2018/12/28 00:00:00.000";"Portaria MEC/SERES Nº 922/2018";""
"2000030";"ENGENHARIA ELÉTRICA";"5755520";"JOSE PATROCINIO DA SILVA";"ATIVO";"GRADUAÇÃO";"BACHARELADO";"Presencial";"Engenharias";"Regular";"Matutino, Vespertino e Noturno";"Generalista";"NATAL";"Campus Central";"445";"CENTRO DE TECNOLOGIA";"http://www.dee.ufrn.br/";"1969/04/02 00:00:00.000";"12340";"2018/12/28 00:00:00.000";"Portaria MEC/SERES Nº 922/2018";""
"8068230";"ENGENHARIA FLORESTAL";"5760244";"UBIRATAN CORREIA SILVA";"ATIVO";"GRADUAÇÃO";"BACHARELADO";"Presencial";"Engenharias";"Regular";"";"Generalista";"MACAÍBA";"";"351";"ESCOLA AGRÍCOLA DE JUNDIAÍ";"";"";"116762";"2015/12/30 00:00:00.000";"Portaria nº 1098/2015 - DIREG/MEC";""
"2000031";"ENGENHARIA MECÂNICA";"5754367";"GABRIEL IVAN MEDINA TAPIA";"ATIVO";"GRADUAÇÃO";"BACHARELADO";"Presencial";"Engenharias";"Regular";"Matutino, Vespertino e Noturno";"Associada";"NATAL";"Campus Central";"445";"CENTRO DE TECNOLOGIA";"http://www.mec.ufrn.br/";"1976/03/03 00:00:00.000";"12342";"2018/12/28 00:00:00.000";"Portaria MEC/SERES Nº 922/2018";""
"85437055";"ENGENHARIA MECATRÔNICA";"5753661";"MARCIO VALERIO DE ARAUJO";"ATIVO";"GRADUAÇÃO";"BACHARELADO";"Presencial";"Engenharias";"Regular";"";"Associada";"NATAL";"";"445";"CENTRO DE TECNOLOGIA";"";"";"1159084";"2018/12/28 00:00:00.000";"Portaria MEC/SERES Nº 922/2018";""
"2000032";"ENGENHARIA QUÍMICA";"5755039";"MAGNA ANGELICA DOS SANTOS BEZERRA SOUSA";"ATIVO";"GRADUAÇÃO";"BACHARELADO";"Presencial";"Engenharias";"Regular";"Matutino, Vespertino e Noturno";"Generalista";"NATAL";"Campus Central";"445";"CENTRO DE TECNOLOGIA";"http://www.eq.ufrn.br/";"1974/02/01 00:00:00.000";"12344";"2018/12/28 00:00:00.000";"Portaria MEC/SERES Nº 922/2018";""
"2000033";"ENGENHARIA TÊXTIL";"5761360";"FRANCISCO CLAUDIVAN DA SILVA";"ATIVO";"GRADUAÇÃO";"BACHARELADO";"Presencial";"Engenharias";"Regular";"Vespertino e Noturno";"Generalista";"NATAL";"Campus Central";"445";"CENTRO DE TECNOLOGIA";"http://www.prograd.ufrn.br/";"1998/03/03 00:00:00.000";"18854";"2018/12/28 00:00:00.000";"Portaria MEC/SERES Nº 922/2018";""
"16685330";"ENSINO-APRENDIZAGEM DE INGLÊS COMO LÍNGUA ESTRANGEIRA";"";"";"ATIVO";"LATO SENSU";"";"Presencial";"";"";"";"";"";"";"138";"DEPARTAMENTO DE LETRAS";"";"";"";"";"";""
"2667700";"ENSINO-APRENDIZAGEM DE LÍNGUA PORTUGUESA:ASPECTOS TEÓRICOS E PRÁTICOS";"";"";"ATIVO";"LATO SENSU";"";"Presencial";"";"";"";"";"NATAL";"";"159";"DEPARTAMENTO DE EDUCAÇÃO";"";"";"";"";"";""
"122659999";"ENSINO/APRENDIZAGEM DE PORTUGUÊS LÍNGUA NÃO MATERNA";"";"";"";"LATO SENSU";"";"Semi-Presencial";"";"";"";"";"";"";"5206";"DEPARTAMENTO DE LINGUAS E LITERATURAS ESTRANGEIRAS MODERNAS";"";"";"";"";"";""
"123345257";"ENSINO/APRENDIZAGEM DE PORTUGUÊS LÍNGUA NÃO MATERNA";"";"";"";"LATO SENSU";"";"Semi-Presencial";"";"";"";"";"";"";"5206";"DEPARTAMENTO DE LINGUAS E LITERATURAS ESTRANGEIRAS MODERNAS";"";"";"";"";"";""
"1398140";"ENSINO DE ARTE NA ESCOLA";"";"";"ATIVO";"LATO SENSU";"";"Presencial";"";"";"";"";"NATAL";"";"139";"DEPARTAMENTO DE ARTES";"";"";"";"";"";""
"6182540";"ENSINO DE ARTE NA ESCOLA COM APROFUNDAMENTO E ARTES VISUAIS, DANÇA, MÚSICA E TEA";"";"";"ATIVO";"LATO SENSU";"";"Presencial";"";"";"";"";"NATAL";"";"139";"DEPARTAMENTO DE ARTES";"";"";"";"";"";""
"162992509";"ENSINO DE CIÊNCIAS";"";"";"";"LATO SENSU";"";"A Distância";"";"";"";"";"";"";"134";"PROGRAMA DE PÓS-GRADUAÇÃO EM ENSINO DE CIÊNCIAS NATURAIS E MATEMÁTICA";"";"";"";"";"";""
"180768457";"ENSINO DE CIÊNCIAS - ?CIÊNCIA É 10!?";"";"";"";"LATO SENSU";"";"A Distância";"";"";"";"";"";"";"134";"PROGRAMA DE PÓS-GRADUAÇÃO EM ENSINO DE CIÊNCIAS NATURAIS E MATEMÁTICA";"";"";"";"";"";""
"180806611";"ENSINO DE CIÊNCIAS - CIÊNCIA É 10!";"5752263";"IVANISE CORTEZ DE SOUSA GUIMARAES";"";"LATO SENSU";"";"A Distância";"";"";"";"";"";"";"134";"PROGRAMA DE PÓS-GRADUAÇÃO EM ENSINO DE CIÊNCIAS NATURAIS E MATEMÁTICA";"";"";"";"";"";""
"130050604";"ENSINO DE GEOGRAFIA";"";"";"";"LATO SENSU";"";"Presencial";"";"";"";"";"";"";"234";"CERES - DEPARTAMENTO DE GEOGRAFIA";"";"";"";"";"";""
"89444585";"ENSINO DE LÍNGUA PORTUGUESA: GRAMÁTICA, TEXTO E DISCURSO";"";"";"ATIVO";"LATO SENSU";"";"Presencial";"";"";"";"";"";"";"138";"DEPARTAMENTO DE LETRAS";"";"";"";"";"";""
"135288404";"ENSINO DE MUSICA EM MULTIPLOS CONTEXTOS";"";"";"";"LATO SENSU";"";"Presencial";"";"";"";"";"";"";"284";"ESCOLA DE MÚSICA";"";"";"";"";"";""
"135294364";"ENSINO DE MUSICA EM MULTIPLOS CONTEXTOS";"";"";"";"LATO SENSU";"";"Semi-Presencial";"";"";"";"";"";"";"284";"ESCOLA DE MÚSICA";"";"";"";"";"";""
"122072767";"ENSINO DE MÚSICA EM MÚLTIPLOS CONTEXTOS";"";"";"";"LATO SENSU";"";"Presencial";"";"";"";"";"";"";"284";"ESCOLA DE MÚSICA";"";"";"";"";"";""
"121636855";"ENSINO DE MÚSICA EM MÚLTIPLOS CONTEXTOS";"";"";"";"LATO SENSU";"";"Presencial";"";"";"";"";"";"";"7261";"PROGRAMA DE PÓS-GRADUAÇÃO EM MÚSICA";"";"";"";"";"";""
"123354684";"ENSINO DE MÚSICA EM MÚLTIPLOS CONTEXTOS";"";"";"";"LATO SENSU";"";"Semi-Presencial";"";"";"";"";"";"";"284";"ESCOLA DE MÚSICA";"";"";"";"";"";""
"103978381";"ENSINO FUNDAMENTAL";"";"";"ATIVO";"FUNDAMENTAL";"";"Presencial";"";"";"";"";"NATAL";"";"1452";"NÚCLEO DE EDUCAÇÃO DA INFÂNCIA";"";"";"";"";"";""
"1998296";"ENSINO INFANTIL";"";"";"ATIVO";"INFANTIL";"";"Presencial";"";"";"";"";"NATAL";"";"1452";"NÚCLEO DE EDUCAÇÃO DA INFÂNCIA";"";"";"";"";"";""
"89232622";"ENSINO MEDIO";"";"";"ATIVO";"MÉDIO";"";"Presencial";"";"";"";"";"MACAÍBA";"";"351";"ESCOLA AGRÍCOLA DE JUNDIAÍ";"";"";"24052787";"";"";""
"2628340";"Especializaão em Avaliação Psicológica";"";"";"ATIVO";"LATO SENSU";"";"Presencial";"";"";"";"";"NATAL";"";"442";"CENTRO DE CIÊNCIAS HUMANAS, LETRAS E ARTES";"";"";"";"";"";""
"51277174";"ESPECIALIZAÇÃO";"";"";"ATIVO";"LATO SENSU";"";"Presencial";"";"";"";"";"";"";"159";"DEPARTAMENTO DE EDUCAÇÃO";"";"";"";"";"";""
"132080053";"ESPECIALIZAÇÃO EM AAA";"";"";"";"LATO SENSU";"";"A Distância";"";"";"";"";"";"";"234";"CERES - DEPARTAMENTO DE GEOGRAFIA";"";"";"";"";"";""
"126907290";"ESPECIALIZAÇÃO EM ADMINISTRAÇÃO HOTELEIRA, BARES E RESTAURANTES";"";"";"";"LATO SENSU";"";"Presencial";"";"";"";"";"";"";"4295";"PROGRAMA DE PÓS-GRADUAÇÃO EM TURISMO";"";"";"";"";"";""
"137488470";"ESPECIALIZAÇÃO EM ADMINISTRAÇÃO PÚBLICA";"";"";"";"LATO SENSU";"";"Presencial";"";"";"";"";"";"";"236";"CERES - DEPTO CIÊNCIAS SOCIAIS E HUMANAS";"";"";"";"";"";""
"137496442";"ESPECIALIZAÇÃO EM ADMINISTRAÇÃO PÚBLICA";"";"";"";"LATO SENSU";"";"Presencial";"";"";"";"";"";"";"236";"CERES - DEPTO CIÊNCIAS SOCIAIS E HUMANAS";"";"";"";"";"";""
"115295700";"ESPECIALIZAÇÃO EM ADMINISTRAÇÃO PÚBLICA";"";"";"";"LATO SENSU";"";"Presencial";"";"";"";"";"";"";"236";"CERES - DEPTO CIÊNCIAS SOCIAIS E HUMANAS";"";"";"";"";"";""
"143293289";"ESPECIALIZAÇÃO EM ADVOCACIA EMPRESARIAL";"";"";"";"LATO SENSU";"";"Semi-Presencial";"";"";"";"";"";"";"4881";"DEPARTAMENTO DE DIREITO - CERES";"";"";"";"";"";""
"170532537";"ESPECIALIZAÇÃO EM ALFABETIZAÇÃO E MULTILETRAMENTO NA ESCOLA DA(S) INFÂNCIA(S)";"2263697";"ADELE GUIMARAES UBARANA SANTOS";"";"LATO SENSU";"";"A Distância";"";"";"";"";"";"";"1452";"NÚCLEO DE EDUCAÇÃO DA INFÂNCIA";"";"";"";"";"";""
"127791717";"ESPECIALIZAÇÃO EM ALFABETIZAÇÃO E NEUROCIÊNCIAS: INTERFACES NA EDUCAÇÃO INTEGRAL";"";"";"";"LATO SENSU";"";"Presencial";"";"";"";"";"";"";"4880";"DEPARTAMENTO DE EDUCAÇÃO - CERES";"";"";"";"";"";""
"106245618";"ESPECIALIZAÇÃO EM ALFABETIZAÇÃO E NEUROCIÊNCIAS: INTERFACES NA EDUCAÇÃO INTEGRAL";"";"";"";"LATO SENSU";"";"Presencial";"";"";"";"";"";"";"4880";"DEPARTAMENTO DE EDUCAÇÃO - CERES";"";"";"";"";"";""
"138139175";"ESPECIALIZAÇÃO EM ALFABETIZAÇÃO + NEUROCIÊNCIAS: INTERFACES NA EDUCAÇÃO INTEGRAL";"";"";"";"LATO SENSU";"";"Semi-Presencial";"";"";"";"";"";"";"4880";"DEPARTAMENTO DE EDUCAÇÃO - CERES";"";"";"";"";"";""
"171963293";"ESPECIALIZAÇÃO EM ALFABETIZAÇÃO + NEUROCIÊNCIAS NA EDUCAÇÃO INTEGRAL";"127199";"ANGELA MARIA CHUVAS NASCHOLD";"";"LATO SENSU";"";"A Distância";"";"";"";"";"";"";"4880";"DEPARTAMENTO DE EDUCAÇÃO - CERES";"";"";"";"";"";""
"163957655";"ESPECIALIZAÇÃO EM ANÁLISES CLÍNICAS";"";"";"";"LATO SENSU";"";"Presencial";"";"";"";"";"";"";"117";"DEPARTAMENTO DE ANÁLISES CLÍNICAS E TOXICOLÓGICAS";"";"";"";"";"";""
"106660409";"ESPECIALIZAÇÃO EM ANÁLISES CLÍNICAS";"";"";"";"LATO SENSU";"";"Presencial";"";"";"";"";"";"";"117";"DEPARTAMENTO DE ANÁLISES CLÍNICAS E TOXICOLÓGICAS";"";"";"";"";"";""
"130618653";"ESPECIALIZAÇÃO EM ANÁLISES CLÍNICAS E MEDICAMENTOS";"";"";"";"LATO SENSU";"";"Presencial";"";"";"";"";"";"";"117";"DEPARTAMENTO DE ANÁLISES CLÍNICAS E TOXICOLÓGICAS";"";"";"";"";"";""
"118076413";"ESPECIALIZAÇÃO EM ANÁLISES CLÍNICAS E MEDICAMENTOS";"";"";"";"LATO SENSU";"";"Presencial";"";"";"";"";"";"";"117";"DEPARTAMENTO DE ANÁLISES CLÍNICAS E TOXICOLÓGICAS";"";"";"";"";"";""
"97262498";"ESPECIALIZAÇÃO EM ANÁLISES CLÍNICAS E TOXICOLÓGICAS";"";"";"ATIVO";"LATO SENSU";"";"Presencial";"";"";"";"";"";"";"117";"DEPARTAMENTO DE ANÁLISES CLÍNICAS E TOXICOLÓGICAS";"";"";"";"";"";""
"131890753";"ESPECIALIZAÇÃO EM ANÁLISES CLÍNICAS E TOXICOLÓGICAS";"";"";"";"LATO SENSU";"";"Presencial";"";"";"";"";"";"";"117";"DEPARTAMENTO DE ANÁLISES CLÍNICAS E TOXICOLÓGICAS";"";"";"";"";"";""
"4742984";"ESPECIALIZAÇÃO EM ANÁLISES CLÍNICAS E TOXICOLÓGICAS";"";"";"ATIVO";"LATO SENSU";"";"Presencial";"";"";"";"";"";"";"117";"DEPARTAMENTO DE ANÁLISES CLÍNICAS E TOXICOLÓGICAS";"";"";"";"";"";""
"163914345";"ESPECIALIZAÇÃO EM ANATOMIA, DISSECAÇÃO E PLASTINAÇÃO";"";"";"";"LATO SENSU";"";"Semi-Presencial";"";"";"";"";"";"";"177";"DEPARTAMENTO DE MORFOLOGIA";"";"";"";"";"";""
"126255120";"ESPECIALIZAÇÃO EM APRENDIZAGEM COLABORATIVA E INTERCULTURAL DE LÍNGUA PORTUGUESA POR SURDOS";"";"";"";"LATO SENSU";"";"Semi-Presencial";"";"";"";"";"";"";"4880";"DEPARTAMENTO DE EDUCAÇÃO - CERES";"";"";"";"";"";""
"124347948";"ESPECIALIZAÇÃO EM AROMATERAPIA";"";"";"";"LATO SENSU";"";"Presencial";"";"";"";"";"";"";"198";"DEPARTAMENTO DE ENFERMAGEM";"";"";"";"";"";""
"115402519";"ESPECIALIZAÇÃO EM ARQUEOLOGIA DO NORDESTE BRASILEIRO";"";"";"ATIVO";"LATO SENSU";"";"Presencial";"";"";"";"";"";"";"141";"DEPARTAMENTO DE HISTÓRIA";"";"";"";"";"";""
"95771235";"ESPECIALIZAÇÃO EM ARQUEOLOGIA DO NORDESTE BRASILEIRO";"";"";"ATIVO";"LATO SENSU";"";"Presencial";"";"";"";"";"";"";"141";"DEPARTAMENTO DE HISTÓRIA";"";"";"";"";"";""
"96076672";"ESPECIALIZAÇÃO EM ARQUITETURA DE NUVEM";"";"";"ATIVO";"LATO SENSU";"";"Presencial";"";"";"";"";"";"";"161";"DEPARTAMENTO DE CIÊNCIAS ADMINISTRATIVAS - DEPAD";"";"";"";"";"";""
"168972160";"ESPECIALIZAÇÃO EM ARTE PELOS SENTIDOS: AROMAS, PROCESSOS CRIATIVOS E TERAPÊUTICOS";"5755596";"PATRICIA GARCIA LEAL";"";"LATO SENSU";"";"Semi-Presencial";"";"";"";"";"";"";"139";"DEPARTAMENTO DE ARTES";"";"";"";"";"";""
"3578460";"ESPECIALIZAÇÃO EM ARTETERAPIA E EDUCAÇÃO DO SER";"";"";"ATIVO";"LATO SENSU";"";"Presencial";"";"";"";"";"NATAL";"";"363";"PROGRAMA DE PÓS-GRADUAÇÃO EM EDUCAÇÃO";"";"";"";"";"";""
"4878604";"ESPECIALIZAÇÃO EM ARTETERAPIA E EDUCAÇÃO DO SER";"";"";"ATIVO";"LATO SENSU";"";"Presencial";"";"";"";"";"NATAL";"";"363";"PROGRAMA DE PÓS-GRADUAÇÃO EM EDUCAÇÃO";"";"";"";"";"";""
"114762632";"ESPECIALIZAÇÃO EM ATENÇÃO BÁSICA COM ÊNFASE NA ESTRATÉGIA SAÚDE DA FAMÍLIA";"";"";"";"LATO SENSU";"";"Presencial";"";"";"";"";"";"";"205";"ESCOLA DE SAÚDE";"";"";"";"";"";""
"101359674";"ESPECIALIZAÇÃO EM AUDIOLOGIA";"";"";"ATIVO";"LATO SENSU";"";"Presencial";"";"";"";"";"";"";"5610";"DEPARTAMENTO DE FONOAUDIOLOGIA";"";"";"";"";"";""
"165852759";"ESPECIALIZAÇÃO EM AUDITORIA DO SUS";"5756363";"ROSIRES MAGALI BEZERRA DE BARROS";"";"LATO SENSU";"";"A Distância";"";"";"";"";"";"";"205";"ESCOLA DE SAÚDE";"";"";"";"";"";""
"173541499";"ESPECIALIZAÇÃO EM AUDITORIA DO SUS";"5756363";"ROSIRES MAGALI BEZERRA DE BARROS";"";"LATO SENSU";"";"A Distância";"";"";"";"";"";"";"205";"ESCOLA DE SAÚDE";"";"";"";"";"";""
"129767318";"ESPECIALIZAÇÃO EM AUDITORIA E CONTROLADORIA";"";"";"ATIVO";"LATO SENSU";"";"Presencial";"";"";"";"";"";"";"395";"PROGRAMA REGIONAL DE PÓS-GRADUAÇÃO EM CIÊNCIAS CONTÁBEIS";"";"";"";"";"";""
"149870604";"ESPECIALIZAÇÃO EM AUDITORIA E CONTROLADORIA";"";"";"ATIVO";"LATO SENSU";"";"Remoto";"";"";"";"";"";"";"395";"PROGRAMA REGIONAL DE PÓS-GRADUAÇÃO EM CIÊNCIAS CONTÁBEIS";"";"";"";"";"";""
"97598424";"ESPECIALIZAÇÃO EM AUDITORIA E CONTROLADORIA";"";"";"ATIVO";"LATO SENSU";"";"Presencial";"";"";"";"";"";"";"395";"PROGRAMA REGIONAL DE PÓS-GRADUAÇÃO EM CIÊNCIAS CONTÁBEIS";"";"";"";"";"";""
"130422199";"ESPECIALIZAÇÃO EM AUDITORIA E CONTROLADORIA";"";"";"ATIVO";"LATO SENSU";"";"Presencial";"";"";"";"";"";"";"395";"PROGRAMA REGIONAL DE PÓS-GRADUAÇÃO EM CIÊNCIAS CONTÁBEIS";"";"";"";"";"";""
"151607054";"ESPECIALIZAÇÃO EM AUDITORIA E CONTROLADORIA CONTÁBIL";"";"";"";"LATO SENSU";"";"Remoto";"";"";"";"";"";"";"163";"DEPARTAMENTO DE CIÊNCIAS CONTÁBEIS - DCC";"";"";"";"";"";""
"116474785";"ESPECIALIZAÇÃO EM AUDITORIA E CONTROLADORIA CONTÁBIL";"";"";"ATIVO";"LATO SENSU";"";"Presencial";"";"";"";"";"";"";"9066";"PROGRAMA DE PÓS-GRADUAÇÃO EM CIÊNCIAS CONTÁBEIS";"";"";"";"";"";""
"87272466";"ESPECIALIZAÇÃO EM AUDITORIA E CONTROLES";"";"";"ATIVO";"LATO SENSU";"";"Presencial";"";"";"";"";"";"";"395";"PROGRAMA REGIONAL DE PÓS-GRADUAÇÃO EM CIÊNCIAS CONTÁBEIS";"";"";"";"";"";""
"156794536";"ESPECIALIZAÇÃO EM AUDITORIA EM SAÚDE";"";"";"";"LATO SENSU";"";"Presencial";"";"";"";"";"";"";"205";"ESCOLA DE SAÚDE";"";"";"";"";"";""
"127931091";"ESPECIALIZAÇÃO EM AUDITORIA EM SAÚDE";"";"";"";"LATO SENSU";"";"Presencial";"";"";"";"";"";"";"205";"ESCOLA DE SAÚDE";"";"";"";"";"";""
"107259247";"ESPECIALIZAÇÃO EM AUDITORIA E PERÍCIA CONTÁBIL";"";"";"";"LATO SENSU";"";"A Distância";"";"";"";"";"";"";"395";"PROGRAMA REGIONAL DE PÓS-GRADUAÇÃO EM CIÊNCIAS CONTÁBEIS";"";"";"";"";"";""
"89558214";"ESPECIALIZAÇÃO EM AUDITORIA GOVERNAMENTAL";"";"";"ATIVO";"LATO SENSU";"";"Presencial";"";"";"";"";"";"";"163";"DEPARTAMENTO DE CIÊNCIAS CONTÁBEIS - DCC";"";"";"";"";"";""
"91384307";"ESPECIALIZAÇÃO EM AUTOMAÇÃO DE PROCESSOS INDUSTRIAIS";"";"";"ATIVO";"LATO SENSU";"";"Presencial";"";"";"";"";"";"";"56";"DEPARTAMENTO DE ENGENHARIA DE COMPUTACAO E AUTOMACAO";"";"";"";"";"";""
"105643188";"ESPECIALIZAÇÃO EM AUTOMAÇÃO DE PROCESSOS INDUSTRIAIS";"";"";"ATIVO";"LATO SENSU";"";"Presencial";"";"";"";"";"";"";"56";"DEPARTAMENTO DE ENGENHARIA DE COMPUTACAO E AUTOMACAO";"";"";"";"";"";""
"95740299";"ESPECIALIZAÇÃO EM BASES FISIOLÓGICAS PARA AVALIAÇÃO E PRESCRIÇÃO DE EXERCÍCIOS FÍSICOS";"";"";"ATIVO";"LATO SENSU";"";"Presencial";"";"";"";"";"";"";"199";"DEPARTAMENTO DE EDUCAÇÃO FÍSICA";"";"";"";"";"";""
"50659936";"ESPECIALIZAÇÃO EM BASES FISIOL PARA AVALIAÇÃO E PRESCRIÇÃO DE EXERCÍCIOS FÍSICOS";"";"";"ATIVO";"LATO SENSU";"";"Presencial";"";"";"";"";"";"";"199";"DEPARTAMENTO DE EDUCAÇÃO FÍSICA";"";"";"";"";"";""
"118173593";"ESPECIALIZAÇÃO EM BIG DATA";"";"";"";"LATO SENSU";"";"Presencial";"";"";"";"";"";"";"6069";"INSTITUTO METROPOLE DIGITAL";"";"";"";"";"";""
"105720615";"ESPECIALIZAÇÃO EM BIOLOGIA MOLECULAR APLICADA À SAÚDE HUMANA";"";"";"";"LATO SENSU";"";"Presencial";"";"";"";"";"";"";"366";"PROGRAMA DE PÓS-GRADUAÇÃO EM CIÊNCIAS FARMACÊUTICAS";"";"";"";"";"";""
"125323179";"ESPECIALIZAÇÃO EM BIOLOGIA MOLECULAR APLICADA À SAÚDE HUMANA";"";"";"";"LATO SENSU";"";"Presencial";"";"";"";"";"";"";"366";"PROGRAMA DE PÓS-GRADUAÇÃO EM CIÊNCIAS FARMACÊUTICAS";"";"";"";"";"";""
"133999743";"ESPECIALIZAÇÃO EM BIOMECÂNICA";"";"";"";"LATO SENSU";"";"Presencial";"";"";"";"";"";"";"199";"DEPARTAMENTO DE EDUCAÇÃO FÍSICA";"";"";"";"";"";""
"133952812";"ESPECIALIZAÇÃO EM BIOMECÂNICA";"";"";"";"LATO SENSU";"";"Presencial";"";"";"";"";"";"";"199";"DEPARTAMENTO DE EDUCAÇÃO FÍSICA";"";"";"";"";"";""
"133995445";"ESPECIALIZAÇÃO EM BIOMECÂNICA";"";"";"";"LATO SENSU";"";"Presencial";"";"";"";"";"";"";"199";"DEPARTAMENTO DE EDUCAÇÃO FÍSICA";"";"";"";"";"";""
"134010679";"ESPECIALIZAÇÃO EM BIOMECÂNICA";"";"";"";"LATO SENSU";"";"Presencial";"";"";"";"";"";"";"199";"DEPARTAMENTO DE EDUCAÇÃO FÍSICA";"";"";"";"";"";""
"133963580";"ESPECIALIZAÇÃO EM BIOMECÂNICA";"";"";"";"LATO SENSU";"";"Presencial";"";"";"";"";"";"";"199";"DEPARTAMENTO DE EDUCAÇÃO FÍSICA";"";"";"";"";"";""
"133960235";"ESPECIALIZAÇÃO EM BIOMECÂNICA";"";"";"";"LATO SENSU";"";"Presencial";"";"";"";"";"";"";"199";"DEPARTAMENTO DE EDUCAÇÃO FÍSICA";"";"";"";"";"";""
"133957713";"ESPECIALIZAÇÃO EM BIOMECÂNICA";"";"";"";"LATO SENSU";"";"Presencial";"";"";"";"";"";"";"199";"DEPARTAMENTO DE EDUCAÇÃO FÍSICA";"";"";"";"";"";""
"95197392";"ESPECIALIZAÇÃO EM BIOTERISMO E EXPERIMENTAÇÃO COM ANIMAIS";"";"";"ATIVO";"LATO SENSU";"";"Semi-Presencial";"";"";"";"";"";"";"192";"DEPARTAMENTO DE CIRURGIA";"";"";"";"";"";""
"171669500";"ESPECIALIZAÇÃO EM CIBERSEGURANÇA E GESTÃO DA INFORMAÇÃO";"5753665";"JOAO PAULO DE SOUZA MEDEIROS";"";"LATO SENSU";"";"A Distância";"";"";"";"";"";"";"9726";"DEPARTAMENTO DE COMPUTAÇÃO E TECNOLOGIA";"";"";"";"";"";""
"138156167";"ESPECIALIZAÇÃO EM CIÊNCIA DE DADOS";"";"";"";"LATO SENSU";"";"Presencial";"";"";"";"";"";"";"47";"DEPARTAMENTO DE ESTATISTICA";"";"";"";"";"";""
"98708953";"ESPECIALIZAÇÃO EM CIÊNCIAS ATUARIAIS E DEMOGRAFIA";"";"";"ATIVO";"LATO SENSU";"";"Presencial";"";"";"";"";"";"";"5570";"PROGRAMA DE PÓS-GRADUAÇÃO EM DEMOGRAFIA";"";"";"";"";"";""
"84903718";"ESPECIALIZAÇÃO EM CIÊNCIAS MORFOLÓGICAS APLICADAS A SAÚDE E AO AMBIENTE";"";"";"ATIVO";"LATO SENSU";"";"Semi-Presencial";"";"";"";"";"";"";"177";"DEPARTAMENTO DE MORFOLOGIA";"";"";"";"";"";""
"115259542";"ESPECIALIZAÇÃO EM CINEMA";"";"";"";"LATO SENSU";"";"Presencial";"";"";"";"";"";"";"139";"DEPARTAMENTO DE ARTES";"";"";"";"";"";""
"99697792";"ESPECIALIZAÇÃO EM CINEMA";"";"";"ATIVO";"LATO SENSU";"";"Presencial";"";"";"";"";"";"";"139";"DEPARTAMENTO DE ARTES";"";"";"";"";"";""
"141222876";"ESPECIALIZAÇÃO EM CITOLOGIA GINECOLÓGICA ONCÓTICA";"";"";"";"LATO SENSU";"";"Presencial";"";"";"";"";"";"";"30544";"PROGRAMA DE PÓS-GRADUAÇÃO EM CIÊNCIAS APLICADAS À SAÚDE DA MULHER";"";"";"";"";"";""
"173985910";"ESPECIALIZAÇÃO EM CITOLOGIA GINECOLÓGICA ONCÓTICA: DO DIAGNÓSTICO CITOLÓGICO AO RASTREIO MOLECULAR (DNA/HPV)";"5752472";"JANAINA CRISTIANA DE OLIVEIRA CRISPIM FREITAS";"";"LATO SENSU";"";"Presencial";"";"";"";"";"";"";"30544";"PROGRAMA DE PÓS-GRADUAÇÃO EM CIÊNCIAS APLICADAS À SAÚDE DA MULHER";"";"";"";"";"";""
"136737916";"ESPECIALIZAÇÃO EM COMPOSIÇÃO MUSICAL";"";"";"";"LATO SENSU";"";"A Distância";"";"";"";"";"";"";"284";"ESCOLA DE MÚSICA";"";"";"";"";"";""
"90334354";"ESPECIALIZAÇÃO EM CONSCIÊNCIA CORPORAL";"";"";"ATIVO";"LATO SENSU";"";"Presencial";"";"";"";"";"";"";"199";"DEPARTAMENTO DE EDUCAÇÃO FÍSICA";"";"";"";"";"";""
"128388032";"ESPECIALIZAÇÃO EM CONSCIÊNCIA CORPORAL";"";"";"";"LATO SENSU";"";"Presencial";"";"";"";"";"";"";"199";"DEPARTAMENTO DE EDUCAÇÃO FÍSICA";"";"";"";"";"";""
"166091734";"ESPECIALIZAÇÃO EM CONSCIÊNCIA CORPORAL, SAÚDE E QUALIDADE DE VIDA";"";"";"";"LATO SENSU";"";"Semi-Presencial";"";"";"";"";"";"";"199";"DEPARTAMENTO DE EDUCAÇÃO FÍSICA";"";"";"";"";"";""
"147179803";"ESPECIALIZAÇÃO EM CONSCIÊNCIA CORPORAL, SAÚDE E QUALIDADE DE VIDA";"";"";"";"LATO SENSU";"";"Remoto";"";"";"";"";"";"";"199";"DEPARTAMENTO DE EDUCAÇÃO FÍSICA";"";"";"";"";"";""
"154868710";"ESPECIALIZAÇÃO EM CONTABILIDADE, CONTROLADORIA E GESTÃO DE CUSTOS NO SETOR PÚBLICO";"";"";"";"LATO SENSU";"";"Remoto";"";"";"";"";"";"";"9066";"PROGRAMA DE PÓS-GRADUAÇÃO EM CIÊNCIAS CONTÁBEIS";"";"";"";"";"";""
"164549360";"ESPECIALIZAÇÃO EM CONTABILIDADE E CONTROLADORIA";"";"";"";"LATO SENSU";"";"A Distância";"";"";"";"";"";"";"235";"CERES - DEPTO CIÊNCIAS EXATAS E APLICADAS";"";"";"";"";"";""
"140931176";"ESPECIALIZAÇÃO EM CONTABILIDADE E GESTÃO EMPRESARIAL";"";"";"";"LATO SENSU";"";"Semi-Presencial";"";"";"";"";"";"";"163";"DEPARTAMENTO DE CIÊNCIAS CONTÁBEIS - DCC";"";"";"";"";"";""
"85078961";"ESPECIALIZAÇÃO EM CONTROLADORIA GOVERNAMENTAL";"";"";"ATIVO";"LATO SENSU";"";"Semi-Presencial";"";"";"";"";"";"";"163";"DEPARTAMENTO DE CIÊNCIAS CONTÁBEIS - DCC";"";"";"";"";"";""
"92587939";"ESPECIALIZAÇÃO EM COORDENAÇÃO PEDAGÓGICA";"";"";"ATIVO";"LATO SENSU";"";"A Distância";"";"";"";"";"";"";"363";"PROGRAMA DE PÓS-GRADUAÇÃO EM EDUCAÇÃO";"";"";"";"";"";""
"17519780";"ESPECIALIZAÇÃO EM CORPO, SAÚDE E SOCIEDADE";"";"";"ATIVO";"LATO SENSU";"";"Presencial";"";"";"";"";"";"";"199";"DEPARTAMENTO DE EDUCAÇÃO FÍSICA";"";"";"";"";"";""
"5173860";"ESPECIALIZAÇÃO EM CRIANÇA E ADOLESCENTE: ASPECTOS LEGAIS E SOCIAIS";"";"";"ATIVO";"LATO SENSU";"";"Presencial";"";"";"";"";"NATAL";"";"143";"DEPARTAMENTO DE PSICOLOGIA";"";"";"";"";"";""
"121637007";"ESPECIALIZAÇÃO EM CUIDADOS E PRÁTICAS INTEGRATIVAS EM SAÚDE";"";"";"";"LATO SENSU";"";"Presencial";"";"";"";"";"";"";"205";"ESCOLA DE SAÚDE";"";"";"";"";"";""
"120050084";"ESPECIALIZAÇÃO EM DANÇA";"";"";"";"LATO SENSU";"";"Presencial";"";"";"";"";"";"";"139";"DEPARTAMENTO DE ARTES";"";"";"";"";"";""
"101023063";"ESPECIALIZAÇÃO EM DENTÍSTICA";"";"";"ATIVO";"LATO SENSU";"";"Presencial";"";"";"";"";"";"";"195";"DEPARTAMENTO DE ODONTOLOGIA";"";"";"";"";"";""
"127547347";"ESPECIALIZAÇÃO EM DENTÍSTICA";"";"";"";"LATO SENSU";"";"Presencial";"";"";"";"";"";"";"195";"DEPARTAMENTO DE ODONTOLOGIA";"";"";"";"";"";""
"150984778";"ESPECIALIZAÇÃO EM DERMATOLOGIA EM ENFERMAGEM";"";"";"ATIVO";"LATO SENSU";"";"Presencial";"";"";"";"";"NATAL";"";"198";"DEPARTAMENTO DE ENFERMAGEM";"";"";"";"";"";""
"134355614";"ESPECIALIZAÇÃO EM DERMATOLOGIA EM ENFERMAGEM";"";"";"ATIVO";"LATO SENSU";"";"Presencial";"";"";"";"";"NATAL";"";"198";"DEPARTAMENTO DE ENFERMAGEM";"";"";"";"";"";""
"115769184";"ESPECIALIZAÇÃO EM DESENVOLVIMENTO DE APLICAÇÕES PARA DISPOSITIVOS MÓVEIS";"";"";"";"LATO SENSU";"";"Presencial";"";"";"";"";"";"";"6069";"INSTITUTO METROPOLE DIGITAL";"";"";"";"";"";""
"100300443";"ESPECIALIZAÇÃO EM DESENVOLVIMENTO DE SISTEMAS UFRN";"";"";"ATIVO";"LATO SENSU";"";"Semi-Presencial";"";"";"";"";"";"";"2";"SUPERINTENDÊNCIA DE TECNOLOGIA DA INFORMAÇÃO";"";"";"";"";"";""
"116365925";"ESPECIALIZAÇÃO EM DESENVOLVIMENTO DE SOFTWARE";"";"";"";"LATO SENSU";"";"Presencial";"";"";"";"";"";"";"56";"DEPARTAMENTO DE ENGENHARIA DE COMPUTACAO E AUTOMACAO";"";"";"";"";"";""
"107751989";"ESPECIALIZAÇÃO EM DESENVOLVIMENTO PARA DISPOSITIVOS MÓVEIS";"";"";"";"LATO SENSU";"";"Presencial";"";"";"";"";"";"";"6069";"INSTITUTO METROPOLE DIGITAL";"";"";"";"";"";""
"141073002";"ESPECIALIZAÇÃO EM DESENVOLVIMENTO PARA DISPOSITIVOS MÓVEIS";"";"";"";"LATO SENSU";"";"Presencial";"";"";"";"";"";"";"6069";"INSTITUTO METROPOLE DIGITAL";"";"";"";"";"";""
"152574803";"ESPECIALIZAÇÃO EM DESENVOLVIMENTO PARA DISPOSITIVOS MÓVEIS";"";"";"";"LATO SENSU";"";"Remoto";"";"";"";"";"";"";"6069";"INSTITUTO METROPOLE DIGITAL";"";"";"";"";"";""
"126860757";"ESPECIALIZAÇÃO EM DESENVOLVIMENTO PARA DISPOSITIVOS MÓVEIS";"";"";"";"LATO SENSU";"";"Presencial";"";"";"";"";"";"";"6069";"INSTITUTO METROPOLE DIGITAL";"";"";"";"";"";""
"118720334";"ESPECIALIZAÇÃO EM DESIGN DE INOVAÇÃO";"";"";"";"LATO SENSU";"";"Presencial";"";"";"";"";"";"";"9109";"PROGRAMA DE PÓS-GRADUAÇÃO EM CIÊNCIA, TECNOLOGIA E INOVAÇÃO";"";"";"";"";"";""
"164504160";"ESPECIALIZAÇÃO EM DESIGN DE INTERIORES";"";"";"";"LATO SENSU";"";"Presencial";"";"";"";"";"";"";"6968";"PROGRAMA DE PÓS-GRADUAÇÃO EM DESIGN";"";"";"";"";"";""
"85075974";"ESPECIALIZAÇÃO EM DESIGN GRÁFICO";"";"";"ATIVO";"LATO SENSU";"";"Presencial";"";"";"";"";"";"";"139";"DEPARTAMENTO DE ARTES";"";"";"";"";"";""
"130606851";"ESPECIALIZAÇÃO EM DIREITO ADMINISTRATIVO";"";"";"";"LATO SENSU";"";"Presencial";"";"";"";"";"";"";"84";"DEPARTAMENTO DE DIREITO PUBLICO - DIPUB";"";"";"";"";"";""
"115114859";"ESPECIALIZAÇÃO EM DIREITO ADMINISTRATIVO";"";"";"";"LATO SENSU";"";"Presencial";"";"";"";"";"";"";"404";"PROGRAMA DE PÓS-GRADUAÇÃO EM DIREITO";"";"";"";"";"";""
"91310418";"ESPECIALIZAÇÃO EM DIREITO CIVIL E PROCESSO CIVIL";"";"";"ATIVO";"LATO SENSU";"";"Presencial";"";"";"";"";"";"";"404";"PROGRAMA DE PÓS-GRADUAÇÃO EM DIREITO";"";"";"";"";"";""
"120655249";"ESPECIALIZAÇÃO EM DIREITO CIVIL E PROCESSUAL CIVIL";"";"";"";"LATO SENSU";"";"Presencial";"";"";"";"";"";"";"404";"PROGRAMA DE PÓS-GRADUAÇÃO EM DIREITO";"";"";"";"";"";""
"107590635";"ESPECIALIZAÇÃO EM DIREITO CIVIL E PROCESSUAL CIVIL";"";"";"";"LATO SENSU";"";"Presencial";"";"";"";"";"";"";"404";"PROGRAMA DE PÓS-GRADUAÇÃO EM DIREITO";"";"";"";"";"";""
"129678016";"ESPECIALIZAÇÃO EM DIREITO CIVIL E PROCESSUAL CIVIL";"";"";"";"LATO SENSU";"";"Presencial";"";"";"";"";"";"";"404";"PROGRAMA DE PÓS-GRADUAÇÃO EM DIREITO";"";"";"";"";"";""
"179520297";"ESPECIALIZAÇÃO EM DIREITO CIVIL E PROCESSUAL CIVIL";"";"";"";"LATO SENSU";"";"Presencial";"";"";"";"";"";"";"404";"PROGRAMA DE PÓS-GRADUAÇÃO EM DIREITO";"";"";"";"";"";""
"90239418";"ESPECIALIZAÇÃO EM DIREITO CIVIL E PROCESSUAL CIVIL - CURSO III";"";"";"ATIVO";"LATO SENSU";"";"Presencial";"";"";"";"";"";"";"84";"DEPARTAMENTO DE DIREITO PUBLICO - DIPUB";"";"";"";"";"";""
"98721418";"ESPECIALIZAÇÃO EM DIREITO CONSTITUCIONAL";"";"";"ATIVO";"LATO SENSU";"";"Presencial";"";"";"";"";"";"";"404";"PROGRAMA DE PÓS-GRADUAÇÃO EM DIREITO";"";"";"";"";"";""
"85378701";"ESPECIALIZAÇÃO EM DIREITO CONSTITUCIONAL - CURSO IV";"";"";"ATIVO";"LATO SENSU";"";"Presencial";"";"";"";"";"";"";"404";"PROGRAMA DE PÓS-GRADUAÇÃO EM DIREITO";"";"";"";"";"";""
"132991240";"ESPECIALIZAÇÃO EM DIREITO DA INOVAÇÃO TECNOLÓGICA";"";"";"";"LATO SENSU";"";"Presencial";"";"";"";"";"";"";"6069";"INSTITUTO METROPOLE DIGITAL";"";"";"";"";"";""
"154752432";"ESPECIALIZAÇÃO EM DIREITO DAS RELAÇÕES DE CONSUMO";"";"";"";"LATO SENSU";"";"Presencial";"";"";"";"";"";"";"404";"PROGRAMA DE PÓS-GRADUAÇÃO EM DIREITO";"";"";"";"";"";""
"155279230";"ESPECIALIZAÇÃO EM DIREITO EMPRESARIAL";"";"";"";"LATO SENSU";"";"Remoto";"";"";"";"";"";"";"9750";"DEPARTAMENTO DE DIREITO PROCESSUAL E PROPEDÊUTICA - DEPRO";"";"";"";"";"";""
"140971846";"ESPECIALIZAÇÃO EM DIREITO E PROCESSO DO TRABALHO";"";"";"";"LATO SENSU";"";"Presencial";"";"";"";"";"";"";"79";"DEPARTAMENTO DE DIREITO PRIVADO - DIPRI";"";"";"";"";"";""
"109727524";"ESPECIALIZAÇÃO EM DIREITO INTERNACIONAL";"";"";"";"LATO SENSU";"";"Presencial";"";"";"";"";"";"";"404";"PROGRAMA DE PÓS-GRADUAÇÃO EM DIREITO";"";"";"";"";"";""
"134776267";"ESPECIALIZAÇÃO EM DIREITO INTERNACIONAL";"";"";"";"LATO SENSU";"";"Presencial";"";"";"";"";"";"";"404";"PROGRAMA DE PÓS-GRADUAÇÃO EM DIREITO";"";"";"";"";"";""
"170779597";"ESPECIALIZAÇÃO EM DIREITO INTERNACIONAL";"";"";"";"LATO SENSU";"";"Presencial";"";"";"";"";"";"";"404";"PROGRAMA DE PÓS-GRADUAÇÃO EM DIREITO";"";"";"";"";"";""
"100365235";"ESPECIALIZAÇÃO EM DIREITO INTERNACIONAL";"";"";"ATIVO";"LATO SENSU";"";"Presencial";"";"";"";"";"";"";"404";"PROGRAMA DE PÓS-GRADUAÇÃO EM DIREITO";"";"";"";"";"";""
"170800744";"ESPECIALIZAÇÃO EM DIREITO INTERNACIONAL";"4274563";"JAHYR PHILIPPE BICHARA";"";"LATO SENSU";"";"Presencial";"";"";"";"";"";"";"84";"DEPARTAMENTO DE DIREITO PUBLICO - DIPUB";"";"";"";"";"";""
"5032219";"ESPECIALIZAÇÃO EM DIREITO INTERNACIONAL";"";"";"ATIVO";"LATO SENSU";"";"Presencial";"";"";"";"";"";"";"404";"PROGRAMA DE PÓS-GRADUAÇÃO EM DIREITO";"";"";"";"";"";""
"90296038";"ESPECIALIZAÇÃO EM DIREITO INTERNACIONAL - CURSO III";"";"";"ATIVO";"LATO SENSU";"";"Presencial";"";"";"";"";"";"";"404";"PROGRAMA DE PÓS-GRADUAÇÃO EM DIREITO";"";"";"";"";"";""
"100368839";"ESPECIALIZAÇÃO  EM DIREITO INTERNACIONAL - CURSO IV";"";"";"ATIVO";"LATO SENSU";"";"Presencial";"";"";"";"";"";"";"404";"PROGRAMA DE PÓS-GRADUAÇÃO EM DIREITO";"";"";"";"";"";""
"2270667";"ESPECIALIZAÇÃO EM DIREITO PROCESSUAL CIVIL";"";"";"ATIVO";"LATO SENSU";"";"Presencial";"";"";"";"";"";"";"404";"PROGRAMA DE PÓS-GRADUAÇÃO EM DIREITO";"";"";"";"";"";""
"172241579";"ESPECIALIZAÇÃO EM DIREITO PÚBLICO APLICADO À GESTÃO GOVERNAMENTAL";"5763253";"WERNA KARENINA MARQUES DE SOUSA";"";"LATO SENSU";"";"A Distância";"";"";"";"";"";"";"4881";"DEPARTAMENTO DE DIREITO - CERES";"";"";"";"";"";""
"146239656";"ESPECIALIZAÇÃO EM DIREITO SOCIAL";"";"";"";"LATO SENSU";"";"Remoto";"";"";"";"";"";"";"79";"DEPARTAMENTO DE DIREITO PRIVADO - DIPRI";"";"";"";"";"";""
"146239795";"ESPECIALIZAÇÃO EM DIREITO SOCIAL";"";"";"";"LATO SENSU";"";"Remoto";"";"";"";"";"";"";"79";"DEPARTAMENTO DE DIREITO PRIVADO - DIPRI";"";"";"";"";"";""
"95713894";"ESPECIALIZAÇÃO EM DIREITO TRIBUTÁRIO";"";"";"ATIVO";"LATO SENSU";"";"Presencial";"";"";"";"";"";"";"404";"PROGRAMA DE PÓS-GRADUAÇÃO EM DIREITO";"";"";"";"";"";""
"107607888";"ESPECIALIZAÇÃO EM DIREITO TRIBUTÁRIO";"";"";"";"LATO SENSU";"";"Presencial";"";"";"";"";"";"";"404";"PROGRAMA DE PÓS-GRADUAÇÃO EM DIREITO";"";"";"";"";"";""
"128876049";"ESPECIALIZAÇÃO EM DIREITO TRIBUTÁRIO";"";"";"";"LATO SENSU";"";"Presencial";"";"";"";"";"";"";"84";"DEPARTAMENTO DE DIREITO PUBLICO - DIPUB";"";"";"";"";"";""
"176101359";"ESPECIALIZAÇÃO EM DIREITO TRIBUTÁRIO CONTEMPORÂNEO";"";"";"";"LATO SENSU";"";"Presencial";"";"";"";"";"";"";"84";"DEPARTAMENTO DE DIREITO PUBLICO - DIPUB";"";"";"";"";"";""
"160089006";"ESPECIALIZAÇÃO EM DIREITO TRIBUTÁRIO CONTEMPORÂNEO";"";"";"";"LATO SENSU";"";"Presencial";"";"";"";"";"";"";"84";"DEPARTAMENTO DE DIREITO PUBLICO - DIPUB";"";"";"";"";"";""
"2821199";"ESPECIALIZAÇÃO EM DIREITO TRIBUTÁRIO - CURSO IV";"";"";"ATIVO";"LATO SENSU";"";"Presencial";"";"";"";"";"";"";"84";"DEPARTAMENTO DE DIREITO PUBLICO - DIPUB";"";"";"";"";"";""
"105104013";"ESPECIALIZAÇÃO EM DOCÊNCIA NA EDUCAÇÃO INFANTIL";"";"";"";"LATO SENSU";"";"Presencial";"";"";"";"";"";"";"1452";"NÚCLEO DE EDUCAÇÃO DA INFÂNCIA";"";"";"";"";"";""
"91861738";"ESPECIALIZAÇÃO EM DOCÊNCIA NA EDUCAÇÃO INFANTIL";"";"";"ATIVO";"LATO SENSU";"";"Presencial";"";"";"";"";"";"";"1452";"NÚCLEO DE EDUCAÇÃO DA INFÂNCIA";"";"";"";"";"";""
"98042783";"ESPECIALIZAÇÃO EM DOCÊNCIA NA EDUCAÇÃO INFANTIL";"";"";"ATIVO";"LATO SENSU";"";"Presencial";"";"";"";"";"";"";"1452";"NÚCLEO DE EDUCAÇÃO DA INFÂNCIA";"";"";"";"";"";""
"96435811";"ESPECIALIZAÇÃO EM ECONOMIA DO SETOR PÚBLICO";"";"";"ATIVO";"LATO SENSU";"";"Presencial";"";"";"";"";"";"";"160";"DEPARTAMENTO DE ECONOMIA - DEPEC";"";"";"";"";"";""
"100183927";"ESPECIALIZAÇÃO EM ECONOMIA DO SETOR PÚBLICO";"";"";"ATIVO";"LATO SENSU";"";"Presencial";"";"";"";"";"";"";"160";"DEPARTAMENTO DE ECONOMIA - DEPEC";"";"";"";"";"";""
"96520440";"ESPECIALIZAÇÃO EM ECONOMIA SOLIDÁRIA E DESENVOLVIMENTO TERRITORIAL";"";"";"ATIVO";"LATO SENSU";"";"Presencial";"";"";"";"";"";"";"74";"PROGRAMA DE PÓS-GRADUAÇÃO EM ADMINISTRAÇÃO";"";"";"";"";"";""
"146981951";"ESPECIALIZAÇÃO EM ECONOMIA SOLIDÁRIA E DESENVOLVIMENTO TERRITORIAL";"";"";"";"LATO SENSU";"";"Remoto";"";"";"";"";"";"";"74";"PROGRAMA DE PÓS-GRADUAÇÃO EM ADMINISTRAÇÃO";"";"";"";"";"";""
"5277960";"ESPECIALIZAÇÃO EM ECONOMIA SOLIDÁRIA E DESENVOLVIMENTO TERRITORIAL";"";"";"ATIVO";"LATO SENSU";"";"Presencial";"";"";"";"";"NATAL";"";"74";"PROGRAMA DE PÓS-GRADUAÇÃO EM ADMINISTRAÇÃO";"";"";"";"";"";""
"100115448";"ESPECIALIZAÇÃO EM EDUCAÇÃO AMBIENTAL PARA ESCOLAS SUSTENTÁVEIS";"";"";"ATIVO";"LATO SENSU";"";"Semi-Presencial";"";"";"";"";"";"";"181";"DEPARTAMENTO DE MICROBIOLOGIA E PARASITOLOGIA";"";"";"";"";"";""
"173034771";"ESPECIALIZAÇÃO EM EDUCAÇÃO BILÍNGUE PARA SURDOS";"5758765";"RONNY DIOGENES DE MENEZES";"";"LATO SENSU";"";"Remoto";"";"";"";"";"";"";"4880";"DEPARTAMENTO DE EDUCAÇÃO - CERES";"";"";"";"";"";""
"88359602";"ESPECIALIZAÇÃO EM EDUCAÇÃO E LINGUAGEM";"";"";"ATIVO";"LATO SENSU";"";"Presencial";"";"";"";"";"";"";"236";"CERES - DEPTO CIÊNCIAS SOCIAIS E HUMANAS";"";"";"";"";"";""
"101013233";"ESPECIALIZAÇÃO EM EDUCAÇÃO EM DIREITOS HUMANOS";"";"";"ATIVO";"LATO SENSU";"";"Presencial";"";"";"";"";"";"";"5967";"DEPARTAMENTO DE FUNDAMENTOS E POLÍTICAS DA EDUCAÇÃO";"";"";"";"";"";""
"107183983";"ESPECIALIZAÇÃO EM EDUCAÇÃO EM ESPAÇOS DE PRIVAÇÃO DE LIBERDADE";"";"";"";"LATO SENSU";"";"Presencial";"";"";"";"";"";"";"5968";"DEPARTAMENTO DE PRÁTICAS EDUCACIONAIS E CURRÍCULO";"";"";"";"";"";""
"137776743";"ESPECIALIZAÇÃO EM EDUCAÇÃO ESPECIAL NA EDUCAÇÃO BÁSICA: O AEE EM FOCO";"";"";"";"LATO SENSU";"";"Semi-Presencial";"";"";"";"";"";"";"363";"PROGRAMA DE PÓS-GRADUAÇÃO EM EDUCAÇÃO";"";"";"";"";"";""
"95796201";"ESPECIALIZAÇÃO EM EDUCAÇÃO FÍSICA ESCOLAR";"";"";"ATIVO";"LATO SENSU";"";"Semi-Presencial";"";"";"";"";"";"";"199";"DEPARTAMENTO DE EDUCAÇÃO FÍSICA";"";"";"";"";"";""
"2062116";"ESPECIALIZAÇÃO EM EDUCAÇÃO INFANTIL";"";"";"ATIVO";"LATO SENSU";"";"Presencial";"";"";"";"";"";"";"363";"PROGRAMA DE PÓS-GRADUAÇÃO EM EDUCAÇÃO";"";"";"";"";"";""
"98461888";"ESPECIALIZAÇÃO EM EDUCAÇÃO INFANTIL";"";"";"ATIVO";"LATO SENSU";"";"Presencial";"";"";"";"";"";"";"4880";"DEPARTAMENTO DE EDUCAÇÃO - CERES";"";"";"";"";"";""
"2249855";"ESPECIALIZAÇÃO EM EDUCAÇÃO INFANTIL";"";"";"ATIVO";"LATO SENSU";"";"Presencial";"";"";"";"";"";"";"1452";"NÚCLEO DE EDUCAÇÃO DA INFÂNCIA";"";"";"";"";"";""
"3410226";"ESPECIALIZAÇÃO EM EDUCAÇÃO MUSICAL NA EDUCAÇÃO BÁSICA";"";"";"ATIVO";"LATO SENSU";"";"Presencial";"";"";"";"";"";"";"284";"ESCOLA DE MÚSICA";"";"";"";"";"";""
"89918597";"ESPECIALIZAÇÃO EM EDUCAÇÃO MUSICAL NA EDUCAÇÃO BÁSICA";"";"";"ATIVO";"LATO SENSU";"";"Presencial";"";"";"";"";"";"";"284";"ESCOLA DE MÚSICA";"";"";"";"";"";""
"108087170";"ESPECIALIZAÇÃO EM EDUCAÇÃO NA CULTURA DIGITAL";"";"";"";"LATO SENSU";"";"A Distância";"";"";"";"";"";"";"6069";"INSTITUTO METROPOLE DIGITAL";"";"";"";"";"";""
"109917488";"ESPECIALIZAÇÃO EM EDUCAÇÃO NA CULTURA DIGITAL";"";"";"";"LATO SENSU";"";"A Distância";"";"";"";"";"";"";"6069";"INSTITUTO METROPOLE DIGITAL";"";"";"";"";"";""
"98759568";"ESPECIALIZAÇÃO EM EDUCAÇÃO, RELIGIÃO E MITO";"";"";"ATIVO";"LATO SENSU";"";"Presencial";"";"";"";"";"";"";"136";"DEPARTAMENTO DE CIÊNCIAS SOCIAIS";"";"";"";"";"";""
"154924977";"ESPECIALIZAÇÃO EM EM EXECUÇÃO PENAL";"";"";"";"LATO SENSU";"";"A Distância";"";"";"";"";"";"";"9750";"DEPARTAMENTO DE DIREITO PROCESSUAL E PROPEDÊUTICA - DEPRO";"";"";"";"";"";""
"51004048";"ESPECIALIZAÇÃO EM ENDOCRINOLOGIA PEDIÁTRICA";"";"";"ATIVO";"LATO SENSU";"";"Presencial";"";"";"";"";"";"";"193";"DEPARTAMENTO DE PEDIATRIA";"";"";"";"";"";""
"6546980";"ESPECIALIZAÇÃO EM ENDOCRINOLOGIA PEDIÁTRICA";"";"";"ATIVO";"LATO SENSU";"";"Presencial";"";"";"";"";"NATAL";"";"193";"DEPARTAMENTO DE PEDIATRIA";"";"";"";"";"";""
"11345120";"ESPECIALIZAÇÃO EM ENDODONTIA";"";"";"ATIVO";"LATO SENSU";"";"Presencial";"";"";"";"";"NATAL";"";"195";"DEPARTAMENTO DE ODONTOLOGIA";"";"";"";"";"";""
"95872651";"ESPECIALIZAÇÃO EM ENDODONTIA";"5754342";"FABIO ROBERTO DAMETTO";"ATIVO";"LATO SENSU";"";"Presencial";"";"";"";"";"";"";"195";"DEPARTAMENTO DE ODONTOLOGIA";"";"";"";"";"";""
"17975011";"ESPECIALIZAÇÃO EM ENERGIA EÓLICA";"";"";"ATIVO";"LATO SENSU";"";"Presencial";"";"";"";"";"";"";"115";"DEPARTAMENTO DE ENGENHARIA PRODUÇÃO";"";"";"";"";"";""
"84696044";"ESPECIALIZAÇÃO EM ENERGIA EÓLICA - CURSO II";"";"";"ATIVO";"LATO SENSU";"";"Semi-Presencial";"";"";"";"";"";"";"115";"DEPARTAMENTO DE ENGENHARIA PRODUÇÃO";"";"";"";"";"";""
"118269716";"ESPECIALIZAÇÃO EM ENFERMAGEM EM NEFROLOGIA";"";"";"";"LATO SENSU";"";"Presencial";"";"";"";"";"";"";"198";"DEPARTAMENTO DE ENFERMAGEM";"";"";"";"";"";""
"163763313";"ESPECIALIZAÇÃO EM ENFERMAGEM EM NEONATOLOGIA E PEDIATRIA";"";"";"";"LATO SENSU";"";"Semi-Presencial";"";"";"";"";"";"";"198";"DEPARTAMENTO DE ENFERMAGEM";"";"";"";"";"";""
"175957626";"ESPECIALIZAÇÃO EM ENFERMAGEM EM TERAPIA INTENSIVA";"5762688";"ALCIDES VIANA DE LIMA NETO";"";"LATO SENSU";"";"Semi-Presencial";"";"";"";"";"";"";"4890";"FACULDADE DE CIÊNCIAS DA SAÚDE DO TRAIRI - FACISA";"";"";"";"";"";""
"163893127";"ESPECIALIZAÇÃO EM ENFERMAGEM EM TERAPIA INTENSIVA";"";"";"";"LATO SENSU";"";"Presencial";"";"";"";"";"";"";"198";"DEPARTAMENTO DE ENFERMAGEM";"";"";"";"";"";""
"166993847";"ESPECIALIZAÇÃO EM ENFERMAGEM EM TERAPIA INTENSIVA";"";"";"";"LATO SENSU";"";"Semi-Presencial";"";"";"";"";"";"";"4890";"FACULDADE DE CIÊNCIAS DA SAÚDE DO TRAIRI - FACISA";"";"";"";"";"";""
"128551505";"ESPECIALIZAÇÃO EM ENFERMAGEM EM TERAPIA INTENSIVA NEONATAL E PEDIÁTRICA";"";"";"";"LATO SENSU";"";"Presencial";"";"";"";"";"";"";"205";"ESCOLA DE SAÚDE";"";"";"";"";"";""
"171602634";"ESPECIALIZAÇÃO EM ENFERMAGEM EM URGÊNCIA E EMERGÊNCIA";"";"";"";"LATO SENSU";"";"Presencial";"";"";"";"";"";"";"4890";"FACULDADE DE CIÊNCIAS DA SAÚDE DO TRAIRI - FACISA";"";"";"";"";"";""
"164213451";"ESPECIALIZAÇÃO EM ENFERMAGEM NEONATAL E PEDIÁTRICA";"";"";"";"LATO SENSU";"";"Semi-Presencial";"";"";"";"";"";"";"198";"DEPARTAMENTO DE ENFERMAGEM";"";"";"";"";"";""
"125694869";"ESPECIALIZAÇÃO EM ENFERMAGEM OBSTÉTRICA - TURMA III - REDE CEGONHA";"";"";"";"LATO SENSU";"";"Presencial";"";"";"";"";"";"";"205";"ESCOLA DE SAÚDE";"";"";"";"";"";""
"165945996";"ESPECIALIZAÇÃO EM ENGENHARIA AUTOMOTIVA";"";"";"";"LATO SENSU";"";"Presencial";"";"";"";"";"";"";"104";"PROGRAMA DE PÓS-GRADUAÇÃO EM ENGENHARIA MECÂNICA";"";"";"";"";"";""
"135222431";"ESPECIALIZAÇÃO EM ENGENHARIA DE NEGÓCIOS NO SETOR DE SUPERMERCADOS";"";"";"";"LATO SENSU";"";"Presencial";"";"";"";"";"";"";"115";"DEPARTAMENTO DE ENGENHARIA PRODUÇÃO";"";"";"";"";"";""
"117430697";"ESPECIALIZAÇÃO EM ENGENHARIA DE OPERAÇÕES";"";"";"";"LATO SENSU";"";"Presencial";"";"";"";"";"";"";"115";"DEPARTAMENTO DE ENGENHARIA PRODUÇÃO";"";"";"";"";"";""
"138719355";"ESPECIALIZAÇÃO EM ENGENHARIA DE OPERAÇÕES";"";"";"";"LATO SENSU";"";"Semi-Presencial";"";"";"";"";"";"";"115";"DEPARTAMENTO DE ENGENHARIA PRODUÇÃO";"";"";"";"";"";""
"165452252";"ESPECIALIZAÇÃO EM ENGENHARIA DE OPERAÇÕES E GESTÃO DE ATIVOS";"";"";"";"LATO SENSU";"";"A Distância";"";"";"";"";"";"";"115";"DEPARTAMENTO DE ENGENHARIA PRODUÇÃO";"";"";"";"";"";""
"184622307";"ESPECIALIZAÇÃO EM ENGENHARIA DE OPERAÇÕES E GESTÃO DE ATIVOS";"5757889";"HERBERT RICARDO GARCIA VIANA";"";"LATO SENSU";"";"A Distância";"";"";"";"";"";"";"115";"DEPARTAMENTO DE ENGENHARIA PRODUÇÃO";"";"";"";"";"";""
"149769620";"ESPECIALIZAÇÃO EM ENGENHARIA DE SEGURANÇA DO TRABALHO";"";"";"";"LATO SENSU";"";"Semi-Presencial";"";"";"";"";"";"";"115";"DEPARTAMENTO DE ENGENHARIA PRODUÇÃO";"";"";"";"";"";""
"170436900";"ESPECIALIZAÇÃO EM ENGENHARIA DE SEGURANÇA DO TRABALHO";"5757891";"RICARDO PIRES DE SOUZA";"";"LATO SENSU";"";"Presencial";"";"";"";"";"";"";"115";"DEPARTAMENTO DE ENGENHARIA PRODUÇÃO";"";"";"";"";"";""
"117439917";"ESPECIALIZAÇÃO EM ENGENHARIA DE SEGURANÇA DO TRABALHO";"";"";"";"LATO SENSU";"";"Presencial";"";"";"";"";"";"";"115";"DEPARTAMENTO DE ENGENHARIA PRODUÇÃO";"";"";"";"";"";""
"129021225";"ESPECIALIZAÇÃO EM ENGENHARIA DE SEGURANÇA DO TRABALHO";"";"";"";"LATO SENSU";"";"Presencial";"";"";"";"";"";"";"115";"DEPARTAMENTO DE ENGENHARIA PRODUÇÃO";"";"";"";"";"";""
"1087370";"ESPECIALIZAÇÃO EM ENGENHARIA E SEGURANÇA DO TRABALHO";"";"";"ATIVO";"LATO SENSU";"";"Presencial";"";"";"";"";"NATAL";"";"52";"DEPARTAMENTO DE ENGENHARIA CIVIL E AMBIENTAL";"";"";"";"";"";""
"91506283";"ESPECIALIZAÇÃO EM ENSINO-APRENDIZAGEM DE INGLÊS COMO LÍNGUA ESTRANGEIRA";"";"";"ATIVO";"LATO SENSU";"";"Presencial";"";"";"";"";"";"";"5206";"DEPARTAMENTO DE LINGUAS E LITERATURAS ESTRANGEIRAS MODERNAS";"";"";"";"";"";""
"93999856";"ESPECIALIZAÇÃO EM ENSINO-APRENDIZAGEM DE INGLÊS COMO LÍNGUA ESTRANGEIRA";"";"";"ATIVO";"LATO SENSU";"";"Presencial";"";"";"";"";"";"";"5206";"DEPARTAMENTO DE LINGUAS E LITERATURAS ESTRANGEIRAS MODERNAS";"";"";"";"";"";""
"117709917";"ESPECIALIZAÇÃO EM ENSINO-APRENDIZAGEM DE INGLÊS COMO LÍNGUA ESTRANGEIRA";"";"";"ATIVO";"LATO SENSU";"";"Presencial";"";"";"";"";"";"";"5206";"DEPARTAMENTO DE LINGUAS E LITERATURAS ESTRANGEIRAS MODERNAS";"";"";"";"";"";""
"101197753";"ESPECIALIZAÇÃO EM ENSINO-APRENDIZAGEM DE LÍNGUA PORTUGUESA";"";"";"ATIVO";"LATO SENSU";"";"Presencial";"";"";"";"";"";"";"5968";"DEPARTAMENTO DE PRÁTICAS EDUCACIONAIS E CURRÍCULO";"";"";"";"";"";""
"96030942";"ESPECIALIZAÇÃO EM ENSINO DE ARTES NA EDUCAÇÃO BÁSICA: MÚSICA";"";"";"ATIVO";"LATO SENSU";"";"Semi-Presencial";"";"";"";"";"";"";"284";"ESCOLA DE MÚSICA";"";"";"";"";"";""
"166552734";"ESPECIALIZAÇÃO EM ENSINO DE CIÊNCIAS - ANOS FINAIS DO ENSINO FUNDAMENTAL";"";"";"";"LATO SENSU";"";"A Distância";"";"";"";"";"";"";"134";"PROGRAMA DE PÓS-GRADUAÇÃO EM ENSINO DE CIÊNCIAS NATURAIS E MATEMÁTICA";"";"";"";"";"";""
"2684664";"ESPECIALIZAÇÃO EM ENSINO DE EDUCAÇÃO FÍSICA ESCOLAR";"";"";"ATIVO";"LATO SENSU";"";"Presencial";"";"";"";"";"";"";"199";"DEPARTAMENTO DE EDUCAÇÃO FÍSICA";"";"";"";"";"";""
"117478974";"ESPECIALIZAÇÃO EM ENSINO DE ESPANHOL COMO LÍNGUA ESTRANGEIRA";"";"";"";"LATO SENSU";"";"Presencial";"";"";"";"";"";"";"7847";"DEPARTAMENTO DE LETRAS - CERES";"";"";"";"";"";""
"171990846";"ESPECIALIZAÇÃO EM ENSINO DE ESPANHOL COMO LÍNGUA ESTRANGEIRA";"5761596";"ANDRE SILVA OLIVEIRA";"";"LATO SENSU";"";"Remoto";"";"";"";"";"";"";"31011";"FACULDADE DE ENGENHARIA, LETRAS E CIÊNCIAS SOCIAIS DO SERIDÓ - FELCS";"";"";"";"";"";""
"50663976";"ESPECIALIZAÇÃO EM ENSINO DE FILOSOFIA NO ENSINO MÉDIO";"";"";"ATIVO";"LATO SENSU";"";"A Distância";"";"";"";"";"";"";"137";"DEPARTAMENTO DE FILOSOFIA";"";"";"";"";"";""
"104438498";"ESPECIALIZAÇÃO EM ENSINO DE FILOSOFIA NO ENSINO MÉDIO";"";"";"";"LATO SENSU";"";"A Distância";"";"";"";"";"";"";"137";"DEPARTAMENTO DE FILOSOFIA";"";"";"";"";"";""
"130644624";"ESPECIALIZAÇÃO EM ENSINO DE GEOGRAFIA";"";"";"";"LATO SENSU";"";"Presencial";"";"";"";"";"";"";"234";"CERES - DEPARTAMENTO DE GEOGRAFIA";"";"";"";"";"";""
"97989821";"ESPECIALIZAÇÃO EM ENSINO DE LÍNGUAS E CULTURAS HISPÂNICAS";"";"";"ATIVO";"LATO SENSU";"";"Presencial";"";"";"";"";"";"";"5206";"DEPARTAMENTO DE LINGUAS E LITERATURAS ESTRANGEIRAS MODERNAS";"";"";"";"";"";""
"106836176";"ESPECIALIZAÇÃO EM ENSINO DE LÍNGUAS E CULTURAS HISPÂNICAS";"";"";"ATIVO";"LATO SENSU";"";"Presencial";"";"";"";"";"";"";"5206";"DEPARTAMENTO DE LINGUAS E LITERATURAS ESTRANGEIRAS MODERNAS";"";"";"";"";"";""
"104463617";"ESPECIALIZAÇÃO EM ENSINO DE MATEMÁTICA";"";"";"";"LATO SENSU";"";"A Distância";"";"";"";"";"";"";"120";"DEPARTAMENTO DE MATEMÁTICA";"";"";"";"";"";""
"130962291";"ESPECIALIZAÇÃO EM ENSINO DE MATEMÁTICA";"";"";"";"LATO SENSU";"";"A Distância";"";"";"";"";"";"";"120";"DEPARTAMENTO DE MATEMÁTICA";"";"";"";"";"";""
"153694412";"ESPECIALIZAÇÃO EM ENSINO DE MATEMÁTICA NOS ANOS INICIAIS DO FUNDAMENTAL";"";"";"";"LATO SENSU";"";"Presencial";"";"";"";"";"";"";"31011";"FACULDADE DE ENGENHARIA, LETRAS E CIÊNCIAS SOCIAIS DO SERIDÓ - FELCS";"";"";"";"";"";""
"123381093";"ESPECIALIZAÇÃO EM ENSINO DE MÚSICA EM MÚLTIPLOS CONTEXTOS";"";"";"";"LATO SENSU";"";"Semi-Presencial";"";"";"";"";"";"";"284";"ESCOLA DE MÚSICA";"";"";"";"";"";""
"135424522";"ESPECIALIZAÇÃO EM ENSINO DE MÚSICA EM MÚLTIPLOS CONTEXTOS";"";"";"";"LATO SENSU";"";"Semi-Presencial";"";"";"";"";"";"";"284";"ESCOLA DE MÚSICA";"";"";"";"";"";""
"111285585";"ESPECIALIZAÇÃO EM ENSINO DE MÚSICA NA EDUCAÇÃO BÁSICA";"";"";"";"LATO SENSU";"";"Presencial";"";"";"";"";"";"";"284";"ESCOLA DE MÚSICA";"";"";"";"";"";""
"103878435";"ESPECIALIZAÇÃO EM ENSINO DE PORTUGUÊS E LINGUÍSTICA";"";"";"ATIVO";"LATO SENSU";"";"Presencial";"";"";"";"";"";"";"138";"DEPARTAMENTO DE LETRAS";"";"";"";"";"";""
"104439089";"ESPECIALIZAÇÃO EM ENSINO DE SOCIOLOGIA NO ENSINO MÉDIO";"";"";"";"LATO SENSU";"";"A Distância";"";"";"";"";"";"";"136";"DEPARTAMENTO DE CIÊNCIAS SOCIAIS";"";"";"";"";"";""
"174944795";"ESPECIALIZAÇÃO EM ENSINO DE SOCIOLOGIA NO ENSINO MÉDIO";"23125";"IRENE ALVES DE PAIVA";"";"LATO SENSU";"";"A Distância";"";"";"";"";"";"";"136";"DEPARTAMENTO DE CIÊNCIAS SOCIAIS";"";"";"";"";"";""
"117783900";"ESPECIALIZAÇÃO EM ENSINO E APRENDIZAGEM DE INGLÊS COMO LÍNGUA ESTRANGEIRA";"";"";"ATIVO";"LATO SENSU";"";"Presencial";"";"";"";"";"";"";"5206";"DEPARTAMENTO DE LINGUAS E LITERATURAS ESTRANGEIRAS MODERNAS";"";"";"";"";"";""
"94372864";"ESPECIALIZAÇÃO EM ENSINO E APRENDIZAGEM DE LÍNGUAS";"";"";"ATIVO";"LATO SENSU";"";"Presencial";"";"";"";"";"";"";"236";"CERES - DEPTO CIÊNCIAS SOCIAIS E HUMANAS";"";"";"";"";"";""
"127324390";"ESPECIALIZAÇÃO EM EQUIDEOCULTURA";"";"";"";"LATO SENSU";"";"Semi-Presencial";"";"";"";"";"";"";"351";"ESCOLA AGRÍCOLA DE JUNDIAÍ";"";"";"";"";"";""
"139789133";"ESPECIALIZAÇÃO EM ESINO DE CIÊNCIAS";"";"";"";"LATO SENSU";"";"Presencial";"";"";"";"";"";"";"9111";"PROGRAMA DE PÓS-GRADUAÇÃO EM ENSINO DE CIÊNCIAS E MATEMÁTICA";"";"";"";"";"";""
"109957345";"ESPECIALIZAÇÃO EM ESTRATÉGIAS LINGUÍSTICO-DISCURSIVAS DE AVALIAÇÃO";"";"";"";"LATO SENSU";"";"Presencial";"";"";"";"";"";"";"138";"DEPARTAMENTO DE LETRAS";"";"";"";"";"";""
"117700770";"ESPECIALIZAÇÃO EM ESTUDOS DA ESCRITA E ENSINO";"";"";"";"LATO SENSU";"";"Presencial";"";"";"";"";"";"";"138";"DEPARTAMENTO DE LETRAS";"";"";"";"";"";""
"97258649";"ESPECIALIZAÇÃO EM ESTUDOS SOBRE A LINGUAGEM: TEORIAS E ENSINO (ESTEIO)";"";"";"ATIVO";"LATO SENSU";"";"Presencial";"";"";"";"";"";"";"138";"DEPARTAMENTO DE LETRAS";"";"";"";"";"";""
"171128656";"ESPECIALIZAÇÃO EM EXECUÇÃO PENAL";"";"";"";"LATO SENSU";"";"Remoto";"";"";"";"";"";"";"9750";"DEPARTAMENTO DE DIREITO PROCESSUAL E PROPEDÊUTICA - DEPRO";"";"";"";"";"";""
"155777712";"ESPECIALIZAÇÃO EM FARMÁCIA CLÍNICA COMUNITÁRIA E HOSPITALAR";"";"";"";"LATO SENSU";"";"Presencial";"";"";"";"";"";"";"30544";"PROGRAMA DE PÓS-GRADUAÇÃO EM CIÊNCIAS APLICADAS À SAÚDE DA MULHER";"";"";"";"";"";""
"14172150";"ESPECIALIZAÇÃO EM FARMÁCIA HOSPITALAR COM ÊNFASE EM ONCOLOGIA";"";"";"ATIVO";"LATO SENSU";"";"Presencial";"";"";"";"";"";"";"196";"DEPARTAMENTO DE FARMACIA";"";"";"";"";"";""
"90275796";"ESPECIALIZAÇÃO EM FINANÇAS";"";"";"ATIVO";"LATO SENSU";"";"Presencial";"";"";"";"";"";"";"74";"PROGRAMA DE PÓS-GRADUAÇÃO EM ADMINISTRAÇÃO";"";"";"";"";"";""
"123686055";"ESPECIALIZAÇÃO EM FINANÇAS CORPORATIVAS";"";"";"";"LATO SENSU";"";"Presencial";"";"";"";"";"";"";"161";"DEPARTAMENTO DE CIÊNCIAS ADMINISTRATIVAS - DEPAD";"";"";"";"";"";""
"85417248";"ESPECIALIZAÇÃO EM FINANÇAS CORPORATIVAS";"";"";"ATIVO";"LATO SENSU";"";"Presencial";"";"";"";"";"";"";"236";"CERES - DEPTO CIÊNCIAS SOCIAIS E HUMANAS";"";"";"";"";"";""
"129053738";"ESPECIALIZAÇÃO EM FINANÇAS CORPORATIVAS";"";"";"";"LATO SENSU";"";"Presencial";"";"";"";"";"";"";"236";"CERES - DEPTO CIÊNCIAS SOCIAIS E HUMANAS";"";"";"";"";"";""
"103323466";"ESPECIALIZAÇÃO EM FISIOLOGIA CLÍNICA DO EXERCÍCIO";"";"";"ATIVO";"LATO SENSU";"";"Presencial";"";"";"";"";"";"";"199";"DEPARTAMENTO DE EDUCAÇÃO FÍSICA";"";"";"";"";"";""
"132254127";"ESPECIALIZAÇÃO EM FISIOLOGIA CLÍNICA DO EXERCÍCIO";"";"";"";"LATO SENSU";"";"Presencial";"";"";"";"";"";"";"4890";"FACULDADE DE CIÊNCIAS DA SAÚDE DO TRAIRI - FACISA";"";"";"";"";"";""
"115839556";"ESPECIALIZAÇÃO EM FISIOLOGIA CLÍNICA DO EXERCÍCIO";"";"";"";"LATO SENSU";"";"Presencial";"";"";"";"";"";"";"199";"DEPARTAMENTO DE EDUCAÇÃO FÍSICA";"";"";"";"";"";""
"130093645";"ESPECIALIZAÇÃO EM FISIOLOGIA CLÍNICA DO EXERCÍCIO";"";"";"";"LATO SENSU";"";"Presencial";"";"";"";"";"";"";"199";"DEPARTAMENTO DE EDUCAÇÃO FÍSICA";"";"";"";"";"";""
"121430691";"ESPECIALIZAÇÃO EM FISIOLOGIA DO EXERCÍCIO: BASES TEÓRICAS PRÁTICAS FITNESS E PERSONAL TRAINER";"";"";"";"LATO SENSU";"";"Presencial";"";"";"";"";"";"";"199";"DEPARTAMENTO DE EDUCAÇÃO FÍSICA";"";"";"";"";"";""
"140530028";"ESPECIALIZAÇÃO EM FISIOTERAPIA CARDIORRESPIRATÓRIA";"2261772";"GUILHERME AUGUSTO DE FREITAS FREGONEZI";"ATIVO";"LATO SENSU";"";"Semi-Presencial";"";"";"";"";"";"";"201";"DEPARTAMENTO DE FISIOTERAPIA";"";"";"";"";"";""
"89971045";"ESPECIALIZAÇÃO EM FISIOTERAPIA CARDIORRESPIRATÓRIA";"";"";"ATIVO";"LATO SENSU";"";"Presencial";"";"";"";"";"";"";"201";"DEPARTAMENTO DE FISIOTERAPIA";"";"";"";"";"";""
"140517691";"ESPECIALIZAÇÃO EM FISIOTERAPIA CARDIORRESPIRATÓRIA";"";"";"ATIVO";"LATO SENSU";"";"Presencial";"";"";"";"";"";"";"201";"DEPARTAMENTO DE FISIOTERAPIA";"";"";"";"";"";""
"104177648";"ESPECIALIZAÇÃO EM FISIOTERAPIA CARDIORRESPIRATÓRIA";"";"";"ATIVO";"LATO SENSU";"";"Presencial";"";"";"";"";"";"";"201";"DEPARTAMENTO DE FISIOTERAPIA";"";"";"";"";"";""
"140497113";"ESPECIALIZAÇÃO EM FISIOTERAPIA CARDIORRESPIRATÓRIA";"";"";"ATIVO";"LATO SENSU";"";"Presencial";"";"";"";"";"";"";"201";"DEPARTAMENTO DE FISIOTERAPIA";"";"";"";"";"";""
"123701410";"ESPECIALIZAÇÃO EM FISIOTERAPIA CARDIORRESPIRATÓRIA";"";"";"ATIVO";"LATO SENSU";"";"Presencial";"";"";"";"";"";"";"201";"DEPARTAMENTO DE FISIOTERAPIA";"";"";"";"";"";""
"140505695";"ESPECIALIZAÇÃO EM FISIOTERAPIA CARDIORRESPIRATÓRIA";"";"";"ATIVO";"LATO SENSU";"";"Presencial";"";"";"";"";"";"";"201";"DEPARTAMENTO DE FISIOTERAPIA";"";"";"";"";"";""
"140504576";"ESPECIALIZAÇÃO EM FISIOTERAPIA CARDIORRESPIRATÓRIA";"";"";"ATIVO";"LATO SENSU";"";"Presencial";"";"";"";"";"";"";"201";"DEPARTAMENTO DE FISIOTERAPIA";"";"";"";"";"";""
"17975010";"ESPECIALIZAÇÃO EM FISIOTERAPIA CARDIORRESPIRATÓRIA";"";"";"ATIVO";"LATO SENSU";"";"Presencial";"";"";"";"";"";"";"201";"DEPARTAMENTO DE FISIOTERAPIA";"";"";"";"";"";""
"97605312";"ESPECIALIZAÇÃO EM FISIOTERAPIA MATERNO-INFANTIL";"";"";"ATIVO";"LATO SENSU";"";"Presencial";"";"";"";"";"";"";"201";"DEPARTAMENTO DE FISIOTERAPIA";"";"";"";"";"";""
"125780737";"ESPECIALIZAÇÃO EM FISIOTERAPIA MATERNO-INFANTIL";"";"";"ATIVO";"LATO SENSU";"";"Presencial";"";"";"";"";"";"";"201";"DEPARTAMENTO DE FISIOTERAPIA";"";"";"";"";"";""
"175988412";"ESPECIALIZAÇÃO EM FISIOTERAPIA NEONATAL";"5753636";"SILVANA ALVES PEREIRA";"";"LATO SENSU";"";"Presencial";"";"";"";"";"";"";"201";"DEPARTAMENTO DE FISIOTERAPIA";"";"";"";"";"";""
"85245427";"ESPECIALIZAÇÃO EM FISIOTERAPIA TRAUMATO-ORTOPÉDICA E DESPORTIVA - TURMA I";"";"";"ATIVO";"LATO SENSU";"";"Presencial";"";"";"";"";"";"";"201";"DEPARTAMENTO DE FISIOTERAPIA";"";"";"";"";"";""
"97260682";"ESPECIALIZAÇÃO EM FISIOTERAPIA TRAUMATO-ORTOPÉDICA E DESPORTIVA - TURMA II";"";"";"ATIVO";"LATO SENSU";"";"Presencial";"";"";"";"";"";"";"201";"DEPARTAMENTO DE FISIOTERAPIA";"";"";"";"";"";""
"106396861";"ESPECIALIZAÇÃO EM FISIOTERAPIA TRAUMATO-ORTOPÉDICA E DESPORTIVA - TURMA III";"";"";"ATIVO";"LATO SENSU";"";"Presencial";"";"";"";"";"";"";"201";"DEPARTAMENTO DE FISIOTERAPIA";"";"";"";"";"";""
"120250336";"ESPECIALIZAÇÃO EM FISIOTERAPIA TRAUMATO-ORTOPÉDICA E DESPORTIVA - TURMA IV";"";"";"ATIVO";"LATO SENSU";"";"Presencial";"";"";"";"";"";"";"201";"DEPARTAMENTO DE FISIOTERAPIA";"";"";"";"";"";""
"132295567";"ESPECIALIZAÇÃO EM FISIOTERAPIA TRAUMATO-ORTOPÉDICA E ESPORTIVA";"";"";"ATIVO";"LATO SENSU";"";"Presencial";"";"";"";"";"";"";"201";"DEPARTAMENTO DE FISIOTERAPIA";"";"";"";"";"";""
"160552386";"ESPECIALIZAÇÃO EM FISIOTERAPIA TRAUMATO-ORTOPÉDICA E ESPORTIVA - TURMA 6";"";"";"ATIVO";"LATO SENSU";"";"Presencial";"";"";"";"";"";"";"201";"DEPARTAMENTO DE FISIOTERAPIA";"";"";"";"";"";""
"127903565";"ESPECIALIZAÇÃO EM FORMAÇÃO DE PROFESSORES DA ÁREA DA SAÚDE";"";"";"";"LATO SENSU";"";"Semi-Presencial";"";"";"";"";"";"";"195";"DEPARTAMENTO DE ODONTOLOGIA";"";"";"";"";"";""
"126152863";"ESPECIALIZAÇÃO EM FRUTICULTURA IRRIGADA";"";"";"";"LATO SENSU";"";"Semi-Presencial";"";"";"";"";"";"";"351";"ESCOLA AGRÍCOLA DE JUNDIAÍ";"";"";"";"";"";""
"117829636";"ESPECIALIZAÇÃO EM FUNDAMENTOS LINGUÍSTICOS PARA O ENSINO DA LEITURA E DA ESCRITA";"";"";"";"LATO SENSU";"";"Presencial";"";"";"";"";"";"";"138";"DEPARTAMENTO DE LETRAS";"";"";"";"";"";""
"130946437";"ESPECIALIZAÇÃO EM FUNDAMENTOS LINGUÍSTICOS PARA O ENSINO DA LEITURA E DA ESCRITA";"";"";"";"LATO SENSU";"";"Presencial";"";"";"";"";"";"";"138";"DEPARTAMENTO DE LETRAS";"";"";"";"";"";""
"148595405";"ESPECIALIZAÇÃO EM FUNDAMENTOS LINGUÍSTICOS PARA O ENSINO DA LEITURA E DA ESCRITA";"";"";"";"LATO SENSU";"";"Semi-Presencial";"";"";"";"";"";"";"138";"DEPARTAMENTO DE LETRAS";"";"";"";"";"";""
"103733017";"ESPECIALIZAÇÃO EM FUNDAMENTOS LINGUÍSTICOS PARA O ENSINO DA LEITURA E DA ESCRITA";"";"";"ATIVO";"LATO SENSU";"";"Presencial";"";"";"";"";"";"";"138";"DEPARTAMENTO DE LETRAS";"";"";"";"";"";""
"166665337";"ESPECIALIZAÇÃO EM FUNDAMENTOS LINGUÍSTICOS PARA O ENSINO DA LEITURA E DA ESCRITA";"5752278";"SULEMI FABIANO CAMPOS";"";"LATO SENSU";"";"Semi-Presencial";"";"";"";"";"";"";"138";"DEPARTAMENTO DE LETRAS";"";"";"";"";"";""
"118948921";"ESPECIALIZAÇÃO EM GEOPROCESSAMENTO E ANÁLISE AMBIENTAL";"";"";"";"LATO SENSU";"";"Presencial";"";"";"";"";"";"";"234";"CERES - DEPARTAMENTO DE GEOGRAFIA";"";"";"";"";"";""
"106806058";"ESPECIALIZAÇÃO EM GEOPROCESSAMENTO E CARTOGRAFIA DIGITAL";"";"";"ATIVO";"LATO SENSU";"";"Presencial";"";"";"";"";"";"";"142";"DEPARTAMENTO DE GEOGRAFIA/CCHLA";"";"";"";"";"";""
"88414039";"ESPECIALIZAÇÃO EM GEOPROCESSAMENTO E CARTOGRAFIA DIGITAL";"";"";"ATIVO";"LATO SENSU";"";"Presencial";"";"";"";"";"";"";"142";"DEPARTAMENTO DE GEOGRAFIA/CCHLA";"";"";"";"";"";""
"161913712";"ESPECIALIZAÇÃO EM GERONTOLOGIA";"";"";"";"LATO SENSU";"";"Presencial";"";"";"";"";"";"";"201";"DEPARTAMENTO DE FISIOTERAPIA";"";"";"";"";"";""
"121224303";"ESPECIALIZAÇÃO EM GERONTOLOGIA";"";"";"";"LATO SENSU";"";"Presencial";"";"";"";"";"";"";"201";"DEPARTAMENTO DE FISIOTERAPIA";"";"";"";"";"";""
"133839306";"ESPECIALIZAÇÃO EM GESTÃO AMBIENTAL";"";"";"";"LATO SENSU";"";"A Distância";"";"";"";"";"";"";"351";"ESCOLA AGRÍCOLA DE JUNDIAÍ";"";"";"";"";"";""
"2274700";"ESPECIALIZAÇÃO EM GESTÃO AMBIENTAL";"";"";"ATIVO";"LATO SENSU";"";"Presencial";"";"";"";"";"";"";"52";"DEPARTAMENTO DE ENGENHARIA CIVIL E AMBIENTAL";"";"";"";"";"";""
"95825620";"ESPECIALIZAÇÃO EM GESTÃO AMBIENTAL COSTEIRA";"";"";"ATIVO";"LATO SENSU";"";"Presencial";"";"";"";"";"";"";"180";"DEPARTAMENTO DE OCEANOGRAFIA E LIMNOLOGIA";"";"";"";"";"";""
"97911871";"ESPECIALIZAÇÃO EM GESTÃO AMBIENTAL E DESENVOLVIMENTO SUSTENTÁVEL";"";"";"ATIVO";"LATO SENSU";"";"A Distância";"";"";"";"";"";"";"235";"CERES - DEPTO CIÊNCIAS EXATAS E APLICADAS";"";"";"";"";"";""
"131154970";"ESPECIALIZAÇÃO EM GESTÃO AMBIENTAL E INTELIGÊNCIA TERRITORIAL";"";"";"";"LATO SENSU";"";"Presencial";"";"";"";"";"";"";"315";"PROGRAMA DE PÓS-GRADUAÇÃO EM GEOGRAFIA";"";"";"";"";"";""
"15315771";"ESPECIALIZAÇÃO EM GESTÃO AMBIENTAL URBANA - CURSO III";"";"";"ATIVO";"LATO SENSU";"";"Presencial";"";"";"";"";"";"";"315";"PROGRAMA DE PÓS-GRADUAÇÃO EM GEOGRAFIA";"";"";"";"";"";""
"169608223";"ESPECIALIZAÇÃO EM GESTÃO CULTURAL";"";"";"";"LATO SENSU";"";"Presencial";"";"";"";"";"";"";"284";"ESCOLA DE MÚSICA";"";"";"";"";"";""
"100665439";"ESPECIALIZAÇÃO EM GESTÃO DA ASSISTÊNCIA FARMACÊUTICA";"";"";"ATIVO";"LATO SENSU";"";"A Distância";"";"";"";"";"";"";"196";"DEPARTAMENTO DE FARMACIA";"";"";"";"";"";""
"158033736";"ESPECIALIZAÇÃO EM GESTÃO DA INOVAÇÃO NA SEGURANÇA PÚBLICA";"";"";"";"LATO SENSU";"";"Semi-Presencial";"";"";"";"";"";"";"11612";"DEPARTAMENTO DE ADMINISTRAÇÃO PUBLICA E GESTÃO SOCIAL";"";"";"";"";"";""
"156500262";"ESPECIALIZAÇÃO EM GESTÃO DA JURISDIÇÃO INOVADORA";"";"";"";"LATO SENSU";"";"Remoto";"";"";"";"";"";"";"161";"DEPARTAMENTO DE CIÊNCIAS ADMINISTRATIVAS - DEPAD";"";"";"";"";"";""
"110721137";"ESPECIALIZAÇÃO EM GESTÃO DA TECNOLOGIA DA INFORMAÇÃO";"";"";"";"LATO SENSU";"";"Presencial";"";"";"";"";"";"";"74";"PROGRAMA DE PÓS-GRADUAÇÃO EM ADMINISTRAÇÃO";"";"";"";"";"";""
"90343896";"ESPECIALIZAÇÃO EM GESTÃO DA TECNOLOGIA DA INFORMAÇÃO";"";"";"ATIVO";"LATO SENSU";"";"Presencial";"";"";"";"";"";"";"74";"PROGRAMA DE PÓS-GRADUAÇÃO EM ADMINISTRAÇÃO";"";"";"";"";"";""
"168180388";"ESPECIALIZAÇÃO EM GESTÃO DE BIBLIOTECAS ESCOLARES";"";"";"";"LATO SENSU";"";"A Distância";"";"";"";"";"";"";"63";"DEPARTAMENTO DE CIÊNCIA DA INFORMAÇÃO";"";"";"";"";"";""
"88376323";"ESPECIALIZAÇÃO EM GESTÃO DE EVENTOS";"";"";"ATIVO";"LATO SENSU";"";"Presencial";"";"";"";"";"";"";"236";"CERES - DEPTO CIÊNCIAS SOCIAIS E HUMANAS";"";"";"";"";"";""
"1213760";"ESPECIALIZAÇÃO EM GESTÃO DE PESSOAS";"";"";"ATIVO";"LATO SENSU";"";"Presencial";"";"";"";"";"NATAL";"";"74";"PROGRAMA DE PÓS-GRADUAÇÃO EM ADMINISTRAÇÃO";"";"";"";"";"";""
"115828584";"ESPECIALIZAÇÃO EM GESTÃO DE POLÍTICA DE DST, AIDS HEPATITES VIRAIS E TUBERCULOSE";"";"";"";"LATO SENSU";"";"A Distância";"";"";"";"";"";"";"409";"NÚCLEO DE ESTUDOS EM SAÚDE COLETIVA";"";"";"";"";"";""
"98789276";"ESPECIALIZAÇÃO EM GESTÃO DE POLÍTICAS PÚBLICAS";"";"";"ATIVO";"LATO SENSU";"";"Presencial";"";"";"";"";"";"";"5679";"PROGRAMA DE PÓS-GRADUAÇÃO EM GESTÃO PÚBLICA";"";"";"";"";"";""
"121642348";"ESPECIALIZAÇÃO EM GESTÃO DE PROCESSOS";"";"";"";"LATO SENSU";"";"Presencial";"";"";"";"";"";"";"161";"DEPARTAMENTO DE CIÊNCIAS ADMINISTRATIVAS - DEPAD";"";"";"";"";"";""
"174795943";"ESPECIALIZAÇÃO EM GESTÃO DE PROCESSOS";"5757853";"MARCOS FERNANDO MACHADO DE MEDEIROS";"";"LATO SENSU";"";"Remoto";"";"";"";"";"";"";"11612";"DEPARTAMENTO DE ADMINISTRAÇÃO PUBLICA E GESTÃO SOCIAL";"";"";"";"";"";""
"136580718";"ESPECIALIZAÇÃO EM GESTÃO DE PROCESSOS";"";"";"";"LATO SENSU";"";"Presencial";"";"";"";"";"";"";"11612";"DEPARTAMENTO DE ADMINISTRAÇÃO PUBLICA E GESTÃO SOCIAL";"";"";"";"";"";""
"117160376";"ESPECIALIZAÇÃO EM GESTÃO DE PROJETOS";"";"";"";"LATO SENSU";"";"Presencial";"";"";"";"";"";"";"161";"DEPARTAMENTO DE CIÊNCIAS ADMINISTRATIVAS - DEPAD";"";"";"";"";"";""
"104720950";"ESPECIALIZAÇÃO EM GESTÃO DE PROJETOS";"";"";"";"LATO SENSU";"";"Presencial";"";"";"";"";"";"";"74";"PROGRAMA DE PÓS-GRADUAÇÃO EM ADMINISTRAÇÃO";"";"";"";"";"";""
"100350606";"ESPECIALIZAÇÃO EM GESTÃO DE TI";"";"";"ATIVO";"LATO SENSU";"";"Semi-Presencial";"";"";"";"";"";"";"2";"SUPERINTENDÊNCIA DE TECNOLOGIA DA INFORMAÇÃO";"";"";"";"";"";""
"130729753";"ESPECIALIZAÇÃO EM GESTÃO DINÂMICA DE PROJETOS";"";"";"";"LATO SENSU";"";"Presencial";"";"";"";"";"";"";"74";"PROGRAMA DE PÓS-GRADUAÇÃO EM ADMINISTRAÇÃO";"";"";"";"";"";""
"150765953";"ESPECIALIZAÇÃO EM GESTÃO DINÂMICA DE PROJETOS 2023";"";"";"";"LATO SENSU";"";"A Distância";"";"";"";"";"";"";"161";"DEPARTAMENTO DE CIÊNCIAS ADMINISTRATIVAS - DEPAD";"";"";"";"";"";""
"169909955";"ESPECIALIZAÇÃO EM GESTÃO DINÂMICA DE PROJETOS 2023.2";"";"";"";"LATO SENSU";"";"A Distância";"";"";"";"";"";"";"161";"DEPARTAMENTO DE CIÊNCIAS ADMINISTRATIVAS - DEPAD";"";"";"";"";"";""
"113505772";"ESPECIALIZAÇÃO EM GESTÃO DOCUMENTAL";"";"";"";"LATO SENSU";"";"Presencial";"";"";"";"";"";"";"63";"DEPARTAMENTO DE CIÊNCIA DA INFORMAÇÃO";"";"";"";"";"";""
"166994580";"ESPECIALIZAÇÃO EM GESTÃO DOCUMENTAL";"5756357";"PEDRO ALVES BARBOSA NETO";"";"LATO SENSU";"";"A Distância";"";"";"";"";"";"";"63";"DEPARTAMENTO DE CIÊNCIA DA INFORMAÇÃO";"";"";"";"";"";""
"127034870";"ESPECIALIZAÇÃO EM GESTÃO DOCUMENTAL";"";"";"";"LATO SENSU";"";"Presencial";"";"";"";"";"";"";"63";"DEPARTAMENTO DE CIÊNCIA DA INFORMAÇÃO";"";"";"";"";"";""
"104767988";"ESPECIALIZAÇÃO EM GESTÃO DO TRABALHO E DA EDUCAÇÃO NA SAÚDE";"";"";"ATIVO";"LATO SENSU";"";"A Distância";"";"";"";"";"";"";"202";"DEPARTAMENTO DE SAÚDE COLETIVA";"";"";"";"";"";""
"91779180";"ESPECIALIZAÇÃO EM GESTÃO DO TRABALHO E DA EDUCAÇÃO NA SAÚDE";"";"";"ATIVO";"LATO SENSU";"";"A Distância";"";"";"";"";"";"";"202";"DEPARTAMENTO DE SAÚDE COLETIVA";"";"";"";"";"";""
"126778707";"ESPECIALIZAÇÃO EM GESTÃO DO TRABALHO E DA EDUCAÇÃO NA SAÚDE";"";"";"ATIVO";"LATO SENSU";"";"A Distância";"";"";"";"";"";"";"202";"DEPARTAMENTO DE SAÚDE COLETIVA";"";"";"";"";"";""
"168784621";"ESPECIALIZAÇÃO EM GESTÃO E INOVAÇÃO";"";"";"";"LATO SENSU";"";"Remoto";"";"";"";"";"";"";"31011";"FACULDADE DE ENGENHARIA, LETRAS E CIÊNCIAS SOCIAIS DO SERIDÓ - FELCS";"";"";"";"";"";""
"134583967";"ESPECIALIZAÇÃO EM GESTÃO EM MICRO E PEQUENAS EMPRESAS COM FOCO NAS NORMAS INTERNACIONAIS";"";"";"ATIVO";"LATO SENSU";"";"Presencial";"";"";"";"";"";"";"235";"CERES - DEPTO CIÊNCIAS EXATAS E APLICADAS";"";"";"";"";"";""
"91501784";"ESPECIALIZAÇÃO EM GESTÃO EM SAÚDE";"";"";"ATIVO";"LATO SENSU";"";"A Distância";"";"";"";"";"";"";"205";"ESCOLA DE SAÚDE";"";"";"";"";"";""
"129869375";"ESPECIALIZAÇÃO EM GESTÃO EM SAÚDE";"";"";"";"LATO SENSU";"";"A Distância";"";"";"";"";"";"";"205";"ESCOLA DE SAÚDE";"";"";"";"";"";""
"178577556";"ESPECIALIZAÇÃO EM GESTÃO EM SAÚDE";"5756812";"CLAUDIA CRISTIANE FILGUEIRA MARTINS RODRIGUES";"";"LATO SENSU";"";"A Distância";"";"";"";"";"";"";"205";"ESCOLA DE SAÚDE";"";"";"";"";"";""
"175835924";"ESPECIALIZAÇÃO EM GESTÃO EM SAÚDE MODALIDADE A DISTÂNCIA";"5756812";"CLAUDIA CRISTIANE FILGUEIRA MARTINS RODRIGUES";"";"LATO SENSU";"";"A Distância";"";"";"";"";"";"";"205";"ESCOLA DE SAÚDE";"";"";"";"";"";""
"106519681";"ESPECIALIZAÇÃO EM GESTÃO ESCOLAR";"";"";"";"LATO SENSU";"";"A Distância";"";"";"";"";"";"";"363";"PROGRAMA DE PÓS-GRADUAÇÃO EM EDUCAÇÃO";"";"";"";"";"";""
"975160";"ESPECIALIZAÇÃO EM GESTÃO ESCOLAR";"";"";"ATIVO";"LATO SENSU";"";"A Distância";"";"";"";"";"NATAL";"";"3592";"UNIDADE CURRICULAR INTEGRADA";"";"";"";"";"";""
"11642560";"ESPECIALIZAÇÃO EM GESTÃO ESCOLAR";"";"";"ATIVO";"LATO SENSU";"";"A Distância";"";"";"";"";"NATAL";"";"363";"PROGRAMA DE PÓS-GRADUAÇÃO EM EDUCAÇÃO";"";"";"";"";"";""
"175603400";"ESPECIALIZAÇÃO EM GESTÃO ESCOLAR";"5758538";"RUTE REGIS DE OLIVEIRA DA SILVA";"";"LATO SENSU";"";"A Distância";"";"";"";"";"";"";"5967";"DEPARTAMENTO DE FUNDAMENTOS E POLÍTICAS DA EDUCAÇÃO";"";"";"";"";"";""
"177007084";"ESPECIALIZAÇÃO EM GESTÃO ESCOLAR MODALIDADE A DISTÂNCIA";"5754972";"ANDREIA DA SILVA QUINTANILHA SOUSA";"";"LATO SENSU";"";"A Distância";"";"";"";"";"";"";"5967";"DEPARTAMENTO DE FUNDAMENTOS E POLÍTICAS DA EDUCAÇÃO";"";"";"";"";"";""
"175333761";"ESPECIALIZAÇÃO EM GESTÃO ESCOLAR MODALIDADE A DISTÂNCIA";"";"";"";"LATO SENSU";"";"A Distância";"";"";"";"";"";"";"363";"PROGRAMA DE PÓS-GRADUAÇÃO EM EDUCAÇÃO";"";"";"";"";"";""
"175414933";"ESPECIALIZAÇÃO EM GESTÃO ESCOLAR MODALIDADE A DISTÂNCIA";"";"";"";"LATO SENSU";"";"A Distância";"";"";"";"";"";"";"5967";"DEPARTAMENTO DE FUNDAMENTOS E POLÍTICAS DA EDUCAÇÃO";"";"";"";"";"";""
"175248616";"ESPECIALIZAÇÃO EM GESTÃO ESCOLAR MODALIDADE A DISTÂNCIA";"";"";"";"LATO SENSU";"";"A Distância";"";"";"";"";"";"";"363";"PROGRAMA DE PÓS-GRADUAÇÃO EM EDUCAÇÃO";"";"";"";"";"";""
"2236617";"ESPECIALIZAÇÃO EM GESTÃO ESTRATÉGICA";"";"";"ATIVO";"LATO SENSU";"";"Presencial";"";"";"";"";"";"";"74";"PROGRAMA DE PÓS-GRADUAÇÃO EM ADMINISTRAÇÃO";"";"";"";"";"";""
"98732812";"ESPECIALIZAÇÃO EM GESTÃO ESTRATÉGICA";"";"";"ATIVO";"LATO SENSU";"";"A Distância";"";"";"";"";"";"";"74";"PROGRAMA DE PÓS-GRADUAÇÃO EM ADMINISTRAÇÃO";"";"";"";"";"";""
"115749236";"ESPECIALIZAÇÃO EM GESTÃO ESTRATÉGICA DE CUSTOS";"";"";"";"LATO SENSU";"";"Presencial";"";"";"";"";"";"";"163";"DEPARTAMENTO DE CIÊNCIAS CONTÁBEIS - DCC";"";"";"";"";"";""
"120660077";"ESPECIALIZAÇÃO EM GESTÃO ESTRATÉGICA DE NEGÓCIOS";"";"";"";"LATO SENSU";"";"Presencial";"";"";"";"";"";"";"236";"CERES - DEPTO CIÊNCIAS SOCIAIS E HUMANAS";"";"";"";"";"";""
"120896111";"ESPECIALIZAÇÃO EM GESTÃO ESTRATÉGICA DE NEGÓCIOS";"";"";"";"LATO SENSU";"";"Presencial";"";"";"";"";"";"";"236";"CERES - DEPTO CIÊNCIAS SOCIAIS E HUMANAS";"";"";"";"";"";""
"104367740";"ESPECIALIZAÇÃO EM GESTÃO ESTRATÉGICA DE NEGÓCIOS";"";"";"";"LATO SENSU";"";"Presencial";"";"";"";"";"";"";"236";"CERES - DEPTO CIÊNCIAS SOCIAIS E HUMANAS";"";"";"";"";"";""
"96980770";"ESPECIALIZAÇÃO EM GESTÃO ESTRATÉGICA DE NEGÓCIOS";"";"";"ATIVO";"LATO SENSU";"";"Presencial";"";"";"";"";"";"";"161";"DEPARTAMENTO DE CIÊNCIAS ADMINISTRATIVAS - DEPAD";"";"";"";"";"";""
"94643896";"ESPECIALIZAÇÃO EM GESTÃO ESTRATÉGICA DE PESSOAS";"";"";"ATIVO";"LATO SENSU";"";"Presencial";"";"";"";"";"";"";"161";"DEPARTAMENTO DE CIÊNCIAS ADMINISTRATIVAS - DEPAD";"";"";"";"";"";""
"126991428";"ESPECIALIZAÇÃO EM GESTÃO ESTRATÉGICA DE PESSOAS";"";"";"ATIVO";"LATO SENSU";"";"Presencial";"";"";"";"";"";"";"161";"DEPARTAMENTO DE CIÊNCIAS ADMINISTRATIVAS - DEPAD";"";"";"";"";"";""
"150824032";"ESPECIALIZAÇÃO EM GESTÃO ESTRATÉGICA DE PESSOAS";"";"";"";"LATO SENSU";"";"Remoto";"";"";"";"";"";"";"161";"DEPARTAMENTO DE CIÊNCIAS ADMINISTRATIVAS - DEPAD";"";"";"";"";"";""
"95236906";"ESPECIALIZAÇÃO EM GESTÃO ESTRATÉGICA DE SISTEMAS DE INFORMAÇÃO";"";"";"ATIVO";"LATO SENSU";"";"Presencial";"";"";"";"";"";"";"63";"DEPARTAMENTO DE CIÊNCIA DA INFORMAÇÃO";"";"";"";"";"";""
"109866665";"ESPECIALIZAÇÃO EM GESTÃO ESTRATÉGICA DE SISTEMAS DE INFORMAÇÃO";"";"";"ATIVO";"LATO SENSU";"";"Presencial";"";"";"";"";"";"";"63";"DEPARTAMENTO DE CIÊNCIA DA INFORMAÇÃO";"";"";"";"";"";""
"93657119";"ESPECIALIZAÇÃO EM GESTÃO INDUSTRIAL";"";"";"ATIVO";"LATO SENSU";"";"Presencial";"";"";"";"";"";"";"115";"DEPARTAMENTO DE ENGENHARIA PRODUÇÃO";"";"";"";"";"";""
"107074853";"ESPECIALIZAÇÃO EM GESTÃO INTEGRADA DE CIDADES E DESENV DE PROJETOS SÓCIO-URBANOS";"";"";"";"LATO SENSU";"";"Presencial";"";"";"";"";"";"";"5254";"PROGRAMA DE PÓS-GRADUAÇÃO EM ESTUDOS URBANOS E REGIONAIS";"";"";"";"";"";""
"139037478";"ESPECIALIZAÇÃO EM GESTÃO INTERNACIONAL EM TECNOLOGIA E INOVAÇÃO";"";"";"";"LATO SENSU";"";"A Distância";"";"";"";"";"";"";"6069";"INSTITUTO METROPOLE DIGITAL";"";"";"";"";"";""
"178732917";"ESPECIALIZAÇÃO EM GESTÃO NA EDUCAÇÃO PROFISSIONAL E TECNOLÓGICA";"5752849";"MARIA JALILA VIEIRA DE FIGUEIREDO LEITE";"";"LATO SENSU";"";"A Distância";"";"";"";"";"";"";"205";"ESCOLA DE SAÚDE";"";"";"";"";"";""
"129304523";"ESPECIALIZAÇÃO EM GESTÃO PÚBLICA";"";"";"";"LATO SENSU";"";"A Distância";"";"";"";"";"";"";"5679";"PROGRAMA DE PÓS-GRADUAÇÃO EM GESTÃO PÚBLICA";"";"";"";"";"";""
"175759534";"ESPECIALIZAÇÃO EM GESTÃO PÚBLICA";"5753587";"CARLOS DAVID CEQUEIRA FEITOR";"";"LATO SENSU";"";"A Distância";"";"";"";"";"";"";"161";"DEPARTAMENTO DE CIÊNCIAS ADMINISTRATIVAS - DEPAD";"";"";"";"";"";""
"16431542";"ESPECIALIZAÇÃO EM GESTÃO PÚBLICA";"";"";"ATIVO";"LATO SENSU";"";"A Distância";"";"";"";"";"";"";"161";"DEPARTAMENTO DE CIÊNCIAS ADMINISTRATIVAS - DEPAD";"";"";"";"";"";""
"133472833";"ESPECIALIZAÇÃO EM GESTÃO PUBLICA, AUDITORIA E CONTROLADORIA";"";"";"";"LATO SENSU";"";"Presencial";"";"";"";"";"";"";"235";"CERES - DEPTO CIÊNCIAS EXATAS E APLICADAS";"";"";"";"";"";""
"172597625";"ESPECIALIZAÇÃO EM GESTÃO PÚBLICA, AUDITORIA E CONTROLADORIA.";"25988";"LUZIANA MARIA NUNES DE QUEIROZ";"";"LATO SENSU";"";"A Distância";"";"";"";"";"";"";"235";"CERES - DEPTO CIÊNCIAS EXATAS E APLICADAS";"";"";"";"";"";""
"149096769";"ESPECIALIZAÇÃO EM GESTÃO PÚBLICA, AUDITORIA E CONTROLADORIA COM FOCO NAS NORMAS INTERNACIONAIS";"";"";"";"LATO SENSU";"";"Presencial";"";"";"";"";"";"";"235";"CERES - DEPTO CIÊNCIAS EXATAS E APLICADAS";"";"";"";"";"";""
"169001336";"ESPECIALIZAÇÃO EM GESTÃO PÚBLICA E ESG";"";"";"";"LATO SENSU";"";"Remoto";"";"";"";"";"";"";"31011";"FACULDADE DE ENGENHARIA, LETRAS E CIÊNCIAS SOCIAIS DO SERIDÓ - FELCS";"";"";"";"";"";""
"129763788";"ESPECIALIZAÇÃO EM GESTÃO PÚBLICA MUNICIPAL";"";"";"";"LATO SENSU";"";"A Distância";"";"";"";"";"";"";"5679";"PROGRAMA DE PÓS-GRADUAÇÃO EM GESTÃO PÚBLICA";"";"";"";"";"";""
"95590562";"ESPECIALIZAÇÃO EM GESTÃO PÚBLICA MUNICIPAL";"";"";"ATIVO";"LATO SENSU";"";"Presencial";"";"";"";"";"";"";"74";"PROGRAMA DE PÓS-GRADUAÇÃO EM ADMINISTRAÇÃO";"";"";"";"";"";""
"16431540";"ESPECIALIZAÇÃO EM GESTÃO PÚBLICA MUNICIPAL";"";"";"ATIVO";"LATO SENSU";"";"A Distância";"";"";"";"";"";"";"74";"PROGRAMA DE PÓS-GRADUAÇÃO EM ADMINISTRAÇÃO";"";"";"";"";"";""
"90409884";"ESPECIALIZAÇÃO EM GESTÃO PÚBLICA PARA MINISTÉRIO PÚBLICO DO RIO GRANDE DO NORTE";"";"";"ATIVO";"LATO SENSU";"";"Presencial";"";"";"";"";"";"";"74";"PROGRAMA DE PÓS-GRADUAÇÃO EM ADMINISTRAÇÃO";"";"";"";"";"";""
"171365982";"ESPECIALIZAÇÃO EM GESTÃO QUANTITATIVA DE CARTEIRAS";"5753595";"VINICIO DE SOUZA E ALMEIDA";"";"LATO SENSU";"";"A Distância";"";"";"";"";"";"";"161";"DEPARTAMENTO DE CIÊNCIAS ADMINISTRATIVAS - DEPAD";"";"";"";"";"";""
"11381370";"ESPECIALIZAÇÃO EM GESTÃO UNIVERSITÁRIA";"";"";"ATIVO";"LATO SENSU";"";"Presencial";"";"";"";"";"NATAL";"";"74";"PROGRAMA DE PÓS-GRADUAÇÃO EM ADMINISTRAÇÃO";"";"";"";"";"";""
"4847468";"ESPECIALIZAÇÃO EM GESTÃO UNIVERSITÁRIA - CURSO II";"";"";"ATIVO";"LATO SENSU";"";"Semi-Presencial";"";"";"";"";"";"";"74";"PROGRAMA DE PÓS-GRADUAÇÃO EM ADMINISTRAÇÃO";"";"";"";"";"";""
"156639466";"ESPECIALIZAÇÃO EM GOVERNANÇA E GESTÃO ÁGIL DA JUSTIÇA FEDERAL (JF)";"";"";"";"LATO SENSU";"";"Remoto";"";"";"";"";"";"";"161";"DEPARTAMENTO DE CIÊNCIAS ADMINISTRATIVAS - DEPAD";"";"";"";"";"";""
"156991213";"ESPECIALIZAÇÃO EM GOVERNANÇA E GESTÃO ÁGIL NA JUSTIÇA FEDERAL";"";"";"";"LATO SENSU";"";"A Distância";"";"";"";"";"";"";"161";"DEPARTAMENTO DE CIÊNCIAS ADMINISTRATIVAS - DEPAD";"";"";"";"";"";""
"157002431";"ESPECIALIZAÇÃO EM GOVERNANÇA E GESTÃO DE PESSOAS NA JUSTIÇA FEDERAL";"";"";"";"LATO SENSU";"";"Remoto";"";"";"";"";"";"";"161";"DEPARTAMENTO DE CIÊNCIAS ADMINISTRATIVAS - DEPAD";"";"";"";"";"";""
"99266675";"ESPECIALIZAÇÃO EM GP";"";"";"ATIVO";"LATO SENSU";"";"Presencial";"";"";"";"";"";"";"115";"DEPARTAMENTO DE ENGENHARIA PRODUÇÃO";"";"";"";"";"";""
"163813277";"ESPECIALIZAÇÃO EM HEMATOLOGIA CLÍNICO-LABORATORIAL";"";"";"";"LATO SENSU";"";"Presencial";"";"";"";"";"";"";"117";"DEPARTAMENTO DE ANÁLISES CLÍNICAS E TOXICOLÓGICAS";"";"";"";"";"";""
"87357281";"ESPECIALIZAÇÃO EM HISTÓRIA DO BRASIL";"";"";"ATIVO";"LATO SENSU";"";"Presencial";"";"";"";"";"";"";"5486";"CERES - DEPARTAMENTO DE HISTÓRIA";"";"";"";"";"";""
"123983886";"ESPECIALIZAÇÃO EM HISTÓRIA DOS SERTÕES";"";"";"";"LATO SENSU";"";"Presencial";"";"";"";"";"";"";"5486";"CERES - DEPARTAMENTO DE HISTÓRIA";"";"";"";"";"";""
"103333394";"ESPECIALIZAÇÃO EM HISTÓRIA E CULTURA AFRICANA E AFRO-BRASILEIRA";"";"";"ATIVO";"LATO SENSU";"";"Presencial";"";"";"";"";"";"";"5486";"CERES - DEPARTAMENTO DE HISTÓRIA";"";"";"";"";"";""
"100640964";"ESPECIALIZAÇÃO EM HISTÓRIA E CULTURA AFRO-BRASILEIRA E AFRICANA";"";"";"ATIVO";"LATO SENSU";"";"Presencial";"";"";"";"";"";"";"1488";"NÚCLEO CÂMARA CASCUDO DE ESTUDOS";"";"";"";"";"";""
"124986610";"ESPECIALIZAÇÃO EM IMPLANTODONTIA";"";"";"";"LATO SENSU";"";"Presencial";"";"";"";"";"";"";"195";"DEPARTAMENTO DE ODONTOLOGIA";"";"";"";"";"";""
"130522731";"ESPECIALIZAÇÃO EM IMPLANTODONTIA";"";"";"";"LATO SENSU";"";"Presencial";"";"";"";"";"";"";"195";"DEPARTAMENTO DE ODONTOLOGIA";"";"";"";"";"";""
"110468980";"ESPECIALIZAÇÃO EM IMPLANTODONTIA";"";"";"";"LATO SENSU";"";"Presencial";"";"";"";"";"";"";"195";"DEPARTAMENTO DE ODONTOLOGIA";"";"";"";"";"";""
"103611582";"ESPECIALIZAÇÃO EM INFORMÁTICA EM SAÚDE";"";"";"ATIVO";"LATO SENSU";"";"A Distância";"";"";"";"";"";"";"5205";"DEPARTAMENTO DE ENGENHARIA BIOMEDICA";"";"";"";"";"";""
"139007453";"ESPECIALIZAÇÃO EM INFORMÁTICA NA SAÚDE";"";"";"";"LATO SENSU";"";"A Distância";"";"";"";"";"";"";"9726";"DEPARTAMENTO DE COMPUTAÇÃO E TECNOLOGIA";"";"";"";"";"";""
"132256339";"ESPECIALIZAÇÃO EM INFORMÁTICA NA SAÚDE";"";"";"";"LATO SENSU";"";"A Distância";"";"";"";"";"";"";"5205";"DEPARTAMENTO DE ENGENHARIA BIOMEDICA";"";"";"";"";"";""
"99065732";"ESPECIALIZAÇÃO EM INTEGRAÇÃO DA EDUCAÇÃO PROFISSIONAL E DA EJA: PROEJA";"";"";"ATIVO";"LATO SENSU";"";"Semi-Presencial";"";"";"";"";"";"";"5968";"DEPARTAMENTO DE PRÁTICAS EDUCACIONAIS E CURRÍCULO";"";"";"";"";"";""
"97936584";"ESPECIALIZAÇÃO EM INTELIGÊNCIA E ANÁLISE ESTRATÉGICA DE NEGÓCIOS";"";"";"ATIVO";"LATO SENSU";"";"Presencial";"";"";"";"";"";"";"74";"PROGRAMA DE PÓS-GRADUAÇÃO EM ADMINISTRAÇÃO";"";"";"";"";"";""
"91609267";"ESPECIALIZAÇÃO EM INTELIGÊNCIA E ANÁLISE ESTRATÉGICA DE NEGÓCIOS";"";"";"ATIVO";"LATO SENSU";"";"Presencial";"";"";"";"";"";"";"74";"PROGRAMA DE PÓS-GRADUAÇÃO EM ADMINISTRAÇÃO";"";"";"";"";"";""
"115841925";"ESPECIALIZAÇÃO EM LEITURA E PRODUÇÃO DE TEXTOS";"";"";"";"LATO SENSU";"";"Presencial";"";"";"";"";"";"";"138";"DEPARTAMENTO DE LETRAS";"";"";"";"";"";""
"91709533";"ESPECIALIZAÇÃO EM LEITURA E PRODUÇÃO DE TEXTOS";"";"";"ATIVO";"LATO SENSU";"";"Presencial";"";"";"";"";"";"";"138";"DEPARTAMENTO DE LETRAS";"";"";"";"";"";""
"2682408";"ESPECIALIZAÇÃO EM LEITURA E PRODUÇÃO DE TEXTOS";"";"";"ATIVO";"LATO SENSU";"";"Presencial";"";"";"";"";"";"";"138";"DEPARTAMENTO DE LETRAS";"";"";"";"";"";""
"124691014";"ESPECIALIZAÇÃO EM LIBRAS";"";"";"";"LATO SENSU";"";"Presencial";"";"";"";"";"";"";"7847";"DEPARTAMENTO DE LETRAS - CERES";"";"";"";"";"";""
"118952993";"ESPECIALIZAÇÃO EM LÍNGUA ESPANHOLA, LITERATURA E TRADUÇÃO";"";"";"";"LATO SENSU";"";"Presencial";"";"";"";"";"";"";"5206";"DEPARTAMENTO DE LINGUAS E LITERATURAS ESTRANGEIRAS MODERNAS";"";"";"";"";"";""
"160511529";"ESPECIALIZAÇÃO EM LINGUAGEM";"";"";"";"LATO SENSU";"";"Presencial";"";"";"";"";"";"";"5610";"DEPARTAMENTO DE FONOAUDIOLOGIA";"";"";"";"";"";""
"1228840";"ESPECIALIZAÇÃO EM LÍNGUA INGLESA";"";"";"ATIVO";"LATO SENSU";"";"Presencial";"";"";"";"";"CAICÓ";"";"236";"CERES - DEPTO CIÊNCIAS SOCIAIS E HUMANAS";"";"";"";"";"";""
"133274041";"ESPECIALIZAÇÃO EM LÍNGUA LATINA";"";"";"";"LATO SENSU";"";"Presencial";"";"";"";"";"";"";"138";"DEPARTAMENTO DE LETRAS";"";"";"";"";"";""
"9240410";"ESPECIALIZAÇÃO EM LÍNGUA PORGUESA: GRAMÁTICA, TEXTO E DISCURSO";"";"";"ATIVO";"LATO SENSU";"";"Presencial";"";"";"";"";"NATAL";"";"138";"DEPARTAMENTO DE LETRAS";"";"";"";"";"";""
"106300063";"ESPECIALIZAÇÃO EM LÍNGUA PORTUGUESA, GRAMÁTICA, TEXTO E DISCURSO";"";"";"";"LATO SENSU";"";"Presencial";"";"";"";"";"";"";"138";"DEPARTAMENTO DE LETRAS";"";"";"";"";"";""
"90314721";"ESPECIALIZAÇÃO EM LÍNGUA PORTUGUESA: GRAMÁTICA, TEXTO E DISCURSO";"";"";"ATIVO";"LATO SENSU";"";"Presencial";"";"";"";"";"";"";"65";"PROGRAMA DE PÓS-GRADUAÇÃO EM ESTUDOS DA LINGUAGEM";"";"";"";"";"";""
"152153755";"ESPECIALIZAÇÃO EM LINGUAS ESTRANGEIRAS";"";"";"";"LATO SENSU";"";"A Distância";"";"";"";"";"";"";"5206";"DEPARTAMENTO DE LINGUAS E LITERATURAS ESTRANGEIRAS MODERNAS";"";"";"";"";"";""
"150841326";"ESPECIALIZAÇÃO EM LÍNGUAS ESTRANGEIRAS PARA INTERNACIONALIZAÇÃO";"";"";"";"LATO SENSU";"";"Semi-Presencial";"";"";"";"";"";"";"11";"DDP/PROGESP - DIRETORIA DE DESENVOLVIMENTO DE PESSOAS";"";"";"";"";"";""
"20380590";"ESPECIALIZAÇÃO EM LINGUÍSTICA E ENSINO DA LÍNGUA MATERNA (ELINGEM)";"";"";"ATIVO";"LATO SENSU";"";"Semi-Presencial";"";"";"";"";"";"";"236";"CERES - DEPTO CIÊNCIAS SOCIAIS E HUMANAS";"";"";"";"";"";""
"98466314";"ESPECIALIZAÇÃO EM LINGUÍSTICA E ENSINO DE LÍNGUA MATERNA - ELINGEM";"";"";"ATIVO";"LATO SENSU";"";"Semi-Presencial";"";"";"";"";"";"";"7847";"DEPARTAMENTO DE LETRAS - CERES";"";"";"";"";"";""
"2177613";"ESPECIALIZAÇÃO EM LINGUÍSTICA E ENSINO DE LÍNGUA PORTUGUESA";"";"";"ATIVO";"LATO SENSU";"";"Presencial";"";"";"";"";"";"";"138";"DEPARTAMENTO DE LETRAS";"";"";"";"";"";""
"89255875";"ESPECIALIZAÇÃO EM LINGUÍSTICA E ENSINO DE LÍNGUA PORTUGUESA";"";"";"ATIVO";"LATO SENSU";"";"Presencial";"";"";"";"";"";"";"138";"DEPARTAMENTO DE LETRAS";"";"";"";"";"";""
"108183561";"ESPECIALIZAÇÃO EM LINGUÍSTICA E ENSINO DE TEXTO";"";"";"";"LATO SENSU";"";"Presencial";"";"";"";"";"";"";"7847";"DEPARTAMENTO DE LETRAS - CERES";"";"";"";"";"";""
"130370088";"ESPECIALIZAÇÃO EM LINGUÍSTICA E ENSINO DE TEXTO";"";"";"";"LATO SENSU";"";"Presencial";"";"";"";"";"";"";"7847";"DEPARTAMENTO DE LETRAS - CERES";"";"";"";"";"";""
"174378596";"ESPECIALIZAÇÃO EM LINGUISTICA FORENSE";"23165";"MARIO LOURENCO DE MEDEIROS";"";"LATO SENSU";"";"Semi-Presencial";"";"";"";"";"";"";"31011";"FACULDADE DE ENGENHARIA, LETRAS E CIÊNCIAS SOCIAIS DO SERIDÓ - FELCS";"";"";"";"";"";""
"153066241";"ESPECIALIZAÇÃO EM LINGUÍSTICA FORENSE";"";"";"";"LATO SENSU";"";"Remoto";"";"";"";"";"";"";"31011";"FACULDADE DE ENGENHARIA, LETRAS E CIÊNCIAS SOCIAIS DO SERIDÓ - FELCS";"";"";"";"";"";""
"163623053";"ESPECIALIZAÇÃO EM LINGUÍSTICA TEXTUAL E ENSINO";"";"";"";"LATO SENSU";"";"Remoto";"";"";"";"";"";"";"31011";"FACULDADE DE ENGENHARIA, LETRAS E CIÊNCIAS SOCIAIS DO SERIDÓ - FELCS";"";"";"";"";"";""
"142173884";"ESPECIALIZAÇÃO EM LINGUÍSTICA TEXTUAL E ENSINO";"";"";"";"LATO SENSU";"";"Semi-Presencial";"";"";"";"";"";"";"7847";"DEPARTAMENTO DE LETRAS - CERES";"";"";"";"";"";""
"162075968";"ESPECIALIZAÇÃO EM LINGUÍSTICA TEXTUAL E ENSINO";"";"";"";"LATO SENSU";"";"Remoto";"";"";"";"";"";"";"31011";"FACULDADE DE ENGENHARIA, LETRAS E CIÊNCIAS SOCIAIS DO SERIDÓ - FELCS";"";"";"";"";"";""
"164903531";"ESPECIALIZAÇÃO EM LINGUÍSTICA TEXTUAL E ENSINO";"";"";"";"LATO SENSU";"";"Remoto";"";"";"";"";"";"";"31011";"FACULDADE DE ENGENHARIA, LETRAS E CIÊNCIAS SOCIAIS DO SERIDÓ - FELCS";"";"";"";"";"";""
"163576989";"ESPECIALIZAÇÃO EM LINGUÍSTICA TEXTUAL E ENSINO";"";"";"";"LATO SENSU";"";"Remoto";"";"";"";"";"";"";"31011";"FACULDADE DE ENGENHARIA, LETRAS E CIÊNCIAS SOCIAIS DO SERIDÓ - FELCS";"";"";"";"";"";""
"98807653";"ESPECIALIZAÇÃO EM LITERATURA AFRO-BRASILEIRA";"";"";"ATIVO";"LATO SENSU";"";"Presencial";"";"";"";"";"";"";"138";"DEPARTAMENTO DE LETRAS";"";"";"";"";"";""
"84750896";"ESPECIALIZAÇÃO EM LITERATURA BRASILEIRA - CELB";"";"";"ATIVO";"LATO SENSU";"";"Presencial";"";"";"";"";"";"";"138";"DEPARTAMENTO DE LETRAS";"";"";"";"";"";""
"159681651";"ESPECIALIZAÇÃO EM LITERATURA CLÁSSICA";"37484";"MARIA HOZANETE ALVES DE LIMA";"";"LATO SENSU";"";"Presencial";"";"";"";"";"";"";"138";"DEPARTAMENTO DE LETRAS";"";"";"";"";"";""
"123848930";"ESPECIALIZAÇÃO EM LITERATURA E CULTURA DO RIO GRANDE DO NORTE";"";"";"";"LATO SENSU";"";"Presencial";"";"";"";"";"";"";"1488";"NÚCLEO CÂMARA CASCUDO DE ESTUDOS";"";"";"";"";"";""
"86837680";"ESPECIALIZAÇÃO EM LITERATURA E CULTURA DO RIO GRANDE DO NORTE";"";"";"ATIVO";"LATO SENSU";"";"Presencial";"";"";"";"";"";"";"1488";"NÚCLEO CÂMARA CASCUDO DE ESTUDOS";"";"";"";"";"";""
"127378593";"ESPECIALIZAÇÃO EM LITERATURA E ENSINO";"";"";"";"LATO SENSU";"";"Presencial";"";"";"";"";"";"";"7847";"DEPARTAMENTO DE LETRAS - CERES";"";"";"";"";"";""
"147797021";"ESPECIALIZAÇÃO EM LITERATURA E ENSINO";"";"";"";"LATO SENSU";"";"Semi-Presencial";"";"";"";"";"";"";"31011";"FACULDADE DE ENGENHARIA, LETRAS E CIÊNCIAS SOCIAIS DO SERIDÓ - FELCS";"";"";"";"";"";""
"169069256";"ESPECIALIZAÇÃO EM LITERATURA E ENSINO";"5754632";"SEBASTIAO AUGUSTO RABELO";"";"LATO SENSU";"";"Remoto";"";"";"";"";"";"";"31011";"FACULDADE DE ENGENHARIA, LETRAS E CIÊNCIAS SOCIAIS DO SERIDÓ - FELCS";"";"";"";"";"";""
"109150298";"ESPECIALIZAÇÃO EM LITERATURA NA ESCOLA";"";"";"";"LATO SENSU";"";"Presencial";"";"";"";"";"";"";"363";"PROGRAMA DE PÓS-GRADUAÇÃO EM EDUCAÇÃO";"";"";"";"";"";""
"95817352";"ESPECIALIZAÇÃO EM LOGÍSTICA";"";"";"ATIVO";"LATO SENSU";"";"Presencial";"";"";"";"";"";"";"161";"DEPARTAMENTO DE CIÊNCIAS ADMINISTRATIVAS - DEPAD";"";"";"";"";"";""
"151397123";"ESPECIALIZAÇÃO EM LOGÍSTICA";"";"";"";"LATO SENSU";"";"Presencial";"";"";"";"";"";"";"161";"DEPARTAMENTO DE CIÊNCIAS ADMINISTRATIVAS - DEPAD";"";"";"";"";"";""
"87338446";"ESPECIALIZAÇÃO EM MANEJO SUSTENTÁVEL DO SEMIÁRIDO";"";"";"ATIVO";"LATO SENSU";"";"Presencial";"";"";"";"";"MACAÍBA";"";"351";"ESCOLA AGRÍCOLA DE JUNDIAÍ";"";"";"";"";"";""
"109093416";"ESPECIALIZAÇÃO EM MANEJO SUSTENTÁVEL DO SEMIÁRIDO";"";"";"ATIVO";"LATO SENSU";"";"Presencial";"";"";"";"";"MACAÍBA";"";"351";"ESCOLA AGRÍCOLA DE JUNDIAÍ";"";"";"";"";"";""
"106102854";"ESPECIALIZAÇÃO EM MANEJO SUSTENTÁVEL DO SEMIÁRIDO";"";"";"ATIVO";"LATO SENSU";"";"Presencial";"";"";"";"";"MACAÍBA";"";"351";"ESCOLA AGRÍCOLA DE JUNDIAÍ";"";"";"";"";"";""
"124439078";"ESPECIALIZAÇÃO EM MARKETING";"";"";"";"LATO SENSU";"";"Presencial";"";"";"";"";"";"";"161";"DEPARTAMENTO DE CIÊNCIAS ADMINISTRATIVAS - DEPAD";"";"";"";"";"";""
"91612391";"ESPECIALIZAÇÃO EM MARKETING";"";"";"ATIVO";"LATO SENSU";"";"Presencial";"";"";"";"";"";"";"161";"DEPARTAMENTO DE CIÊNCIAS ADMINISTRATIVAS - DEPAD";"";"";"";"";"";""
"176414250";"ESPECIALIZAÇÃO EM MARKETING II";"5752011";"MARIA VALERIA PEREIRA DE ARAUJO";"";"LATO SENSU";"";"Presencial";"";"";"";"";"";"";"161";"DEPARTAMENTO DE CIÊNCIAS ADMINISTRATIVAS - DEPAD";"";"";"";"";"";""
"155131556";"ESPECIALIZAÇÃO EM MARKETING II";"";"";"";"LATO SENSU";"";"Presencial";"";"";"";"";"";"";"161";"DEPARTAMENTO DE CIÊNCIAS ADMINISTRATIVAS - DEPAD";"";"";"";"";"";""
"175054673";"ESPECIALIZAÇÃO EM MARKETING II";"5752011";"MARIA VALERIA PEREIRA DE ARAUJO";"";"LATO SENSU";"";"Presencial";"";"";"";"";"";"";"161";"DEPARTAMENTO DE CIÊNCIAS ADMINISTRATIVAS - DEPAD";"";"";"";"";"";""
"170263394";"ESPECIALIZAÇÃO EM MBA EM INTELIGÊNCIA DE DADOS";"";"";"";"LATO SENSU";"";"Presencial";"";"";"";"";"";"";"6069";"INSTITUTO METROPOLE DIGITAL";"";"";"";"";"";""
"172621810";"ESPECIALIZAÇÃO EM MEDICINA PSICODÉLICA: ABORDAGENS AVANÇADAS NO TRATAMENTO DA SAÚDE MENTAL";"5752650";"DRAULIO BARROS DE ARAUJO";"";"LATO SENSU";"";"A Distância";"";"";"";"";"";"";"6026";"INSTITUTO DO CÉREBRO";"";"";"";"";"";""
"131056481";"ESPECIALIZAÇÃO EM MEIO AMBIENTE, SAÚDE E DESENVOLVIMENTO";"";"";"";"LATO SENSU";"";"A Distância";"";"";"";"";"";"";"181";"DEPARTAMENTO DE MICROBIOLOGIA E PARASITOLOGIA";"";"";"";"";"";""
"98662431";"ESPECIALIZAÇÃO EM MERCADO DE CAPITAIS";"";"";"ATIVO";"LATO SENSU";"";"Presencial";"";"";"";"";"";"";"74";"PROGRAMA DE PÓS-GRADUAÇÃO EM ADMINISTRAÇÃO";"";"";"";"";"";""
"4875449";"ESPECIALIZAÇÃO EM MERCADO DE CAPITAIS";"";"";"ATIVO";"LATO SENSU";"";"Presencial";"";"";"";"";"";"";"161";"DEPARTAMENTO DE CIÊNCIAS ADMINISTRATIVAS - DEPAD";"";"";"";"";"";""
"91908159";"ESPECIALIZAÇÃO EM METALURGIA DA FUNDIÇÃO";"";"";"ATIVO";"LATO SENSU";"";"Presencial";"";"";"";"";"";"";"1589";"DEPARTAMENTO DE ENGENHARIA DE MATERIAIS";"";"";"";"";"";""
"171594951";"ESPECIALIZAÇÃO EM METODOLOGIA CIENTÍFICA PARA FORMAÇÃO DE PROFESSORES";"5762863";"ANNA CLAUDIA DOS SANTOS NOBRE";"";"LATO SENSU";"";"A Distância";"";"";"";"";"";"";"9726";"DEPARTAMENTO DE COMPUTAÇÃO E TECNOLOGIA";"";"";"";"";"";""
"90531398";"ESPECIALIZAÇÃO EM METODOLOGIA PARA AÇÕES TRANSFORMADORAS";"";"";"ATIVO";"LATO SENSU";"";"Semi-Presencial";"";"";"";"";"";"";"54";"DEPARTAMENTO DE ARQUITETURA";"";"";"";"";"";""
"154269994";"ESPECIALIZAÇÃO EM METODOLOGIAS ATIVAS DE APRENDIZAGEM";"";"";"";"LATO SENSU";"";"A Distância";"";"";"";"";"";"";"6069";"INSTITUTO METROPOLE DIGITAL";"";"";"";"";"";""
"96204672";"ESPECIALIZAÇÃO EM MÉTODOS E TÉCNICAS DE ENSINO";"";"";"ATIVO";"LATO SENSU";"";"Semi-Presencial";"";"";"";"";"";"";"4880";"DEPARTAMENTO DE EDUCAÇÃO - CERES";"";"";"";"";"";""
"96151812";"ESPECIALIZAÇÃO EM MÉTODOS E TÉCNICAS DE ENSINO";"";"";"ATIVO";"LATO SENSU";"";"Semi-Presencial";"";"";"";"";"";"";"4880";"DEPARTAMENTO DE EDUCAÇÃO - CERES";"";"";"";"";"";""
"118365771";"ESPECIALIZAÇÃO EM MÉTODOS QUANTITATIVOS APLICADOS AO CONTROLE EXTERNO";"";"";"";"LATO SENSU";"";"Presencial";"";"";"";"";"";"";"161";"DEPARTAMENTO DE CIÊNCIAS ADMINISTRATIVAS - DEPAD";"";"";"";"";"";""
"134262252";"ESPECIALIZAÇÃO EM MICROBIOLOGIA CLÍNICA";"25454";"MARIA CELESTE NUNES DE MELO";"";"LATO SENSU";"";"Presencial";"";"";"";"";"";"";"181";"DEPARTAMENTO DE MICROBIOLOGIA E PARASITOLOGIA";"";"";"";"";"";""
"50623435";"ESPECIALIZAÇÃO EM MÍDIAS NA EDUCAÇÃO";"";"";"ATIVO";"LATO SENSU";"";"A Distância";"";"";"";"";"";"";"1480";"SECRETARIA DE EDUCAÇÃO A DISTÂNCIA";"";"";"";"";"";""
"128400568";"ESPECIALIZAÇÃO EM MÚSICA POPULAR";"";"";"";"LATO SENSU";"";"Presencial";"";"";"";"";"";"";"284";"ESCOLA DE MÚSICA";"";"";"";"";"";""
"2561057";"ESPECIALIZAÇÃO EM MÚSICA - PRÁTICAS INTERPRETATIVAS";"";"";"ATIVO";"LATO SENSU";"";"Presencial";"";"";"";"";"";"";"284";"ESCOLA DE MÚSICA";"";"";"";"";"";""
"90661871";"ESPECIALIZAÇÃO EM MÚSICA - PRÁTICAS INTERPRETATIVAS DO SÉC. XX E XXI - CURSO II";"";"";"ATIVO";"LATO SENSU";"";"Presencial";"";"";"";"";"";"";"284";"ESCOLA DE MÚSICA";"";"";"";"";"";""
"2561053";"ESPECIALIZAÇÃO EM MÚSICA - PRÁTICAS INTERPRETATIVAS DOS SÉCULOS XX E XXI";"";"";"ATIVO";"LATO SENSU";"";"Presencial";"";"";"";"";"";"";"284";"ESCOLA DE MÚSICA";"";"";"";"";"";""
"129222849";"ESPECIALIZAÇÃO EM NEGOCIAÇÃO, CONCILIAÇÃO, MEDIAÇÃO E ARBITRAGEM";"";"";"";"LATO SENSU";"";"Presencial";"";"";"";"";"";"";"79";"DEPARTAMENTO DE DIREITO PRIVADO - DIPRI";"";"";"";"";"";""
"165508257";"ESPECIALIZAÇÃO EM NEUROCIÊNCIAS APLICADA AOS NEGÓCIOS";"";"";"";"LATO SENSU";"";"Remoto";"";"";"";"";"";"";"31011";"FACULDADE DE ENGENHARIA, LETRAS E CIÊNCIAS SOCIAIS DO SERIDÓ - FELCS";"";"";"";"";"";""
"178785132";"ESPECIALIZAÇÃO EM NEUROCIÊNCIAS APLICADAS AOS NEGÓCIOS";"5756380";"MARCELO HENRIQUE NEVES PEREIRA";"";"LATO SENSU";"";"A Distância";"";"";"";"";"";"";"31011";"FACULDADE DE ENGENHARIA, LETRAS E CIÊNCIAS SOCIAIS DO SERIDÓ - FELCS";"";"";"";"";"";""
"151588349";"ESPECIALIZAÇÃO EM NEUROPSICOLOGIA CLÍNICA";"";"";"";"LATO SENSU";"";"Semi-Presencial";"";"";"";"";"";"";"143";"DEPARTAMENTO DE PSICOLOGIA";"";"";"";"";"";""
"100318441";"ESPECIALIZAÇÃO EM NEUROPSICOLOGIA CLÍNICA";"";"";"ATIVO";"LATO SENSU";"";"Presencial";"";"";"";"";"";"";"143";"DEPARTAMENTO DE PSICOLOGIA";"";"";"";"";"";""
"124710767";"ESPECIALIZAÇÃO EM NEUROPSICOLOGIA CLÍNICA";"";"";"";"LATO SENSU";"";"Presencial";"";"";"";"";"";"";"143";"DEPARTAMENTO DE PSICOLOGIA";"";"";"";"";"";""
"178585325";"ESPECIALIZAÇÃO EM NEUROPSICOLOGIA CLÍNICA";"2301545";"IZABEL AUGUSTA HAZIN PIRES";"";"LATO SENSU";"";"Presencial";"";"";"";"";"";"";"143";"DEPARTAMENTO DE PSICOLOGIA";"";"";"";"";"";""
"137985568";"ESPECIALIZAÇÃO EM NEUROPSICOPEDAGOGIA INSTIT E EDUC ESPEC NA PERSPEC DA INCLUSÃO";"";"";"";"LATO SENSU";"";"Presencial";"";"";"";"";"";"";"4880";"DEPARTAMENTO DE EDUCAÇÃO - CERES";"";"";"";"";"";""
"141022112";"ESPECIALIZAÇÃO EM NEURORREABILITAÇÃO";"";"";"ATIVO";"LATO SENSU";"";"Remoto";"";"";"";"";"";"";"201";"DEPARTAMENTO DE FISIOTERAPIA";"";"";"";"";"";""
"100386226";"ESPECIALIZAÇÃO EM NEURORREABILITAÇÃO";"";"";"ATIVO";"LATO SENSU";"";"Presencial";"";"";"";"";"";"";"201";"DEPARTAMENTO DE FISIOTERAPIA";"";"";"";"";"";""
"125943880";"ESPECIALIZAÇÃO EM NEURORREABILITAÇÃO";"";"";"ATIVO";"LATO SENSU";"";"Presencial";"";"";"";"";"";"";"201";"DEPARTAMENTO DE FISIOTERAPIA";"";"";"";"";"";""
"111254589";"ESPECIALIZAÇÃO EM NEURORREABILITAÇÃO";"";"";"ATIVO";"LATO SENSU";"";"Presencial";"";"";"";"";"";"";"201";"DEPARTAMENTO DE FISIOTERAPIA";"";"";"";"";"";""
"51331647";"ESPECIALIZAÇÃO EM NEURORREABILITAÇÃO";"";"";"ATIVO";"LATO SENSU";"";"Presencial";"";"";"";"";"";"";"201";"DEPARTAMENTO DE FISIOTERAPIA";"";"";"";"";"";""
"95554398";"ESPECIALIZAÇÃO EM ORTODONTIA";"";"";"ATIVO";"LATO SENSU";"";"Presencial";"";"";"";"";"";"";"195";"DEPARTAMENTO DE ODONTOLOGIA";"";"";"";"";"";""
"171384792";"ESPECIALIZAÇÃO EM PERIODONTIA";"5752718";"BRUNO CESAR DE VASCONCELOS GURGEL";"";"LATO SENSU";"";"Presencial";"";"";"";"";"";"";"195";"DEPARTAMENTO DE ODONTOLOGIA";"";"";"";"";"";""
"128032227";"ESPECIALIZAÇÃO EM PERIODONTIA";"";"";"";"LATO SENSU";"";"Presencial";"";"";"";"";"";"";"195";"DEPARTAMENTO DE ODONTOLOGIA";"";"";"";"";"";""
"94648773";"ESPECIALIZAÇÃO EM PERIODONTIA";"";"";"ATIVO";"LATO SENSU";"";"Presencial";"";"";"";"";"";"";"195";"DEPARTAMENTO DE ODONTOLOGIA";"";"";"";"";"";""
"109704237";"ESPECIALIZAÇÃO EM PERIODONTIA";"";"";"ATIVO";"LATO SENSU";"";"Presencial";"";"";"";"";"";"";"195";"DEPARTAMENTO DE ODONTOLOGIA";"";"";"";"";"";""
"2205363";"ESPECIALIZAÇÃO EM PLANEJAMENTO TRIBUTÁRIO";"";"";"ATIVO";"LATO SENSU";"";"Presencial";"";"";"";"";"";"";"163";"DEPARTAMENTO DE CIÊNCIAS CONTÁBEIS - DCC";"";"";"";"";"";""
"114555079";"ESPECIALIZAÇÃO EM PLANEJAMENTO TRIBUTÁRIO";"";"";"";"LATO SENSU";"";"Presencial";"";"";"";"";"";"";"9066";"PROGRAMA DE PÓS-GRADUAÇÃO EM CIÊNCIAS CONTÁBEIS";"";"";"";"";"";""
"96684274";"ESPECIALIZAÇÃO EM PLANEJAMENTO TRIBUTÁRIO - CURSO II";"";"";"ATIVO";"LATO SENSU";"";"Presencial";"";"";"";"";"";"";"163";"DEPARTAMENTO DE CIÊNCIAS CONTÁBEIS - DCC";"";"";"";"";"";""
"906780";"ESPECIALIZAÇÃO EM POLÍTICAS PÚBLICAS";"";"";"ATIVO";"LATO SENSU";"";"Presencial";"";"";"";"";"NATAL";"";"2773";"NÚCLEO AVANÇADO DE POLÍTICAS PÚBLICAS";"";"";"";"";"";""
"128492008";"ESPECIALIZAÇÃO EM PRECEPTORIA EM SAÚDE";"";"";"";"LATO SENSU";"";"A Distância";"";"";"";"";"";"";"205";"ESCOLA DE SAÚDE";"";"";"";"";"";""
"16513390";"ESPECIALIZAÇÃO EM PREVENÇÃO AO USO DO ÁLCOOL E OUTRAS DROGAS";"";"";"ATIVO";"LATO SENSU";"";"Presencial";"";"";"";"";"";"";"162";"DEPARTAMENTO DE SERVIÇO SOCIAL - DESSO";"";"";"";"";"";""
"9209950";"ESPECIALIZAÇÃO EM PROCESSO DE CUIDAR EM SAÚDE";"";"";"ATIVO";"LATO SENSU";"";"Presencial";"";"";"";"";"NATAL";"";"412";"PROGRAMA DE PÓS-GRADUAÇÃO EM ENFERMAGEM";"";"";"";"";"";""
"105684527";"ESPECIALIZAÇÃO EM PROCESSOS E PRODUTOS TÊXTEIS";"";"";"";"LATO SENSU";"";"Presencial";"";"";"";"";"";"";"424";"DEPARTAMENTO DE ENGENHARIA TÊXTIL";"";"";"";"";"";""
"105685071";"ESPECIALIZAÇÃO EM PROCESSOS E PRODUTOS TÊXTEIS";"";"";"";"LATO SENSU";"";"Presencial";"";"";"";"";"";"";"424";"DEPARTAMENTO DE ENGENHARIA TÊXTIL";"";"";"";"";"";""
"124724483";"ESPECIALIZAÇÃO EM PRODUÇÃO DE DOCUMENTÁRIOS";"";"";"";"LATO SENSU";"";"Presencial";"";"";"";"";"";"";"140";"DEPARTAMENTO DE COMUNICAÇÃO SOCIAL";"";"";"";"";"";""
"106564940";"ESPECIALIZAÇÃO EM PROGRAMA NACIONAL DE EDUCAÇÃO, POBREZA E DESIGUALDADE SOCIAL";"";"";"";"LATO SENSU";"";"A Distância";"";"";"";"";"";"";"5967";"DEPARTAMENTO DE FUNDAMENTOS E POLÍTICAS DA EDUCAÇÃO";"";"";"";"";"";""
"93825928";"ESPECIALIZAÇÃO EM PROPAGANDA E MARKETING NA GESTÃO DE MARCAS";"";"";"ATIVO";"LATO SENSU";"";"Presencial";"";"";"";"";"";"";"140";"DEPARTAMENTO DE COMUNICAÇÃO SOCIAL";"";"";"";"";"";""
"105623475";"ESPECIALIZAÇÃO EM PROPAGANDA E MARKETING NA GESTÃO DE MARCAS";"";"";"";"LATO SENSU";"";"Presencial";"";"";"";"";"";"";"140";"DEPARTAMENTO DE COMUNICAÇÃO SOCIAL";"";"";"";"";"";""
"116663609";"ESPECIALIZAÇÃO EM PRÓTESE DENTÁRIA";"";"";"ATIVO";"LATO SENSU";"";"Presencial";"";"";"";"";"";"";"195";"DEPARTAMENTO DE ODONTOLOGIA";"";"";"";"";"";""
"128410588";"ESPECIALIZAÇÃO EM PRÓTESE DENTÁRIA";"";"";"";"LATO SENSU";"";"Presencial";"";"";"";"";"";"";"195";"DEPARTAMENTO DE ODONTOLOGIA";"";"";"";"";"";""
"128027353";"ESPECIALIZAÇÃO EM PRÓTESE DENTÁRIA";"";"";"";"LATO SENSU";"";"Presencial";"";"";"";"";"";"";"195";"DEPARTAMENTO DE ODONTOLOGIA";"";"";"";"";"";""
"89523094";"ESPECIALIZAÇÃO EM PRÓTESE DENTÁRIA";"";"";"ATIVO";"LATO SENSU";"";"Presencial";"";"";"";"";"";"";"195";"DEPARTAMENTO DE ODONTOLOGIA";"";"";"";"";"";""
"98547467";"ESPECIALIZAÇÃO EM PRÓTESE DENTÁRIA";"";"";"ATIVO";"LATO SENSU";"";"Presencial";"";"";"";"";"";"";"195";"DEPARTAMENTO DE ODONTOLOGIA";"";"";"";"";"";""
"13085350";"ESPECIALIZAÇÃO EM PRÓTESE DENTÁRIA";"";"";"ATIVO";"LATO SENSU";"";"Presencial";"";"";"";"";"";"";"195";"DEPARTAMENTO DE ODONTOLOGIA";"";"";"";"";"";""
"113807871";"ESPECIALIZAÇÃO EM PSICOLOGIA CLÍNICA FENOMENOLÓGICA";"";"";"";"LATO SENSU";"";"Presencial";"";"";"";"";"";"";"143";"DEPARTAMENTO DE PSICOLOGIA";"";"";"";"";"";""
"2642948";"ESPECIALIZAÇÃO EM PSICOLOGIA CLÍNICA HUMANISTA-EXISTENCIAL - CURSO IV";"";"";"ATIVO";"LATO SENSU";"";"Presencial";"";"";"";"";"";"";"143";"DEPARTAMENTO DE PSICOLOGIA";"";"";"";"";"";""
"6992520";"ESPECIALIZAÇÃO EM PSICOLOGIA CLÍNICA NA ABORDAGEM HUMANISTA-EXISTENCIAL-CURSO 3";"";"";"ATIVO";"LATO SENSU";"";"Presencial";"";"";"";"";"NATAL";"";"143";"DEPARTAMENTO DE PSICOLOGIA";"";"";"";"";"";""
"89384131";"ESPECIALIZAÇÃO EM PSICOLOGIA DA SAÚDE: DESENVOLVIMENTO E HOSPITALIZAÇÃO";"";"";"ATIVO";"LATO SENSU";"";"Presencial";"";"";"";"";"";"";"143";"DEPARTAMENTO DE PSICOLOGIA";"";"";"";"";"";""
"107445010";"ESPECIALIZAÇÃO EM PSICOLOGIA DA SAÚDE: DESENVOLVIMENTO E HOSPITALIZAÇÃO";"";"";"";"LATO SENSU";"";"Presencial";"";"";"";"";"";"";"143";"DEPARTAMENTO DE PSICOLOGIA";"";"";"";"";"";""
"124403674";"ESPECIALIZAÇÃO EM PSICOLOGIA DA SAÚDE: DESENVOLVIMENTO E HOSPITALIZAÇÃO";"";"";"";"LATO SENSU";"";"Presencial";"";"";"";"";"";"";"143";"DEPARTAMENTO DE PSICOLOGIA";"";"";"";"";"";""
"96006290";"ESPECIALIZAÇÃO EM PSICOLOGIA DO TRABALHO E DAS ORGANIZAÇÕES";"";"";"ATIVO";"LATO SENSU";"";"Presencial";"";"";"";"";"";"";"143";"DEPARTAMENTO DE PSICOLOGIA";"";"";"";"";"";""
"174898777";"ESPECIALIZAÇÃO EM PSICOMOTRICIDADE";"5752677";"MARIA APARECIDA DIAS";"";"LATO SENSU";"";"Presencial";"";"";"";"";"";"";"199";"DEPARTAMENTO DE EDUCAÇÃO FÍSICA";"";"";"";"";"";""
"150553641";"ESPECIALIZAÇÃO EM PSICOMOTRICIDADE";"";"";"";"LATO SENSU";"";"Semi-Presencial";"";"";"";"";"";"";"199";"DEPARTAMENTO DE EDUCAÇÃO FÍSICA";"";"";"";"";"";""
"119899375";"ESPECIALIZAÇÃO EM PSICOMOTRICIDADE CLÍNICA E ESCOLAR";"";"";"";"LATO SENSU";"";"Semi-Presencial";"";"";"";"";"";"";"199";"DEPARTAMENTO DE EDUCAÇÃO FÍSICA";"";"";"";"";"";""
"18284011";"ESPECIALIZAÇÃO EM PSICOPEDAGOGIA";"";"";"ATIVO";"LATO SENSU";"";"Presencial";"";"";"";"";"";"";"143";"DEPARTAMENTO DE PSICOLOGIA";"";"";"";"";"";""
"94649779";"ESPECIALIZAÇÃO EM RECUPERAÇÃO DE ÁREAS DEGRADADAS";"";"";"ATIVO";"LATO SENSU";"";"Presencial";"";"";"";"";"";"";"6381";"PROGRAMA DE PÓS-GRADUAÇÃO EM CIÊNCIAS FLORESTAIS";"";"";"";"";"";""
"159721419";"ESPECIALIZAÇÃO EM REUMATOLOGIA PARA FISIOTERAPEUTAS";"";"";"";"LATO SENSU";"";"Semi-Presencial";"";"";"";"";"";"";"201";"DEPARTAMENTO DE FISIOTERAPIA";"";"";"";"";"";""
"115236835";"ESPECIALIZAÇÃO EM SAÚDE COLETIVA COM ÊNFASE EM SAÚDE DA FAMÍLIA";"";"";"";"LATO SENSU";"";"Presencial";"";"";"";"";"";"";"4890";"FACULDADE DE CIÊNCIAS DA SAÚDE DO TRAIRI - FACISA";"";"";"";"";"";""
"172402417";"ESPECIALIZAÇÃO EM SAÚDE DA FAMÍLIA";"5757439";"JOSE ADAILTON DA SILVA";"";"LATO SENSU";"";"A Distância";"";"";"";"";"";"";"202";"DEPARTAMENTO DE SAÚDE COLETIVA";"";"";"";"";"";""
"157291286";"ESPECIALIZAÇÃO EM SAÚDE DA FAMÍLIA";"5757439";"JOSE ADAILTON DA SILVA";"";"LATO SENSU";"";"A Distância";"";"";"";"";"";"";"1480";"SECRETARIA DE EDUCAÇÃO A DISTÂNCIA";"";"";"";"";"";""
"116293682";"ESPECIALIZAÇÃO EM SAÚDE DA FAMÍLIA";"";"";"";"LATO SENSU";"";"A Distância";"";"";"";"";"";"";"4890";"FACULDADE DE CIÊNCIAS DA SAÚDE DO TRAIRI - FACISA";"";"";"";"";"";""
"125011124";"ESPECIALIZAÇÃO EM SAÚDE DA MULHER COM ÊNFASE NA ATENÇÃO BÁSICA";"";"";"";"LATO SENSU";"";"Presencial";"";"";"";"";"";"";"205";"ESCOLA DE SAÚDE";"";"";"";"";"";""
"115483198";"ESPECIALIZAÇÃO EM SAÚDE DA MULHER COM ÊNFASE NA ATENÇÃO BÁSICA";"";"";"";"LATO SENSU";"";"Presencial";"";"";"";"";"";"";"205";"ESCOLA DE SAÚDE";"";"";"";"";"";""
"135632698";"ESPECIALIZAÇÃO EM SAÚDE PÚBLICA";"";"";"";"LATO SENSU";"";"Presencial";"";"";"";"";"";"";"205";"ESCOLA DE SAÚDE";"";"";"";"";"";""
"160303174";"ESPECIALIZAÇÃO EM SISTEMAS ALIMENTARES, SUSTENTABILIDADE E BIODIVERSIDADE";"";"";"";"LATO SENSU";"";"A Distância";"";"";"";"";"";"";"203";"DEPARTAMENTO DE NUTRIÇÃO";"";"";"";"";"";""
"125048719";"ESPECIALIZAÇÃO EM SISTEMAS EMBARCADOS PARA INTERNET DAS COISAS";"";"";"";"LATO SENSU";"";"Semi-Presencial";"";"";"";"";"";"";"6069";"INSTITUTO METROPOLE DIGITAL";"";"";"";"";"";""
"50634872";"ESPECIALIZAÇÃO EM SOCIOLOGIA NO ENSINO MÉDIO";"";"";"ATIVO";"LATO SENSU";"";"A Distância";"";"";"";"";"";"";"1480";"SECRETARIA DE EDUCAÇÃO A DISTÂNCIA";"";"";"";"";"";""
"167319350";"ESPECIALIZAÇÃO EM SONO";"5752506";"KATIE MORAES DE ALMONDES";"";"LATO SENSU";"";"Presencial";"";"";"";"";"";"";"367";"PROGRAMA DE PÓS-GRADUAÇÃO EM PSICOBIOLOGIA";"";"";"";"";"";""
"137506645";"ESPECIALIZAÇÃO EM SONO";"";"";"";"LATO SENSU";"";"Semi-Presencial";"";"";"";"";"";"";"367";"PROGRAMA DE PÓS-GRADUAÇÃO EM PSICOBIOLOGIA";"";"";"";"";"";""
"4669920";"ESPECIALIZAÇÃO EM SUPERVISÃO EDUCACIONAL";"";"";"ATIVO";"LATO SENSU";"";"Presencial";"";"";"";"";"CAICÓ";"";"236";"CERES - DEPTO CIÊNCIAS SOCIAIS E HUMANAS";"";"";"";"";"";""
"166951851";"ESPECIALIZAÇÃO EM TECNOLOGIA DA INFORMAÇÃO";"";"";"";"LATO SENSU";"";"Remoto";"";"";"";"";"";"";"6069";"INSTITUTO METROPOLE DIGITAL";"";"";"";"";"";""
"148895937";"ESPECIALIZAÇÃO EM TECNOLOGIA DA INFORMAÇÃO - TCE/RN";"";"";"";"LATO SENSU";"";"Presencial";"";"";"";"";"";"";"6069";"INSTITUTO METROPOLE DIGITAL";"";"";"";"";"";""
"184261826";"ESPECIALIZAÇÃO EM TECNOLOGIA DA INFORMAÇÃO - TRE/RN - TURMA 4";"";"";"";"LATO SENSU";"";"Presencial";"";"";"";"";"";"";"6069";"INSTITUTO METROPOLE DIGITAL";"";"";"";"";"";""
"143304572";"ESPECIALIZAÇÃO EM TECNOLOGIA DA INFORMAÇÃO - TURMA TRE/RN";"";"";"";"LATO SENSU";"";"Presencial";"";"";"";"";"";"";"6069";"INSTITUTO METROPOLE DIGITAL";"";"";"";"";"";""
"130230224";"ESPECIALIZAÇÃO EM TECNOLOGIAS EDUCACIONAIS";"";"";"";"LATO SENSU";"";"A Distância";"";"";"";"";"";"";"351";"ESCOLA AGRÍCOLA DE JUNDIAÍ";"";"";"";"";"";""
"51323178";"ESPECIALIZAÇÃO EM TEORIA E ESTUDOS SOBRE A LINGUAGEM";"";"";"ATIVO";"LATO SENSU";"";"Presencial";"";"";"";"";"";"";"138";"DEPARTAMENTO DE LETRAS";"";"";"";"";"";""
"124294922";"ESPECIALIZAÇÃO EM TERAPIA COGNITIVO-COMPORTAMENTAL";"";"";"";"LATO SENSU";"";"Presencial";"";"";"";"";"";"";"143";"DEPARTAMENTO DE PSICOLOGIA";"";"";"";"";"";""
"91702313";"ESPECIALIZAÇÃO EM TERAPIA COGNITIVO-COMPORTAMENTAL";"";"";"ATIVO";"LATO SENSU";"";"Presencial";"";"";"";"";"";"";"143";"DEPARTAMENTO DE PSICOLOGIA";"";"";"";"";"";""
"108221947";"ESPECIALIZAÇÃO EM TERAPIA COGNITIVO-COMPORTAMENTAL";"";"";"";"LATO SENSU";"";"Presencial";"";"";"";"";"";"";"143";"DEPARTAMENTO DE PSICOLOGIA";"";"";"";"";"";""
"115051086";"ESPECIALIZAÇÃO EM TERAPIA INTENSIVA EM ENFERMAGEM";"";"";"";"LATO SENSU";"";"Presencial";"";"";"";"";"";"";"205";"ESCOLA DE SAÚDE";"";"";"";"";"";""
"136927939";"ESPECIALIZAÇÃO EM TREINAMENTO DE FORÇA";"";"";"";"LATO SENSU";"";"Presencial";"";"";"";"";"";"";"5591";"PROGRAMA DE PÓS-GRADUAÇÃO EM EDUCAÇÃO FÍSICA";"";"";"";"";"";""
"108920134";"ESPECIALIZAÇÃO EM TREINAMENTO DE FORÇA";"";"";"";"LATO SENSU";"";"Presencial";"";"";"";"";"";"";"199";"DEPARTAMENTO DE EDUCAÇÃO FÍSICA";"";"";"";"";"";""
"168425670";"ESPECIALIZAÇÃO EM TREINAMENTO DE FORÇA";"";"";"";"LATO SENSU";"";"Presencial";"";"";"";"";"";"";"5591";"PROGRAMA DE PÓS-GRADUAÇÃO EM EDUCAÇÃO FÍSICA";"";"";"";"";"";""
"121221352";"ESPECIALIZAÇÃO EM TREINAMENTO DE FORÇA - 2ª TURMA";"";"";"";"LATO SENSU";"";"Presencial";"";"";"";"";"";"";"199";"DEPARTAMENTO DE EDUCAÇÃO FÍSICA";"";"";"";"";"";""
"121413932";"ESPECIALIZAÇÃO EM TREINAMENTO DE FORÇA  TURMA II";"";"";"";"LATO SENSU";"";"Presencial";"";"";"";"";"";"";"199";"DEPARTAMENTO DE EDUCAÇÃO FÍSICA";"";"";"";"";"";""
"112435050";"ESPECIALIZAÇÃO EM TURISMO";"";"";"";"LATO SENSU";"";"Presencial";"";"";"";"";"";"";"236";"CERES - DEPTO CIÊNCIAS SOCIAIS E HUMANAS";"";"";"";"";"";""
"135835524";"ESPECIALIZAÇÃO EM TURISMO E DESENVOLVIMENTO REGIONAL";"";"";"";"LATO SENSU";"";"Semi-Presencial";"";"";"";"";"";"";"236";"CERES - DEPTO CIÊNCIAS SOCIAIS E HUMANAS";"";"";"";"";"";""
"169515331";"ESPECIALIZAÇÃO EM TURISMO RESPONSÁVEL";"";"";"";"LATO SENSU";"";"A Distância";"";"";"";"";"";"";"4295";"PROGRAMA DE PÓS-GRADUAÇÃO EM TURISMO";"";"";"";"";"";""
"162925787";"ESPECIALIZAÇÃO EM URGÊNCIA E EMERGÊNCIA EM ENFERMAGEM";"";"";"";"LATO SENSU";"";"Presencial";"";"";"";"";"";"";"4890";"FACULDADE DE CIÊNCIAS DA SAÚDE DO TRAIRI - FACISA";"";"";"";"";"";""
"128572087";"ESPECIALIZAÇÃO EM URGÊNCIA E EMERGÊNCIA EM ENFERMAGEM";"";"";"";"LATO SENSU";"";"Presencial";"";"";"";"";"";"";"205";"ESCOLA DE SAÚDE";"";"";"";"";"";""
"3430702";"ESPECIALIZAÇÃO EM VIGILÂNCIA SANITÁRIA";"";"";"ATIVO";"LATO SENSU";"";"Presencial";"";"";"";"";"";"";"205";"ESCOLA DE SAÚDE";"";"";"";"";"";""
"96911886";"ESPECIALIZAÇÃO INIC. ESPORTIVA:BASES FISIOLÓGICAS PEDAGÓGICAS NO DESENV. HUMANO";"";"";"ATIVO";"LATO SENSU";"";"Presencial";"";"";"";"";"";"";"199";"DEPARTAMENTO DE EDUCAÇÃO FÍSICA";"";"";"";"";"";""
"117029625";"ESPECIALIZAÇÃO MBA EM CONTROLADORIA, FINANÇAS E CONTABILIDADE NO SETOR PÚBLICO";"";"";"";"LATO SENSU";"";"Presencial";"";"";"";"";"";"";"163";"DEPARTAMENTO DE CIÊNCIAS CONTÁBEIS - DCC";"";"";"";"";"";""
"125826893";"ESPECIALIZAÇÃO MBA EM DESIGN DE INOVAÇÃO";"";"";"";"LATO SENSU";"";"Presencial";"";"";"";"";"";"";"9109";"PROGRAMA DE PÓS-GRADUAÇÃO EM CIÊNCIA, TECNOLOGIA E INOVAÇÃO";"";"";"";"";"";""
"127177289";"ESPECIALIZAÇÃO MBA EM DESIGN: INDUSTRIA 4.0";"";"";"";"LATO SENSU";"";"Presencial";"";"";"";"";"";"";"9109";"PROGRAMA DE PÓS-GRADUAÇÃO EM CIÊNCIA, TECNOLOGIA E INOVAÇÃO";"";"";"";"";"";""
"174265470";"ESPECIALIZAÇÃO NEUROPSICOPEDAGOGIA INSTIT. E EDU. ESPECIAL NA PERSP. DA INCLUSÃO";"5760796";"ETIENNE LAUTENSCHLAGER";"";"LATO SENSU";"";"Remoto";"";"";"";"";"";"";"4880";"DEPARTAMENTO DE EDUCAÇÃO - CERES";"";"";"";"";"";""
"160271099";"ESPECIALIZAÇÃO NEUROPSICOPEDAGOGIA INSTIT. E EDU. ESPECIAL NA PERSP. DA INCLUSÃO";"";"";"";"LATO SENSU";"";"Presencial";"";"";"";"";"";"";"4880";"DEPARTAMENTO DE EDUCAÇÃO - CERES";"";"";"";"";"";""
"1403270";"ESPECIALIZAÇÃO TÉCNICA DE ENFERMAGEM EM UNIDADE DE TERAPIA INTENSIVA";"";"";"ATIVO";"TÉCNICO";"";"Presencial";"";"";"";"";"NATAL";"";"205";"ESCOLA DE SAÚDE";"";"";"";"";"";""
"18054220";"ESPECIALIZAÇÃO TECNICA EM ENFERMAGEM DO TRABALHO";"";"";"ATIVO";"TÉCNICO";"";"Presencial";"";"";"";"";"NATAL";"";"205";"ESCOLA DE SAÚDE";"";"";"";"";"";""
"2000034";"ESTATÍSTICA";"5756291";"LUZ MILENA ZEA FERNANDEZ";"ATIVO";"GRADUAÇÃO";"BACHARELADO";"Presencial";"Ciências Exatas e da Terra";"Regular";"Matutino";"Generalista";"NATAL";"Campus Central";"439";"CENTRO DE CIÊNCIAS EXATAS E DA TERRA";"http://www.estatistica.ccet.ufrn.br/";"1974/03/01 00:00:00.000";"12337";"2017/06/26 00:00:00.000";"Portaria nº 628";""
"4808457";"ESTUDOS TRANSDISCIPLINARES DO TEXTO";"";"";"ATIVO";"LATO SENSU";"";"Presencial";"";"";"";"";"";"";"138";"DEPARTAMENTO DE LETRAS";"";"";"";"";"";""
"10601100";"Etica Profissional";"";"";"ATIVO";"LATO SENSU";"";"Presencial";"";"";"";"";"NATAL";"";"1698";"COOPERATIVA CULTURAL DA UFRN";"";"";"";"";"";""
"2000039";"FARMÁCIA";"24386";"TELMA MARIA ARAUJO MOURA LEMOS";"ATIVO";"GRADUAÇÃO";"BACHARELADO";"Presencial";"Ciências da Saúde";"Regular";"Matutino e Vespertino";"Generalista";"NATAL";"Campus Central";"441";"CENTRO DE CIÊNCIAS DA SAÚDE";"http://www.farmacia.ccs.ufrn.br/";"1923/01/08 00:00:00.000";"12328";"2018/03/02 00:00:00.000";"Portaria Nº 133/2018 - MEC";""
"111635047";"FILOSOFIA";"22893";"SERGIO EDUARDO LIMA DA SILVA";"ATIVO";"GRADUAÇÃO";"LICENCIATURA";"Presencial";"Lingüística, Letras e Artes";"Regular";"Noturno";"Generalista";"NATAL";"Campus Central";"442";"CENTRO DE CIÊNCIAS HUMANAS, LETRAS E ARTES";"http://www.cchla.ufrn.br/filosofia/";"1980/01/02 00:00:00.000";"312321";"2018/12/28 00:00:00.000";"Portaria MEC/SERES Nº 922/2018";""
"2000040";"FILOSOFIA";"5754407";"BRUNO RAFAELO LOPES VAZ";"ATIVO";"GRADUAÇÃO";"BACHARELADO";"Presencial";"Lingüística, Letras e Artes";"Regular";"Noturno";"Generalista";"NATAL";"Campus Central";"442";"CENTRO DE CIÊNCIAS HUMANAS, LETRAS E ARTES";"http://www.cchla.ufrn.br/filosofia/";"1980/01/02 00:00:00.000";"12321";"2015/12/30 00:00:00.000";"Portaria nº 1098/2015 - DIREG/MEC";""
"89826704";"FINANÇAS";"";"";"ATIVO";"LATO SENSU";"";"Presencial";"";"";"";"";"";"";"74";"PROGRAMA DE PÓS-GRADUAÇÃO EM ADMINISTRAÇÃO";"";"";"";"";"";""
"90021814";"FINANÇAS";"";"";"ATIVO";"LATO SENSU";"";"Presencial";"";"";"";"";"";"";"74";"PROGRAMA DE PÓS-GRADUAÇÃO EM ADMINISTRAÇÃO";"";"";"";"";"";""
"90045186";"FINANÇAS";"";"";"ATIVO";"LATO SENSU";"";"Presencial";"";"";"";"";"";"";"74";"PROGRAMA DE PÓS-GRADUAÇÃO EM ADMINISTRAÇÃO";"";"";"";"";"";""
"90057719";"FINANÇAS";"";"";"ATIVO";"LATO SENSU";"";"Presencial";"";"";"";"";"";"";"74";"PROGRAMA DE PÓS-GRADUAÇÃO EM ADMINISTRAÇÃO";"";"";"";"";"";""
"90028754";"FINANÇAS";"";"";"ATIVO";"LATO SENSU";"";"Presencial";"";"";"";"";"";"";"74";"PROGRAMA DE PÓS-GRADUAÇÃO EM ADMINISTRAÇÃO";"";"";"";"";"";""
"90051524";"FINANÇAS";"";"";"ATIVO";"LATO SENSU";"";"Presencial";"";"";"";"";"";"";"74";"PROGRAMA DE PÓS-GRADUAÇÃO EM ADMINISTRAÇÃO";"";"";"";"";"";""
"90051527";"FINANÇAS";"";"";"ATIVO";"LATO SENSU";"";"Presencial";"";"";"";"";"";"";"74";"PROGRAMA DE PÓS-GRADUAÇÃO EM ADMINISTRAÇÃO";"";"";"";"";"";""
"90026936";"FINANÇAS";"";"";"ATIVO";"LATO SENSU";"";"Presencial";"";"";"";"";"";"";"74";"PROGRAMA DE PÓS-GRADUAÇÃO EM ADMINISTRAÇÃO";"";"";"";"";"";""
"90023843";"FINANÇAS";"";"";"ATIVO";"LATO SENSU";"";"Presencial";"";"";"";"";"";"";"74";"PROGRAMA DE PÓS-GRADUAÇÃO EM ADMINISTRAÇÃO";"";"";"";"";"";""
"164198531";"FINANÇAS CORPORATIVAS";"";"";"";"LATO SENSU";"";"Semi-Presencial";"";"";"";"";"";"";"9066";"PROGRAMA DE PÓS-GRADUAÇÃO EM CIÊNCIAS CONTÁBEIS";"";"";"";"";"";""
"111635050";"FÍSICA";"5751879";"JULIANA MESQUITA HIDALGO FERREIRA";"ATIVO";"GRADUAÇÃO";"LICENCIATURA";"Presencial";"Ciências Exatas e da Terra";"Regular";"Matutino, Vespertino e Noturno";"Generalista";"NATAL";"Campus Central";"439";"CENTRO DE CIÊNCIAS EXATAS E DA TERRA";"http://www.dfte.ufrn.br/";"1969/03/01 00:00:00.000";"312334";"2018/12/28 00:00:00.000";"Portaria MEC/SERES Nº 922/2018";""
"2000124";"FÍSICA";"5752237";"BRUNO LEONARDO CANTO MARTINS";"ATIVO";"GRADUAÇÃO";"LICENCIATURA";"A Distância";"Ciências Exatas e da Terra";"Regular";"Matutino, Vespertino e Noturno";"Generalista";"NATAL";"";"439";"CENTRO DE CIÊNCIAS EXATAS E DA TERRA";"";"1969/03/01 00:00:00.000";"99892";"2013/06/03 00:00:00.000";"Portaria nº 244/2013 - MEC";""
"2000041";"FÍSICA";"5759393";"LEONARDO DANTAS MACHADO";"ATIVO";"GRADUAÇÃO";"BACHARELADO";"Presencial";"Ciências Exatas e da Terra";"Regular";"Matutino, Vespertino e Noturno";"Generalista";"NATAL";"Campus Central";"439";"CENTRO DE CIÊNCIAS EXATAS E DA TERRA";"http://www.dfte.ufrn.br/";"1969/03/01 00:00:00.000";"12334";"2018/12/28 00:00:00.000";"Portaria MEC/SERES Nº 922/2018";""
"2000042";"FISIOTERAPIA";"5752176";"ADRIANA GOMES MAGALHAES";"ATIVO";"GRADUAÇÃO";"BACHARELADO";"Presencial";"Ciências da Saúde";"Regular";"Matutino e Vespertino";"Generalista";"NATAL";"Campus Central";"441";"CENTRO DE CIÊNCIAS DA SAÚDE";"";"1978/06/12 00:00:00.000";"12331";"2018/03/02 00:00:00.000";"Portaria Nº 133/2018 - MEC";""
"10345860";"FISIOTERAPIA";"5761572";"CATHARINNE ANGELICA CARVALHO DE FARIAS";"ATIVO";"GRADUAÇÃO";"BACHARELADO";"Presencial";"Ciências da Saúde";"Regular";"";"Generalista";"SANTA CRUZ";"";"4890";"FACULDADE DE CIÊNCIAS DA SAÚDE DO TRAIRI - FACISA";"http://prograd.ufrn.br/";"";"116752";"2018/03/02 00:00:00.000";"Portaria Nº 133/2018 - MEC";""
"89970992";"FISIOTERAPIA CARDIORRESPIRATORIA";"";"";"ATIVO";"LATO SENSU";"";"Presencial";"";"";"";"";"";"";"201";"DEPARTAMENTO DE FISIOTERAPIA";"";"";"";"";"";""
"2689633";"FISIOTERAPIA MATERNOINFANTIL";"";"";"ATIVO";"LATO SENSU";"";"Presencial";"";"";"";"";"";"";"201";"DEPARTAMENTO DE FISIOTERAPIA";"";"";"";"";"";""
"85898233";"FISIOTERAPIA TRAUMATO-ORTOPÉDICA E DESPORTIVA";"";"";"ATIVO";"LATO SENSU";"";"Presencial";"";"";"";"";"";"";"201";"DEPARTAMENTO DE FISIOTERAPIA";"";"";"";"";"";""
"131773400";"FISIOTERAPIA TRAUMATO-ORTOPÉDICA E ESPORTIVA - TURMA 5";"";"";"ATIVO";"LATO SENSU";"";"Presencial";"";"";"";"";"";"";"201";"DEPARTAMENTO DE FISIOTERAPIA";"";"";"";"";"";""
"176643956";"FISIOTERAPIA TRAUMATO-ORTOPÉDICA E ESPORTIVA - TURMA 7";"5752154";"WOUBER HÉRICKSON DE BRITO VIEIRA";"ATIVO";"LATO SENSU";"";"Presencial";"";"";"";"";"";"";"201";"DEPARTAMENTO DE FISIOTERAPIA";"";"";"";"";"";""
"7386870";"fonoaudiologia";"";"";"ATIVO";"LATO SENSU";"";"Presencial";"";"";"";"";"NATAL";"";"2828";"HUOL - DEPARTAMENTO DE CIRURGIA";"";"";"";"";"";""
"7410980";"FONOAUDIOLOGIA";"5761575";"PATRICIA DOMINGUEZ CAMPOS";"ATIVO";"GRADUAÇÃO";"BACHARELADO";"Presencial";"Ciências da Saúde";"Regular";"";"Generalista";"NATAL";"";"441";"CENTRO DE CIÊNCIAS DA SAÚDE";"http://www.prograd.ufrn.br";"";"116764";"2018/03/02 00:00:00.000";"Portaria Nº 133/2018 - MEC";""
"89983484";"FORMAÇÃO DE ESTAGIÁRIOS DE LÍNGUA INGLESA";"";"";"ATIVO";"FORMAÇÃO COMPLEMENTAR";"";"Presencial";"";"";"";"";"NATAL";"";"6042";"INSTITUTO ÁGORA - LÍNGUAS, LITERATURAS E CULTURAS ESTRANGEIRAS MODERNAS";"";"";"";"";"";""
"89983502";"FORMAÇÃO DE ESTAGIÁRIOS EM LÍNGUA ALEMÃ";"";"";"ATIVO";"FORMAÇÃO COMPLEMENTAR";"";"Presencial";"";"";"";"";"NATAL";"";"6042";"INSTITUTO ÁGORA - LÍNGUAS, LITERATURAS E CULTURAS ESTRANGEIRAS MODERNAS";"";"";"";"";"";""
"89983497";"FORMAÇÃO DE ESTAGIÁRIOS EM LÍNGUA ESPANHOLA";"";"";"ATIVO";"FORMAÇÃO COMPLEMENTAR";"";"Presencial";"";"";"";"";"NATAL";"";"6042";"INSTITUTO ÁGORA - LÍNGUAS, LITERATURAS E CULTURAS ESTRANGEIRAS MODERNAS";"";"";"";"";"";""
"89983491";"FORMAÇÃO DE ESTAGIÁRIOS EM LÍNGUA FRANCESA";"";"";"ATIVO";"FORMAÇÃO COMPLEMENTAR";"";"Presencial";"";"";"";"";"NATAL";"";"6042";"INSTITUTO ÁGORA - LÍNGUAS, LITERATURAS E CULTURAS ESTRANGEIRAS MODERNAS";"";"";"";"";"";""
"89983505";"FORMAÇÃO DE ESTAGIÁRIOS EM LÍNGUA JAPONESA";"";"";"ATIVO";"FORMAÇÃO COMPLEMENTAR";"";"Presencial";"";"";"";"";"NATAL";"";"6042";"INSTITUTO ÁGORA - LÍNGUAS, LITERATURAS E CULTURAS ESTRANGEIRAS MODERNAS";"";"";"";"";"";""
"89983500";"FORMAÇÃO DE ESTAGIÁRIOS EM LÍNGUA PORTUGUESA";"";"";"ATIVO";"FORMAÇÃO COMPLEMENTAR";"";"Presencial";"";"";"";"";"NATAL";"";"6042";"INSTITUTO ÁGORA - LÍNGUAS, LITERATURAS E CULTURAS ESTRANGEIRAS MODERNAS";"";"";"";"";"";""
"127903029";"FORMAÇÃO DE PROFESSORES DA ÁREA DA SAÚDE";"";"";"";"LATO SENSU";"";"Semi-Presencial";"";"";"";"";"";"";"195";"DEPARTAMENTO DE ODONTOLOGIA";"";"";"";"";"";""
"16850590";"FRANCISCA SUELI MONTE";"";"";"ATIVO";"LATO SENSU";"";"Presencial";"";"";"";"";"";"";"196";"DEPARTAMENTO DE FARMACIA";"";"";"";"";"";""
"117828098";"FUNDAMENTOS LINGUÍSTICOS PARA O ENSINO DA LEITURA E DA ESCRITA";"";"";"";"LATO SENSU";"";"Presencial";"";"";"";"";"";"";"138";"DEPARTAMENTO DE LETRAS";"";"";"";"";"";""
"165779587";"FUNDAMENTOS LINGUÍSTICOS PARA O ENSINO DA LEITURA E DA ESCRITA";"";"";"";"LATO SENSU";"";"Remoto";"";"";"";"";"";"";"138";"DEPARTAMENTO DE LETRAS";"";"";"";"";"";""
"148577263";"FUNDAMENTOS LINGUÍSTICOS PARA O ENSINO DA LEITURA E DA ESCRITA";"";"";"";"LATO SENSU";"";"Semi-Presencial";"";"";"";"";"";"";"138";"DEPARTAMENTO DE LETRAS";"";"";"";"";"";""
"166405055";"FUNDAMENTOS LINGUÍSTICOS PARA O ENSINO DA LEITURA E DA ESCRITA";"";"";"";"LATO SENSU";"";"Remoto";"";"";"";"";"";"";"138";"DEPARTAMENTO DE LETRAS";"";"";"";"";"";""
"148590813";"FUNDAMENTOS LINGUÍSTICOS PARA O ENSINO DA LEITURA E DA ESCRITA";"";"";"";"LATO SENSU";"";"Semi-Presencial";"";"";"";"";"";"";"138";"DEPARTAMENTO DE LETRAS";"";"";"";"";"";""
"182162639";"FUNDAMENTOS LINGUÍTICOS PARA O ENSINO DA LEITURA E DA ESCRITA";"";"";"";"LATO SENSU";"";"Semi-Presencial";"";"";"";"";"";"";"138";"DEPARTAMENTO DE LETRAS";"";"";"";"";"";""
"182316245";"FUNDAMENTOS LINGUÍTICOS PARA O ENSINO DA LEITURA E DA ESCRITA";"5752278";"SULEMI FABIANO CAMPOS";"";"LATO SENSU";"";"A Distância";"";"";"";"";"";"";"138";"DEPARTAMENTO DE LETRAS";"";"";"";"";"";""
"2936390";"GEOFÍSICA";"5754285";"MILTON MORAIS XAVIER JUNIOR";"ATIVO";"GRADUAÇÃO";"BACHARELADO";"Presencial";"Ciências Exatas e da Terra";"Regular";"Matutino e Vespertino";"Generalista";"NATAL";"";"439";"CENTRO DE CIÊNCIAS EXATAS E DA TERRA";"http://www.prograd.ufrn.br";"2008/02/18 00:00:00.000";"113096";"2018/11/26 00:00:00.000";"PORTARIA MEC Nº 823";""
"2000044";"GEOGRAFIA";"5763265";"ANTONIO RODRIGUES XIMENES NETO";"ATIVO";"GRADUAÇÃO";"BACHARELADO";"Presencial";"Ciências Humanas";"Regular";"Matutino e Vespertino";"Generalista";"CAICÓ";"Campus Caicó";"1482";"CENTRO DE  ENSINO SUPERIOR DO SERIDÓ";"";"1974/03/11 00:00:00.000";"1083438";"2018/12/28 00:00:00.000";"Portaria MEC/SERES Nº 922/2018";""
"2671321";"GEOGRAFIA";"5754334";"EDU SILVESTRE DE ALBUQUERQUE";"ATIVO";"GRADUAÇÃO";"LICENCIATURA";"A Distância";"Ciências Humanas";"Regular";"Matutino, Vespertino e Noturno";"Generalista";"NATAL";"";"442";"CENTRO DE CIÊNCIAS HUMANAS, LETRAS E ARTES";"http://prograd.ufrn.br/";"2007/10/01 00:00:00.000";"111314";"2018/12/28 00:00:00.000";"Portaria MEC/SERES Nº 913/2018";""
"111635053";"GEOGRAFIA";"3029296";"PAULO CESAR DE ARAUJO";"ATIVO";"GRADUAÇÃO";"LICENCIATURA";"Presencial";"Ciências Exatas e da Terra";"Regular";"Matutino e Noturno";"Generalista";"NATAL";"Campus Central";"442";"CENTRO DE CIÊNCIAS HUMANAS, LETRAS E ARTES";"http://prograd.ufrn.br/";"1956/03/07 00:00:00.000";"312323";"2018/12/28 00:00:00.000";"Portaria MEC/SERES Nº 922/2018";""
"111635055";"GEOGRAFIA";"5761594";"DAVI DO VALE LOPES";"ATIVO";"GRADUAÇÃO";"LICENCIATURA";"Presencial";"Ciências Humanas";"Regular";"Matutino e Vespertino";"Generalista";"CAICÓ";"Campus Caicó";"1482";"CENTRO DE  ENSINO SUPERIOR DO SERIDÓ";"";"1974/03/11 00:00:00.000";"12351";"2015/12/30 00:00:00.000";"Portaria nº 1098/2015 - DIREG/MEC";""
"2000043";"GEOGRAFIA";"5751985";"MARCELO DOS SANTOS CHAVES";"ATIVO";"GRADUAÇÃO";"BACHARELADO";"Presencial";"Ciências Exatas e da Terra";"Regular";"Matutino e Noturno";"Generalista";"NATAL";"Campus Central";"442";"CENTRO DE CIÊNCIAS HUMANAS, LETRAS E ARTES";"http://prograd.ufrn.br/";"1956/03/07 00:00:00.000";"12323";"2018/12/28 00:00:00.000";"Portaria MEC/SERES Nº 922/2018";""
"2000045";"GEOLOGIA";"22730";"FRANCISCO OLIVEIRA DA SILVA";"ATIVO";"GRADUAÇÃO";"BACHARELADO";"Presencial";"Ciências Exatas e da Terra";"Regular";"Matutino e Vespertino";"Generalista";"NATAL";"Campus Central";"439";"CENTRO DE CIÊNCIAS EXATAS E DA TERRA";"http://www.ccet.ufrn.br/hp_geo/";"1976/06/12 00:00:00.000";"12336";"2017/08/07 00:00:00.000";"PORTARIA nº 847/2017 - MEC";""
"106263062";"GEOTECNIA-FUNDAÇÕES";"";"";"";"LATO SENSU";"";"Presencial";"";"";"";"";"";"";"52";"DEPARTAMENTO DE ENGENHARIA CIVIL E AMBIENTAL";"";"";"";"";"";""
"177131387";"GERONTOLOGIA";"23112";"GILSON DE VASCONCELOS TORRES";"";"LATO SENSU";"";"Presencial";"";"";"";"";"";"";"198";"DEPARTAMENTO DE ENFERMAGEM";"";"";"";"";"";""
"115231399";"GERONTOLOGIA";"";"";"";"LATO SENSU";"";"Presencial";"";"";"";"";"";"";"201";"DEPARTAMENTO DE FISIOTERAPIA";"";"";"";"";"";""
"95652568";"GESTAO AMBIENTAL COSTEIRA";"";"";"ATIVO";"LATO SENSU";"";"Presencial";"";"";"";"";"";"";"180";"DEPARTAMENTO DE OCEANOGRAFIA E LIMNOLOGIA";"";"";"";"";"";""
"2513900";"GESTÃO AMBIENTAL URBANA";"";"";"ATIVO";"LATO SENSU";"";"Presencial";"";"";"";"";"NATAL";"";"142";"DEPARTAMENTO DE GEOGRAFIA/CCHLA";"";"";"";"";"";""
"2279476";" GESTÃO CONTÁBIL GOVERNAMENTAL";"";"";"ATIVO";"LATO SENSU";"";"A Distância";"";"";"";"";"";"";"163";"DEPARTAMENTO DE CIÊNCIAS CONTÁBEIS - DCC";"";"";"";"";"";""
"14026060";"GESTÃO DA TECNOLOGIA DA INFORMAÇÃO";"";"";"ATIVO";"LATO SENSU";"";"Presencial";"";"";"";"";"";"";"74";"PROGRAMA DE PÓS-GRADUAÇÃO EM ADMINISTRAÇÃO";"";"";"";"";"";""
"96726786";"GESTÃO DE COOPERATIVAS";"23198";"WASHINGTON JOSE DE SOUSA";"ATIVO";"GRADUAÇÃO";"TECNOLÓGICO";"Presencial";"Ciências Sociais Aplicadas";"Temporário";"";"Generalista";"NATAL";"";"443";"CENTRO DE CIÊNCIAS SOCIAIS APLICADAS";"adelardo";"";"1259743";"2015/12/24 00:00:00.000";"Portaria nº 1033/2015 - DIREG/MEC";""
"156984071";"GESTÃO DE INOVAÇÃO JUDICIAL";"";"";"";"LATO SENSU";"";"Remoto";"";"";"";"";"";"";"161";"DEPARTAMENTO DE CIÊNCIAS ADMINISTRATIVAS - DEPAD";"";"";"";"";"";""
"156991186";"GESTÃO DE INOVAÇÃO JUDICIAL";"";"";"";"LATO SENSU";"";"Remoto";"";"";"";"";"";"";"161";"DEPARTAMENTO DE CIÊNCIAS ADMINISTRATIVAS - DEPAD";"";"";"";"";"";""
"156492636";"GESTÃO DE INOVAÇÃO JUDICIAL";"";"";"";"LATO SENSU";"";"Presencial";"";"";"";"";"";"";"74";"PROGRAMA DE PÓS-GRADUAÇÃO EM ADMINISTRAÇÃO";"";"";"";"";"";""
"156492495";"GESTÃO DE INOVAÇÃO JUDICIAL";"";"";"";"LATO SENSU";"";"Presencial";"";"";"";"";"";"";"74";"PROGRAMA DE PÓS-GRADUAÇÃO EM ADMINISTRAÇÃO";"";"";"";"";"";""
"182903730";"GESTÃO DE PESSOAS E INOVAÇÃO NA SEGURANÇA PÚBLICA";"5757853";"MARCOS FERNANDO MACHADO DE MEDEIROS";"";"LATO SENSU";"";"Semi-Presencial";"";"";"";"";"";"";"11612";"DEPARTAMENTO DE ADMINISTRAÇÃO PUBLICA E GESTÃO SOCIAL";"";"";"";"";"";""
"10426760";"GESTÃO DE POLÍTICAS PÚBLICAS";"5761071";"RAQUEL MARIA DA COSTA SILVEIRA";"ATIVO";"GRADUAÇÃO";"BACHARELADO";"Presencial";"Ciências Humanas";"Regular";"";"Generalista";"NATAL";"";"442";"CENTRO DE CIÊNCIAS HUMANAS, LETRAS E ARTES";"http://www.cchla.ufrn.br";"";"116928";"2013/11/20 00:00:00.000";"Portaria nº 603/2013 - MEC";""
"121196477";"GESTÃO DE PROCESSOS";"";"";"";"LATO SENSU";"";"Presencial";"";"";"";"";"";"";"161";"DEPARTAMENTO DE CIÊNCIAS ADMINISTRATIVAS - DEPAD";"";"";"";"";"";""
"121301194";"GESTÃO DE PROCESSOS";"";"";"";"LATO SENSU";"";"Presencial";"";"";"";"";"";"";"161";"DEPARTAMENTO DE CIÊNCIAS ADMINISTRATIVAS - DEPAD";"";"";"";"";"";""
"121608550";"GESTÃO DE PROCESSOS";"";"";"";"LATO SENSU";"";"Presencial";"";"";"";"";"";"";"161";"DEPARTAMENTO DE CIÊNCIAS ADMINISTRATIVAS - DEPAD";"";"";"";"";"";""
"121621462";"GESTÃO DE PROCESSOS";"";"";"";"LATO SENSU";"";"Presencial";"";"";"";"";"";"";"161";"DEPARTAMENTO DE CIÊNCIAS ADMINISTRATIVAS - DEPAD";"";"";"";"";"";""
"115153604";"GESTÃO DE PROCESSOS";"";"";"";"LATO SENSU";"";"Presencial";"";"";"";"";"";"";"74";"PROGRAMA DE PÓS-GRADUAÇÃO EM ADMINISTRAÇÃO";"";"";"";"";"";""
"130598383";"GESTÃO DINÂMICA DE PROJETOS";"";"";"";"LATO SENSU";"";"Presencial";"";"";"";"";"";"";"161";"DEPARTAMENTO DE CIÊNCIAS ADMINISTRATIVAS - DEPAD";"";"";"";"";"";""
"130644692";"GESTÃO DINÂMICA DE PROJETOS";"";"";"";"LATO SENSU";"";"Presencial";"";"";"";"";"";"";"161";"DEPARTAMENTO DE CIÊNCIAS ADMINISTRATIVAS - DEPAD";"";"";"";"";"";""
"126757910";"GESTÃO DO TRABALHO E DA EDUCAÇÃO NA SAÚDE";"";"";"";"LATO SENSU";"";"A Distância";"";"";"";"";"";"";"202";"DEPARTAMENTO DE SAÚDE COLETIVA";"";"";"";"";"";""
"3095921";"GESTÃO DO TRABALHO E DA EDUCAÇÃO NA SAÚDE.";"";"";"ATIVO";"LATO SENSU";"";"Semi-Presencial";"";"";"";"";"";"";"202";"DEPARTAMENTO DE SAÚDE COLETIVA";"";"";"";"";"";""
"129707729";"GESTÃO EM SAÚDE";"";"";"";"LATO SENSU";"";"A Distância";"";"";"";"";"";"";"205";"ESCOLA DE SAÚDE";"";"";"";"";"";""
"180970037";"GESTÃO ESCOLAR NA PERSPECTIVA DA EDUCAÇÃO ESPECIAL INCLUSIVA";"5756475";"KATIENE SYMONE DE BRITO PESSOA DA SILVA";"";"LATO SENSU";"";"A Distância";"";"";"";"";"";"";"30546";"PROGRAMA DE PÓS-GRADUAÇÃO EM EDUCAÇÃO ESPECIAL";"";"";"";"";"";""
"178749418";"GESTÃO ESCOLAR NA PERSPECTIVA DA EDUCAÇÃO ESPECIAL INCLUSIVA";"";"";"";"LATO SENSU";"";"Semi-Presencial";"";"";"";"";"";"";"1483";"PRÓ-REITORIA DE PÓS GRADUAÇÃO";"";"";"";"";"";""
"98732711";"GESTÃO ESTRATÉGICA";"";"";"ATIVO";"LATO SENSU";"";"A Distância";"";"";"";"";"";"";"74";"PROGRAMA DE PÓS-GRADUAÇÃO EM ADMINISTRAÇÃO";"";"";"";"";"";""
"120659688";"GESTÃO ESTRATÉGICA DE NEGÓCIOS";"";"";"";"LATO SENSU";"";"Presencial";"";"";"";"";"";"";"236";"CERES - DEPTO CIÊNCIAS SOCIAIS E HUMANAS";"";"";"";"";"";""
"151328159";"GESTÃO ESTRATÉGICA DE PESSOAS";"";"";"";"LATO SENSU";"";"Remoto";"";"";"";"";"";"";"161";"DEPARTAMENTO DE CIÊNCIAS ADMINISTRATIVAS - DEPAD";"";"";"";"";"";""
"151215366";"GESTÃO ESTRATÉGICA DE PESSOAS";"";"";"";"LATO SENSU";"";"Remoto";"";"";"";"";"";"";"161";"DEPARTAMENTO DE CIÊNCIAS ADMINISTRATIVAS - DEPAD";"";"";"";"";"";""
"904142";"GESTÃO ESTRATÉGICA DE SISTEMAS DE INFORMAÇÃO";"";"";"ATIVO";"LATO SENSU";"";"Presencial";"";"";"";"";"NATAL";"";"63";"DEPARTAMENTO DE CIÊNCIA DA INFORMAÇÃO";"";"";"";"";"";""
"14940010";"GESTÃO ESTRATÉGICA DE SISTEMAS DE INFORMAÇÃO";"";"";"ATIVO";"LATO SENSU";"";"Presencial";"";"";"";"";"";"";"63";"DEPARTAMENTO DE CIÊNCIA DA INFORMAÇÃO";"";"";"";"";"";""
"84933830";"GESTÃO ESTRATÉGICA DO TURISMO";"";"";"ATIVO";"LATO SENSU";"";"Presencial";"";"";"";"";"";"";"4295";"PROGRAMA DE PÓS-GRADUAÇÃO EM TURISMO";"";"";"";"";"";""
"2000159";"GESTÃO HOSPITALAR";"5756366";"PETALA TUANI CANDIDO DE OLIVEIRA SALVADOR";"ATIVO";"GRADUAÇÃO";"TECNOLÓGICO";"Presencial";"Ciências da Saúde";"Regular";"Matutino, Vespertino e Noturno";"Generalista";"NATAL";"Campus Central";"205";"ESCOLA DE SAÚDE";"";"2020/01/01 00:00:00.000";"1109331";"2018/03/02 00:00:00.000";"Portaria Nº 133/2018 - MEC";""
"139036600";"GESTÃO INTERNACIONAL DA TECNOLOGIA E DA INOVAÇÃO";"";"";"";"LATO SENSU";"";"A Distância";"";"";"";"";"";"";"6069";"INSTITUTO METROPOLE DIGITAL";"";"";"";"";"";""
"167875361";"GESTÃO MUNICIPAL (N)";"";"";"";"FORMAÇÃO COMPLEMENTAR";"";"Presencial";"";"";"";"";"NATAL";"";"1824";"INSTITUTO DE POLÍTICAS PÚBLICAS";"";"";"";"";"";""
"167875360";"GESTÃO MUNICIPAL (T)";"";"";"";"FORMAÇÃO COMPLEMENTAR";"";"Presencial";"";"";"";"";"NATAL";"";"1824";"INSTITUTO DE POLÍTICAS PÚBLICAS";"";"";"";"";"";""
"167875323";"GESTÃO PARTICIPATIVA E CONTROLE SOCIAL (N)";"";"";"";"FORMAÇÃO COMPLEMENTAR";"";"Presencial";"";"";"";"";"NATAL";"";"1824";"INSTITUTO DE POLÍTICAS PÚBLICAS";"";"";"";"";"";""
"167854642";"GESTÃO PARTICIPATIVA E CONTROLE SOCIAL (T)";"";"";"";"FORMAÇÃO COMPLEMENTAR";"";"Presencial";"";"";"";"";"NATAL";"";"1824";"INSTITUTO DE POLÍTICAS PÚBLICAS";"";"";"";"";"";""
"175758291";"GESTÃO PÚBLICA";"";"";"";"LATO SENSU";"";"A Distância";"";"";"";"";"";"";"161";"DEPARTAMENTO DE CIÊNCIAS ADMINISTRATIVAS - DEPAD";"";"";"";"";"";""
"168783720";"GESTÃO PÚBLICA E ESG";"";"";"";"LATO SENSU";"";"Remoto";"";"";"";"";"";"";"31011";"FACULDADE DE ENGENHARIA, LETRAS E CIÊNCIAS SOCIAIS DO SERIDÓ - FELCS";"";"";"";"";"";""
"177216087";"GESTÃO PÚBLICA MUNICIPAL";"5763461";"FRANCISCO IGO LEITE SOARES";"";"LATO SENSU";"";"A Distância";"";"";"";"";"";"";"31011";"FACULDADE DE ENGENHARIA, LETRAS E CIÊNCIAS SOCIAIS DO SERIDÓ - FELCS";"";"";"";"";"";""
"94304911";"GESTÃO PÚBLICA MUNICIPAL";"";"";"ATIVO";"LATO SENSU";"";"Presencial";"";"";"";"";"";"";"74";"PROGRAMA DE PÓS-GRADUAÇÃO EM ADMINISTRAÇÃO";"";"";"";"";"";""
"132256356";"GGG";"";"";"";"LATO SENSU";"";"A Distância";"";"";"";"";"";"";"5205";"DEPARTAMENTO DE ENGENHARIA BIOMEDICA";"";"";"";"";"";""
"179849477";"GRUPO ESPERANÇA VIVA";"";"";"";"FORMAÇÃO COMPLEMENTAR";"";"Presencial";"";"";"";"";"NATAL";"";"284";"ESCOLA DE MÚSICA";"";"";"";"";"";""
"98984072";"HIS";"";"";"ATIVO";"LATO SENSU";"";"Presencial";"";"";"";"";"";"";"5486";"CERES - DEPARTAMENTO DE HISTÓRIA";"";"";"";"";"";""
"111635060";"HISTÓRIA";"5757179";"PAULA REJANE FERNANDES";"ATIVO";"GRADUAÇÃO";"LICENCIATURA";"Presencial";"Ciências Humanas";"Regular";"Matutino e Vespertino";"Generalista";"CAICÓ";"Campus Caicó";"1482";"CENTRO DE  ENSINO SUPERIOR DO SERIDÓ";"http://prograd.ufrn.br/";"1974/03/11 00:00:00.000";"12350";"2018/12/28 00:00:00.000";"Portaria MEC/SERES Nº 922/2018";""
"2000047";"HISTÓRIA";"5753244";"FABIO MAFRA BORGES";"ATIVO";"GRADUAÇÃO";"BACHARELADO";"Presencial";"Ciências Humanas";"Regular";"Matutino e Vespertino";"Generalista";"CAICÓ";"Campus Caicó";"1482";"CENTRO DE  ENSINO SUPERIOR DO SERIDÓ";"http://prograd.ufrn.br/";"1974/03/11 00:00:00.000";"1083431";"2015/12/30 00:00:00.000";"Portaria nº 1098/2015 - DIREG/MEC";""
"2000046";"HISTÓRIA";"23213";"MARGARIDA MARIA DIAS DE OLIVEIRA";"ATIVO";"GRADUAÇÃO";"BACHARELADO";"Presencial";"Ciências Humanas";"Regular";"Matutino e Noturno";"Generalista";"NATAL";"Campus Central";"442";"CENTRO DE CIÊNCIAS HUMANAS, LETRAS E ARTES";"http://prograd.ufrn.br/";"1957/03/07 00:00:00.000";"1113228";"2018/12/28 00:00:00.000";"Portaria MEC/SERES Nº 922/2018";""
"111635057";"HISTÓRIA";"22836";"HELDER DO NASCIMENTO VIANA";"ATIVO";"GRADUAÇÃO";"LICENCIATURA";"Presencial";"Ciências Humanas";"Regular";"Matutino e Noturno";"Generalista";"NATAL";"Campus Central";"442";"CENTRO DE CIÊNCIAS HUMANAS, LETRAS E ARTES";"http://prograd.ufrn.br/";"1957/03/07 00:00:00.000";"12324";"2018/12/28 00:00:00.000";"Portaria MEC/SERES Nº 922/2018";""
"50913238";"HISTÓRIA";"5757936";"MAGNO FRANCISCO DE JESUS SANTOS";"ATIVO";"GRADUAÇÃO";"LICENCIATURA";"A Distância";"Ciências Humanas";"Regular";"";"Generalista";"NATAL";"";"442";"CENTRO DE CIÊNCIAS HUMANAS, LETRAS E ARTES";"";"";"1299294";"2017/12/22 00:00:00.000";"Art. 101 da Portaria Normativa N° 23/2017 - MEC - Proc. EMEC N° 201815303";""
"98907860";"HISTÓRIA DA ÁFRICA, DA CULTURA AFRO-BRASILEIRA E AFRICANA";"";"";"ATIVO";"LATO SENSU";"";"Presencial";"";"";"";"";"";"";"363";"PROGRAMA DE PÓS-GRADUAÇÃO EM EDUCAÇÃO";"";"";"";"";"";""
"183809936";"HISTÓRIA E VIOLÊNCIA NAS SOCIEDADES CONTEMPORÂNEAS";"";"";"";"FORMAÇÃO COMPLEMENTAR";"";"Presencial";"";"";"";"";"NATAL";"";"30304";"INSTITUTO HUMANITAS DE ESTUDOS INTEGRADOS";"";"";"";"";"";""
"2794100";"I CURSO DE ESPECIALização em crianças e adolescentes: aspectos legais e sociais";"";"";"ATIVO";"LATO SENSU";"";"Presencial";"";"";"";"";"NATAL";"";"143";"DEPARTAMENTO DE PSICOLOGIA";"";"";"";"";"";""
"8293230";"I CURSO DE ESPECIALIZAÇÃO EM DIREITO ADMINISTRATIVO";"";"";"ATIVO";"LATO SENSU";"";"Presencial";"";"";"";"";"NATAL";"";"84";"DEPARTAMENTO DE DIREITO PUBLICO - DIPUB";"";"";"";"";"";""
"18284012";"I CURSO DE ESPECIALIZAÇÃO EM DIREITO INTERNACIONAL";"";"";"ATIVO";"LATO SENSU";"";"Presencial";"";"";"";"";"";"";"404";"PROGRAMA DE PÓS-GRADUAÇÃO EM DIREITO";"";"";"";"";"";""
"16802810";"I Curso de Especialização em Terapia Cognitivo Comportamental";"";"";"ATIVO";"LATO SENSU";"";"Presencial";"";"";"";"";"";"";"143";"DEPARTAMENTO DE PSICOLOGIA";"";"";"";"";"";""
"117810389";"II CEFLE- FUNDAMENTOS LINGUÍSTICOS PARA O ENSINO DA LEITURA E ESCRITA";"";"";"";"LATO SENSU";"";"Presencial";"";"";"";"";"";"";"138";"DEPARTAMENTO DE LETRAS";"";"";"";"";"";""
"89308464";"II EDIÇÃO - PÓS-GRADUAÇÃO EM MÚSICA: PRÁTICAS INTERPRETATIVAS DO SÉC. XX E XXI";"";"";"ATIVO";"LATO SENSU";"";"Presencial";"";"";"";"";"";"";"284";"ESCOLA DE MÚSICA";"";"";"";"";"";""
"151606964";"III CURSO DE ESPECIALIZAÇÃO EM AUDITORIA E CONTROLADORIA CONTÁBIL";"";"";"";"LATO SENSU";"";"Remoto";"";"";"";"";"";"";"163";"DEPARTAMENTO DE CIÊNCIAS CONTÁBEIS - DCC";"";"";"";"";"";""
"14060530";"III CURSO DE ESPECIALIZAÇÃO EM DIREITO CONSTITUCIONAL";"";"";"ATIVO";"LATO SENSU";"";"Presencial";"";"";"";"";"";"";"404";"PROGRAMA DE PÓS-GRADUAÇÃO EM DIREITO";"";"";"";"";"";""
"8302660";"III CURSO DE ESPECIALIZAÇÃO EM DIREITO TRIBUTÁRIO";"";"";"ATIVO";"LATO SENSU";"";"Presencial";"";"";"";"";"NATAL";"";"84";"DEPARTAMENTO DE DIREITO PUBLICO - DIPUB";"";"";"";"";"";""
"129786422";"IMPLANTODONTIA";"";"";"";"LATO SENSU";"";"Presencial";"";"";"";"";"";"";"195";"DEPARTAMENTO DE ODONTOLOGIA";"";"";"";"";"";""
"129786738";"IMPLANTODONTIA";"";"";"";"LATO SENSU";"";"Presencial";"";"";"";"";"";"";"195";"DEPARTAMENTO DE ODONTOLOGIA";"";"";"";"";"";""
"130254049";"IMPLANTODONTIA";"";"";"";"LATO SENSU";"";"Presencial";"";"";"";"";"";"";"195";"DEPARTAMENTO DE ODONTOLOGIA";"";"";"";"";"";""
"129141688";"INFORMÁTICA NA SAÚDE";"";"";"";"LATO SENSU";"";"A Distância";"";"";"";"";"";"";"5205";"DEPARTAMENTO DE ENGENHARIA BIOMEDICA";"";"";"";"";"";""
"169264532";"INTELIGÊNCIA DE DADOS";"";"";"";"LATO SENSU";"";"Presencial";"";"";"";"";"";"";"6069";"INSTITUTO METROPOLE DIGITAL";"";"";"";"";"";""
"169264924";"INTELIGÊNCIA DE DADOS";"";"";"";"LATO SENSU";"";"Presencial";"";"";"";"";"";"";"6069";"INSTITUTO METROPOLE DIGITAL";"";"";"";"";"";""
"169238920";"INTELIGÊNCIA DE DADOS";"";"";"";"LATO SENSU";"";"Presencial";"";"";"";"";"";"";"6069";"INSTITUTO METROPOLE DIGITAL";"";"";"";"";"";""
"1205190";"IV CURSO DE ESPECIALIZAÇÃO EM PSICOLOGIA DA SAÚDE: DESENVOLVIMENTO E HOSPITALIZA";"";"";"ATIVO";"LATO SENSU";"";"Presencial";"";"";"";"";"NATAL";"";"143";"DEPARTAMENTO DE PSICOLOGIA";"";"";"";"";"";""
"118835329";"JORNALISMO";"22930";"FRANCISCO DE ASSIS DUARTE GUIMARAES";"ATIVO";"GRADUAÇÃO";"BACHARELADO";"Presencial";"Ciências Humanas";"Regular";"";"Generalista";"NATAL";"";"442";"CENTRO DE CIÊNCIAS HUMANAS, LETRAS E ARTES";"";"";"29462";"";"";""
"130272217";"LEITURA, ESCRITA E REVISÃO DE TEXTOS";"";"";"";"LATO SENSU";"";"Presencial";"";"";"";"";"";"";"138";"DEPARTAMENTO DE LETRAS";"";"";"";"";"";""
"50852239";"LETRAS";"5760894";"JOAO BATISTA DA COSTA JUNIOR";"ATIVO";"GRADUAÇÃO";"LICENCIATURA";"A Distância";"Lingüística, Letras e Artes";"Regular";"";"Generalista";"NATAL";"";"442";"CENTRO DE CIÊNCIAS HUMANAS, LETRAS E ARTES";"";"";"1170261";"2018/12/28 00:00:00.000";"Portaria MEC/SERES Nº 913/2018";""
"118836561";"LETRAS - FRANCÊS";"5763447";"RODRIGO SILVA IELPO";"ATIVO";"GRADUAÇÃO";"LICENCIATURA";"Presencial";"Lingüística, Letras e Artes";"Regular";"";"Generalista";"NATAL";"";"442";"CENTRO DE CIÊNCIAS HUMANAS, LETRAS E ARTES";"";"";"32296";"2012/12/27 00:00:00.000";"Portaria nº 286/2012 - MEC";""
"118840295";"LETRAS - INGLÊS";"5757966";"LUIS ALFREDO FERNANDES DE ASSIS";"ATIVO";"GRADUAÇÃO";"LICENCIATURA";"Presencial";"Lingüística, Letras e Artes";"Regular";"";"Generalista";"NATAL";"";"442";"CENTRO DE CIÊNCIAS HUMANAS, LETRAS E ARTES";"";"";"34277";"2015/12/30 00:00:00.000";"Portaria nº 1098/2015 - DIREG/MEC";""
"118922026";"LETRAS - LÍNGUA ESPANHOLA";"5764127";"GUILHERME MENDES TOMAZ DOS SANTOS";"ATIVO";"GRADUAÇÃO";"LICENCIATURA";"Presencial";"Lingüística, Letras e Artes";"Regular";"";"Generalista";"CURRAIS NOVOS";"";"31011";"FACULDADE DE ENGENHARIA, LETRAS E CIÊNCIAS SOCIAIS DO SERIDÓ - FELCS";"";"";"116626";"2018/03/19 00:00:00.000";"Portaria 185/2018 MEC/SERES";""
"118880834";"LETRAS- LÍNGUA ESPANHOLA E LITERATURAS";"5752165";"IZABEL SOUZA DO NASCIMENTO";"ATIVO";"GRADUAÇÃO";"LICENCIATURA";"Presencial";"Lingüística, Letras e Artes";"Regular";"";"Generalista";"NATAL";"";"442";"CENTRO DE CIÊNCIAS HUMANAS, LETRAS E ARTES";"";"";"116564";"2018/12/28 00:00:00.000";"Portaria MEC/SERES Nº 922/2018";""
"118922626";"LETRAS - LÍNGUA PORTUGUESA";"23165";"MARIO LOURENCO DE MEDEIROS";"ATIVO";"GRADUAÇÃO";"LICENCIATURA";"Presencial";"Lingüística, Letras e Artes";"Regular";"";"Generalista";"CURRAIS NOVOS";"";"31011";"FACULDADE DE ENGENHARIA, LETRAS E CIÊNCIAS SOCIAIS DO SERIDÓ - FELCS";"";"";"110830";"2018/12/28 00:00:00.000";"Portaria MEC/SERES Nº 922/2018";""
"118921874";"LETRAS - LÍNGUA PORTUGUESA E LIBRAS";"5757156";"JOATAN DAVID FERREIRA DE MEDEIROS";"ATIVO";"GRADUAÇÃO";"LICENCIATURA";"Presencial";"Lingüística, Letras e Artes";"Regular";"";"Generalista";"NATAL";"";"442";"CENTRO DE CIÊNCIAS HUMANAS, LETRAS E ARTES";"";"";"1279038";"2017/09/27 00:00:00.000";"PORTARIA Nº 1.011 - MEC";""
"118881115";"LETRAS - LÍNGUA PORTUGUESA E LITERATURAS";"5753666";"CELLINA RODRIGUES MUNIZ";"ATIVO";"GRADUAÇÃO";"LICENCIATURA";"Presencial";"Ciências Humanas";"Regular";"";"Generalista";"NATAL";"";"442";"CENTRO DE CIÊNCIAS HUMANAS, LETRAS E ARTES";"";"";"31160";"2015/12/30 00:00:00.000";"Portaria nº 1098/2015 - DIREG/MEC";""
"133175344";"LETRAS - PORTUGUÊS E INGLÊS";"23165";"MARIO LOURENCO DE MEDEIROS";"ATIVO";"GRADUAÇÃO";"LICENCIATURA";"Presencial";"Lingüística, Letras e Artes";"Anual";"";"Generalista";"CURRAIS NOVOS";"";"31011";"FACULDADE DE ENGENHARIA, LETRAS E CIÊNCIAS SOCIAIS DO SERIDÓ - FELCS";"";"";"1452109";"";"";""
"141357107";"LIBRAS";"";"";"";"LATO SENSU";"";"Presencial";"";"";"";"";"";"";"7847";"DEPARTAMENTO DE LETRAS - CERES";"";"";"";"";"";""
"120034266";"LIBRAS";"";"";"";"LATO SENSU";"";"Presencial";"";"";"";"";"";"";"7847";"DEPARTAMENTO DE LETRAS - CERES";"";"";"";"";"";""
"174979631";"LICENCIATURA EM EDUCAÇÃO INTERCULTURAL INDÍGENA";"5756310";"FRANCISCO FABIO VIEIRA MARCOLINO";"ATIVO";"GRADUAÇÃO";"LICENCIATURA";"Presencial";"Lingüística, Letras e Artes";"Temporário";"";"Generalista";"NATAL";"";"442";"CENTRO DE CIÊNCIAS HUMANAS, LETRAS E ARTES";"";"";"";"";"";"PARFOR"
"136088918";"LIN";"";"";"";"LATO SENSU";"";"Semi-Presencial";"";"";"";"";"";"";"363";"PROGRAMA DE PÓS-GRADUAÇÃO EM EDUCAÇÃO";"";"";"";"";"";""
"90311125";"LINGUA PORTUGUESA: GRAMÁTICA, TEXTO E DISCURSO";"";"";"ATIVO";"LATO SENSU";"";"Presencial";"";"";"";"";"";"";"65";"PROGRAMA DE PÓS-GRADUAÇÃO EM ESTUDOS DA LINGUAGEM";"";"";"";"";"";""
"89444835";"LÍNGUA PORTUGUESA: GRAMÁTICA, TEXTO E DISCURSO";"";"";"ATIVO";"LATO SENSU";"";"Presencial";"";"";"";"";"";"";"138";"DEPARTAMENTO DE LETRAS";"";"";"";"";"";""
"90310685";"LÍNGUA PORTUGUESA: GRAMÁTICA, TEXTO E DISCURSO";"";"";"ATIVO";"LATO SENSU";"";"Presencial";"";"";"";"";"";"";"65";"PROGRAMA DE PÓS-GRADUAÇÃO EM ESTUDOS DA LINGUAGEM";"";"";"";"";"";""
"153326400";"LÍNGUAS ESTRANGEIRAS PARA INTERNACIONALIZAÇÃO";"";"";"";"LATO SENSU";"";"A Distância";"";"";"";"";"";"";"5206";"DEPARTAMENTO DE LINGUAS E LITERATURAS ESTRANGEIRAS MODERNAS";"";"";"";"";"";""
"151267858";"LINGUISTICA FORENSE";"";"";"";"LATO SENSU";"";"Semi-Presencial";"";"";"";"";"";"";"31011";"FACULDADE DE ENGENHARIA, LETRAS E CIÊNCIAS SOCIAIS DO SERIDÓ - FELCS";"";"";"";"";"";""
"174378552";"LINGUISTICA FORENSE";"";"";"";"LATO SENSU";"";"Semi-Presencial";"";"";"";"";"";"";"31011";"FACULDADE DE ENGENHARIA, LETRAS E CIÊNCIAS SOCIAIS DO SERIDÓ - FELCS";"";"";"";"";"";""
"171622659";"LINGUISTICA TEXTUAL";"";"";"";"LATO SENSU";"";"A Distância";"";"";"";"";"";"";"31011";"FACULDADE DE ENGENHARIA, LETRAS E CIÊNCIAS SOCIAIS DO SERIDÓ - FELCS";"";"";"";"";"";""
"164579173";"LINGUISTICA TEXTUAL";"";"";"";"LATO SENSU";"";"Remoto";"";"";"";"";"";"";"31011";"FACULDADE DE ENGENHARIA, LETRAS E CIÊNCIAS SOCIAIS DO SERIDÓ - FELCS";"";"";"";"";"";""
"164130705";"LINGUISTICA TEXTUAL";"";"";"";"LATO SENSU";"";"Remoto";"";"";"";"";"";"";"31011";"FACULDADE DE ENGENHARIA, LETRAS E CIÊNCIAS SOCIAIS DO SERIDÓ - FELCS";"";"";"";"";"";""
"164579401";"LINGUISTICA TEXTUAL";"";"";"";"LATO SENSU";"";"Remoto";"";"";"";"";"";"";"31011";"FACULDADE DE ENGENHARIA, LETRAS E CIÊNCIAS SOCIAIS DO SERIDÓ - FELCS";"";"";"";"";"";""
"164355622";"LINGUISTICA TEXTUAL E ENSINO";"";"";"";"LATO SENSU";"";"Remoto";"";"";"";"";"";"";"31011";"FACULDADE DE ENGENHARIA, LETRAS E CIÊNCIAS SOCIAIS DO SERIDÓ - FELCS";"";"";"";"";"";""
"164522666";"LINGUISTICA TEXTUAL E ENSINO";"";"";"";"LATO SENSU";"";"Remoto";"";"";"";"";"";"";"31011";"FACULDADE DE ENGENHARIA, LETRAS E CIÊNCIAS SOCIAIS DO SERIDÓ - FELCS";"";"";"";"";"";""
"164599623";"LINGUISTICA TEXTUAL E ENSINO";"";"";"";"LATO SENSU";"";"Remoto";"";"";"";"";"";"";"31011";"FACULDADE DE ENGENHARIA, LETRAS E CIÊNCIAS SOCIAIS DO SERIDÓ - FELCS";"";"";"";"";"";""
"164725014";"LINGUISTICA TEXTUAL E ENSINO";"";"";"";"LATO SENSU";"";"Remoto";"";"";"";"";"";"";"31011";"FACULDADE DE ENGENHARIA, LETRAS E CIÊNCIAS SOCIAIS DO SERIDÓ - FELCS";"";"";"";"";"";""
"135464408";"LITERATURA INFANTIL NEGRA NA ESCOLA";"";"";"";"LATO SENSU";"";"Presencial";"";"";"";"";"";"";"363";"PROGRAMA DE PÓS-GRADUAÇÃO EM EDUCAÇÃO";"";"";"";"";"";""
"135463721";"LITERATURA INFANTIL NEGRA NA ESCOLA";"";"";"";"LATO SENSU";"";"Presencial";"";"";"";"";"";"";"363";"PROGRAMA DE PÓS-GRADUAÇÃO EM EDUCAÇÃO";"";"";"";"";"";""
"135464822";"LITERATURA INFANTIL NEGRA NA ESCOLA";"";"";"";"LATO SENSU";"";"Presencial";"";"";"";"";"";"";"363";"PROGRAMA DE PÓS-GRADUAÇÃO EM EDUCAÇÃO";"";"";"";"";"";""
"135449709";"LITERATURA INFNATIL NEGRA NA ESCOLA";"";"";"";"LATO SENSU";"";"Presencial";"";"";"";"";"";"";"363";"PROGRAMA DE PÓS-GRADUAÇÃO EM EDUCAÇÃO";"";"";"";"";"";""
"135342715";"LITERATURA INFNATIL NEGRA NA ESCOLA";"";"";"";"LATO SENSU";"";"Presencial";"";"";"";"";"";"";"363";"PROGRAMA DE PÓS-GRADUAÇÃO EM EDUCAÇÃO";"";"";"";"";"";""
"124439083";"MARKETING";"";"";"";"LATO SENSU";"";"Presencial";"";"";"";"";"";"";"161";"DEPARTAMENTO DE CIÊNCIAS ADMINISTRATIVAS - DEPAD";"";"";"";"";"";""
"169152475";"MARKETING E COMUNICAÇÃO ESTRATÉGICA";"";"";"";"LATO SENSU";"";"Remoto";"";"";"";"";"";"";"31011";"FACULDADE DE ENGENHARIA, LETRAS E CIÊNCIAS SOCIAIS DO SERIDÓ - FELCS";"";"";"";"";"";""
"120996572";"MARKETING ESTRATÉGICO";"";"";"";"LATO SENSU";"";"Presencial";"";"";"";"";"";"";"136";"DEPARTAMENTO DE CIÊNCIAS SOCIAIS";"";"";"";"";"";""
"85436489";"MATEMÁTICA";"";"";"ATIVO";"GRADUAÇÃO";"LICENCIATURA";"Presencial";"Ciências Exatas e da Terra";"Semestral";"";"Generalista";"NATAL";"";"439";"CENTRO DE CIÊNCIAS EXATAS E DA TERRA";"";"";"312333";"2012/12/27 00:00:00.000";"Portaria nº 286/2012 - MEC";"PARFOR"
"111635066";"MATEMÁTICA";"5752280";"ODIRLEI SILVA JESUS";"ATIVO";"GRADUAÇÃO";"LICENCIATURA";"Presencial";"Ciências Exatas e da Terra";"Regular";"Matutino, Vespertino e Noturno";"Generalista";"NATAL";"Campus Central";"439";"CENTRO DE CIÊNCIAS EXATAS E DA TERRA";"http://www.ccet.ufrn.br/matematica/";"1969/08/01 00:00:00.000";"312333";"2018/12/28 00:00:00.000";"Portaria MEC/SERES Nº 922/2018";""
"2000055";"MATEMÁTICA";"5752603";"ADRIANO THIAGO LOPES BERNARDINO";"ATIVO";"GRADUAÇÃO";"LICENCIATURA";"Presencial";"Ciências Exatas e da Terra";"Regular";"Matutino, Vespertino e Noturno";"Generalista";"CAICÓ";"Campus Caicó";"1482";"CENTRO DE  ENSINO SUPERIOR DO SERIDÓ";"";"1979/07/20 00:00:00.000";"12354";"2015/12/30 00:00:00.000";"Portaria nº 1098/2015 - DIREG/MEC";""
"2000054";"MATEMÁTICA";"26132";"MARCELO GOMES PEREIRA";"ATIVO";"GRADUAÇÃO";"BACHARELADO";"Presencial";"Ciências Exatas e da Terra";"Regular";"Matutino, Vespertino e Noturno";"Generalista";"NATAL";"Campus Central";"439";"CENTRO DE CIÊNCIAS EXATAS E DA TERRA";"http://www.ccet.ufrn.br/matematica/";"1969/08/01 00:00:00.000";"12333";"2016/12/15 00:00:00.000";"Portaria nº 797/2016 - MEC";""
"2000134";"MATEMÁTICA";"5755416";"JAQUES SILVEIRA LOPES";"ATIVO";"GRADUAÇÃO";"LICENCIATURA";"A Distância";"Ciências Exatas e da Terra";"Regular";"Matutino, Vespertino e Noturno";"Generalista";"NATAL";"";"439";"CENTRO DE CIÊNCIAS EXATAS E DA TERRA";"";"2020/01/01 00:00:00.000";"99898";"2018/12/28 00:00:00.000";"Portaria MEC/SERES Nº 913/2018";""
"127083477";"MBA DESIGN: INDUSTRIA 4.0";"";"";"";"LATO SENSU";"";"Presencial";"";"";"";"";"";"";"9109";"PROGRAMA DE PÓS-GRADUAÇÃO EM CIÊNCIA, TECNOLOGIA E INOVAÇÃO";"";"";"";"";"";""
"16365610";"MBA em Gestão de Cooperativas";"";"";"ATIVO";"LATO SENSU";"";"Presencial";"";"";"";"";"";"";"161";"DEPARTAMENTO DE CIÊNCIAS ADMINISTRATIVAS - DEPAD";"";"";"";"";"";""
"155261296";"MBA EM GESTÃO DE MPE";"";"";"";"LATO SENSU";"";"Presencial";"";"";"";"";"";"";"31011";"FACULDADE DE ENGENHARIA, LETRAS E CIÊNCIAS SOCIAIS DO SERIDÓ - FELCS";"";"";"";"";"";""
"170249297";"MBA EM INTELIGÊNCIA DE DADOS";"";"";"";"LATO SENSU";"";"Presencial";"";"";"";"";"";"";"6069";"INSTITUTO METROPOLE DIGITAL";"";"";"";"";"";""
"104831949";"MEDICINA";"5764042";"HELYSON DA NOBREGA DINIZ";"ATIVO";"GRADUAÇÃO";"BACHARELADO";"Presencial";"Ciências da Saúde";"Regular";"";"Generalista";"CAICÓ";"";"7278";"ESCOLA MULTICAMPI DE CIÊNCIAS MÉDICAS DO RIO GRANDE DO NORTE";"";"";"1202546";"2014/05/13 00:00:00.000";"Portaria nº 274/2014 - SERES/MEC";""
"2000056";"MEDICINA";"5751929";"ANDRE GUSTAVO PIRES DE SOUSA";"ATIVO";"GRADUAÇÃO";"BACHARELADO";"Presencial";"Ciências da Saúde";"Regular";"Matutino, Vespertino e Noturno";"Generalista";"NATAL";"Campus Central";"441";"CENTRO DE CIÊNCIAS DA SAÚDE";"http://prograd.ufrn.br/";"1956/03/01 00:00:00.000";"12345";"2017/12/18 00:00:00.000";"Portaria MEC nº 1.345";""
"172033985";"MEDICINA PSICODÉLICA";"";"";"";"LATO SENSU";"";"Semi-Presencial";"";"";"";"";"";"";"6026";"INSTITUTO DO CÉREBRO";"";"";"";"";"";""
"131039818";"MEIO AMBIENTE, SAÚDE E DESENVOLVIMENTO";"";"";"";"LATO SENSU";"";"A Distância";"";"";"";"";"";"";"181";"DEPARTAMENTO DE MICROBIOLOGIA E PARASITOLOGIA";"";"";"";"";"";""
"315764";"MESTRADO EM ADMINISTRAÇÃO";"";"";"ATIVO";"MESTRADO";"";"Presencial";"Ciências Sociais Aplicadas";"Regular";"";"Generalista";"NATAL";"";"74";"PROGRAMA DE PÓS-GRADUAÇÃO EM ADMINISTRAÇÃO";"";"";"";"";"";""
"315784";"MESTRADO EM ANTROPOLOGIA SOCIAL";"";"";"ATIVO";"MESTRADO";"";"Presencial";"Ciências Humanas";"Regular";"";"Generalista";"NATAL";"";"1442";"PROGRAMA DE PÓS-GRADUAÇÃO EM ANTROPOLOGIA SOCIAL";"";"";"";"";"";""
"315766";"MESTRADO EM ARQUITETURA E URBANISMO";"";"";"ATIVO";"MESTRADO";"";"Presencial";"Outra";"Regular";"";"Generalista";"NATAL";"";"102";"PROGRAMA DE PÓS-GRADUAÇÃO EM ARQUITETURA E URBANISMO";"";"";"";"";"";""
"507420";"MESTRADO EM ARTES CÊNICAS";"";"";"ATIVO";"MESTRADO";"";"Presencial";"Lingüística, Letras e Artes";"Regular";"";"Generalista";"NATAL";"";"4073";"PROGRAMA DE PÓS-GRADUAÇÃO EM ARTES CÊNICAS";"";"";"";"";"";""
"177654352";"MESTRADO EM ARTES VISUAIS";"";"";"ATIVO";"MESTRADO";"";"Presencial";"Lingüística, Letras e Artes";"Regular";"";"Generalista";"NATAL";"";"32957";"PROGRAMA DE PÓS-GRADUAÇÃO EM ARTES VISUAIS";"";"";"";"";"";""
"164535758";"MESTRADO EM ASSISTÊNCIA FARMACÊUTICA EM REDE";"";"";"ATIVO";"MESTRADO";"";"Presencial";"Ciências da Saúde";"Regular";"";"Generalista";"NATAL";"";"31835";"PROGRAMA DE PÓS GRADUAÇÃO EM ASSISTÊNCIA FARMACÊUTICA EM REDE";"";"";"";"";"";""
"115845492";"MESTRADO EM BIOINFORMÁTICA";"";"";"ATIVO";"MESTRADO";"";"Presencial";"Ciências Biológicas";"Regular";"";"Generalista";"NATAL";"";"9814";"PROGRAMA DE PÓS-GRADUAÇÃO EM BIOINFORMÁTICA";"";"";"";"";"";""
"98469607";"MESTRADO EM BIOLOGIA ESTRUTURAL E FUNCIONAL";"";"";"ATIVO";"MESTRADO";"";"Presencial";"Ciências da Saúde";"Regular";"";"Generalista";"NATAL";"";"7805";"PROGRAMA DE PÓS-GRADUAÇÃO EM BIOLOGIA ESTRUTURAL E FUNCIONAL";"";"";"";"";"";""
"101050284";"MESTRADO EM BIOLOGIA PARASITÁRIA";"";"";"ATIVO";"MESTRADO";"";"Presencial";"Ciências Biológicas";"Regular";"";"Generalista";"NATAL";"";"8085";"PROGRAMA DE PÓS-GRADUAÇÃO EM BIOLOGIA PARASITÁRIA";"";"";"";"";"";""
"315769";"MESTRADO EM BIOQUÍMICA E BIOLOGIA MOLECULAR";"";"";"ATIVO";"MESTRADO";"";"Presencial";"Ciências Biológicas";"Regular";"";"Generalista";"NATAL";"";"31300";"PROGRAMA DE PÓS-GRADUAÇÃO EM BIOQUÍMICA E BIOLOGIA MOLECULAR";"";"";"";"";"";""
"173546000";"MESTRADO EM CIÊNCIA DA INFORMAÇÃO";"";"";"ATIVO";"MESTRADO";"";"Presencial";"Ciências Sociais Aplicadas";"Regular";"";"Generalista";"NATAL";"";"32531";"PROGRAMA DE PÓS-GRADUAÇÃO EM CIÊNCIA DA INFORMAÇÃO";"";"";"";"";"";""
"315770";"MESTRADO EM CIÊNCIA E ENGENHARIA DE MATERIAIS";"";"";"ATIVO";"MESTRADO";"";"Presencial";"Engenharias";"Regular";"";"Generalista";"NATAL";"";"68";"PROGRAMA DE PÓS-GRADUAÇÃO EM CIÊNCIA E ENGENHARIA DE MATERIAIS";"";"";"";"";"";""
"315786";"MESTRADO EM CIÊNCIA E ENGENHARIA DE PETRÓLEO";"";"";"ATIVO";"MESTRADO";"";"Presencial";"Engenharias";"Regular";"";"Generalista";"NATAL";"";"2598";"PROGRAMA DE PÓS-GRADUAÇÃO EM CIÊNCIA E ENGENHARIA DE PETRÓLEO";"";"";"";"";"";""
"140178600";"MESTRADO EM CIÊNCIAS APLICADAS À SAÚDE DA MULHER";"";"";"ATIVO";"MESTRADO";"";"Presencial";"Ciências da Saúde";"Regular";"";"Generalista";"NATAL";"";"30544";"PROGRAMA DE PÓS-GRADUAÇÃO EM CIÊNCIAS APLICADAS À SAÚDE DA MULHER";"";"";"";"";"";""
"315782";"MESTRADO EM CIÊNCIAS BIOLÓGICAS";"";"";"EXTINTO";"MESTRADO";"";"Presencial";"Ciências Biológicas";"Regular";"";"Generalista";"NATAL";"";"431";"PROGRAMA DE PÓS-GRADUAÇÃO EM CIÊNCIAS BIOLÓGICAS";"";"";"";"";"";""
"91805256";"MESTRADO EM CIÊNCIAS CLIMÁTICAS";"";"";"ATIVO";"MESTRADO";"";"Presencial";"Ciências Exatas e da Terra";"Anual";"";"Generalista";"NATAL";"";"5211";"PROGRAMA DE PÓS-GRADUAÇÃO EM CIÊNCIAS CLIMÁTICAS";"";"";"";"";"";""
"108416320";"MESTRADO EM CIÊNCIAS CONTÁBEIS";"";"";"ATIVO";"MESTRADO";"";"Presencial";"Ciências Sociais Aplicadas";"Anual";"";"Generalista";"NATAL";"";"9066";"PROGRAMA DE PÓS-GRADUAÇÃO EM CIÊNCIAS CONTÁBEIS";"";"";"";"";"";""
"118768231";"MESTRADO EM CIÊNCIAS DA REABILITAÇÃO";"";"";"ATIVO";"MESTRADO";"";"Presencial";"Ciências da Saúde";"Regular";"";"Generalista";"SANTA CRUZ";"";"10117";"PROGRAMA DE PÓS-GRADUAÇÃO EM CIÊNCIAS DA REABILITAÇÃO";"";"";"";"";"";""
"315773";"MESTRADO EM CIÊNCIAS DA SAÚDE";"";"";"ATIVO";"MESTRADO";"";"Presencial";"Ciências da Saúde";"Regular";"";"Generalista";"NATAL";"";"66";"PROGRAMA DE PÓS-GRADUAÇÃO EM CIÊNCIAS DA SAÚDE";"";"";"";"";"";""
"315775";"MESTRADO EM CIÊNCIAS FARMACÊUTICAS";"";"";"ATIVO";"MESTRADO";"";"Presencial";"Ciências da Saúde";"Regular";"";"Generalista";"NATAL";"";"366";"PROGRAMA DE PÓS-GRADUAÇÃO EM CIÊNCIAS FARMACÊUTICAS";"";"";"";"";"";""
"168173013";"MESTRADO EM CIÊNCIAS FISIOLÓGICAS";"";"";"ATIVO";"MESTRADO";"";"Presencial";"Ciências Biológicas";"Regular";"";"Generalista";"NATAL";"";"32254";"PROGRAMA DE PÓS-GRADUAÇÃO MULTICÊNTRICO EM CIÊNCIAS FISIOLÓGICAS (CCS/FACISA)";"";"";"";"";"";""
"90156472";"MESTRADO EM CIÊNCIAS FLORESTAIS";"";"";"ATIVO";"MESTRADO";"";"Presencial";"Ciências Agrárias";"Regular";"";"Generalista";"MACAÍBA";"";"6381";"PROGRAMA DE PÓS-GRADUAÇÃO EM CIÊNCIAS FLORESTAIS";"";"";"";"";"";""
"130260333";"MESTRADO EM CIÊNCIAS ODONTOLÓGICAS";"";"";"ATIVO";"MESTRADO";"";"Presencial";"Ciências da Saúde";"Regular";"";"Generalista";"NATAL";"";"11354";"PROGRAMA DE PÓS-GRADUAÇÃO EM CIÊNCIAS ODONTOLÓGICAS";"";"";"";"";"";""
"315776";"MESTRADO EM CIÊNCIAS SOCIAIS";"";"";"ATIVO";"MESTRADO";"";"Presencial";"Ciências Humanas";"Regular";"";"Generalista";"NATAL";"";"360";"PROGRAMA DE PÓS-GRADUAÇÃO EM CIÊNCIAS SOCIAIS";"";"";"";"";"";""
"50798281";"MESTRADO EM DEMOGRAFIA";"";"";"ATIVO";"MESTRADO";"";"Presencial";"Ciências Exatas e da Terra";"Regular";"";"Generalista";"NATAL";"";"5570";"PROGRAMA DE PÓS-GRADUAÇÃO EM DEMOGRAFIA";"";"";"";"";"";""
"315781";"MESTRADO EM DESENVOLVIMENTO E MEIO AMBIENTE";"";"";"ATIVO";"MESTRADO";"";"Presencial";"Outra";"Regular";"";"Generalista";"NATAL";"";"423";"PROGRAMA REGIONAL DE PÓS-GRADUAÇÃO EM DESENVOLVIMENTO E MEIO AMBIENTE - PRODEMA";"";"";"";"";"";""
"315779";"MESTRADO EM DIREITO";"";"";"ATIVO";"MESTRADO";"";"Presencial";"Ciências Sociais Aplicadas";"Regular";"";"Generalista";"NATAL";"";"404";"PROGRAMA DE PÓS-GRADUAÇÃO EM DIREITO";"";"";"";"";"";""
"9513330";"MESTRADO EM ECOLOGIA";"";"";"ATIVO";"MESTRADO";"";"Presencial";"Ciências Biológicas";"Regular";"";"Generalista";"NATAL";"";"4846";"PROGRAMA DE PÓS-GRADUAÇÃO EM ECOLOGIA";"";"";"";"";"";""
"315744";"MESTRADO EM ECONOMIA";"";"";"ATIVO";"MESTRADO";"";"Presencial";"Ciências Sociais Aplicadas";"Regular";"";"Generalista";"NATAL";"";"434";"PROGRAMA DE PÓS-GRADUAÇÃO EM ECONOMIA";"";"";"";"";"";""
"315745";"MESTRADO EM EDUCAÇÃO";"";"";"ATIVO";"MESTRADO";"";"Presencial";"Ciências Humanas";"Regular";"";"Generalista";"NATAL";"";"363";"PROGRAMA DE PÓS-GRADUAÇÃO EM EDUCAÇÃO";"";"";"";"";"";""
"50980468";"MESTRADO EM EDUCAÇÃO FÍSICA";"";"";"ATIVO";"MESTRADO";"";"Presencial";"Ciências da Saúde";"Regular";"";"Generalista";"NATAL";"";"5591";"PROGRAMA DE PÓS-GRADUAÇÃO EM EDUCAÇÃO FÍSICA";"";"";"";"";"Portaria MEC 1364 - 29set2011. DOU 30set2011";""
"175720345";"MESTRADO EM ENERGIA E PETRÓLEO";"";"";"ATIVO";"MESTRADO";"";"Presencial";"Engenharias";"Regular";"";"Generalista";"NATAL";"";"32914";"PROGRAMA DE PÓS-GRADUAÇÃO EM ENERGIA E PETRÓLEO";"";"";"";"";"";""
"315747";"MESTRADO EM ENFERMAGEM";"";"";"ATIVO";"MESTRADO";"";"Presencial";"Ciências da Saúde";"Regular";"";"Generalista";"NATAL";"";"412";"PROGRAMA DE PÓS-GRADUAÇÃO EM ENFERMAGEM";"";"";"";"";"";""
"134097165";"MESTRADO EM ENGENHARIA AEROESPACIAL";"";"";"ATIVO";"MESTRADO";"";"Presencial";"Engenharias";"Regular";"";"Generalista";"NATAL";"";"30029";"PROGRAMA DE PÓS-GRADUAÇÃO EM ENGENHARIA AEROESPACIAL";"";"";"";"";"";""
"9300330";"MESTRADO EM ENGENHARIA CIVIL";"";"";"EXTINTO";"MESTRADO";"";"Presencial";"Engenharias";"Regular";"";"Generalista";"NATAL";"";"4845";"PROGRAMA DE PÓS-GRADUAÇÃO EM ENGENHARIA CIVIL";"";"";"";"";"";""
"157075615";"MESTRADO EM ENGENHARIA CIVIL E AMBIENTAL";"";"";"ATIVO";"MESTRADO";"";"Presencial";"Engenharias";"Regular";"";"Generalista";"NATAL";"";"31338";"PROGRAMA DE PÓS-GRADUAÇÃO EM ENGENHARIA CIVIL E AMBIENTAL";"";"";"";"";"";""
"315748";"MESTRADO EM ENGENHARIA DE PRODUÇÃO";"";"";"ATIVO";"MESTRADO";"";"Presencial";"Engenharias";"Regular";"";"Generalista";"NATAL";"";"105";"PROGRAMA DE PÓS-GRADUAÇÃO EM ENGENHARIA DE PRODUÇÃO";"";"";"";"";"";""
"315749";"MESTRADO EM ENGENHARIA ELÉTRICA E DE COMPUTAÇÃO";"";"";"ATIVO";"MESTRADO";"";"Presencial";"Engenharias";"Regular";"";"Generalista";"NATAL";"";"103";"PROGRAMA DE PÓS-GRADUAÇÃO EM ENGENHARIA ELÉTRICA E DE COMPUTAÇÃO";"";"";"";"";"";""
"315751";"MESTRADO EM ENGENHARIA MECÂNICA";"";"";"ATIVO";"MESTRADO";"";"Presencial";"Engenharias";"Regular";"";"Generalista";"NATAL";"";"104";"PROGRAMA DE PÓS-GRADUAÇÃO EM ENGENHARIA MECÂNICA";"";"";"";"";"";""
"101050293";"MESTRADO EM ENGENHARIA MECATRÔNICA";"";"";"ATIVO";"MESTRADO";"";"Presencial";"Engenharias";"Regular";"";"Generalista";"NATAL";"";"8086";"PROGRAMA DE PÓS-GRADUAÇÃO EM ENGENHARIA MECATRÔNICA";"";"";"";"";"";""
"315753";"MESTRADO EM ENGENHARIA QUÍMICA";"";"";"ATIVO";"MESTRADO";"";"Presencial";"Engenharias";"Regular";"";"Generalista";"NATAL";"";"106";"PROGRAMA DE PÓS-GRADUAÇÃO EM ENGENHARIA QUÍMICA";"";"";"";"";"";""
"315755";"MESTRADO EM ENGENHARIA SANITÁRIA E AMBIENTAL";"";"";"ATIVO";"MESTRADO";"";"Presencial";"Engenharias";"Regular";"";"Generalista";"NATAL";"";"107";"PROGRAMA DE PÓS-GRADUAÇÃO EM ENGENHARIA SANITÁRIA E AMBIENTAL";"";"";"";"";"";""
"121507754";"MESTRADO EM ENGENHARIA TÊXTIL";"";"";"ATIVO";"MESTRADO";"";"Presencial";"Engenharias";"Regular";"";"Generalista";"NATAL";"";"10480";"PROGRAMA DE PÓS-GRADUAÇÃO EM ENGENHARIA TÊXTIL";"";"";"";"";"";""
"123079207";"MESTRADO EM ENSINO DE CIÊNCIAS E MATEMÁTICA";"";"";"ATIVO";"MESTRADO";"";"Presencial";"Outra";"Regular";"";"Generalista";"NATAL";"";"9111";"PROGRAMA DE PÓS-GRADUAÇÃO EM ENSINO DE CIÊNCIAS E MATEMÁTICA";"";"";"";"";"";""
"182735059";"MESTRADO EM ENSINO DE COMPUTAÇÃO";"";"";"ATIVO";"MESTRADO";"";"Presencial";"Ciências Exatas e da Terra";"Regular";"";"Generalista";"CAICÓ";"";"33438";"PROGRAMA DE PÓS-GRADUAÇÃO EM ENSINO DE COMPUTAÇÃO PARA EDUCAÇÃO BÁSICA EM REDE NACIONAL";"";"";"";"";"";""
"315757";"MESTRADO EM ESTUDOS DA LINGUAGEM";"";"";"ATIVO";"MESTRADO";"";"Presencial";"Lingüística, Letras e Artes";"Regular";"";"Generalista";"NATAL";"";"65";"PROGRAMA DE PÓS-GRADUAÇÃO EM ESTUDOS DA LINGUAGEM";"";"";"";"";"";""
"11519550";"MESTRADO EM ESTUDOS DA MÍDIA";"";"";"ATIVO";"MESTRADO";"";"Presencial";"Ciências Sociais Aplicadas";"Regular";"";"Generalista";"NATAL";"";"4893";"PROGRAMA DE PÓS-GRADUAÇÃO EM ESTUDOS DA MÍDIA";"";"";"";"";"";""
"19106930";"MESTRADO EM ESTUDOS URBANOS E REGIONAIS";"";"";"ATIVO";"MESTRADO";"";"Presencial";"Ciências Humanas";"Regular";"";"Generalista";"NATAL";"";"5254";"PROGRAMA DE PÓS-GRADUAÇÃO EM ESTUDOS URBANOS E REGIONAIS";"";"";"";"";"";""
"315759";"MESTRADO EM FILOSOFIA";"";"";"ATIVO";"MESTRADO";"";"Presencial";"Ciências Humanas";"Regular";"";"Generalista";"NATAL";"";"364";"PROGRAMA DE PÓS-GRADUAÇÃO EM FILOSOFIA";"";"";"";"";"";""
"315727";"MESTRADO EM FÍSICA";"";"";"ATIVO";"MESTRADO";"";"Presencial";"Ciências Exatas e da Terra";"Regular";"";"Generalista";"NATAL";"";"388";"PROGRAMA DE PÓS-GRADUAÇÃO EM FÍSICA";"";"";"";"";"";""
"315789";"MESTRADO EM FISIOTERAPIA";"";"";"ATIVO";"MESTRADO";"";"Presencial";"Ciências da Saúde";"Regular";"";"Generalista";"NATAL";"";"4072";"PROGRAMA DE PÓS-GRADUAÇÃO EM FISIOTERAPIA";"";"";"";"";"";""
"121804772";"MESTRADO EM FONOAUDIOLOGIA";"";"";"ATIVO";"MESTRADO";"";"Presencial";"Ciências da Saúde";"Semestral";"";"Generalista";"NATAL";"";"10490";"PROGRAMA DE PÓS-GRADUAÇÃO EM FONOAUDIOLOGIA";"";"";"";"2017/01/06 00:00:00.000";"";""
"315761";"MESTRADO EM GEODINÂMICA E GEOFÍSICA";"";"";"ATIVO";"MESTRADO";"";"Presencial";"Outra";"Regular";"";"Generalista";"NATAL";"";"325";"PROGRAMA DE PÓS-GRADUAÇÃO EM GEODINÂMICA E GEOFÍSICA";"";"";"";"";"";""
"315731";"MESTRADO EM GEOGRAFIA";"";"";"ATIVO";"MESTRADO";"";"Presencial";"Ciências Humanas";"Regular";"";"Generalista";"NATAL";"";"315";"PROGRAMA DE PÓS-GRADUAÇÃO EM GEOGRAFIA";"";"";"";"";"";""
"134098682";"MESTRADO EM GEOGRAFIA - CERES";"";"";"ATIVO";"MESTRADO";"";"Presencial";"Ciências Humanas";"Regular";"";"Generalista";"CAICÓ";"";"30030";"PROGRAMA DE PÓS-GRADUAÇÃO EM GEOGRAFIA - CERES";"";"";"";"";"";""
"177654439";"MESTRADO EM GESTÃO, INOVAÇÃO E SUSTENTABILIDADE";"";"";"ATIVO";"MESTRADO";"";"Presencial";"Ciências Sociais Aplicadas";"Regular";"";"Generalista";"CURRAIS NOVOS";"";"32958";"PROGRAMA DE PÓS-GRADUAÇÃO EM GESTÃO, INOVAÇÃO E SUSTENTABILIDADE";"";"";"";"";"";""
"315780";"MESTRADO EM HISTÓRIA";"";"";"ATIVO";"MESTRADO";"";"Presencial";"Ciências Humanas";"Regular";"";"Generalista";"NATAL";"";"435";"PROGRAMA DE PÓS-GRADUAÇÃO EM HISTÓRIA";"";"";"";"";"";""
"133255800";"MESTRADO EM HISTÓRIA / CERES";"";"";"ATIVO";"MESTRADO";"";"Presencial";"Ciências Humanas";"Regular";"";"Generalista";"CAICÓ";"";"11655";"PROGRAMA DE PÓS-GRADUAÇÃO EM HISTÓRIA - CERES";"";"";"";"";"";""
"315785";"MESTRADO EM MATEMÁTICA APLICADA E ESTATÍSTICA";"";"";"ATIVO";"MESTRADO";"";"Presencial";"Ciências Exatas e da Terra";"Regular";"";"Generalista";"NATAL";"";"2595";"PROGRAMA DE PÓS-GRADUAÇÃO EM MATEMÁTICA APLICADA E ESTATÍSTICA";"";"";"";"";"";""
"178237854";"MESTRADO EM METODOLOGIAS DE ENSINO E PROCESSSOS DE APRENDIZAGEM";"";"";"ATIVO";"MESTRADO";"";"Presencial";"Ciências Sociais Aplicadas";"Regular";"";"Generalista";"CAICÓ";"";"32980";"PROGRAMA DE PÓS-GRADUAÇÃO EM METODOLOGIAS DE ENSINO E PROCESSOS DE APRENDIZAGEM";"";"";"";"2025/03/21 00:00:00.000";"Portaria MEC nº 214, de 20/03/2025. DOU nº 55, de 21/03/2025. Seção 1. Página 28";""
"95868917";"MESTRADO EM MÚSICA";"";"";"ATIVO";"MESTRADO";"";"Presencial";"Lingüística, Letras e Artes";"Anual";"";"Generalista";"NATAL";"";"7261";"PROGRAMA DE PÓS-GRADUAÇÃO EM MÚSICA";"";"";"";"";"";""
"17565630";"MESTRADO EM NEUROCIÊNCIAS";"";"";"ATIVO";"MESTRADO";"";"Presencial";"Ciências Biológicas";"Regular";"";"Generalista";"NATAL";"";"5207";"PROGRAMA DE PÓS-GRADUAÇÃO EM NEUROCIÊNCIAS";"";"";"";"";"";""
"103197769";"MESTRADO EM NUTRIÇÃO";"";"";"ATIVO";"MESTRADO";"";"Presencial";"Ciências da Saúde";"Regular";"";"Generalista";"NATAL";"";"8191";"PROGRAMA DE PÓS-GRADUAÇÃO EM NUTRIÇÃO";"";"";"";"";"";""
"315733";"MESTRADO EM PATOLOGIA ORAL";"";"";"EXTINTO";"MESTRADO";"";"Presencial";"Ciências da Saúde";"Regular";"";"Generalista";"NATAL";"";"1760";"PROGRAMA DE PÓS-GRADUAÇÃO EM PATOLOGIA ORAL";"";"";"";"";"";""
"9300590";"MESTRADO EM PRODUÇÃO ANIMAL";"";"";"ATIVO";"MESTRADO";"";"Presencial";"Ciências Agrárias";"Regular";"";"Generalista";"NATAL";"";"4848";"PROGRAMA DE PÓS-GRADUAÇÃO EM PRODUÇÃO ANIMAL";"";"";"";"";"";""
"315735";"MESTRADO EM PSICOBIOLOGIA";"";"";"ATIVO";"MESTRADO";"";"Presencial";"Ciências Biológicas";"Regular";"";"Generalista";"NATAL";"";"367";"PROGRAMA DE PÓS-GRADUAÇÃO EM PSICOBIOLOGIA";"";"";"";"";"";""
"315737";"MESTRADO EM PSICOLOGIA";"";"";"ATIVO";"MESTRADO";"";"Presencial";"Ciências Humanas";"Regular";"";"Generalista";"NATAL";"";"64";"PROGRAMA DE PÓS-GRADUAÇÃO EM PSICOLOGIA";"";"";"";"";"";""
"315739";"MESTRADO EM QUÍMICA";"";"";"ATIVO";"MESTRADO";"";"Presencial";"Ciências Exatas e da Terra";"Regular";"";"Generalista";"NATAL";"";"85";"PROGRAMA DE PÓS-GRADUAÇÃO EM QUÍMICA";"";"";"";"";"";""
"84739860";"MESTRADO EM SAÚDE COLETIVA";"";"";"ATIVO";"MESTRADO";"";"Presencial";"Ciências da Saúde";"Anual";"";"Generalista";"NATAL";"";"5670";"PROGRAMA DE PÓS-GRADUAÇÃO EM SAÚDE COLETIVA";"";"";"";"";"";""
"115830568";"MESTRADO EM SAÚDE COLETIVA - FACISA";"";"";"ATIVO";"MESTRADO";"";"Presencial";"Ciências da Saúde";"Regular";"";"Generalista";"SANTA CRUZ";"";"9816";"PROGRAMA DE PÓS-GRADUAÇÃO EM SAÚDE COLETIVA - FACISA";"";"";"";"";"";""
"315741";"MESTRADO EM SERVIÇO SOCIAL";"";"";"ATIVO";"MESTRADO";"";"Presencial";"Ciências Sociais Aplicadas";"Regular";"";"Generalista";"NATAL";"";"376";"PROGRAMA DE PÓS-GRADUAÇÃO EM SERVIÇO SOCIAL";"";"";"";"";"";""
"315742";"MESTRADO EM SISTEMAS E COMPUTAÇÃO";"";"";"ATIVO";"MESTRADO";"";"Presencial";"Ciências Exatas e da Terra";"Regular";"";"Generalista";"NATAL";"";"73";"PROGRAMA DE PÓS-GRADUAÇÃO EM SISTEMAS E COMPUTAÇÃO";"";"";"";"";"";""
"50839645";"MESTRADO EM SISTEMÁTICA E EVOLUÇÃO";"";"";"ATIVO";"MESTRADO";"";"Presencial";"Ciências Biológicas";"Regular";"";"Generalista";"NATAL";"";"5579";"PROGRAMA DE PÓS-GRADUAÇÃO EM SISTEMÁTICA E EVOLUÇÃO";"";"";"";"";"";""
"507421";"MESTRADO EM TURISMO";"";"";"ATIVO";"MESTRADO";"";"Presencial";"Ciências Sociais Aplicadas";"Regular";"";"Generalista";"NATAL";"";"4295";"PROGRAMA DE PÓS-GRADUAÇÃO EM TURISMO";"";"";"";"";"";""
"174097013";"MESTRADO PROFISSIONAL EM ADMINISTRAÇÃO PÚBLICA EM REDE NACIONAL";"";"";"ATIVO";"MESTRADO";"";"Presencial";"Ciências Sociais Aplicadas";"Regular";"";"Generalista";"CURRAIS NOVOS";"";"32782";"PROGRAMA DE PÓS GRADUAÇÃO EM ADMINISTRAÇÃO PÚBLICA EM REDE NACIONAL - PROFIAP";"";"";"";"";"";""
"91477182";"MESTRADO PROFISSIONAL EM ARQUITETURA, PROJETO E MEIO AMBIENTE";"";"";"ATIVO";"MESTRADO";"";"Presencial";"Ciências Sociais Aplicadas";"Regular";"";"Generalista";"NATAL";"";"6967";"PROGRAMA DE PÓS-GRADUAÇÃO EM ARQUITETURA, PROJETO E MEIO AMBIENTE";"";"";"";"2009/06/19 00:00:00.000";"589";""
"106146377";"MESTRADO PROFISSIONAL EM ARTES - PROFARTES";"";"";"ATIVO";"MESTRADO";"";"Presencial";"Lingüística, Letras e Artes";"Regular";"";"Generalista";"NATAL";"";"8871";"PROGRAMA DE PÓS-GRADUAÇÃO EM ARTES - REDE NACIONAL";"";"";"";"";"";""
"108846991";"MESTRADO PROFISSIONAL EM CIÊNCIA, TECNOLOGIA E INOVAÇÃO";"";"";"ATIVO";"MESTRADO";"";"Presencial";"Outra";"Regular";"";"Generalista";"NATAL";"";"9109";"PROGRAMA DE PÓS-GRADUAÇÃO EM CIÊNCIA, TECNOLOGIA E INOVAÇÃO";"";"";"";"";"";""
"91346221";"MESTRADO PROFISSIONAL EM DESIGN";"";"";"EXTINTO";"MESTRADO";"";"Presencial";"Lingüística, Letras e Artes";"Regular";"";"Generalista";"NATAL";"";"6968";"PROGRAMA DE PÓS-GRADUAÇÃO EM DESIGN";"";"";"";"";"";""
"140178590";"MESTRADO PROFISSIONAL EM EDUCAÇÃO ESPECIAL";"";"";"ATIVO";"MESTRADO";"";"Presencial";"Ciências Humanas";"Regular";"";"Generalista";"NATAL";"";"30546";"PROGRAMA DE PÓS-GRADUAÇÃO EM EDUCAÇÃO ESPECIAL";"";"";"";"";"";""
"117880399";"MESTRADO PROFISSIONAL EM EDUCAÇÃO FÍSICA EM REDE NACIONAL";"";"";"ATIVO";"MESTRADO";"";"Presencial";"Ciências da Saúde";"Regular";"";"Generalista";"NATAL";"";"10050";"PROGRAMA DE PÓS-GRADUAÇÃO EM EDUCAÇÃO FÍSICA EM REDE NACIONAL";"";"";"";"";"";""
"119342264";"MESTRADO PROFISSIONAL EM EDUCAÇÃO, TRABALHO E INOVAÇÃO EM MEDICINA";"";"";"ATIVO";"MESTRADO";"";"Presencial";"Ciências da Saúde";"Regular";"";"Generalista";"CAICÓ";"";"10129";"PROGRAMA DE PÓS-GRADUAÇÃO EM EDUCAÇÃO, TRABALHO E INOVAÇÃO EM MEDICINA";"";"";"";"";"";""
"96067713";"MESTRADO PROFISSIONAL EM ENERGIA ELÉTRICA";"";"";"ATIVO";"MESTRADO";"";"Presencial";"Engenharias";"Regular";"";"Generalista";"NATAL";"";"7268";"PROGRAMA DE PÓS-GRADUAÇÃO EM ENERGIA ELÉTRICA";"";"";"";"";"";""
"315756";"MESTRADO PROFISSIONAL EM ENSINO DE CIÊNCIAS NATURAIS E MATEMÁTICA";"";"";"ATIVO";"MESTRADO";"";"Presencial";"Ciências Exatas e da Terra";"Regular";"";"Generalista";"NATAL";"";"134";"PROGRAMA DE PÓS-GRADUAÇÃO EM ENSINO DE CIÊNCIAS NATURAIS E MATEMÁTICA";"";"";"";"";"";""
"114941932";"MESTRADO PROFISSIONAL EM ENSINO DE FÍSICA EM REDE NACIONAL";"";"";"ATIVO";"MESTRADO";"";"Presencial";"Ciências Exatas e da Terra";"Regular";"";"Generalista";"NATAL";"";"9742";"PROGRAMA DE PÓS-GRADUAÇÃO EM ENSINO DE FÍSICA - REDE NACIONAL";"";"";"";"";"";""
"113759737";"MESTRADO PROFISSIONAL EM ENSINO DE HISTÓRIA - PROFHISTORIA";"";"";"ATIVO";"MESTRADO";"";"Presencial";"Ciências Humanas";"Regular";"";"Generalista";"NATAL";"";"9395";"PROGRAMA DE PÓS-GRADUAÇÃO EM ENSINO DE HISTÓRIA - REDE NACIONAL";"";"";"";"";"";""
"96067701";"MESTRADO PROFISSIONAL EM ENSINO NA SAÚDE";"";"";"ATIVO";"MESTRADO";"";"Presencial";"Ciências da Saúde";"Regular";"";"Generalista";"NATAL";"";"7267";"PROGRAMA DE PÓS-GRADUAÇÃO EM ENSINO NA SAÚDE";"";"";"";"";"";""
"108847073";"MESTRADO PROFISSIONAL EM GEOGRAFIA";"";"";"ATIVO";"MESTRADO";"";"Presencial";"Ciências Humanas";"Regular";"";"Generalista";"CAICÓ";"";"9110";"PROGRAMA DE PÓS-GRADUAÇÃO EM GEOGRAFIA - GEOPROF - CERES";"";"";"";"";"";""
"155194753";"MESTRADO PROFISSIONAL EM GESTÃO DA INFORMAÇÃO E DO CONHECIMENTO";"";"";"SUSPENSO";"MESTRADO";"";"Presencial";"Ciências Sociais Aplicadas";"Regular";"";"Generalista";"NATAL";"";"1617";"PROGRAMA DE PÓS-GRADUAÇÃO EM GESTÃO DA INFORMAÇÃO E DO CONHECIMENTO - PPGIC";"";"";"";"";"";""
"113140463";"MESTRADO PROFISSIONAL EM GESTÃO DA INFORMAÇÃO E DO CONHECIMENTO";"";"";"ATIVO";"MESTRADO";"";"Presencial";"Ciências Sociais Aplicadas";"Regular";"";"Generalista";"NATAL";"";"9196";"PROGRAMA DE PÓS-GRADUAÇÃO EM GESTÃO DA INFORMAÇÃO E DO CONHECIMENTO";"";"";"";"";"";""
"101050603";"MESTRADO PROFISSIONAL EM GESTÃO DA QUALIDADE EM SERVIÇOS DE SAÚDE";"";"";"ATIVO";"MESTRADO";"";"Semi-Presencial";"Ciências da Saúde";"Regular";"";"Generalista";"NATAL";"";"8084";"PROGRAMA DE PÓS-GRADUAÇÃO EM GESTÃO DA QUALIDADE EM SERVIÇOS DE SAÚDE";"";"";"";"";"";""
"97339504";"MESTRADO PROFISSIONAL EM GESTÃO DE PROCESSOS INSTITUCIONAIS";"";"";"ATIVO";"MESTRADO";"";"Presencial";"Ciências Humanas";"Regular";"";"Generalista";"NATAL";"";"7513";"PROGRAMA DE PÓS-GRADUAÇÃO EM GESTÃO DE PROCESSOS INSTITUCIONAIS";"";"";"";"";"";""
"121508483";"MESTRADO PROFISSIONAL EM GESTÃO E INOVAÇÃO EM SAÚDE";"";"";"ATIVO";"MESTRADO";"";"Presencial";"Ciências da Saúde";"Regular";"";"Generalista";"NATAL";"";"10482";"PROGRAMA DE PÓS-GRADUAÇÃO EM GESTÃO E INOVAÇÃO EM SAÚDE";"";"";"";"";"";""
"84798578";"MESTRADO PROFISSIONAL EM GESTÃO PÚBLICA";"";"";"ATIVO";"MESTRADO";"";"Presencial";"Ciências Sociais Aplicadas";"Regular";"";"Generalista";"NATAL";"";"5679";"PROGRAMA DE PÓS-GRADUAÇÃO EM GESTÃO PÚBLICA";"";"";"";"";"";""
"133255820";"MESTRADO PROFISSIONAL EM GESTÃO, TRABALHO, EDUCAÇÃO E SAÚDE";"";"";"ATIVO";"MESTRADO";"";"Presencial";"Ciências da Saúde";"Regular";"";"Generalista";"NATAL";"";"11656";"PROGRAMA DE PÓS-GRADUAÇÃO EM GESTÃO, TRABALHO, EDUCAÇÃO E SAÚDE";"";"";"";"";"";""
"121508460";"MESTRADO PROFISSIONAL EM INOVAÇÃO EM TECNOLOGIAS EDUCACIONAIS";"";"";"ATIVO";"MESTRADO";"";"Presencial";"Outra";"Regular";"";"Generalista";"NATAL";"";"10481";"PROGRAMA DE PÓS-GRADUAÇÃO EM INOVAÇÃO EM TECNOLOGIAS EDUCACIONAIS";"";"";"";"";"";""
"98200045";"MESTRADO PROFISSIONAL EM LETRAS";"";"";"ATIVO";"MESTRADO";"";"Presencial";"Lingüística, Letras e Artes";"Regular";"";"Generalista";"NATAL";"";"7762";"PROGRAMA DE PÓS-GRADUAÇÃO EM LETRAS - PROFLETRAS NATAL";"";"";"";"";"";""
"98199604";"MESTRADO PROFISSIONAL EM LETRAS";"";"";"ATIVO";"MESTRADO";"";"Presencial";"Lingüística, Letras e Artes";"Regular";"";"Generalista";"CURRAIS NOVOS";"";"7763";"PROGRAMA DE PÓS-GRADUAÇÃO EM LETRAS - PROFLETRAS CURRAIS NOVOS";"";"";"";"";"";""
"84739892";"MESTRADO PROFISSIONAL EM MATEMÁTICA EM REDE NACIONAL";"";"";"ATIVO";"MESTRADO";"";"Presencial";"Ciências Exatas e da Terra";"Regular";"";"Generalista";"NATAL";"";"5671";"PROGRAMA DE PÓS-GRADUAÇÃO EM MATEMÁTICA - REDE NACIONAL";"";"";"";"";"";""
"121875454";"MESTRADO PROFISSIONAL EM PRÁTICAS DE SAÚDE E EDUCAÇÃO";"";"";"ATIVO";"MESTRADO";"";"Presencial";"Ciências da Saúde";"Semestral";"";"Generalista";"NATAL";"";"10489";"PROGRAMA DE PÓS-GRADUAÇÃO EM SAÚDE E SOCIEDADE";"";"";"";"2017/01/05 00:00:00.000";"";""
"114310260";"MESTRADO PROFISSIONAL EM QUÍMICA - PROFQUI";"";"";"ATIVO";"MESTRADO";"";"Semi-Presencial";"Ciências Exatas e da Terra";"Anual";"";"Generalista";"NATAL";"";"9493";"PROGRAMA DE PÓS-GRADUAÇÃO EM QUÍMICA - REDE NACIONAL";"";"";"";"";"";""
"88211810";"MESTRADO PROFISSIONAL EM SAÚDE DA FAMÍLIA";"";"";"ATIVO";"MESTRADO";"";"Presencial";"Ciências da Saúde";"Regular";"";"Generalista";"NATAL";"";"6135";"PROGRAMA DE PÓS-GRADUAÇÃO EM SAÚDE DA FAMÍLIA NO NORDESTE";"";"";"";"";"";""
"100181629";"MESTRADO PROFISSIONAL EM TECNOLOGIA DA INFORMAÇÃO";"";"";"ATIVO";"MESTRADO";"";"Presencial";"Engenharias";"Regular";"";"Generalista";"NATAL";"";"7872";"PROGRAMA DE PÓS-GRADUAÇÃO EM TECNOLOGIA DA INFORMAÇÃO";"";"";"";"";"";""
"101644626";"METEOROLOGIA";"5759388";"JONATHAN MOTA DA SILVA";"ATIVO";"GRADUAÇÃO";"BACHARELADO";"Presencial";"Ciências Exatas e da Terra";"Anual";"";"Generalista";"NATAL";"";"439";"CENTRO DE CIÊNCIAS EXATAS E DA TERRA";"";"";"1268383";"2018/08/15 00:00:00.000";"PORTARIA MEC N° 547";""
"90519113";"METODOLOGIAS PARA AÇÕES TRANSFORMADORAS";"";"";"ATIVO";"LATO SENSU";"";"Semi-Presencial";"";"";"";"";"";"";"54";"DEPARTAMENTO DE ARQUITETURA";"";"";"";"";"";""
"106959927";"METROLOGIA E CONTROLE DE QUALIDADE DE LABORATÓRIOS QUÍMICOS";"";"";"";"LATO SENSU";"";"Presencial";"";"";"";"";"";"";"121";"DEPARTAMENTO DE FÍSICA TEÓRICA E EXPERIMENTAL";"";"";"";"";"";""
"171676800";"MINISTERIO PUBLICO";"24852";"RUBENS MARIBONDO DO NASCIMENTO";"";"LATO SENSU";"";"Presencial";"";"";"";"";"";"";"1589";"DEPARTAMENTO DE ENGENHARIA DE MATERIAIS";"";"";"";"";"";""
"166650199";"MUNDO DIGITAL PARA A EDUCAÇÃO DE SURDO";"";"";"";"LATO SENSU";"";"Semi-Presencial";"";"";"";"";"";"";"7052";"CAENE";"";"";"";"";"";""
"111635069";"MÚSICA";"5760776";"NATHALIA DOMINGOS";"ATIVO";"GRADUAÇÃO";"LICENCIATURA";"Presencial";"Lingüística, Letras e Artes";"Regular";"Matutino, Vespertino e Noturno";"Generalista";"NATAL";"Campus Central";"284";"ESCOLA DE MÚSICA";"http://www.emusica.ufrn.br/";"2020/01/01 00:00:00.000";"18395";"2018/12/28 00:00:00.000";"Portaria MEC/SERES Nº 922/2018";""
"2000057";"MÚSICA";"24200";"GILVANDO PEREIRA DA SILVA";"ATIVO";"GRADUAÇÃO";"BACHARELADO";"Presencial";"Lingüística, Letras e Artes";"Regular";"Matutino, Vespertino e Noturno";"Generalista";"NATAL";"Campus Central";"284";"ESCOLA DE MÚSICA";"http://www.emusica.ufrn.br/";"2020/01/01 00:00:00.000";"24803";"2017/08/07 00:00:00.000";"PORTARIA nº 847/2017 - MEC";""
"88752182";"MUSICALIZAÇÃO PARA PESSOAS COM NECESSIDADES ESPECÍFICAS";"";"";"ATIVO";"FORMAÇÃO COMPLEMENTAR";"";"Presencial";"";"";"";"";"NATAL";"";"284";"ESCOLA DE MÚSICA";"";"";"";"";"";""
"128399752";"MÚSICA POPULAR";"";"";"";"LATO SENSU";"";"Presencial";"";"";"";"";"";"";"284";"ESCOLA DE MÚSICA";"";"";"";"";"";""
"120996533";"NEGÓCIOS DIGITAIS";"";"";"";"LATO SENSU";"";"Presencial";"";"";"";"";"";"";"161";"DEPARTAMENTO DE CIÊNCIAS ADMINISTRATIVAS - DEPAD";"";"";"";"";"";""
"165507661";"NEUROCIÊNCIAS APLICADAS AOS NEGÓCIOS";"";"";"";"LATO SENSU";"";"Remoto";"";"";"";"";"";"";"31011";"FACULDADE DE ENGENHARIA, LETRAS E CIÊNCIAS SOCIAIS DO SERIDÓ - FELCS";"";"";"";"";"";""
"150725131";"NEUROPSICOLOGIA CLÍNICA";"";"";"";"LATO SENSU";"";"Semi-Presencial";"";"";"";"";"";"";"143";"DEPARTAMENTO DE PSICOLOGIA";"";"";"";"";"";""
"184905124";"NEUROPSICOPEDAGOGIA CLÍNICA";"5754553";"CRISTINA ROCHA DE MEDEIROS MIRANDA";"";"LATO SENSU";"";"A Distância";"";"";"";"";"";"";"9197";"PROGRAMA DE FORMAÇÃO CONTINUADA";"";"";"";"";"";""
"159805542";"NEUROPSICOPEDAGOGIA INSTITUCIONAL E EDUCAÇÃO ESPECIAL NA PERSPECTIVA DA INCLUSÃO";"";"";"";"LATO SENSU";"";"Presencial";"";"";"";"";"";"";"4880";"DEPARTAMENTO DE EDUCAÇÃO - CERES";"";"";"";"";"";""
"10317040";"NUTRIÇÃO";"5761980";"JESSICLEY FERREIRA DE FREITAS";"ATIVO";"GRADUAÇÃO";"BACHARELADO";"Presencial";"Ciências da Saúde";"Regular";"";"Generalista";"SANTA CRUZ";"";"4890";"FACULDADE DE CIÊNCIAS DA SAÚDE DO TRAIRI - FACISA";"http://prograd.ufrn.br/";"";"116754";"2018/03/02 00:00:00.000";"Portaria Nº 133/2018 - MEC";""
"2000058";"NUTRIÇÃO";"5753016";"ANNAMARIA BARBOSA DO NASCIMENTO";"ATIVO";"GRADUAÇÃO";"BACHARELADO";"Presencial";"Ciências da Saúde";"Regular";"Matutino e Vespertino";"Generalista";"NATAL";"Campus Central";"441";"CENTRO DE CIÊNCIAS DA SAÚDE";"http://prograd.ufrn.br/";"1977/02/24 00:00:00.000";"12329";"2018/03/02 00:00:00.000";"Portaria Nº 133/2018 - MEC";""
"129001038";"NUTRIÇÃO MATERNO-INFANTIL";"";"";"";"LATO SENSU";"";"Presencial";"";"";"";"";"";"";"4890";"FACULDADE DE CIÊNCIAS DA SAÚDE DO TRAIRI - FACISA";"";"";"";"";"";""
"2228067";"NUTRIGENÔMICA";"";"";"ATIVO";"LATO SENSU";"";"Presencial";"";"";"";"";"";"";"182";"DEPARTAMENTO DE BIOQUÍMICA";"";"";"";"";"";""
"2000059";"ODONTOLOGIA";"5752718";"BRUNO CESAR DE VASCONCELOS GURGEL";"ATIVO";"GRADUAÇÃO";"BACHARELADO";"Presencial";"Ciências da Saúde";"Regular";"Matutino e Vespertino";"Generalista";"NATAL";"Campus Central";"441";"CENTRO DE CIÊNCIAS DA SAÚDE";"http://www.odonto.dod.ufrn.br/";"1947/02/02 00:00:00.000";"12330";"2018/03/02 00:00:00.000";"Portaria Nº 133/2018 - MEC";""
"184597147";"OPERADOR DE COMPUTADOR - EJA EPT - BOA SAÚDE";"";"";"";"TÉCNICO";"";"Semi-Presencial";"";"";"";"";"MACAÍBA";"";"351";"ESCOLA AGRÍCOLA DE JUNDIAÍ";"";"";"";"";"";""
"183038271";"OPERADOR DE COMPUTADOR - EJA EPT - CANGUARETAMA";"";"";"";"TÉCNICO";"";"Semi-Presencial";"";"";"";"";"MACAÍBA";"";"351";"ESCOLA AGRÍCOLA DE JUNDIAÍ";"";"";"";"";"";""
"174826493";"OPERADOR DE COMPUTADOR - EJA EPT - LAGOA DE PEDRAS";"";"";"";"TÉCNICO";"";"Semi-Presencial";"";"";"";"";"MACAÍBA";"";"351";"ESCOLA AGRÍCOLA DE JUNDIAÍ";"";"";"";"";"";""
"185144514";"OPERADOR DE COMPUTADOR - EJA EPT - LAGOA SALGADA";"";"";"";"TÉCNICO";"";"Semi-Presencial";"";"";"";"";"MACAÍBA";"";"351";"ESCOLA AGRÍCOLA DE JUNDIAÍ";"";"";"";"";"";""
"178819691";"OPERADOR DE COMPUTADOR - EJA EPT - PARNAMIRIM";"";"";"";"TÉCNICO";"";"Semi-Presencial";"";"";"";"";"MACAÍBA";"";"351";"ESCOLA AGRÍCOLA DE JUNDIAÍ";"";"";"";"";"";""
"178869140";"OPERADOR DE COMPUTADOR - EJA EPT - SENADOR GEORGINO AVELINO";"";"";"";"TÉCNICO";"";"Semi-Presencial";"";"";"";"";"MACAÍBA";"";"351";"ESCOLA AGRÍCOLA DE JUNDIAÍ";"";"";"";"";"";""
"182771805";"OPERADOR DE COMPUTADOR - EJA EPT - TIBAU DO SUL";"";"";"";"TÉCNICO";"";"Semi-Presencial";"";"";"";"";"MACAÍBA";"";"351";"ESCOLA AGRÍCOLA DE JUNDIAÍ";"";"";"";"";"";""
"50799262";"PEDAGOGIA";"5763410";"PATRICIA IGNACIO";"ATIVO";"GRADUAÇÃO";"LICENCIATURA";"A Distância";"Lingüística, Letras e Artes";"Regular";"";"Generalista";"NATAL";"";"5965";"CENTRO DE EDUCAÇÃO";"";"";"1193519";"2018/12/28 00:00:00.000";"Portaria MEC/SERES Nº 913/2018";""
"2000063";"PEDAGOGIA";"5760201";"DANIELA AMARAL SILVA FREITAS";"ATIVO";"GRADUAÇÃO";"LICENCIATURA";"Presencial";"Ciências Sociais Aplicadas";"Regular";"Matutino, Vespertino e Noturno";"Generalista";"NATAL";"Campus Central";"5965";"CENTRO DE EDUCAÇÃO";"http://sol.ccsa.ufrn.br/ccsa/areas/edu/pedagogia/";"1970/03/01 00:00:00.000";"20938";"2018/12/28 00:00:00.000";"Portaria MEC/SERES Nº 922/2018";""
"2000064";"PEDAGOGIA";"5758826";"FRANCILEIDE BATISTA DE ALMEIDA VIEIRA";"ATIVO";"GRADUAÇÃO";"LICENCIATURA";"Presencial";"Ciências Sociais Aplicadas";"Regular";"Matutino e Vespertino";"Generalista";"CAICÓ";"Campus Caicó";"1482";"CENTRO DE  ENSINO SUPERIOR DO SERIDÓ";"http://sol.ccsa.ufrn.br/ccsa/areas/edu/pedagogia/";"1974/03/11 00:00:00.000";"12353";"2018/12/28 00:00:00.000";"Portaria MEC/SERES Nº 922/2018";""
"171381955";"PERIODONTIA";"";"";"";"LATO SENSU";"";"Presencial";"";"";"";"";"";"";"195";"DEPARTAMENTO DE ODONTOLOGIA";"";"";"";"";"";""
"127907607";"PERIODONTIA";"";"";"";"LATO SENSU";"";"Presencial";"";"";"";"";"";"";"1483";"PRÓ-REITORIA DE PÓS GRADUAÇÃO";"";"";"";"";"";""
"171385574";"PERIODONTIA";"";"";"";"LATO SENSU";"";"Presencial";"";"";"";"";"";"";"195";"DEPARTAMENTO DE ODONTOLOGIA";"";"";"";"";"";""
"171384853";"PERIODONTIA";"";"";"";"LATO SENSU";"";"Presencial";"";"";"";"";"";"";"195";"DEPARTAMENTO DE ODONTOLOGIA";"";"";"";"";"";""
"185173184";"PERIODONTIA";"5762837";"FRANCISCO LEONARDO DA SILVA JUNIOR";"";"LATO SENSU";"";"Presencial";"";"";"";"";"";"";"195";"DEPARTAMENTO DE ODONTOLOGIA";"";"";"";"";"";""
"127562866";"PERIODONTIA";"";"";"";"LATO SENSU";"";"Presencial";"";"";"";"";"";"";"195";"DEPARTAMENTO DE ODONTOLOGIA";"";"";"";"";"";""
"140414275";"PLANEJAMENTO TERRITORIAL APLICADO AO SANEAMENTO";"";"";"";"LATO SENSU";"";"Presencial";"";"";"";"";"";"";"142";"DEPARTAMENTO DE GEOGRAFIA/CCHLA";"";"";"";"";"";""
"171122879";"POLÍTICAS PÚBLICAS E INOVAÇÃO";"5758689";"SARA RAQUEL FERNANDES QUEIROZ DE MEDEIROS";"";"LATO SENSU";"";"Presencial";"";"";"";"";"";"";"1824";"INSTITUTO DE POLÍTICAS PÚBLICAS";"";"";"";"";"";""
"105113657";"PÓS-GRADUAÇÃO LATO SENSU EM PROCESSOS E PRODUTOS TÊXTEIS";"";"";"";"LATO SENSU";"";"Presencial";"";"";"";"";"";"";"424";"DEPARTAMENTO DE ENGENHARIA TÊXTIL";"";"";"";"";"";""
"174996402";"PP";"";"";"";"LATO SENSU";"";"A Distância";"";"";"";"";"";"";"5486";"CERES - DEPARTAMENTO DE HISTÓRIA";"";"";"";"";"";""
"175966586";"PRESCRIÇÃO DE EXERCÍCIO E TREINAMENTO DE FORÇA PARA REABILITAÇÃO E DESEMPENHO";"5760438";"CLECIO GABRIEL DE SOUZA";"";"LATO SENSU";"";"Presencial";"";"";"";"";"";"";"4890";"FACULDADE DE CIÊNCIAS DA SAÚDE DO TRAIRI - FACISA";"";"";"";"";"";""
"134682488";"PRINT/UFRN";"";"";"ATIVO";"DOUTORADO";"";"Presencial";"Outra";"Regular";"";"Generalista";"NATAL";"";"30040";"PRÓ-REITORIA DE PÓS-GRADUAÇÃO - PRINT";"";"";"";"";"";""
"93455349";"PRODUÇÃO";"";"";"ATIVO";"LATO SENSU";"";"Presencial";"";"";"";"";"";"";"115";"DEPARTAMENTO DE ENGENHARIA PRODUÇÃO";"";"";"";"";"";""
"90764358";"PROEJA- ENSINO MEDIO COM QUALIFICACAO EM MONTAGEM E MANUTENCAO DE COMPUTADORES";"";"";"ATIVO";"MÉDIO";"";"Presencial";"";"";"";"";"MACAÍBA";"";"351";"ESCOLA AGRÍCOLA DE JUNDIAÍ";"";"";"";"";"";""
"89969827";"PROEJA- ENSINO MEDIO COM QUALIFICACAO EM PROCESSAMENTO DE ALIMENTOS";"";"";"ATIVO";"MÉDIO";"";"Presencial";"";"";"";"";"MACAÍBA";"";"351";"ESCOLA AGRÍCOLA DE JUNDIAÍ";"";"";"";"";"";""
"133081614";"PROFLETRAS COORDENAÇÃO NACIONAL";"";"";"ATIVO";"MESTRADO";"";"Presencial";"Lingüística, Letras e Artes";"Regular";"";"Generalista";"NATAL";"";"11619";"PROFLETRAS - COORDENAÇÃO NACIONAL - MESTRADO";"";"";"";"";"";""
"101080278";"PROGRAMA DE CAPACITAÇÃO E QUALIFICAÇÃO";"";"";"ATIVO";"FORMAÇÃO COMPLEMENTAR";"";"A Distância";"";"";"";"";"NATAL";"";"11";"DDP/PROGESP - DIRETORIA DE DESENVOLVIMENTO DE PESSOAS";"";"";"";"";"";""
"135938122";"PROGRAMA DE ESTUDOS SECUNDÁRIOS";"";"";"";"FORMAÇÃO COMPLEMENTAR";"";"Presencial";"";"";"";"";"NATAL";"";"6069";"INSTITUTO METROPOLE DIGITAL";"";"";"";"";"";""
"135035650";"PROGRAMA DE RESIDÊNCIA EM ATENÇÃO PSICOSSOCIAL";"";"";"ATIVO";"RESIDÊNCIA";"";"Presencial";"";"Regular";"";"";"NATAL";"";"30044";"PROGRAMA DE RESIDÊNCIA EM ATENÇÃO PSICOSSOCIAL";"";"";"";"";"";""
"117632336";"PROGRAMA DE RESIDÊNCIA JUDICIAL- 3ª TURMA";"";"";"";"LATO SENSU";"";"Presencial";"";"";"";"";"";"";"404";"PROGRAMA DE PÓS-GRADUAÇÃO EM DIREITO";"";"";"";"";"";""
"116740135";"PROGRAMA DE RESIDÊNCIA JUDICIAL- 3ª TURMA";"";"";"";"LATO SENSU";"";"Presencial";"";"";"";"";"";"";"404";"PROGRAMA DE PÓS-GRADUAÇÃO EM DIREITO";"";"";"";"";"";""
"140690440";"PROGRAMA DE RESIDÊNCIA MÉDICA EM CLÍNICA MÉDICA";"";"";"ATIVO";"RESIDÊNCIA";"";"Presencial";"";"Regular";"";"";"NATAL";"";"7835";"PROGRAMA DE RESIDÊNCIA MÉDICA EM CLÍNICA MÉDICA";"";"";"";"";"";""
"93262777";"PROGRAMA DE RESIDÊNCIA MÉDICA EM MEDICINA DA FAMÍLIA E COMUNIDADE";"";"";"ATIVO";"RESIDÊNCIA";"";"Presencial";"";"";"";"";"";"";"7066";"PROGRAMA DE RESIDÊNCIA MÉDICA EM MEDICINA DA FAMÍLIA E COMUNIDADE";"";"";"";"";"";""
"93262776";"PROGRAMA DE RESIDÊNCIA MÉDICA EM PEDIATRIA";"";"";"ATIVO";"RESIDÊNCIA";"";"Presencial";"";"";"";"";"";"";"7065";"PROGRAMA DE RESIDÊNCIA MÉDICA EM PEDIATRIA";"";"";"";"";"";""
"118776383";"PROGRAMA DE RESIDÊNCIA MÉDICA EM REUMATOLOGIA/RESREUM/HUOL";"";"";"ATIVO";"RESIDÊNCIA";"";"Presencial";"";"";"";"";"";"";"10120";"PROGRAMA DE RESIDÊNCIA MÉDICA EM REUMATOLOGIA";"";"";"";"";"";""
"173511588";"PROGRAMA DE RESIDÊNCIA UNIPROFISSIONAL EM ENFERMAGEM OBSTÉTRICA";"";"";"ATIVO";"RESIDÊNCIA";"";"Presencial";"";"Regular";"";"";"SANTA CRUZ";"";"32462";"PROGRAMA DE RESIDÊNCIA UNIPROFISSIONAL EM ENFERMAGEM OBSTÉTRICA";"";"";"";"";"";""
"904141";"PROJETO 1";"";"";"ATIVO";"LATO SENSU";"";"Presencial";"";"";"";"";"NATAL";"";"144";"DEPARTAMENTO DE ANTROPOLOGIA";"";"";"";"";"";""
"90937674";"PROPAGANDA E MARKETING";"";"";"ATIVO";"LATO SENSU";"";"Presencial";"";"";"";"";"";"";"140";"DEPARTAMENTO DE COMUNICAÇÃO SOCIAL";"";"";"";"";"";""
"105602524";"PROPAGANDA E MARKETING NA GESTÃO DE MARCAS";"";"";"";"LATO SENSU";"";"Presencial";"";"";"";"";"";"";"140";"DEPARTAMENTO DE COMUNICAÇÃO SOCIAL";"";"";"";"";"";""
"90609271";"PRÓ-REITORIA DE PÓS-GRADUAÇÃO";"";"";"ATIVO";"MESTRADO";"";"Presencial";"Outra";"Regular";"";"Generalista";"NATAL";"";"1483";"PRÓ-REITORIA DE PÓS GRADUAÇÃO";"";"";"";"";"";""
"127888738";"PRÓTESE DENTÁRIA";"";"";"";"LATO SENSU";"";"Presencial";"";"";"";"";"";"";"195";"DEPARTAMENTO DE ODONTOLOGIA";"";"";"";"";"";""
"127915115";"PRÓTESE DENTÁRIA";"";"";"";"LATO SENSU";"";"Presencial";"";"";"";"";"";"";"195";"DEPARTAMENTO DE ODONTOLOGIA";"";"";"";"";"";""
"140425273";"PRÓTESE DENTÁRIA";"";"";"";"LATO SENSU";"";"Presencial";"";"";"";"";"";"";"195";"DEPARTAMENTO DE ODONTOLOGIA";"";"";"";"";"";""
"2000066";"PSICOLOGIA";"23837";"PITAGORAS JOSE BINDE";"ATIVO";"GRADUAÇÃO";"BACHARELADO";"Presencial";"Ciências Humanas";"Regular";"Matutino e Vespertino";"Generalista";"NATAL";"Campus Central";"442";"CENTRO DE CIÊNCIAS HUMANAS, LETRAS E ARTES";"http://www.cchla.ufrn.br/psicologia/";"1997/03/03 00:00:00.000";"12316";"1976/09/15 00:00:00.000";"RESOLUÇÃO Nº. 27/76 - CONSUNI";""
"102160763";"PSICOLOGIA";"5762865";"TULIO ROMERIO LOPES QUIRINO";"ATIVO";"GRADUAÇÃO";"BACHARELADO";"Presencial";"Ciências Sociais Aplicadas";"Anual";"";"Generalista";"SANTA CRUZ";"";"4890";"FACULDADE DE CIÊNCIAS DA SAÚDE DO TRAIRI - FACISA";"";"";"1279922";"";"";""
"89384045";"PSICOLOGIA DA SAÚDE: DESENVOLVIMENTO E HOSPITALIZAÇÃO";"";"";"ATIVO";"LATO SENSU";"";"Presencial";"";"";"";"";"";"";"143";"DEPARTAMENTO DE PSICOLOGIA";"";"";"";"";"";""
"124336554";"PSICOLOGIA DA SAÚDE: DESENVOLVIMENTO E HOSPITALIZAÇÃO";"";"";"";"LATO SENSU";"";"Presencial";"";"";"";"";"";"";"143";"DEPARTAMENTO DE PSICOLOGIA";"";"";"";"";"";""
"89384114";"PSICOLOGIA DA SAÚDE: DESENVOLVIMENTO E HOSPITALIZAÇÃO";"";"";"ATIVO";"LATO SENSU";"";"Presencial";"";"";"";"";"";"";"143";"DEPARTAMENTO DE PSICOLOGIA";"";"";"";"";"";""
"129109516";"QQQQQQQQQQQQQQQQ";"";"";"";"LATO SENSU";"";"A Distância";"";"";"";"";"";"";"1452";"NÚCLEO DE EDUCAÇÃO DA INFÂNCIA";"";"";"";"";"";""
"2000067";"QUÍMICA";"5763962";"AMILCAR MACHULEK JUNIOR";"ATIVO";"GRADUAÇÃO";"BACHARELADO";"Presencial";"Ciências Exatas e da Terra";"Regular";"Matutino, Vespertino e Noturno";"Generalista";"NATAL";"Campus Central";"439";"CENTRO DE CIÊNCIAS EXATAS E DA TERRA";"http://www.ccet.ufrn.br/hp_quimica/";"1970/03/03 00:00:00.000";"12335";"2018/12/28 00:00:00.000";"Portaria MEC/SERES Nº 922/2018";""
"111635075";"QUÍMICA";"5763962";"AMILCAR MACHULEK JUNIOR";"ATIVO";"GRADUAÇÃO";"LICENCIATURA";"Presencial";"Ciências Exatas e da Terra";"Regular";"Matutino, Vespertino e Noturno";"Generalista";"NATAL";"Campus Central";"439";"CENTRO DE CIÊNCIAS EXATAS E DA TERRA";"http://www.ccet.ufrn.br/hp_quimica/";"1970/03/03 00:00:00.000";"312335";"2018/12/28 00:00:00.000";"Portaria MEC/SERES Nº 922/2018";""
"2000144";"QUÍMICA";"5753699";"LUCIENE DA SILVA SANTOS";"ATIVO";"GRADUAÇÃO";"LICENCIATURA";"A Distância";"Ciências Exatas e da Terra";"Regular";"Matutino, Vespertino e Noturno";"Generalista";"NATAL";"";"439";"CENTRO DE CIÊNCIAS EXATAS E DA TERRA";"http://www.ccet.ufrn.br/hp_quimica/";"2020/01/01 00:00:00.000";"99896";"2013/06/03 00:00:00.000";"Portaria nº 244/2013 - MEC";""
"3156200";"QUÍMICA DO PETRÓLEO";"5763962";"AMILCAR MACHULEK JUNIOR";"ATIVO";"GRADUAÇÃO";"BACHARELADO";"Presencial";"Ciências Exatas e da Terra";"Regular";"Matutino e Vespertino";"Generalista";"NATAL";"";"439";"CENTRO DE CIÊNCIAS EXATAS E DA TERRA";"http://www.prograd.ufrn.br";"2008/02/18 00:00:00.000";"113098";"2012/10/03 00:00:00.000";"Portaria nº 190/2012 - MEC";""
"2499607";"REGÊNCIA";"";"";"ATIVO";"LATO SENSU";"";"Presencial";"";"";"";"";"";"";"284";"ESCOLA DE MÚSICA";"";"";"";"";"";""
"170595750";"RELAÇÕES INTERNACIONAIS";"24826";"JOAO DANTAS PEREIRA";"ATIVO";"GRADUAÇÃO";"BACHARELADO";"Presencial";"Ciências Sociais Aplicadas";"Regular";"";"Generalista";"NATAL";"";"443";"CENTRO DE CIÊNCIAS SOCIAIS APLICADAS";"";"";"1659658";"";"";""
"130026449";"RESIDÊNCIA ALUNOS ESPECIAIS PPG";"";"";"ATIVO";"RESIDÊNCIA";"";"Presencial";"";"Regular";"";"";"NATAL";"";"11351";"ALUNOS ESPECIAIS PPG - RESIDENCIA";"";"";"";"";"";""
"117522695";"RESIDENCIA EM ANESTESIOLOGIA/RESANES/HUAB";"";"";"ATIVO";"RESIDÊNCIA";"";"Presencial";"";"";"";"";"";"";"10006";"PROGRAMA DE RESIDÊNCIA MÉDICA EM ANESTESIOLOGIA";"";"";"";"";"";""
"5036021";"RESIDÊNCIA EM ASSISTÊNCIA MATERNO-INFANTIL";"";"";"ATIVO";"RESIDÊNCIA";"";"Presencial";"";"";"";"";"";"";"5506";"PROGRAMA DE RESIDÊNCIA EM ASSISTÊNCIA MATERNOINFANTIL";"";"";"";"";"";""
"5036022";"RESIDÊNCIA EM ATENÇÃO À SAÚDE DA CRIANÇA";"";"";"ATIVO";"RESIDÊNCIA";"";"Presencial";"";"Regular";"";"";"NATAL";"";"5503";"PROGRAMA DE RESIDÊNCIA EM ATENÇÃO À SAÚDE DA CRIANÇA";"";"";"";"";"";""
"116724075";"RESIDÊNCIA EM ATENÇÃO BÁSICA/RESATBAS/EMCM";"";"";"ATIVO";"RESIDÊNCIA";"";"Presencial";"";"";"";"";"";"";"9930";"PROGRAMA DE RESIDÊNCIA EM ATENÇÃO BÁSICA-EMCM";"";"";"";"";"";""
"116724070";"RESIDÊNCIA EM CARDIOLOGIA/RESCARD/HUOL";"";"";"ATIVO";"RESIDÊNCIA";"";"Presencial";"";"";"";"";"";"";"9925";"PROGRAMA DE RESIDÊNCIA EM CARDIOLOGIA-HUOL";"";"";"";"";"";""
"5036023";"RESIDÊNCIA EM CIRURGIA E TRAUMATOLOGIA BUCO-MAXILO-FACIAIS";"";"";"ATIVO";"RESIDÊNCIA";"";"Presencial";"";"";"";"";"";"";"5502";"PROGRAMA DE RESIDÊNCIA EM CIRURGIA E TRAUMATOLOGIA BUCO-MAXILO-FACIAIS";"";"";"";"";"";""
"117972362";"RESIDÊNCIA EM ENDOCRINOLOGIA PEDIÁTRICA";"";"";"";"LATO SENSU";"";"Presencial";"";"";"";"";"";"";"193";"DEPARTAMENTO DE PEDIATRIA";"";"";"";"";"";""
"94676386";"RESIDÊNCIA EM ENGENHARIA DE SOFTWARE";"";"";"ATIVO";"LATO SENSU";"";"Presencial";"";"";"";"";"";"";"6069";"INSTITUTO METROPOLE DIGITAL";"";"";"";"";"";""
"116724074";"RESIDÊNCIA EM SAÚDE MATERNO-INFANTIL/RESSMI/EMCM";"";"";"ATIVO";"RESIDÊNCIA";"";"Presencial";"";"";"";"";"";"";"9929";"PROGRAMA DE RESIDÊNCIA EM SAÚDE MATERNO-INFANTIL-EMCM";"";"";"";"";"";""
"172040560";"RESIDÊNCIA EM TECNOLOGIA DA INFORMAÇÃO";"5756342";"IRIS LINHARES PIMENTA GURGEL";"";"LATO SENSU";"";"Presencial";"";"";"";"";"";"";"6069";"INSTITUTO METROPOLE DIGITAL";"";"";"";"";"";""
"159559573";"RESIDÊNCIA EM TECNOLOGIA DA INFORMAÇÃO";"";"";"";"LATO SENSU";"";"Remoto";"";"";"";"";"";"";"6069";"INSTITUTO METROPOLE DIGITAL";"";"";"";"";"";""
"154673097";"RESIDÊNCIA EM TECNOLOGIA DA INFORMAÇÃO";"";"";"";"LATO SENSU";"";"Presencial";"";"";"";"";"";"";"6069";"INSTITUTO METROPOLE DIGITAL";"";"";"";"";"";""
"166950278";"RESIDÊNCIA EM TECNOLOGIA DA INFORMAÇÃO";"";"";"";"LATO SENSU";"";"Remoto";"";"";"";"";"";"";"6069";"INSTITUTO METROPOLE DIGITAL";"";"";"";"";"";""
"121327189";"RESIDÊNCIA EM TECNOLOGIA DA INFORMAÇÃO APLICADA À ÁREA JURÍDICA";"";"";"";"LATO SENSU";"";"Presencial";"";"";"";"";"";"";"6069";"INSTITUTO METROPOLE DIGITAL";"";"";"";"";"";""
"132855180";"RESIDÊNCIA EM TECNOLOGIA DA INFORMAÇÃO APLICADA À ÁREA JURÍDICA";"";"";"";"LATO SENSU";"";"Presencial";"";"";"";"";"";"";"6069";"INSTITUTO METROPOLE DIGITAL";"";"";"";"";"";""
"125496087";"RESIDÊNCIA EM TECNOLOGIA DA INFORMAÇÃO APLICADA À ÁREA JURÍDICA - TURMA JF";"";"";"";"LATO SENSU";"";"Presencial";"";"";"";"";"";"";"6069";"INSTITUTO METROPOLE DIGITAL";"";"";"";"";"";""
"125109770";"RESIDÊNCIA EM TECNOLOGIA DA INFORMAÇÃO APLICADA À ÁREA JURÍDICA - TURMA TCE/RN";"";"";"";"LATO SENSU";"";"Presencial";"";"";"";"";"";"";"6069";"INSTITUTO METROPOLE DIGITAL";"";"";"";"";"";""
"158398788";"RESIDÊNCIA EM TECNOLOGIA DA INFORMAÇÃO - JFRN";"";"";"";"LATO SENSU";"";"Presencial";"";"";"";"";"";"";"6069";"INSTITUTO METROPOLE DIGITAL";"";"";"";"";"";""
"136188561";"RESIDÊNCIA EM TECNOLOGIA DA INFORMAÇÃO - JFRN";"";"";"";"LATO SENSU";"";"Presencial";"";"";"";"";"";"";"6069";"INSTITUTO METROPOLE DIGITAL";"";"";"";"";"";""
"158396400";"RESIDÊNCIA EM TECNOLOGIA DA INFORMAÇÃO - JUSTIÇA FEDERAL DO RN (JFRN) - TURMA 4";"";"";"";"LATO SENSU";"";"Semi-Presencial";"";"";"";"";"";"";"6069";"INSTITUTO METROPOLE DIGITAL";"";"";"";"";"";""
"160690850";"RESIDÊNCIA EM TECNOLOGIA DA INFORMAÇÃO NA ÁREA DA SAÚDE PARA A LIGA CONTRA O CÂNCER";"";"";"";"LATO SENSU";"";"Semi-Presencial";"";"";"";"";"";"";"6069";"INSTITUTO METROPOLE DIGITAL";"";"";"";"";"";""
"136204657";"RESIDÊNCIA EM TECNOLOGIA DA INFORMAÇÃO - SECRETARIA DE ESTADO DA ADMINISTRAÇÃO DO RN";"";"";"";"LATO SENSU";"";"Presencial";"";"";"";"";"";"";"6069";"INSTITUTO METROPOLE DIGITAL";"";"";"";"";"";""
"135098790";"RESIDÊNCIA EM TECNOLOGIA DA INFORMAÇÃO - TCE/RN";"5751828";"MARCEL VINICIUS MEDEIROS OLIVEIRA";"";"LATO SENSU";"";"Presencial";"";"";"";"";"";"";"6069";"INSTITUTO METROPOLE DIGITAL";"";"";"";"";"";""
"161026300";"RESIDÊNCIA EM TECNOLOGIA DA INFORMAÇÃO - TCMRJ/IMD";"";"";"";"LATO SENSU";"";"Remoto";"";"";"";"";"";"";"6069";"INSTITUTO METROPOLE DIGITAL";"";"";"";"";"";""
"161008105";"RESIDÊNCIA EM TECNOLOGIA DA INFORMAÇÃO - TCMRJ/IMD";"";"";"";"LATO SENSU";"";"Remoto";"";"";"";"";"";"";"6069";"INSTITUTO METROPOLE DIGITAL";"";"";"";"";"";""
"160967303";"RESIDÊNCIA EM TECNOLOGIA DA INFORMAÇÃO - TCMRJ/IMD";"";"";"";"LATO SENSU";"";"Remoto";"";"";"";"";"";"";"6069";"INSTITUTO METROPOLE DIGITAL";"";"";"";"";"";""
"161033950";"RESIDÊNCIA EM TECNOLOGIA DA INFORMAÇÃO - TCMRJ/IMD";"";"";"";"LATO SENSU";"";"Remoto";"";"";"";"";"";"";"6069";"INSTITUTO METROPOLE DIGITAL";"";"";"";"";"";""
"161009948";"RESIDÊNCIA EM TECNOLOGIA DA INFORMAÇÃO - TCMRJ/IMD";"";"";"";"LATO SENSU";"";"Remoto";"";"";"";"";"";"";"6069";"INSTITUTO METROPOLE DIGITAL";"";"";"";"";"";""
"161029663";"RESIDÊNCIA EM TECNOLOGIA DA INFORMAÇÃO - TCMRJ/IMD";"";"";"";"LATO SENSU";"";"Remoto";"";"";"";"";"";"";"6069";"INSTITUTO METROPOLE DIGITAL";"";"";"";"";"";""
"160965162";"RESIDÊNCIA EM TECNOLOGIA DA INFORMAÇÃO - TCMRJ/IMD";"";"";"";"LATO SENSU";"";"Remoto";"";"";"";"";"";"";"6069";"INSTITUTO METROPOLE DIGITAL";"";"";"";"";"";""
"161011685";"RESIDÊNCIA EM TECNOLOGIA DA INFORMAÇÃO - TCMRJ/IMD";"";"";"";"LATO SENSU";"";"Remoto";"";"";"";"";"";"";"6069";"INSTITUTO METROPOLE DIGITAL";"";"";"";"";"";""
"175479476";"RESIDÊNCIA EM TECNOLOGIA DA INFORMAÇÃO - TJAC";"22764";"JAIR CAVALCANTI LEITE";"";"LATO SENSU";"";"Presencial";"";"";"";"";"";"";"6069";"INSTITUTO METROPOLE DIGITAL";"";"";"";"";"";""
"143918659";"RESIDÊNCIA EM TECNOLOGIA DA INFORMAÇÃO - TRE/RN - TURMA 2";"";"";"";"LATO SENSU";"";"Presencial";"";"";"";"";"";"";"6069";"INSTITUTO METROPOLE DIGITAL";"";"";"";"";"";""
"159369037";"RESIDÊNCIA EM TECNOLOGIA DA INFORMAÇÃO - TRE/RN - TURMA 3";"";"";"";"LATO SENSU";"";"Presencial";"";"";"";"";"";"";"6069";"INSTITUTO METROPOLE DIGITAL";"";"";"";"";"";""
"170327662";"RESIDÊNCIA EM TECNOLOGIA DA INFORMAÇÃO - TRE/RN - TURMA 4";"5757438";"DANILO CURVELO DE SOUZA";"";"LATO SENSU";"";"Presencial";"";"";"";"";"";"";"6069";"INSTITUTO METROPOLE DIGITAL";"";"";"";"";"";""
"165219373";"RESIDÊNCIA EM TECNOLOGIA DA INFORMAÇÃO - TRF5";"";"";"";"LATO SENSU";"";"Remoto";"";"";"";"";"";"";"6069";"INSTITUTO METROPOLE DIGITAL";"";"";"";"";"";""
"136947895";"RESIDÊNCIA EM TECNOLOGIA DA INFORMAÇÃO - TURMA LAIS";"";"";"";"LATO SENSU";"";"Presencial";"";"";"";"";"";"";"6069";"INSTITUTO METROPOLE DIGITAL";"";"";"";"";"";""
"133771177";"RESIDÊNCIA EM TECNOLOGIA DA INFORMAÇÃO - TURMA NUPLAM";"";"";"";"LATO SENSU";"";"Presencial";"";"";"";"";"";"";"6069";"INSTITUTO METROPOLE DIGITAL";"";"";"";"";"";""
"136093029";"RESIDÊNCIA EM TECNOLOGIA DA INFORMAÇÃO - TURMA SEBRAE";"";"";"";"LATO SENSU";"";"Presencial";"";"";"";"";"";"";"6069";"INSTITUTO METROPOLE DIGITAL";"";"";"";"";"";""
"132855229";"RESIDÊNCIA EM TECNOLOGIA DA INFORMAÇÃO - TURMA TRE/RN";"";"";"";"LATO SENSU";"";"Presencial";"";"";"";"";"";"";"6069";"INSTITUTO METROPOLE DIGITAL";"";"";"";"";"";""
"5036024";"RESIDÊNCIA EM TERAPIA INTENSIVA ADULTO";"";"";"ATIVO";"RESIDÊNCIA";"";"Presencial";"";"";"";"";"";"";"5504";"PROGRAMA DE RESIDÊNCIA EM TERAPIA INTENSIVA ADULTO";"";"";"";"";"";""
"5036025";"RESIDÊNCIA EM TERAPIA INTENSIVA NEONATAL";"";"";"ATIVO";"RESIDÊNCIA";"";"Presencial";"";"";"";"";"";"";"5505";"PROGRAMA DE RESIDÊNCIA EM TERAPIA INTENSIVA NEONATAL";"";"";"";"";"";""
"176189793";"RESIDENCIA JUDICIAL";"";"";"";"LATO SENSU";"";"Presencial";"";"";"";"";"";"";"236";"CERES - DEPTO CIÊNCIAS SOCIAIS E HUMANAS";"";"";"";"";"";""
"97144789";"RESIDÊNCIA JUDICIAL";"";"";"ATIVO";"LATO SENSU";"";"Presencial";"";"";"";"";"";"";"404";"PROGRAMA DE PÓS-GRADUAÇÃO EM DIREITO";"";"";"";"";"";""
"108428903";"RESIDÊNCIA JUDICIAL";"";"";"";"LATO SENSU";"";"Presencial";"";"";"";"";"";"";"404";"PROGRAMA DE PÓS-GRADUAÇÃO EM DIREITO";"";"";"";"";"";""
"176336866";"RESIDÊNCIA JUDICIAL 1";"";"";"";"LATO SENSU";"";"Presencial";"";"";"";"";"";"";"404";"PROGRAMA DE PÓS-GRADUAÇÃO EM DIREITO";"";"";"";"";"";""
"176371155";"RESIDÊNCIA JUDICIAL 2 - PRÁTICA JURISDICIONAL TUTELADA";"5753090";"KEITY MARA FERREIRA DE SOUZA E SABOYA";"";"LATO SENSU";"";"Presencial";"";"";"";"";"";"";"404";"PROGRAMA DE PÓS-GRADUAÇÃO EM DIREITO";"";"";"";"";"";""
"176373029";"RESIDÊNCIA JUDICIAL 3 - PRÁTICA JURISDICIONAL TUTELADA";"5753090";"KEITY MARA FERREIRA DE SOUZA E SABOYA";"";"LATO SENSU";"";"Presencial";"";"";"";"";"";"";"404";"PROGRAMA DE PÓS-GRADUAÇÃO EM DIREITO";"";"";"";"";"";""
"123924877";"RESIDÊNCIA JUDICIAL (MÓDULO R1)";"";"";"";"LATO SENSU";"";"Presencial";"";"";"";"";"";"";"404";"PROGRAMA DE PÓS-GRADUAÇÃO EM DIREITO";"";"";"";"";"";""
"156535967";"RESIDÊNCIA JUDICIAL (MÓDULO R1 E R2)";"";"";"";"LATO SENSU";"";"Presencial";"";"";"";"";"";"";"404";"PROGRAMA DE PÓS-GRADUAÇÃO EM DIREITO";"";"";"";"";"";""
"116285516";"RESIDÊNCIA MÉDICA DA ESCOLA MULTICAMPI DE CIÊNCIAS MÉDICAS";"";"";"";"LATO SENSU";"";"Presencial";"";"";"";"";"";"";"7278";"ESCOLA MULTICAMPI DE CIÊNCIAS MÉDICAS DO RIO GRANDE DO NORTE";"";"";"";"";"";""
"148242149";"RESIDÊNCIA MÉDICA DA MATERNIDADE ESCOLA JANUÁRIO CICCO";"5753071";"ANA KARLA MONTEIRO SANTANA DE OLIVEIRA FREITAS";"";"LATO SENSU";"";"Presencial";"";"";"";"";"";"";"1483";"PRÓ-REITORIA DE PÓS GRADUAÇÃO";"";"";"";"";"";""
"148241386";"RESIDÊNCIA MÉDICA DO HOSPITAL UNIVERSITÁRIO ANA BEZERRA";"26036";"SIMONE PEDROSA LIMA";"";"LATO SENSU";"";"Presencial";"";"";"";"";"";"";"1483";"PRÓ-REITORIA DE PÓS GRADUAÇÃO";"";"";"";"";"";""
"147998485";"RESIDÊNCIA MÉDICA DO HOSPITAL UNIVERSITÁRIO ONOFRE LOPES";"22907";"GILMAR AMORIM DE SOUSA";"";"LATO SENSU";"";"Presencial";"";"";"";"";"";"";"1483";"PRÓ-REITORIA DE PÓS GRADUAÇÃO";"";"";"";"";"";""
"5036027";"RESIDÊNCIA MÉDICA EM ANESTESIOLOGIA";"";"";"ATIVO";"RESIDÊNCIA";"";"Presencial";"";"";"";"";"";"";"5507";"PROGRAMA DE RESIDÊNCIA MÉDICA EM ANESTESIOLOGIA";"";"";"";"";"";""
"5036026";"RESIDÊNCIA MÉDICA EM CARDIOLOGIA";"";"";"ATIVO";"RESIDÊNCIA";"";"Presencial";"";"";"";"";"";"";"5508";"PROGRAMA DE RESIDÊNCIA MÉDICA EM CARDIOLOGIA";"";"";"";"";"";""
"5036028";"RESIDÊNCIA MÉDICA EM CIRURGIA GERAL";"";"";"ATIVO";"RESIDÊNCIA";"";"Presencial";"";"";"";"";"";"";"5509";"PROGRAMA DE RESIDÊNCIA MÉDICA EM CIRURGIA GERAL";"";"";"";"";"";""
"116724072";"RESIDÊNCIA MÉDICA EM CIRURGIA GERAL/RESCIRG/EMCM";"";"";"ATIVO";"RESIDÊNCIA";"";"Presencial";"";"";"";"";"";"";"9927";"PROGRAMA DE RESIDÊNCIA MÉDICA EM CIRURGIA GERAL-EMCM";"";"";"";"";"";""
"88337492";"RESIDÊNCIA MÉDICA EM CIRURGIA VIDEOLAPAROSCÓPICA";"";"";"ATIVO";"RESIDÊNCIA";"";"Presencial";"";"";"";"";"";"";"6075";"PROGRAMA DE RESIDÊNCIA MÉDICA EM CIRURGIA VIDEOLAPAROSCÓPICA";"";"";"";"";"";""
"5036029";"RESIDÊNCIA MÉDICA EM CLÍNICA MÉDICA";"";"";"ATIVO";"RESIDÊNCIA";"";"Presencial";"";"";"";"";"";"";"5520";"PROGRAMA DE RESIDÊNCIA MÉDICA EM CIRURGIA DO APARELHO DIGESTIVO";"";"";"";"";"";""
"116724073";"RESIDÊNCIA MÉDICA EM CLÍNICA MÉDICA/RESCLMED/EMCM";"";"";"ATIVO";"RESIDÊNCIA";"";"Presencial";"";"";"";"";"";"";"9928";"PROGRAMA DE RESIDÊNCIA MÉDICA EM CLÍNICA MÉDICA-EMCM";"";"";"";"";"";""
"5036030";"RESIDÊNCIA MÉDICA EM DERMATOLOGIA";"";"";"ATIVO";"RESIDÊNCIA";"";"Presencial";"";"";"";"";"";"";"5510";"PROGRAMA DE RESIDÊNCIA MÉDICA EM DERMATOLOGIA";"";"";"";"";"";""
"157663602";"RESIDÊNCIA MÉDICA EM ECOCARDIOGRAFIA";"";"";"ATIVO";"RESIDÊNCIA";"";"Presencial";"";"Regular";"";"";"NATAL";"";"31354";"PROGRAMA DE RESIDÊNCIA MÉCIDA EM ECOCARDIOGRAFIA";"";"";"";"";"";""
"5036031";"RESIDÊNCIA MÉDICA EM ENDOCRINOLOGIA";"";"";"ATIVO";"RESIDÊNCIA";"";"Presencial";"";"";"";"";"";"";"5511";"PROGRAMA DE RESIDÊNCIA MÉDICA EM ENDOCRINOLOGIA";"";"";"";"";"";""
"5036032";"RESIDÊNCIA MÉDICA EM ENDOCRINOLOGIA PEDIÁTRICA";"";"";"ATIVO";"RESIDÊNCIA";"";"Presencial";"";"";"";"";"";"";"5512";"PROGRAMA DE RESIDÊNCIA MÉDICA EM ENDOCRINOLOGIA PEDIÁTRICA";"";"";"";"";"";""
"5036033";"RESIDÊNCIA MÉDICA EM ENDOSCOPIA GINECOLÓGICA";"";"";"ATIVO";"RESIDÊNCIA";"";"Presencial";"";"";"";"";"";"";"5513";"PROGRAMA DE RESIDÊNCIA MÉDICA EM ENDOSCOPIA GINECOLÓGICA";"";"";"";"";"";""
"134975375";"RESIDÊNCIA MÉDICA EM GASTROENTEROLOGIA";"";"";"ATIVO";"RESIDÊNCIA";"";"Presencial";"";"Regular";"";"";"NATAL";"";"5521";"PROGRAMA DE RESIDÊNCIA MÉDICA EM GASTROENTEROLOGIA";"";"";"";"";"";""
"88337493";"RESIDÊNCIA MÉDICA EM GASTROENTEROLOGIA - ENDOSCOPIA DIGESTIVA";"";"";"ATIVO";"RESIDÊNCIA";"";"Presencial";"";"";"";"";"";"";"6076";"PROGRAMA DE RESIDÊNCIA MÉDICA EM GASTROENTEROLOGIA - ENDOSCOPIA DIGESTIVA";"";"";"";"";"";""
"88337494";"RESIDÊNCIA MÉDICA EM GASTROENTEROLOGIA - HEPATOLOGIA";"";"";"ATIVO";"RESIDÊNCIA";"";"Presencial";"";"";"";"";"";"";"6077";"PROGRAMA DE RESIDÊNCIA MÉDICA EM GASTROENTEROLOGIA - HEPATOLOGIA";"";"";"";"";"";""
"167991689";"RESIDÊNCIA MÉDICA EM GASTROENTEROLOGIA PEDIÁTRICA";"";"";"ATIVO";"RESIDÊNCIA";"";"Presencial";"";"Regular";"";"";"NATAL";"";"5522";"PROGRAMA DE RESIDÊNCIA MÉDICA EM GASTROENTEROLOGIA PEDIÁTRICA";"";"";"";"";"";""
"110378615";"RESIDÊNCIA MÉDICA EM GINECOLOGIA E OBSTETRÍCIA";"";"";"ATIVO";"RESIDÊNCIA";"";"Presencial";"";"";"";"";"";"";"9137";"PROGRAMA DE RESIDÊNCIA MÉDICA EM GINECOLOGIA E OBSTETRÍCIA";"";"";"";"";"";""
"5036038";"RESIDÊNCIA MÉDICA EM GINECOLOGIA E OBSTETRÍCIA";"";"";"ATIVO";"RESIDÊNCIA";"";"Presencial";"";"";"";"";"";"";"5523";"PROGRAMA DE RESIDÊNCIA MÉDICA EM GINECOLOGIA E OBSTETRÍCIA";"";"";"";"";"";""
"5036039";"RESIDÊNCIA MÉDICA EM INFECTOLOGIA";"";"";"ATIVO";"RESIDÊNCIA";"";"Presencial";"";"";"";"";"";"";"5524";"PROGRAMA DE RESIDÊNCIA MÉDICA EM INFECTOLOGIA";"";"";"";"";"";""
"5036040";"RESIDÊNCIA MÉDICA EM MEDICINA DE FAMÍLIA E COMUNIDADE";"";"";"ATIVO";"RESIDÊNCIA";"";"Presencial";"";"";"";"";"";"";"5525";"PROGRAMA DE RESIDÊNCIA MÉDICA EM MEDICINA DE FAMÍLIA E COMUNIDADE";"";"";"";"";"";""
"116724071";"RESIDÊNCIA MÉDICA EM MEDICINA DE FAMÍLIA E COMUNIDADE/RESMMFC/EMCM";"";"";"ATIVO";"RESIDÊNCIA";"";"Presencial";"";"";"";"";"";"";"9926";"PROGRAMA DE RESIDÊNCIA MÉDICA EM MEDICINA DE FAMÍLIA E COMUNIDADE-EMCM";"";"";"";"";"";""
"158680993";"RESIDÊNCIA MÉDICA EM MEDICINA INTENSIVA";"";"";"ATIVO";"RESIDÊNCIA";"";"Presencial";"";"Regular";"";"";"NATAL";"";"7759";"PROGRAMA DE RESIDÊNCIA MÉDICA EM MEDICINA INTENSIVA";"";"";"";"";"";""
"140686470";"RESIDÊNCIA MÉDICA EM NEFROLOGIA";"";"";"ATIVO";"RESIDÊNCIA";"";"Presencial";"";"Regular";"";"";"NATAL";"";"7760";"PROGRAMA DE RESIDÊNCIA MÉDICA EM NEFROLOGIA";"";"";"";"";"";""
"5036041";"RESIDÊNCIA MÉDICA EM NEONATOLOGIA";"";"";"ATIVO";"RESIDÊNCIA";"";"Presencial";"";"";"";"";"";"";"5526";"PROGRAMA DE RESIDÊNCIA MÉDICA EM NEONATOLOGIA";"";"";"";"";"";""
"5036042";"RESIDÊNCIA MÉDICA EM NEUROCIRURGIA";"";"";"ATIVO";"RESIDÊNCIA";"";"Presencial";"";"";"";"";"";"";"5527";"PROGRAMA DE RESIDÊNCIA MÉDICA EM NEUROCIRURGIA";"";"";"";"";"";""
"5036043";"RESIDÊNCIA MÉDICA EM NEUROLOGIA";"";"";"ATIVO";"RESIDÊNCIA";"";"Presencial";"";"";"";"";"";"";"5528";"PROGRAMA DE RESIDÊNCIA MÉDICA EM NEUROLOGIA";"";"";"";"";"";""
"88337495";"RESIDÊNCIA MÉDICA EM NEUROLOGIA";"";"";"ATIVO";"RESIDÊNCIA";"";"Presencial";"";"";"";"";"";"";"6078";"PROGRAMA DE RESIDÊNCIA MÉDICA EM NEUROLOGIA";"";"";"";"";"";""
"5036044";"RESIDÊNCIA MÉDICA EM NEUROLOGIA PEDIÁTRICA";"";"";"ATIVO";"RESIDÊNCIA";"";"Presencial";"";"";"";"";"";"";"5529";"PROGRAMA DE RESIDÊNCIA MÉDICA EM NEUROLOGIA PEDIÁTRICA";"";"";"";"";"";""
"5036045";"RESIDÊNCIA MÉDICA EM OFTALMOLOGIA";"";"";"ATIVO";"RESIDÊNCIA";"";"Presencial";"";"";"";"";"";"";"5530";"PROGRAMA DE RESIDÊNCIA MÉDICA EM OFTALMOLOGIA";"";"";"";"";"";""
"5036046";"RESIDÊNCIA MÉDICA EM OTORRINOLARINGOLOGIA";"";"";"ATIVO";"RESIDÊNCIA";"";"Presencial";"";"";"";"";"";"";"5531";"PROGRAMA DE RESIDÊNCIA MÉDICA EM OTORRINOLARINGOLOGIA";"";"";"";"";"";""
"5048042";"RESIDÊNCIA MÉDICA EM PATOLOGIA";"";"";"ATIVO";"RESIDÊNCIA";"";"Presencial";"";"";"";"";"";"";"5514";"PROGRAMA DE RESIDÊNCIA MÉDICA EM PATOLOGIA";"";"";"";"";"";""
"5036034";"RESIDÊNCIA MÉDICA EM PEDIATRIA";"";"";"ATIVO";"RESIDÊNCIA";"";"Presencial";"";"";"";"";"";"";"5516";"PROGRAMA DE RESIDÊNCIA MÉDICA EM PEDIATRIA";"";"";"";"";"";""
"5036035";"RESIDÊNCIA MÉDICA EM PSIQUIATRIA";"";"";"ATIVO";"RESIDÊNCIA";"";"Presencial";"";"";"";"";"";"";"5517";"PROGRAMA DE RESIDÊNCIA MÉDICA EM PSIQUIATRIA";"";"";"";"";"";""
"5036036";"RESIDÊNCIA MÉDICA EM RADIOLOGIA";"";"";"ATIVO";"RESIDÊNCIA";"";"Presencial";"";"";"";"";"";"";"5518";"PROGRAMA DE RESIDÊNCIA MÉDICA EM RADIOLOGIA";"";"";"";"";"";""
"5036037";"RESIDÊNCIA MÉDICA EM UROLOGIA";"";"";"ATIVO";"RESIDÊNCIA";"";"Presencial";"";"";"";"";"";"";"5519";"PROGRAMA DE RESIDÊNCIA MÉDICA EM UROLOGIA";"";"";"";"";"";""
"2060661";"RESIDÊNCIA MÉDICA EM UROLOGIA";"";"";"ATIVO";"RESIDÊNCIA";"";"Presencial";"";"";"";"";"";"";"5277";"COREME - UROLOGIA";"";"";"";"";"";""
"148382970";"RESIDÊNCIA MULTIPROFISSIONAL DA ESCOLA MULTICAMPI DE CIÊNCIAS MÉDICAS";"";"";"";"LATO SENSU";"";"Presencial";"";"";"";"";"";"";"1483";"PRÓ-REITORIA DE PÓS GRADUAÇÃO";"";"";"";"";"";""
"148247441";"RESIDÊNCIA MULTIPROFISSIONAL DA MATERNIDADE ESCOLA JANUÁRIO CICCO";"";"";"";"LATO SENSU";"";"Presencial";"";"";"";"";"";"";"1483";"PRÓ-REITORIA DE PÓS GRADUAÇÃO";"";"";"";"";"";""
"148241986";"RESIDÊNCIA MULTIPROFISSIONAL DO HOSPITAL UNIVERSITÁRIO ANA BEZERRA";"26036";"SIMONE PEDROSA LIMA";"";"LATO SENSU";"";"Presencial";"";"";"";"";"";"";"1483";"PRÓ-REITORIA DE PÓS GRADUAÇÃO";"";"";"";"";"";""
"148255261";"RESIDÊNCIA MULTIPROFISSIONAL DO HOSPITAL UNIVERSITÁRIO ONOFRE LOPES";"";"";"";"LATO SENSU";"";"Presencial";"";"";"";"";"";"";"1483";"PRÓ-REITORIA DE PÓS GRADUAÇÃO";"";"";"";"";"";""
"115820116";"RESIDÊNCIA MULTIPROFISSIONAL EM ATENÇÃO BÁSICA E EM SAÚDE MATERNO-INFANTIL";"";"";"";"LATO SENSU";"";"Presencial";"";"";"";"";"";"";"7278";"ESCOLA MULTICAMPI DE CIÊNCIAS MÉDICAS DO RIO GRANDE DO NORTE";"";"";"";"";"";""
"172798318";"RESIDÊNCIA UNIPROFISSIONAL EM CIRURGIA BUCO-MAXILO-FACIAL DO HOSPITAL UNIVERSITÁRIO ONOFRE LOPES";"5753024";"JOSE SANDRO PEREIRA DA SILVA";"";"LATO SENSU";"";"Presencial";"";"";"";"";"";"";"1483";"PRÓ-REITORIA DE PÓS GRADUAÇÃO";"";"";"";"";"";""
"7252420";"SAÚDE COLETIVA";"5752602";"JOSE JAILSON DE ALMEIDA JUNIOR";"ATIVO";"GRADUAÇÃO";"BACHARELADO";"Presencial";"Ciências da Saúde";"Regular";"";"Generalista";"NATAL";"";"441";"CENTRO DE CIÊNCIAS DA SAÚDE";"http://www.prograd.ufrn.br";"";"116778";"2018/08/21 00:00:00.000";"PORTARIA MEC N° 566";""
"157289885";"SAÚDE DA FAMÍLIA";"";"";"";"LATO SENSU";"";"A Distância";"";"";"";"";"";"";"205";"ESCOLA DE SAÚDE";"";"";"";"";"";""
"2000068";"SERVIÇO SOCIAL";"26190";"ILKA DE LIMA SOUZA";"ATIVO";"GRADUAÇÃO";"BACHARELADO";"Presencial";"Ciências Sociais Aplicadas";"Regular";"Matutino e Vespertino";"Generalista";"NATAL";"Campus Central";"443";"CENTRO DE CIÊNCIAS SOCIAIS APLICADAS";"http://sol.ccsa.ufrn.br/ccsa/areas/serso/servicosocial/";"1945/03/02 00:00:00.000";"12325";"2018/03/02 00:00:00.000";"Portaria Nº 133/2018 - MEC";""
"141479960";"SIGAA";"";"";"";"LATO SENSU";"";"Presencial";"";"";"";"";"";"";"1589";"DEPARTAMENTO DE ENGENHARIA DE MATERIAIS";"";"";"";"";"";""
"2069728";"SIMPÓSIO DE DST E AIDS";"";"";"ATIVO";"LATO SENSU";"";"Presencial";"";"";"";"";"";"";"197";"DEPARTAMENTO DE TOCO-GINECOLOGIA";"";"";"";"";"";""
"7191770";"SISTEMAS DE INFORMAÇÃO";"5760893";"FRANCISCO MARCIO BARBOZA";"ATIVO";"GRADUAÇÃO";"BACHARELADO";"Presencial";"Ciências Exatas e da Terra";"Regular";"";"Generalista";"CAICÓ";"Campus Caicó";"1482";"CENTRO DE  ENSINO SUPERIOR DO SERIDÓ";"http://www.prograd.ufrn.br";"";"116770";"2018/12/28 00:00:00.000";"Portaria MEC/SERES Nº 922/2018";""
"104281175";"SOCIOLOGIA";"";"";"";"LATO SENSU";"";"A Distância";"";"";"";"";"";"";"136";"DEPARTAMENTO DE CIÊNCIAS SOCIAIS";"";"";"";"";"";""
"155160517";"SSS";"";"";"";"LATO SENSU";"";"Remoto";"";"";"";"";"";"";"161";"DEPARTAMENTO DE CIÊNCIAS ADMINISTRATIVAS - DEPAD";"";"";"";"";"";""
"127662526";"SSSS";"";"";"";"LATO SENSU";"";"Presencial";"";"";"";"";"";"";"195";"DEPARTAMENTO DE ODONTOLOGIA";"";"";"";"";"";""
"117859096";"SUPERVISÃO EAD";"23717";"JOSE DANIEL DINIZ MELO";"";"TÉCNICO";"";"A Distância";"";"";"";"";"MACAÍBA";"";"8919";"ESCOLA AGRICOLA DE JUNDIAI - PRONATEC";"";"";"";"";"";""
"2000158";"TEATRO";"26307";"JOSE SAVIO OLIVEIRA DE ARAUJO";"ATIVO";"GRADUAÇÃO";"LICENCIATURA";"Presencial";"Lingüística, Letras e Artes";"Regular";"Matutino";"Generalista";"NATAL";"Campus Central";"442";"CENTRO DE CIÊNCIAS HUMANAS, LETRAS E ARTES";"http://www.cchla.ufrn.br/deart/";"2020/01/01 00:00:00.000";"108336";"2017/08/07 00:00:00.000";"Portaria nº 847/2017 - MEC";""
"5400";"TÉCNICO DE MÚSICA (CANTO)";"5759468";"POLLYANNA GUIMARAES DA SILVA DE MORAIS";"ATIVO";"TÉCNICO";"";"Presencial";"";"";"";"";"NATAL";"";"284";"ESCOLA DE MÚSICA";"";"";"";"";"";""
"4970";"TÉCNICO DE MÚSICA (INSTRUMENTO)";"5759468";"POLLYANNA GUIMARAES DA SILVA DE MORAIS";"ATIVO";"TÉCNICO";"";"Presencial";"";"";"";"";"NATAL";"";"284";"ESCOLA DE MÚSICA";"";"";"";"";"";""
"5402";"TÉCNICO DE MÚSICA (PROCESSOS FONOGRÁFICOS)";"5759468";"POLLYANNA GUIMARAES DA SILVA DE MORAIS";"ATIVO";"TÉCNICO";"";"Presencial";"";"";"";"";"NATAL";"";"284";"ESCOLA DE MÚSICA";"";"";"";"";"";""
"5401";"TÉCNICO DE MÚSICA (REGÊNCIA)";"5759468";"POLLYANNA GUIMARAES DA SILVA DE MORAIS";"ATIVO";"TÉCNICO";"";"Presencial";"";"";"";"";"NATAL";"";"284";"ESCOLA DE MÚSICA";"";"";"";"";"";""
"127877945";"TECNICO EM ADMINISTRAÇÃO";"";"";"";"TÉCNICO";"";"Semi-Presencial";"";"";"";"";"MACAÍBA";"";"351";"ESCOLA AGRÍCOLA DE JUNDIAÍ";"";"";"";"";"";""
"125836332";"TÉCNICO EM ADMINISTRAÇÃO - MEDIOTEC - 2017.2 - MOSSORÓ";"";"";"";"TÉCNICO";"";"Semi-Presencial";"";"";"";"";"MACAÍBA";"";"8919";"ESCOLA AGRICOLA DE JUNDIAI - PRONATEC";"";"";"";"";"";""
"125836370";"TÉCNICO EM ADMINISTRAÇÃO - MEDIOTEC - 2017.2 - PATÚ";"";"";"";"TÉCNICO";"";"Semi-Presencial";"";"";"";"";"MACAÍBA";"";"8919";"ESCOLA AGRICOLA DE JUNDIAI - PRONATEC";"";"";"";"";"";""
"94763016";"TÉCNICO EM AGENTE COMUNITÁRIO DE SAÚDE";"5757559";"KISNA YASMIN ANDRADE ALVES";"ATIVO";"TÉCNICO";"";"Presencial";"";"";"";"";"NATAL";"";"205";"ESCOLA DE SAÚDE";"";"";"";"";"";""
"89236703";"TECNICO EM AGRICULTURA CORRESPONDENTE AO ENSINO MEDIO";"";"";"ATIVO";"TÉCNICO INTEGRADO";"";"Presencial";"";"";"";"";"MACAÍBA";"";"351";"ESCOLA AGRÍCOLA DE JUNDIAÍ";"";"";"12171";"";"";""
"125836411";"TÉCNICO EM AGRICULTURA - MEDIOTEC - 2017.2 - MACAÍBA";"";"";"";"TÉCNICO";"";"Semi-Presencial";"";"";"";"";"MACAÍBA";"";"8919";"ESCOLA AGRICOLA DE JUNDIAI - PRONATEC";"";"";"";"";"";""
"125836381";"TÉCNICO EM AGRICULTURA - MEDIOTEC - 2017.2 - PASSA E FICA";"";"";"";"TÉCNICO";"";"Semi-Presencial";"";"";"";"";"MACAÍBA";"";"8919";"ESCOLA AGRICOLA DE JUNDIAI - PRONATEC";"";"";"";"";"";""
"125836390";"TÉCNICO EM AGRICULTURA - MEDIOTEC - 2017.2 - SENADOR ELÓI DE SOUZA";"";"";"";"TÉCNICO";"";"Semi-Presencial";"";"";"";"";"MACAÍBA";"";"8919";"ESCOLA AGRICOLA DE JUNDIAI - PRONATEC";"";"";"";"";"";""
"125836386";"TÉCNICO EM AGRICULTURA - MEDIOTEC - 2017.2 - VERA CRUZ";"";"";"";"TÉCNICO";"";"Semi-Presencial";"";"";"";"";"MACAÍBA";"";"8919";"ESCOLA AGRICOLA DE JUNDIAI - PRONATEC";"";"";"";"";"";""
"106084697";"TÉCNICO EM AGROECOLOGIA CONCOMITANTE - APODI - PRONATEC";"";"";"";"TÉCNICO";"";"Presencial";"";"";"";"";"";"";"8919";"ESCOLA AGRICOLA DE JUNDIAI - PRONATEC";"";"";"";"";"";""
"115305660";"TÉCNICO EM AGROECOLOGIA CONCOMITANTE - SÃO JOSÉ DO MIPIBÚ - 2015.3";"";"";"";"TÉCNICO";"";"Presencial";"";"";"";"";"MACAÍBA";"";"8919";"ESCOLA AGRICOLA DE JUNDIAI - PRONATEC";"";"";"";"";"";""
"115305659";"TÉCNICO EM AGROECOLOGIA CONCOMITANTE - TOUROS - 2015.3";"";"";"";"TÉCNICO";"";"Presencial";"";"";"";"";"MACAÍBA";"";"8919";"ESCOLA AGRICOLA DE JUNDIAI - PRONATEC";"";"";"";"";"";""
"104829374";"TÉCNICO EM AGROECOLOGIA - EAJ - PRONATEC";"";"";"";"TÉCNICO";"";"Presencial";"";"";"";"";"MACAÍBA";"";"8919";"ESCOLA AGRICOLA DE JUNDIAI - PRONATEC";"";"";"";"";"";""
"106575692";"TÉCNICO EM AGROECOLOGIA - JOÃO CÂMARA - PRONATEC";"";"";"";"TÉCNICO";"";"Presencial";"";"";"";"";"MACAÍBA";"";"8919";"ESCOLA AGRICOLA DE JUNDIAI - PRONATEC";"";"";"";"";"";""
"125836160";"TÉCNICO EM AGROECOLOGIA - MEDIOTEC - 2017.2 - ASSÚ";"";"";"";"TÉCNICO";"";"Semi-Presencial";"";"";"";"";"MACAÍBA";"";"8919";"ESCOLA AGRICOLA DE JUNDIAI - PRONATEC";"";"";"";"";"";""
"107700152";"TÉCNICO EM AGROECOLOGIA - PEDRO AVELINO";"";"";"";"TÉCNICO";"";"Presencial";"";"";"";"";"MACAÍBA";"";"8919";"ESCOLA AGRICOLA DE JUNDIAI - PRONATEC";"";"";"";"";"";""
"91131594";"TÉCNICO EM AGROINDÚSTRIA A DISTÂNCIA - E-TEC";"";"";"ATIVO";"TÉCNICO";"";"A Distância";"";"";"";"";"MACAÍBA";"";"351";"ESCOLA AGRÍCOLA DE JUNDIAÍ";"";"";"";"";"";""
"128442084";"TECNICO EM AGROINDUSTRIA A DISTÂNCIA ETEC SUBSEQUENTE 1200HS";"";"";"";"TÉCNICO";"";"Semi-Presencial";"";"";"";"";"MACAÍBA";"";"351";"ESCOLA AGRÍCOLA DE JUNDIAÍ";"";"";"";"";"";""
"89566524";"TECNICO EM AGROINDUSTRIA CONCOMITANTE";"";"";"ATIVO";"TÉCNICO";"";"Presencial";"";"";"";"";"MACAÍBA";"";"351";"ESCOLA AGRÍCOLA DE JUNDIAÍ";"";"";"";"";"";""
"89236989";"TECNICO EM AGROINDUSTRIA CORRESPONDENTE AO ENSINO MEDIO";"5752876";"CLAUDIA SOUZA MACEDO";"ATIVO";"TÉCNICO INTEGRADO";"";"Presencial";"";"";"";"";"MACAÍBA";"";"351";"ESCOLA AGRÍCOLA DE JUNDIAÍ";"";"";"9120";"";"";""
"104830980";"TÉCNICO EM AGROINDÚSTRIA - EAJ - PRONATEC";"";"";"";"TÉCNICO";"";"Presencial";"";"";"";"";"MACAÍBA";"";"8919";"ESCOLA AGRICOLA DE JUNDIAI - PRONATEC";"";"";"";"";"";""
"128154178";"TÉCNICO EM AGROINDÚSTRIA ETEC MEDIOTEC";"";"";"";"TÉCNICO";"";"Semi-Presencial";"";"";"";"";"MACAÍBA";"";"351";"ESCOLA AGRÍCOLA DE JUNDIAÍ";"";"";"";"";"";""
"4746394";"TECNICO EM AGROINDUSTRIA SUBSEQUENTE";"5752876";"CLAUDIA SOUZA MACEDO";"ATIVO";"TÉCNICO";"";"Presencial";"";"";"";"";"MACAÍBA";"";"351";"ESCOLA AGRÍCOLA DE JUNDIAÍ";"";"";"";"";"";""
"113586412";"TÉCNICO EM AGRONEGÓCIO 2015.2 - EAJ - PRONATEC";"";"";"";"TÉCNICO";"";"Presencial";"";"";"";"";"MACAÍBA";"";"8919";"ESCOLA AGRICOLA DE JUNDIAI - PRONATEC";"";"";"";"";"";""
"127812701";"TÉCNICO EM AGRONEGÓCIO A DISTANCIA ETEC";"";"";"";"TÉCNICO";"";"Semi-Presencial";"";"";"";"";"MACAÍBA";"";"351";"ESCOLA AGRÍCOLA DE JUNDIAÍ";"";"";"";"";"";""
"106116814";"TÉCNICO EM AGRONEGÓCIO SUBS. - EAJ - PRONATEC";"";"";"";"TÉCNICO";"";"Presencial";"";"";"";"";"MACAÍBA";"";"8919";"ESCOLA AGRICOLA DE JUNDIAI - PRONATEC";"";"";"";"";"";""
"106573674";"TÉCNICO EM AGRONEGÓCIO SUBS. - TOUROS - PRONATEC";"";"";"";"TÉCNICO";"";"Presencial";"";"";"";"";"MACAÍBA";"";"8919";"ESCOLA AGRICOLA DE JUNDIAI - PRONATEC";"";"";"";"";"";""
"107700157";"TÉCNICO EM AGRONEGÓCIO - TOUROS";"";"";"";"TÉCNICO";"";"Presencial";"";"";"";"";"MACAÍBA";"";"8919";"ESCOLA AGRICOLA DE JUNDIAI - PRONATEC";"";"";"";"";"";""
"108814299";"TÉCNICO EM AGROPECUÁRIA A DISTÂNCIA - E-TEC";"";"";"";"TÉCNICO";"";"A Distância";"";"";"";"";"";"";"351";"ESCOLA AGRÍCOLA DE JUNDIAÍ";"";"";"";"";"";""
"4746305";"TECNICO EM AGROPECUARIA CONCOMITANTE";"";"";"ATIVO";"TÉCNICO";"";"Presencial";"";"";"";"";"MACAÍBA";"";"351";"ESCOLA AGRÍCOLA DE JUNDIAÍ";"";"";"";"";"";""
"97201468";"TECNICO EM AGROPECUÁRIA CORRESPONDENTE AO ENSINO MÉDIO";"5357693";"ROBSON ALEXSANDRO DE SOUSA";"ATIVO";"TÉCNICO INTEGRADO";"";"Presencial";"";"";"";"";"MACAÍBA";"";"351";"ESCOLA AGRÍCOLA DE JUNDIAÍ";"";"";"";"";"";""
"107700482";"TÉCNICO EM AGROPECUÁRIA - JOÃO CÂMARA";"";"";"";"TÉCNICO";"";"Presencial";"";"";"";"";"MACAÍBA";"";"8919";"ESCOLA AGRICOLA DE JUNDIAI - PRONATEC";"";"";"";"";"";""
"125836415";"TÉCNICO EM AGROPECUÁRIA - MEDIOTEC - 2017.2 - MACAÍBA";"";"";"";"TÉCNICO";"";"Semi-Presencial";"";"";"";"";"MACAÍBA";"";"8919";"ESCOLA AGRICOLA DE JUNDIAI - PRONATEC";"";"";"";"";"";""
"125836420";"TÉCNICO EM AGROPECUÁRIA - MEDIOTEC - 2017.2 - MONTE ALEGRE";"";"";"";"TÉCNICO";"";"Semi-Presencial";"";"";"";"";"MACAÍBA";"";"8919";"ESCOLA AGRICOLA DE JUNDIAI - PRONATEC";"";"";"";"";"";""
"125836360";"TÉCNICO EM AGROPECUÁRIA - MEDIOTEC - 2017.2 - MOSSORÓ";"";"";"";"TÉCNICO";"";"Semi-Presencial";"";"";"";"";"MACAÍBA";"";"8919";"ESCOLA AGRICOLA DE JUNDIAI - PRONATEC";"";"";"";"";"";""
"125836427";"TÉCNICO EM AGROPECUÁRIA - MEDIOTEC - 2017.2 - SANTO ANTÔNIO";"";"";"";"TÉCNICO";"";"Semi-Presencial";"";"";"";"";"MACAÍBA";"";"8919";"ESCOLA AGRICOLA DE JUNDIAI - PRONATEC";"";"";"";"";"";""
"4746233";"TECNICO EM AGROPECUARIA SUBSEQUENTE";"5357693";"ROBSON ALEXSANDRO DE SOUSA";"ATIVO";"TÉCNICO";"";"Presencial";"";"";"";"";"MACAÍBA";"";"351";"ESCOLA AGRÍCOLA DE JUNDIAÍ";"";"";"";"";"";""
"106116842";"TÉCNICO EM AGROPECUÁRIA SUBS. - TOUROS - PRONATEC";"";"";"";"TÉCNICO";"";"Presencial";"";"";"";"";"MACAÍBA";"";"8919";"ESCOLA AGRICOLA DE JUNDIAI - PRONATEC";"";"";"";"";"";""
"106573659";"TÉCNICO EM AGROPECUÁRIA SUBS. - VERA CRUZ - PRON";"";"";"";"TÉCNICO";"";"Presencial";"";"";"";"";"MACAÍBA";"";"8919";"ESCOLA AGRICOLA DE JUNDIAI - PRONATEC";"";"";"";"";"";""
"107700483";"TÉCNICO EM AGROPECUÁRIA - VERA CRUZ";"";"";"";"TÉCNICO";"";"Presencial";"";"";"";"";"MACAÍBA";"";"8919";"ESCOLA AGRICOLA DE JUNDIAI - PRONATEC";"";"";"";"";"";""
"110000708";"TÉCNICO EM ALIMENTAÇÃO ESCOLAR A DISTÂNCIA E-TEC";"";"";"";"TÉCNICO";"";"A Distância";"";"";"";"";"MACAÍBA";"";"351";"ESCOLA AGRÍCOLA DE JUNDIAÍ";"";"";"";"";"";""
"94760623";"TÉCNICO EM ANÁLISES CLÍNICAS";"";"";"ATIVO";"TÉCNICO";"";"Presencial";"";"";"";"";"NATAL";"";"205";"ESCOLA DE SAÚDE";"";"";"";"";"";""
"116206366";"TÉCNICO EM APICULTURA A DISTÂNCIA - E-TEC";"";"";"";"TÉCNICO";"";"A Distância";"";"";"";"";"MACAÍBA";"";"351";"ESCOLA AGRÍCOLA DE JUNDIAÍ";"";"";"";"";"";""
"106084762";"TÉCNICO EM APICULTURA CONCOMITANTE - SERRA DO MEL - PRONATEC";"";"";"";"TÉCNICO";"";"Presencial";"";"";"";"";"";"";"8919";"ESCOLA AGRICOLA DE JUNDIAI - PRONATEC";"";"";"";"";"";""
"110392658";"TÉCNICO EM AQUICULTURA A DISTÂNCIA E-TEC";"";"";"";"TÉCNICO";"";"A Distância";"";"";"";"";"MACAÍBA";"";"351";"ESCOLA AGRÍCOLA DE JUNDIAÍ";"";"";"";"";"";""
"89569923";"TECNICO EM AQUICULTURA CONCOMITANTE";"";"";"ATIVO";"TÉCNICO";"";"Presencial";"";"";"";"";"MACAÍBA";"";"351";"ESCOLA AGRÍCOLA DE JUNDIAÍ";"";"";"";"";"";""
"97294724";"TÉCNICO EM AQUICULTURA CORRESPONDENTE AO ENSINO MÉDIO";"";"";"ATIVO";"TÉCNICO INTEGRADO";"";"Presencial";"";"";"";"";"MACAÍBA";"";"351";"ESCOLA AGRÍCOLA DE JUNDIAÍ";"";"";"";"";"";""
"104828480";"TÉCNICO EM AQUICULTURA - EAJ - PRONATEC";"5752873";"KARINA RIBEIRO";"";"TÉCNICO";"";"Presencial";"";"";"";"";"MACAÍBA";"";"8919";"ESCOLA AGRICOLA DE JUNDIAI - PRONATEC";"";"";"";"";"";""
"4769895";"TECNICO EM AQUICULTURA SUBSEQUENTE";"5752857";"RODRIGO ANTONIO PONCE DE LEON FERREIRA DE CARVALHO";"ATIVO";"TÉCNICO";"";"Presencial";"";"";"";"";"MACAÍBA";"";"351";"ESCOLA AGRÍCOLA DE JUNDIAÍ";"";"";"";"";"";""
"179237291";"TÉCNICO EM ÁUDIO";"5759468";"POLLYANNA GUIMARAES DA SILVA DE MORAIS";"";"TÉCNICO";"";"Presencial";"";"";"";"";"NATAL";"";"284";"ESCOLA DE MÚSICA";"";"";"";"";"";""
"104855616";"TÉCNICO EM AUTOMAÇÃO INDUSTRIAL - IMD - PRONATEC";"";"";"";"TÉCNICO";"";"Presencial";"";"";"";"";"MACAÍBA";"";"8919";"ESCOLA AGRICOLA DE JUNDIAI - PRONATEC";"";"";"";"";"";""
"104855742";"TÉCNICO EM CERÂMICA - NATAL - PRONATEC";"";"";"";"TÉCNICO";"";"Presencial";"";"";"";"";"MACAÍBA";"";"8919";"ESCOLA AGRICOLA DE JUNDIAI - PRONATEC";"";"";"";"";"";""
"104855224";"TÉCNICO EM CITOPATOLOGIA - NATAL - PRONATEC";"";"";"";"TÉCNICO";"";"Presencial";"";"";"";"";"MACAÍBA";"";"8919";"ESCOLA AGRICOLA DE JUNDIAI - PRONATEC";"";"";"";"";"";""
"107700266";"TÉCNICO EM COMÉRCIO - CAICÓ";"";"";"";"TÉCNICO";"";"Presencial";"";"";"";"";"MACAÍBA";"";"8919";"ESCOLA AGRICOLA DE JUNDIAI - PRONATEC";"";"";"";"";"";""
"100755713";"TÉCNICO EM COMÉRCIO EXTERIOR A DISTÂNCIA E-TEC";"";"";"ATIVO";"TÉCNICO";"";"A Distância";"";"";"";"";"";"";"351";"ESCOLA AGRÍCOLA DE JUNDIAÍ";"";"";"";"";"";""
"127876144";"TECNICO EM CONTABILIDADE";"";"";"";"TÉCNICO";"";"Semi-Presencial";"";"";"";"";"MACAÍBA";"";"351";"ESCOLA AGRÍCOLA DE JUNDIAÍ";"";"";"";"";"";""
"100755694";"TÉCNICO EM COOPERATIVISMO A DISTÂNCIA E-TEC";"";"";"ATIVO";"TÉCNICO";"";"A Distância";"";"";"";"";"MACAÍBA";"";"351";"ESCOLA AGRÍCOLA DE JUNDIAÍ";"";"";"";"";"";""
"132439864";"TÉCNICO EM COOPERATIVISMO A DISTANCIA ETEC MEDIOTEC";"";"";"";"TÉCNICO";"";"Semi-Presencial";"";"";"";"";"MACAÍBA";"";"351";"ESCOLA AGRÍCOLA DE JUNDIAÍ";"";"";"";"";"";""
"170723080";"TÉCNICO EM CUIDADOS DE IDOSOS";"26045";"CLEONICE ANDREA ALVES CAVALCANTE";"";"TÉCNICO";"";"Presencial";"";"";"";"";"NATAL";"";"205";"ESCOLA DE SAÚDE";"";"";"";"";"";""
"106575702";"TÉCNICO EM EDIFICAÇÕES - 2013.2 - EAJ - PRONATEC";"";"";"";"TÉCNICO";"";"Presencial";"";"";"";"";"MACAÍBA";"";"8919";"ESCOLA AGRICOLA DE JUNDIAI - PRONATEC";"";"";"";"";"";""
"104855238";"TÉCNICO EM EDIFICAÇÕES - 2014.1 - EAJ - PRONATEC";"";"";"";"TÉCNICO";"";"Presencial";"";"";"";"";"MACAÍBA";"";"8919";"ESCOLA AGRICOLA DE JUNDIAI - PRONATEC";"";"";"";"";"";""
"113586304";"TÉCNICO EM EDIFICAÇÕES 2015.2 - EAJ - PRONATEC";"";"";"";"TÉCNICO";"";"Presencial";"";"";"";"";"MACAÍBA";"";"8919";"ESCOLA AGRICOLA DE JUNDIAI - PRONATEC";"";"";"";"";"";""
"115305806";"TÉCNICO EM EDIFICAÇÕES CONCOMITANTE - NATAL - 2015.3";"";"";"";"TÉCNICO";"";"Presencial";"";"";"";"";"MACAÍBA";"";"8919";"ESCOLA AGRICOLA DE JUNDIAI - PRONATEC";"";"";"";"";"";""
"115305770";"TÉCNICO EM ELETROMECÂNICA CONCOMITANTE - MOSSORÓ - 2015.3";"";"";"";"TÉCNICO";"";"Presencial";"";"";"";"";"MACAÍBA";"";"8919";"ESCOLA AGRICOLA DE JUNDIAI - PRONATEC";"";"";"";"";"";""
"125836299";"TÉCNICO EM ELETROMECÂNICA - MEDIOTEC - 2017.2 - MOSSORÓ";"";"";"";"TÉCNICO";"";"Semi-Presencial";"";"";"";"";"MACAÍBA";"";"8919";"ESCOLA AGRICOLA DE JUNDIAI - PRONATEC";"";"";"";"";"";""
"104855738";"TÉCNICO EM ELETRÔNICA - IMD - PRONATEC";"";"";"";"TÉCNICO";"";"Presencial";"";"";"";"";"MACAÍBA";"";"8919";"ESCOLA AGRICOLA DE JUNDIAI - PRONATEC";"";"";"";"";"";""
"128872362";"TÉCNICO EM FINANÇAS";"";"";"";"TÉCNICO";"";"Semi-Presencial";"";"";"";"";"MACAÍBA";"";"351";"ESCOLA AGRÍCOLA DE JUNDIAÍ";"";"";"";"";"";""
"125836165";"TÉCNICO EM FRUTICULTURA - MEDIOTEC - 2017.2 - ASSÚ";"";"";"";"TÉCNICO";"";"Semi-Presencial";"";"";"";"";"MACAÍBA";"";"8919";"ESCOLA AGRICOLA DE JUNDIAI - PRONATEC";"";"";"";"";"";""
"125836168";"TÉCNICO EM FRUTICULTURA - MEDIOTEC - 2017.2 - GOV. DIX-SEPT ROSADO";"";"";"";"TÉCNICO";"";"Semi-Presencial";"";"";"";"";"MACAÍBA";"";"8919";"ESCOLA AGRICOLA DE JUNDIAI - PRONATEC";"";"";"";"";"";""
"125836183";"TÉCNICO EM FRUTICULTURA - MEDIOTEC - 2017.2 - IPANGUAÇU";"";"";"";"TÉCNICO";"";"Semi-Presencial";"";"";"";"";"MACAÍBA";"";"8919";"ESCOLA AGRICOLA DE JUNDIAI - PRONATEC";"";"";"";"";"";""
"107700459";"TÉCNICO EM FRUTICULTURA - TIBAU";"";"";"";"TÉCNICO";"";"Presencial";"";"";"";"";"MACAÍBA";"";"8919";"ESCOLA AGRICOLA DE JUNDIAI - PRONATEC";"";"";"";"";"";""
"146100906";"TÉCNICO EM GASTRONOMIA SUBSEQUENTE";"5762041";"AMANDA VIVIANI VOGAS";"";"TÉCNICO";"";"Presencial";"";"";"";"";"MACAÍBA";"";"351";"ESCOLA AGRÍCOLA DE JUNDIAÍ";"";"";"";"";"";""
"115305821";"TÉCNICO EM GUIA DE TURISMO CONCOMITANTE - EXTREMOZ - 2015.3";"";"";"";"TÉCNICO";"";"Presencial";"";"";"";"";"NATAL";"";"8919";"ESCOLA AGRICOLA DE JUNDIAI - PRONATEC";"";"";"";"";"";""
"106084853";"TÉCNICO EM GUIA DE TURISMO CONCOMITANTE - SANTA CRUZ - PRONATEC";"";"";"";"TÉCNICO";"";"Presencial";"";"";"";"";"";"";"8919";"ESCOLA AGRICOLA DE JUNDIAI - PRONATEC";"";"";"";"";"";""
"106573371";"TÉCNICO  EM GUIA DE TURISMO-CURRAIS NOVOS-PRONATEC";"";"";"";"TÉCNICO";"";"Presencial";"";"";"";"";"MACAÍBA";"";"8919";"ESCOLA AGRICOLA DE JUNDIAI - PRONATEC";"";"";"";"";"";""
"104814850";"TÉCNICO EM GUIA DE TURISMO - EAJ - PRONATEC";"";"";"";"TÉCNICO";"";"Presencial";"";"";"";"";"MACAÍBA";"";"8919";"ESCOLA AGRICOLA DE JUNDIAI - PRONATEC";"";"";"";"";"";""
"107700435";"TÉCNICO EM GUIA DE TURISMO - MARTINS";"";"";"";"TÉCNICO";"";"Presencial";"";"";"";"";"MACAÍBA";"";"8919";"ESCOLA AGRICOLA DE JUNDIAI - PRONATEC";"";"";"";"";"";""
"125836435";"TÉCNICO EM GUIA DE TURISMO - MEDIOTEC - 2017.2 - PRESIDENTE JUSCELINO";"";"";"";"TÉCNICO";"";"Semi-Presencial";"";"";"";"";"MACAÍBA";"";"8919";"ESCOLA AGRICOLA DE JUNDIAI - PRONATEC";"";"";"";"";"";""
"106573006";"TÉCNICOEM GUIA DE TURISMO-PAU DOS FERROS-PRONATEC";"";"";"";"TÉCNICO";"";"Presencial";"";"";"";"";"MACAÍBA";"";"8919";"ESCOLA AGRICOLA DE JUNDIAI - PRONATEC";"";"";"";"";"";""
"107700437";"TÉCNICO EM GUIA DE TURISMO - TOUROS";"";"";"";"TÉCNICO";"";"Presencial";"";"";"";"";"MACAÍBA";"";"8919";"ESCOLA AGRICOLA DE JUNDIAI - PRONATEC";"";"";"";"";"";""
"106573440";"TÉCNICO EM GUIA DE TURISMO - TOUROS - PRONATEC";"";"";"";"TÉCNICO";"";"Presencial";"";"";"";"";"MACAÍBA";"";"8919";"ESCOLA AGRICOLA DE JUNDIAI - PRONATEC";"";"";"";"";"";""
"107700474";"TÉCNICO EM HOSPEDAGEM - NATAL";"";"";"";"TÉCNICO";"";"Presencial";"";"";"";"";"MACAÍBA";"";"8919";"ESCOLA AGRICOLA DE JUNDIAI - PRONATEC";"";"";"";"";"";""
"110897348";"TÉCNICO EM INFORMÁTICA 2012";"24939";"IVAN MAX FREIRE DE LACERDA";"";"TÉCNICO";"";"Presencial";"";"";"";"";"MACAÍBA";"";"8919";"ESCOLA AGRICOLA DE JUNDIAI - PRONATEC";"";"";"";"";"";""
"90566270";"TÉCNICO EM INFORMÁTICA A DISTÂNCIA - E-TEC";"";"";"ATIVO";"TÉCNICO";"";"A Distância";"";"";"";"";"MACAÍBA";"";"351";"ESCOLA AGRÍCOLA DE JUNDIAÍ";"";"";"";"";"";""
"89569829";"TECNICO EM INFORMATICA CONCOMITANTE";"";"";"ATIVO";"TÉCNICO";"";"Presencial";"";"";"";"";"MACAÍBA";"";"351";"ESCOLA AGRÍCOLA DE JUNDIAÍ";"";"";"";"";"";""
"106084882";"TÉCNICO EM INFORMÁTICA CONCOMITANTE - CARAÚBAS - PRONATEC";"";"";"";"TÉCNICO";"";"Presencial";"";"";"";"";"";"";"8919";"ESCOLA AGRICOLA DE JUNDIAI - PRONATEC";"";"";"";"";"";""
"106572709";"TÉCNICO EM INFORMÁTICA CONCOMITANTE - JARDIM DO SERIDÓ - PRONATEC";"";"";"";"TÉCNICO";"";"Presencial";"";"";"";"";"";"";"8919";"ESCOLA AGRICOLA DE JUNDIAI - PRONATEC";"";"";"";"";"";""
"115305699";"TÉCNICO EM INFORMÁTICA CONCOMITANTE - MOSSORÓ - 2015.3";"";"";"";"TÉCNICO";"";"Presencial";"";"";"";"";"MACAÍBA";"";"8919";"ESCOLA AGRICOLA DE JUNDIAI - PRONATEC";"";"";"";"";"";""
"115305698";"TÉCNICO EM INFORMÁTICA CONCOMITANTE - SÃO GONÇALO DO AMARANTE - 2015.3";"";"";"";"TÉCNICO";"";"Presencial";"";"";"";"";"MACAÍBA";"";"8919";"ESCOLA AGRICOLA DE JUNDIAI - PRONATEC";"";"";"";"";"";""
"89237318";"TECNICO EM INFORMATICA CORRESPONDENTE AO ENSINO MEDIO";"5752871";"ALESSANDRA MENDES PACHECO";"ATIVO";"TÉCNICO INTEGRADO";"";"Presencial";"";"";"";"";"MACAÍBA";"";"351";"ESCOLA AGRÍCOLA DE JUNDIAÍ";"";"";"6073";"";"";""
"104855831";"TÉCNICO EM INFORMÁTICA - EAJ - PRONATEC";"";"";"";"TÉCNICO";"";"Presencial";"";"";"";"";"MACAÍBA";"";"8919";"ESCOLA AGRICOLA DE JUNDIAI - PRONATEC";"";"";"";"";"";""
"104855737";"TÉCNICO EM INFORMÁTICA PARA INTERNET - IMD - PRON";"";"";"";"TÉCNICO";"";"Presencial";"";"";"";"";"MACAÍBA";"";"8919";"ESCOLA AGRICOLA DE JUNDIAI - PRONATEC";"";"";"";"";"";""
"107700457";"TÉCNICO EM INFORMÁTICA - PENDÊNCIAS";"";"";"";"TÉCNICO";"";"Presencial";"";"";"";"";"MACAÍBA";"";"8919";"ESCOLA AGRICOLA DE JUNDIAI - PRONATEC";"";"";"";"";"";""
"11286670";"TECNICO EM INFORMATICA SUBSEQUENTE";"";"";"ATIVO";"TÉCNICO";"";"Presencial";"";"";"";"";"MACAÍBA";"";"351";"ESCOLA AGRÍCOLA DE JUNDIAÍ";"";"";"";"";"";""
"106545595";"TÉCNICO EM INSTRUMENTO MUSICAL - PRONATEC 2014.2";"";"";"";"TÉCNICO";"";"Presencial";"";"";"";"";"NATAL";"";"284";"ESCOLA DE MÚSICA";"";"";"";"";"";""
"94730684";"TÉCNICO EM INSTRUMENTO - PRONATEC 2012.2 - CRUZETA/RN";"";"";"ATIVO";"TÉCNICO";"";"Presencial";"";"";"";"";"NATAL";"";"284";"ESCOLA DE MÚSICA";"";"";"";"";"";""
"128856859";"TECNICO EM LOGISTICA";"";"";"";"TÉCNICO";"";"Semi-Presencial";"";"";"";"";"MACAÍBA";"";"351";"ESCOLA AGRÍCOLA DE JUNDIAÍ";"";"";"";"";"";""
"113586418";"TÉCNICO EM LOGÍSTICA 2015.2 - EAJ - PRONATEC";"";"";"";"TÉCNICO";"";"Presencial";"";"";"";"";"MACAÍBA";"";"8919";"ESCOLA AGRICOLA DE JUNDIAI - PRONATEC";"";"";"";"";"";""
"115305682";"TÉCNICO EM LOGÍSTICA CONCOMITANTE - MACAÍBA - 2015.3";"";"";"";"TÉCNICO";"";"Presencial";"";"";"";"";"MACAÍBA";"";"8919";"ESCOLA AGRICOLA DE JUNDIAI - PRONATEC";"";"";"";"";"";""
"106109510";"TÉCNICO EM LOGÍSTICA - EAJ - PRONATEC";"";"";"";"TÉCNICO";"";"Presencial";"";"";"";"";"MACAÍBA";"";"8919";"ESCOLA AGRICOLA DE JUNDIAI - PRONATEC";"";"";"";"";"";""
"125836375";"TÉCNICO EM LOGÍSTICA - MEDIOTEC - 2017.2 - PATÚ";"";"";"";"TÉCNICO";"";"Semi-Presencial";"";"";"";"";"MACAÍBA";"";"8919";"ESCOLA AGRICOLA DE JUNDIAI - PRONATEC";"";"";"";"";"";""
"107700419";"TÉCNICO EM LOGÍSTICA - NATAL";"";"";"";"TÉCNICO";"";"Presencial";"";"";"";"";"MACAÍBA";"";"8919";"ESCOLA AGRICOLA DE JUNDIAI - PRONATEC";"";"";"";"";"";""
"107700415";"TÉCNICO EM LOGÍSTICA - PARNAMIRIM";"";"";"";"TÉCNICO";"";"Presencial";"";"";"";"";"MACAÍBA";"";"8919";"ESCOLA AGRICOLA DE JUNDIAI - PRONATEC";"";"";"";"";"";""
"106573525";"TÉCNICO EM LOGÍSTICA - PAU DOS FERROS - PRONATEC";"";"";"";"TÉCNICO";"";"Presencial";"";"";"";"";"MACAÍBA";"";"8919";"ESCOLA AGRICOLA DE JUNDIAI - PRONATEC";"";"";"";"";"";""
"107700423";"TÉCNICO EM LOGÍSTICA - SÃO GONÇALO DO AMARANTE";"";"";"";"TÉCNICO";"";"Presencial";"";"";"";"";"MACAÍBA";"";"8919";"ESCOLA AGRICOLA DE JUNDIAI - PRONATEC";"";"";"";"";"";""
"107700398";"TÉCNICO EM LOGÍSTICA - SERRA DO SÃO BENTO";"";"";"";"TÉCNICO";"";"Presencial";"";"";"";"";"MACAÍBA";"";"8919";"ESCOLA AGRICOLA DE JUNDIAI - PRONATEC";"";"";"";"";"";""
"107700325";"TÉCNICO EM LOGÍSTICA - TOUROS";"";"";"";"TÉCNICO";"";"Presencial";"";"";"";"";"MACAÍBA";"";"8919";"ESCOLA AGRICOLA DE JUNDIAI - PRONATEC";"";"";"";"";"";""
"127305577";"TÉCNICO EM MANUTENÇÃO DE SUPORTE EM INFORMÁTICA (ETEC)";"";"";"";"TÉCNICO";"";"Semi-Presencial";"";"";"";"";"MACAÍBA";"";"351";"ESCOLA AGRÍCOLA DE JUNDIAÍ";"";"";"";"";"";""
"128436578";"TÉCNICO EM MANUTENÇÃO E SUPORTE EM INFORMÁTICA A DISTANCIA ETEC";"";"";"";"TÉCNICO";"";"Semi-Presencial";"";"";"";"";"MACAÍBA";"";"351";"ESCOLA AGRÍCOLA DE JUNDIAÍ";"";"";"";"";"";""
"116228370";"TÉCNICO EM MANUTENÇÃO E SUPORTE EM INFORMÁTICA A DISTÂNCIA - E-TEC";"";"";"";"TÉCNICO";"";"A Distância";"";"";"";"";"MACAÍBA";"";"351";"ESCOLA AGRÍCOLA DE JUNDIAÍ";"";"";"";"";"";""
"115305686";"TÉCNICO EM MANUTENÇÃO E SUPORTE EM INFORMÁTICA - APODI - 2015.3";"";"";"";"TÉCNICO";"";"Presencial";"";"";"";"";"MACAÍBA";"";"8919";"ESCOLA AGRICOLA DE JUNDIAI - PRONATEC";"";"";"";"";"";""
"121703517";"TÉCNICO EM MANUTENÇÃO E SUPORTE EM INFORMÁTICA - ETEC - AREIA BRANCA";"";"";"";"TÉCNICO";"";"A Distância";"";"";"";"";"MACAÍBA";"";"351";"ESCOLA AGRÍCOLA DE JUNDIAÍ";"";"";"";"";"";""
"121704768";"TÉCNICO EM MANUTENÇÃO E SUPORTE EM INFORMÁTICA - ETEC - ASSÚ";"";"";"";"TÉCNICO";"";"A Distância";"";"";"";"";"MACAÍBA";"";"351";"ESCOLA AGRÍCOLA DE JUNDIAÍ";"";"";"";"";"";""
"127866117";"TÉCNICO EM MANUTENÇÃO E SUPORTE EM INFORMATICA ETEC MEDIOTEC MACAIBA";"";"";"";"TÉCNICO";"";"Semi-Presencial";"";"";"";"";"MACAÍBA";"";"351";"ESCOLA AGRÍCOLA DE JUNDIAÍ";"";"";"";"";"";""
"121707115";"TÉCNICO EM MANUTENÇÃO E SUPORTE EM INFORMÁTICA - ETEC - SÃO P. POTENGI";"";"";"";"TÉCNICO";"";"A Distância";"";"";"";"";"MACAÍBA";"";"351";"ESCOLA AGRÍCOLA DE JUNDIAÍ";"";"";"";"";"";""
"121706234";"TÉCNICO EM MANUTENÇÃO E SUPORTE EM INFORMÁTICA - ETEC - TOUROS";"";"";"";"TÉCNICO";"";"A Distância";"";"";"";"";"MACAÍBA";"";"351";"ESCOLA AGRÍCOLA DE JUNDIAÍ";"";"";"";"";"";""
"106084908";"TÉCNICO EM MANUT. E SUPORTE EM INFORMÁTICA CONC. - ASSU - PRONATEC";"";"";"";"TÉCNICO";"";"Presencial";"";"";"";"";"";"";"8919";"ESCOLA AGRICOLA DE JUNDIAI - PRONATEC";"";"";"";"";"";""
"106575543";"TÉCNICO EM MANUT. E SUPORTE EM INFORMÁTICA CONC. - PARELHAS - PRONATEC";"";"";"";"TÉCNICO";"";"Presencial";"";"";"";"";"";"";"8919";"ESCOLA AGRICOLA DE JUNDIAI - PRONATEC";"";"";"";"";"";""
"115305805";"TÉCNICO EM MECÂNICA CONCOMITANTE - NATAL - 2015.3";"";"";"";"TÉCNICO";"";"Presencial";"";"";"";"";"MACAÍBA";"";"8919";"ESCOLA AGRICOLA DE JUNDIAI - PRONATEC";"";"";"";"";"";""
"125836293";"TÉCNICO EM MECÂNICA - MEDIOTEC - 2017.2 - MOSSORÓ";"";"";"";"TÉCNICO";"";"Semi-Presencial";"";"";"";"";"MACAÍBA";"";"8919";"ESCOLA AGRICOLA DE JUNDIAI - PRONATEC";"";"";"";"";"";""
"125836227";"TÉCNICO EM MECÂNICA - MEDIOTEC - 2017.2 - NATAL";"";"";"";"TÉCNICO";"";"Semi-Presencial";"";"";"";"";"MACAÍBA";"";"8919";"ESCOLA AGRICOLA DE JUNDIAI - PRONATEC";"";"";"";"";"";""
"113586316";"TÉCNICO EM MEIO AMBIENTE 2015.2 - EAJ - PRONATEC";"";"";"";"TÉCNICO";"";"Presencial";"";"";"";"";"MACAÍBA";"";"8919";"ESCOLA AGRICOLA DE JUNDIAI - PRONATEC";"";"";"";"";"";""
"115305620";"TÉCNICO EM MEIO AMBIENTE CONCOMITANTE - CAICÓ - 2015.3";"";"";"";"TÉCNICO";"";"Presencial";"";"";"";"";"MACAÍBA";"";"8919";"ESCOLA AGRICOLA DE JUNDIAI - PRONATEC";"";"";"";"";"";""
"115305623";"TÉCNICO EM MEIO AMBIENTE CONCOMITANTE - NATAL - 2015.3";"";"";"";"TÉCNICO";"";"Presencial";"";"";"";"";"MACAÍBA";"";"8919";"ESCOLA AGRICOLA DE JUNDIAI - PRONATEC";"";"";"";"";"";""
"104855459";"TÉCNICO EM MEIO AMBIENTE - NATAL - PRONATEC";"";"";"";"TÉCNICO";"";"Presencial";"";"";"";"";"MACAÍBA";"";"8919";"ESCOLA AGRICOLA DE JUNDIAI - PRONATEC";"";"";"";"";"";""
"115305771";"TÉCNICO EM METALÚRGICA CONCOMITANTE - MOSSORÓ - 2015.3";"";"";"";"TÉCNICO";"";"Presencial";"";"";"";"";"MACAÍBA";"";"8919";"ESCOLA AGRICOLA DE JUNDIAI - PRONATEC";"";"";"";"";"";""
"107700489";"TÉCNICO EM MINERAÇÃO - CURRAIS NOVOS";"";"";"";"TÉCNICO";"";"Presencial";"";"";"";"";"MACAÍBA";"";"8919";"ESCOLA AGRICOLA DE JUNDIAI - PRONATEC";"";"";"";"";"";""
"125836192";"TÉCNICO EM MODELAGEM DO VESTUÁRIO - MEDIOTEC - 2017.2 - NATAL";"";"";"";"TÉCNICO";"";"Semi-Presencial";"";"";"";"";"MACAÍBA";"";"8919";"ESCOLA AGRICOLA DE JUNDIAI - PRONATEC";"";"";"";"";"";""
"112694962";"TÉCNICO EM MULTIMEIOS DIDÁTICOS E-TEC";"";"";"";"TÉCNICO";"";"A Distância";"";"";"";"";"MACAÍBA";"";"351";"ESCOLA AGRÍCOLA DE JUNDIAÍ";"";"";"";"";"";""
"104855357";"TÉCNICO EM PLÁSTICOS - NATAL - PRONATEC";"";"";"";"TÉCNICO";"";"Presencial";"";"";"";"";"MACAÍBA";"";"8919";"ESCOLA AGRICOLA DE JUNDIAI - PRONATEC";"";"";"";"";"";""
"125836198";"TÉCNICO EM PRODUÇÃO DE MODA - MEDIOTEC - 2017.2 - NATAL";"";"";"";"TÉCNICO";"";"Semi-Presencial";"";"";"";"";"MACAÍBA";"";"8919";"ESCOLA AGRICOLA DE JUNDIAI - PRONATEC";"";"";"";"";"";""
"104855686";"TÉCNICO EM PROGRAMAÇÃO DE JOGOS DIGITAIS IMD PRON";"";"";"";"TÉCNICO";"";"Presencial";"";"";"";"";"MACAÍBA";"";"8919";"ESCOLA AGRICOLA DE JUNDIAI - PRONATEC";"";"";"";"";"";""
"128876059";"TECNICO EM QUALIDADE";"";"";"";"TÉCNICO";"";"Semi-Presencial";"";"";"";"";"MACAÍBA";"";"351";"ESCOLA AGRÍCOLA DE JUNDIAÍ";"";"";"";"";"";""
"127875623";"TECNICO EM QUIMICA";"";"";"";"TÉCNICO";"";"A Distância";"";"";"";"";"MACAÍBA";"";"351";"ESCOLA AGRÍCOLA DE JUNDIAÍ";"";"";"";"";"";""
"125836189";"TÉCNICO EM QUÍMICA - MEDIOTEC - 2017.2 - NATAL";"";"";"";"TÉCNICO";"";"Semi-Presencial";"";"";"";"";"MACAÍBA";"";"8919";"ESCOLA AGRICOLA DE JUNDIAI - PRONATEC";"";"";"";"";"";""
"128435821";"TÉCNICO EM REDES DE COMPUTADORES A DISTANCIA ETEC";"";"";"";"TÉCNICO";"";"Semi-Presencial";"";"";"";"";"MACAÍBA";"";"351";"ESCOLA AGRÍCOLA DE JUNDIAÍ";"";"";"";"";"";""
"127861721";"TÉCNICO EM REDES DE COMPUTADORES A DISTANCIA ETEC MEDIOTEC MACAIBA";"";"";"";"TÉCNICO";"";"Semi-Presencial";"";"";"";"";"MACAÍBA";"";"351";"ESCOLA AGRÍCOLA DE JUNDIAÍ";"";"";"";"";"";""
"104855624";"TÉCNICOEM REDES DE COMPUTADORES - IMD - PRONATEC";"24878";"EDMILSON LOPES JUNIOR";"";"TÉCNICO";"";"Presencial";"";"";"";"";"MACAÍBA";"";"8919";"ESCOLA AGRICOLA DE JUNDIAI - PRONATEC";"";"";"";"";"";""
"109365626";"TÉCNICO EM SAÚDE BUCAL";"";"";"";"TÉCNICO";"";"Presencial";"";"";"";"";"NATAL";"";"205";"ESCOLA DE SAÚDE";"";"";"";"";"";""
"116210422";"TÉCNICO EM SECRETARIA ESCOLAR A DISTÂNCIA - E-TEC";"";"";"";"TÉCNICO";"";"A Distância";"";"";"";"";"MACAÍBA";"";"351";"ESCOLA AGRÍCOLA DE JUNDIAÍ";"";"";"";"";"";""
"106084911";"TÉCNICO EM SEGURANÇA DO TRABALHO - 2013.2 - EAJ - PRONATEC";"";"";"";"TÉCNICO";"";"Presencial";"";"";"";"";"MACAÍBA";"";"8919";"ESCOLA AGRICOLA DE JUNDIAI - PRONATEC";"";"";"";"";"";""
"106575712";"TÉCNICO EM SEGURANÇA DO TRABALHO - 2014.1 - EAJ - PRONATEC";"";"";"";"TÉCNICO";"";"Presencial";"";"";"";"";"MACAÍBA";"";"8919";"ESCOLA AGRICOLA DE JUNDIAI - PRONATEC";"";"";"";"";"";""
"106580135";"TÉCNICO EM SEGURANÇA DO TRABALHO - 2014.1 - NATAL - PRONATEC";"";"";"";"TÉCNICO";"";"Presencial";"";"";"";"";"MACAÍBA";"";"8919";"ESCOLA AGRICOLA DE JUNDIAI - PRONATEC";"";"";"";"";"";""
"106575489";"TÉCNICO EM SEGURANÇA DO TRABALHO CONC. - APODI - PRONATEC";"";"";"";"TÉCNICO";"";"Presencial";"";"";"";"";"MACAÍBA";"";"8919";"ESCOLA AGRICOLA DE JUNDIAI - PRONATEC";"";"";"";"";"";""
"106575481";"TÉCNICO EM SEGURANÇA DO TRABALHO CONC. - JUCURUTU - PRONATEC";"";"";"";"TÉCNICO";"";"Presencial";"";"";"";"";"MACAÍBA";"";"8919";"ESCOLA AGRICOLA DE JUNDIAI - PRONATEC";"";"";"";"";"";""
"106575478";"TÉCNICO EM SEGURANÇA DO TRABALHO CONC. - MOSSORÓ - PRONATEC";"";"";"";"TÉCNICO";"";"Presencial";"";"";"";"";"MACAÍBA";"";"8919";"ESCOLA AGRICOLA DE JUNDIAI - PRONATEC";"";"";"";"";"";""
"106575473";"TÉCNICO EM SEGURANÇA DO TRABALHO CONC. - NATAL - PRONATEC";"";"";"";"TÉCNICO";"";"Presencial";"";"";"";"";"MACAÍBA";"";"8919";"ESCOLA AGRICOLA DE JUNDIAI - PRONATEC";"";"";"";"";"";""
"107700463";"TÉCNICO EM SERVIÇOS JURÍDICOS - NATAL";"";"";"";"TÉCNICO";"";"Presencial";"";"";"";"";"MACAÍBA";"";"8919";"ESCOLA AGRICOLA DE JUNDIAI - PRONATEC";"";"";"";"";"";""
"107700468";"TÉCNICO EM SERVIÇOS JURÍDICOS - PARNAMIRIM";"";"";"";"TÉCNICO";"";"Presencial";"";"";"";"";"MACAÍBA";"";"8919";"ESCOLA AGRICOLA DE JUNDIAI - PRONATEC";"";"";"";"";"";""
"107700465";"TÉCNICO EM SERVIÇOS JURÍDICOS - TOUROS";"";"";"";"TÉCNICO";"";"Presencial";"";"";"";"";"MACAÍBA";"";"8919";"ESCOLA AGRICOLA DE JUNDIAI - PRONATEC";"";"";"";"";"";""
"105096598";"TÉCNICO EM SISTEMAS DE ENERGIAS RENOVÁVEIS-NATAL-PRONATEC";"";"";"";"TÉCNICO";"";"Presencial";"";"";"";"";"MACAÍBA";"";"8919";"ESCOLA AGRICOLA DE JUNDIAI - PRONATEC";"";"";"";"";"";""
"104855366";"TÉCNICO EM TÊXTIL - NATAL - PRONATEC";"";"";"";"TÉCNICO";"";"Presencial";"";"";"";"";"MACAÍBA";"";"8919";"ESCOLA AGRICOLA DE JUNDIAI - PRONATEC";"";"";"";"";"";""
"115305815";"TÉCNICO EM VESTUÁRIO CONCOMITANTE - EXTREMOZ - 2015.3";"";"";"";"TÉCNICO";"";"Presencial";"";"";"";"";"MACAÍBA";"";"8919";"ESCOLA AGRICOLA DE JUNDIAI - PRONATEC";"";"";"";"";"";""
"104855557";"TÉCNICO EM VESTUÁRIO - NATAL - PRONATEC";"";"";"";"TÉCNICO";"";"Presencial";"";"";"";"";"MACAÍBA";"";"8919";"ESCOLA AGRICOLA DE JUNDIAI - PRONATEC";"";"";"";"";"";""
"115439980";"TÉCNICO EM VESTUÁRIO SUBSEQUENTE - EXTREMOZ - 2015.3";"";"";"";"TÉCNICO";"";"Presencial";"";"";"";"";"MACAÍBA";"";"8919";"ESCOLA AGRICOLA DE JUNDIAI - PRONATEC";"";"";"";"";"";""
"165679324";"TÉCNICO EM VETERINÁRIA";"5753514";"VIVIANE DA SILVA MEDEIROS";"";"TÉCNICO";"";"Presencial";"";"";"";"";"MACAÍBA";"";"351";"ESCOLA AGRÍCOLA DE JUNDIAÍ";"";"";"";"";"";""
"168398850";"TÉCNICO EM VIGILÂNCIA EM SAÚDE";"5752879";"RAYSSA HORACIO LOPES";"";"TÉCNICO";"";"Semi-Presencial";"";"";"";"";"NATAL";"";"205";"ESCOLA DE SAÚDE";"";"";"";"";"";""
"50566677";"TÉCNICO EM VIGILÂNCIA EM SAÚDE";"";"";"ATIVO";"TÉCNICO";"";"Presencial";"";"";"";"";"NATAL";"";"205";"ESCOLA DE SAÚDE";"";"";"";"";"";""
"89233245";"TECNICO EM ZOOTECNIA CORRESPONDENTE AO ENSINO MEDIO";"";"";"ATIVO";"TÉCNICO INTEGRADO";"";"Presencial";"";"";"";"";"MACAÍBA";"";"351";"ESCOLA AGRÍCOLA DE JUNDIAÍ";"";"";"12185";"";"";""
"87773846";"TECNICO  EM ZOOTECNIA SUBSEQUENTE";"";"";"ATIVO";"TÉCNICO";"";"Presencial";"";"";"";"";"MACAÍBA";"";"351";"ESCOLA AGRÍCOLA DE JUNDIAÍ";"";"";"";"";"";""
"92127264";"TECNOLOGIA DA INFORMAÇÃO";"5756813";"RAFAELA HORACINA SILVA ROCHA SOARES";"ATIVO";"GRADUAÇÃO";"BACHARELADO";"Presencial";"Ciências Exatas e da Terra";"Regular";"";"Generalista";"NATAL";"";"6069";"INSTITUTO METROPOLE DIGITAL";"";"";"1190414";"2016/05/02 00:00:00.000";"Portaria nº 127/2016 - MEC";""
"152053943";"TECNOLOGIA DA INFORMAÇÃO";"";"";"";"LATO SENSU";"";"Remoto";"";"";"";"";"";"";"6069";"INSTITUTO METROPOLE DIGITAL";"";"";"";"";"";""
"152561491";"TECNOLOGIA DA INFORMAÇÃO";"";"";"";"LATO SENSU";"";"Remoto";"";"";"";"";"";"";"6069";"INSTITUTO METROPOLE DIGITAL";"";"";"";"";"";""
"154672095";"TECNOLOGIA DA INFORMAÇÃO";"";"";"";"LATO SENSU";"";"Remoto";"";"";"";"";"";"";"6069";"INSTITUTO METROPOLE DIGITAL";"";"";"";"";"";""
"154671325";"TECNOLOGIA DA INFORMAÇÃO";"";"";"";"LATO SENSU";"";"Remoto";"";"";"";"";"";"";"6069";"INSTITUTO METROPOLE DIGITAL";"";"";"";"";"";""
"158226509";"TECNOLOGIA DA INFORMAÇÃO";"";"";"";"LATO SENSU";"";"Semi-Presencial";"";"";"";"";"";"";"6069";"INSTITUTO METROPOLE DIGITAL";"";"";"";"";"";""
"154342282";"TECNOLOGIA DA INFORMAÇÃO";"";"";"";"LATO SENSU";"";"Remoto";"";"";"";"";"";"";"6069";"INSTITUTO METROPOLE DIGITAL";"";"";"";"";"";""
"143917969";"TECNOLOGIA DA INFORMAÇÃO - TRE/RN - TURMA 02";"";"";"";"LATO SENSU";"";"Presencial";"";"";"";"";"";"";"6069";"INSTITUTO METROPOLE DIGITAL";"";"";"";"";"";""
"91383229";"TECNOLOGIA EDUCACIOONAL";"";"";"ATIVO";"LATO SENSU";"";"Presencial";"";"";"";"";"";"";"5968";"DEPARTAMENTO DE PRÁTICAS EDUCACIONAIS E CURRÍCULO";"";"";"";"";"";""
"118244598";"TESTE";"";"";"";"LATO SENSU";"";"Presencial";"";"";"";"";"";"";"7847";"DEPARTAMENTO DE LETRAS - CERES";"";"";"";"";"";""
"105492472";"TESTE";"";"";"";"LATO SENSU";"";"Presencial";"";"";"";"";"";"";"144";"DEPARTAMENTO DE ANTROPOLOGIA";"";"";"";"";"";""
"183577738";"TESTE";"25154";"JOEL CARLOS DE SOUZA ANDRADE";"";"LATO SENSU";"";"Semi-Presencial";"";"";"";"";"";"";"11655";"PROGRAMA DE PÓS-GRADUAÇÃO EM HISTÓRIA - CERES";"";"";"";"";"";""
"168239346";"TESTE";"";"";"";"LATO SENSU";"";"A Distância";"";"";"";"";"";"";"30546";"PROGRAMA DE PÓS-GRADUAÇÃO EM EDUCAÇÃO ESPECIAL";"";"";"";"";"";""
"166647574";"TRATAMENTO DE MATERIAIS ARQUEOLÓGICOS EM LABORATÓRIO";"";"";"";"LATO SENSU";"";"Presencial";"";"";"";"";"";"";"141";"DEPARTAMENTO DE HISTÓRIA";"";"";"";"";"";""
"136180327";"TREINAMENTO DE FORÇA - TURMA 3";"";"";"";"LATO SENSU";"";"Presencial";"";"";"";"";"";"";"5591";"PROGRAMA DE PÓS-GRADUAÇÃO EM EDUCAÇÃO FÍSICA";"";"";"";"";"";""
"136921336";"TREINAMENTO DE FORÇA - TURMA 3";"";"";"";"LATO SENSU";"";"Presencial";"";"";"";"";"";"";"5591";"PROGRAMA DE PÓS-GRADUAÇÃO EM EDUCAÇÃO FÍSICA";"";"";"";"";"";""
"2000071";"TURISMO";"5756776";"CAROLINA TODESCO";"ATIVO";"GRADUAÇÃO";"BACHARELADO";"Presencial";"Ciências Sociais Aplicadas";"Regular";"Matutino e Vespertino";"Generalista";"CURRAIS NOVOS";"Campus Currais Novos";"31011";"FACULDADE DE ENGENHARIA, LETRAS E CIÊNCIAS SOCIAIS DO SERIDÓ - FELCS";"";"2020/01/01 00:00:00.000";"108348";"2017/04/04 00:00:00.000";"Portaria nº 272/2017 - MEC";""
"2000069";"TURISMO";"5761501";"STELLA MAGALY DE ANDRADE SOUSA";"ATIVO";"GRADUAÇÃO";"BACHARELADO";"Presencial";"Ciências Sociais Aplicadas";"Regular";"Vespertino";"Generalista";"NATAL";"Campus Central";"443";"CENTRO DE CIÊNCIAS SOCIAIS APLICADAS";"http://sol.ccsa.ufrn.br/ccsa/areas/tur/turismo/";"1997/03/03 00:00:00.000";"18394";"2017/04/04 00:00:00.000";"Portaria nº 272/2017 - MEC";""
"169482632";"TURISMO RESPONSÁVEL";"";"";"";"LATO SENSU";"";"A Distância";"";"";"";"";"";"";"4295";"PROGRAMA DE PÓS-GRADUAÇÃO EM TURISMO";"";"";"";"";"";""
"128571097";"URGÊNCIA E EMERGÊNCIA EM ENFERMAGEM";"";"";"";"LATO SENSU";"";"Presencial";"";"";"";"";"";"";"205";"ESCOLA DE SAÚDE";"";"";"";"";"";""
"18284010";"V CURSO DE ESPECIALIZAÇÃO EM PSICOLOGIA DA SAÚDE: DESENVOLVIMENTO E HOSPITALIZA";"";"";"ATIVO";"LATO SENSU";"";"Presencial";"";"";"";"";"";"";"143";"DEPARTAMENTO DE PSICOLOGIA";"";"";"";"";"";""
"906781";"V CURSO DE ESPECIALIZAÇÃO EM SAÚDE DA FAMILIA";"";"";"ATIVO";"LATO SENSU";"";"Presencial";"";"";"";"";"NATAL";"";"193";"DEPARTAMENTO DE PEDIATRIA";"";"";"";"";"";""
"124211342";"VIII CURSO DE ESPECIALIZAÇÃO EM PSICOLOGIA DA SAUDE: DESENVOLVIMENTO E HOSPITALI";"";"";"";"LATO SENSU";"";"Presencial";"";"";"";"";"";"";"143";"DEPARTAMENTO DE PSICOLOGIA";"";"";"";"";"";""
"165876010";"VV";"";"";"";"LATO SENSU";"";"Semi-Presencial";"";"";"";"";"";"";"139";"DEPARTAMENTO DE ARTES";"";"";"";"";"";""
"117515580";"XX CCCC";"";"";"";"LATO SENSU";"";"Presencial";"";"";"";"";"";"";"6069";"INSTITUTO METROPOLE DIGITAL";"";"";"";"";"";""
"117512222";"XX DO CC";"";"";"";"LATO SENSU";"";"Presencial";"";"";"";"";"";"";"6069";"INSTITUTO METROPOLE DIGITAL";"";"";"";"";"";""
"116634010";"XXXX";"";"";"";"LATO SENSU";"";"Presencial";"";"";"";"";"";"";"1589";"DEPARTAMENTO DE ENGENHARIA DE MATERIAIS";"";"";"";"";"";""
"134723981";"XXXXXXXXXXXXX";"";"";"";"LATO SENSU";"";"Presencial";"";"";"";"";"";"";"3586";"DEPARTAMENTO DE BIOLOGIA";"";"";"";"";"";""
"6358080";"ZOOTECNIA";"24385";"LUIS HENRIQUE FERNANDES BORBA";"ATIVO";"GRADUAÇÃO";"BACHARELADO";"Presencial";"Ciências Agrárias";"Regular";"";"Generalista";"MACAÍBA";"";"351";"ESCOLA AGRÍCOLA DE JUNDIAÍ";"http://www.zootecnia.ufrn.br/";"";"5000969";"2018/03/02 00:00:00.000";"Portaria Nº 133/2018 - MEC";""
"97114483";"Z- OUTROS";"";"";"ATIVO";"FORMAÇÃO COMPLEMENTAR";"";"A Distância";"";"";"";"";"NATAL";"";"11";"DDP/PROGESP - DIRETORIA DE DESENVOLVIMENTO DE PESSOAS";"";"";"";"";"";""
