id_curso;curso;id_unidade;unidade
150845958;AAA;31011;FACULDADE DE ENGENHARIA, LETRAS E CIÊNCIAS SOCIAIS DO SERIDÓ - FELCS
2000002;ADMINISTRAÇÃO;443;CENTRO DE CIÊNCIAS SOCIAIS APLICADAS
2000004;ADMINISTRAÇÃO;31011;FACULDADE DE ENGENHARIA, LETRAS E CIÊNCIAS SOCIAIS DO SERIDÓ - FELCS
15315770;ADMINISTRAÇÃO PÚBLICA;443;CENTRO DE CIÊNCIAS SOCIAIS APLICADAS
149654895;ADMINISTRAÇÃO PÚBLICA;443;CENTRO DE CIÊNCIAS SOCIAIS APLICADAS
174826463;AGENTE DE HIGIENE E BELEZA ANIMAL - EJA EPT - LAGOA DE PEDRAS;351;ESCOLA AGRÍCOLA DE JUNDIAÍ
183433591;AGENTE DE HIGIENE E BELEZA ANIMAL - EJA EPT - PARNAMIRIM;351;ESCOLA AGRÍCOLA DE JUNDIAÍ
94598200;ANÁLISE E DESENVOLVIMENTO DE SISTEMAS;351;ESCOLA AGRÍCOLA DE JUNDIAÍ
123041053;ANÁLISES CLÍNICAS E MEDICAMENTOS;117;DEPARTAMENTO DE ANÁLISES CLÍNICAS E TOXICOLÓGICAS
5049081;ANDRÉ DE MATTOS MARQUES;160;DEPARTAMENTO DE ECONOMIA - DEPEC
169660378;APERFEIÇOAMENTO EM AJUSTE CONSCIENCIAL À SOCIEDADE IDEAL;191;DEPARTAMENTO DE MEDICINA CLÍNICA
123907274;APERFEIÇOAMENTO EM CURRÍCULO E PRÁTICAS NA EDUCAÇÃO INFANTIL;1452;NÚCLEO DE EDUCAÇÃO DA INFÂNCIA
168491973;APERFEIÇOAMENTO EM DEFICIÊNCIA VISUAL E OS RECURSOS DE ACESSIBILIDADE COMUNICACIONAL;30546;PROGRAMA DE PÓS-GRADUAÇÃO EM EDUCAÇÃO ESPECIAL
168489693;APERFEIÇOAMENTO EM DIDÁTICA E MÉTODO MULTISSENSORIAL NO ENSINO A ESTUDANTES COM DEFICIÊNCIA VISUAL;30546;PROGRAMA DE PÓS-GRADUAÇÃO EM EDUCAÇÃO ESPECIAL
168441602;APERFEIÇOAMENTO EM EDUCAÇÃO ESPECIAL-INCLUSIVA NA EDUCAÇÃO BÁSICA;30546;PROGRAMA DE PÓS-GRADUAÇÃO EM EDUCAÇÃO ESPECIAL
130818692;APERFEIÇOAMENTO EM EDUCAÇÃO, POBREZA E DESIGUALDADE SOCIAL;5967;DEPARTAMENTO DE FUNDAMENTOS E POLÍTICAS DA EDUCAÇÃO
98400995;APERFEIÇOAMENTO EM ELETROENCEFALOGRAFIA BÁSICA  E CLÍNICA PARA RESIDÊNCIA MÉDICA;193;DEPARTAMENTO DE PEDIATRIA
99582905;APERFEIÇOAMENTO EM ENDOCRINOLOGIA PEDIÁTRICA;193;DEPARTAMENTO DE PEDIATRIA
90723724;APERFEIÇOAMENTO EM ENDOCRINOLOGIA PEDIÁTRICA;193;DEPARTAMENTO DE PEDIATRIA
135860936;APERFEIÇOAMENTO EM ENSINO DE PORTUGUÊS PARA ESTRANGEIROS, IMIGRANTES E REFUGIADOS;5206;DEPARTAMENTO DE LINGUAS E LITERATURAS ESTRANGEIRAS MODERNAS
124880396;APERFEIÇOAMENTO EM FORMAÇÃO PEDAGÓGICA TUTORES E PRECEPTORES DA RESIDÊNCIA EM SAÚDE;197;DEPARTAMENTO DE TOCO-GINECOLOGIA
124895528;APERFEIÇOAMENTO EM GESTÃO DE POLÍTICA DE DST AIDS HEPATITES VIRAIS E TUBERCULOSE;409;NÚCLEO DE ESTUDOS EM SAÚDE COLETIVA
138941430;APERFEIÇOAMENTO EM GESTÃO DO TRABALHO E DA EDUCAÇÃO NA SAÚDE;202;DEPARTAMENTO DE SAÚDE COLETIVA
130027665;APERFEIÇOAMENTO EM LINGUAGEM TEATRAL: TEATRO DE ANIMAÇÃO NA EDUCAÇÃO DA INFÂNCIA;1452;NÚCLEO DE EDUCAÇÃO DA INFÂNCIA
135650946;APERFEIÇOAMENTO EM LITERATURA INFANTIL NEGRA NA ESCOLA;363;PROGRAMA DE PÓS-GRADUAÇÃO EM EDUCAÇÃO
178449005;APERFEIÇOAMENTO EM MENTORIA DE DIRETORES ESCOLARES;5967;DEPARTAMENTO DE FUNDAMENTOS E POLÍTICAS DA EDUCAÇÃO
92843489;APERFEIÇOAMENTO EM PLANEJAMENTO, CRIAÇÃO E MANUTENÇÃO DE REPOSITÓRIOS DIGITAIS;63;DEPARTAMENTO DE CIÊNCIA DA INFORMAÇÃO
98641137;APERFEIÇOAMENTO EM PRÓTESE SOBRE IMPLANTES;195;DEPARTAMENTO DE ODONTOLOGIA
124922102;APERFEIÇOAMENTO EM REABILITAÇÃO ORAL AVANÇADA EM PRÓTESE SOBRE IMPLANTE;195;DEPARTAMENTO DE ODONTOLOGIA
117438135;APERFEIÇOAMENTO EM SAÚDE DA FAMÍLIA;7278;ESCOLA MULTICAMPI DE CIÊNCIAS MÉDICAS DO RIO GRANDE DO NORTE
171908775;APERFEIÇOAMENTO PARA PROFISSIONAIS DO SISTEMA SOCIOEDUCATIVO DA CIDADE DE NATAL/RN;143;DEPARTAMENTO DE PSICOLOGIA
174575192;APERFEIÇOAMENTO PARA PROFISSIONAIS DO SISTEMA SOCIOEDUCATIVO DAS CIDADES DE CAICÓ/RN E MOSSORÓ/RN;143;DEPARTAMENTO DE PSICOLOGIA
184446888;ARQUEOLOGIA;1482;CENTRO DE  ENSINO SUPERIOR DO SERIDÓ
2000005;ARQUITETURA E URBANISMO;445;CENTRO DE TECNOLOGIA
2000123;ARTES VISUAIS;442;CENTRO DE CIÊNCIAS HUMANAS, LETRAS E ARTES
180582342;ATENDIMENTO EDUCACIONAL ESPECIALIZADO: A AUTORREGULAÇÃO POR ESTUDANTES COM DEFICIÊNCIA INTELECTUAL;30546;PROGRAMA DE PÓS-GRADUAÇÃO EM EDUCAÇÃO ESPECIAL
99413191;ATENDIMENTO EDUCACIONAL ESPECIALIZADO NA PERSPECTIVA DA EDUCAÇÃO INCLUSIVA;363;PROGRAMA DE PÓS-GRADUAÇÃO EM EDUCAÇÃO
126946116;AUDITORIA EM SAÚDE;205;ESCOLA DE SAÚDE
183034505;AUXILIAR DE AGROECOLOGIA - EJA EPT - CANGUARETAMA;351;ESCOLA AGRÍCOLA DE JUNDIAÍ
174832421;AUXILIAR DE AGROECOLOGIA - EJA EPT - LAGOA DE PEDRAS;351;ESCOLA AGRÍCOLA DE JUNDIAÍ
174825967;AUXILIAR DE COZINHA - EJA EPT - LAGOA DE PEDRAS;351;ESCOLA AGRÍCOLA DE JUNDIAÍ
183448090;AUXILIAR DE COZINHA - EJA EPT - PARNAMIRIM;351;ESCOLA AGRÍCOLA DE JUNDIAÍ
181676364;AUXILIAR DE COZINHA - EJA EPT - TIBAU DO SUL;351;ESCOLA AGRÍCOLA DE JUNDIAÍ
97605099;AVALIAÇÃO E INTERVENÇÃO FISIOTERAPÊUTICA NA ÁREA MATERNO INFANTIL;201;DEPARTAMENTO DE FISIOTERAPIA
9291230;Avaliação psicológica da personalidade;143;DEPARTAMENTO DE PSICOLOGIA
178733979;BACHARELADO EM INTELIGÊNCIA ARTIFICIAL;6069;INSTITUTO METROPOLE DIGITAL
149717829;BACHARELADO INTERDISCIPLINAR EM HUMANIDADES;30304;INSTITUTO HUMANITAS DE ESTUDOS INTEGRADOS
95739909;BASES FISIOLÓGICAS PARA AVALIAÇÃO E PRESCRIÇÃO DE EXERCÍCIOS FÍSICOS;199;DEPARTAMENTO DE EDUCAÇÃO FÍSICA
2000006;BIBLIOTECONOMIA;443;CENTRO DE CIÊNCIAS SOCIAIS APLICADAS
100097561;BIOLOGIA MOLECULAR - DIAGNOSTICO MOLECULAR DE DOENCAS HUMANAS;366;PROGRAMA DE PÓS-GRADUAÇÃO EM CIÊNCIAS FARMACÊUTICAS
2000122;BIOMEDICINA;440;CENTRO DE BIOCIÊNCIAS
2000013;CIÊNCIA DA COMPUTAÇÃO;439;CENTRO DE CIÊNCIAS EXATAS E DA TERRA
6633741;CIÊNCIAS ATUARIAIS;439;CENTRO DE CIÊNCIAS EXATAS E DA TERRA
2000009;CIÊNCIAS BIOLÓGICAS;440;CENTRO DE BIOCIÊNCIAS
9295710;CIÊNCIAS BIOLÓGICAS;440;CENTRO DE BIOCIÊNCIAS
111635035;CIÊNCIAS BIOLÓGICAS;440;CENTRO DE BIOCIÊNCIAS
2000012;CIÊNCIAS CONTÁBEIS;1482;CENTRO DE  ENSINO SUPERIOR DO SERIDÓ
2000011;CIÊNCIAS CONTÁBEIS;443;CENTRO DE CIÊNCIAS SOCIAIS APLICADAS
2000014;CIÊNCIAS ECONÔMICAS;443;CENTRO DE CIÊNCIAS SOCIAIS APLICADAS
10320810;CIÊNCIAS E TECNOLOGIA;4885;ESCOLA DE CIÊNCIAS E TECNOLOGIA
2000015;CIÊNCIAS SOCIAIS;442;CENTRO DE CIÊNCIAS HUMANAS, LETRAS E ARTES
111635038;CIÊNCIAS SOCIAIS;442;CENTRO DE CIÊNCIAS HUMANAS, LETRAS E ARTES
102191189;CIÊNCIAS SOCIAIS;442;CENTRO DE CIÊNCIAS HUMANAS, LETRAS E ARTES
2163123;CLINICA MEDICA;5285;COREME - CLÍNICA MÉDICA
136155633;COMUNICAÇÃO E EDUCAÇÃO;140;DEPARTAMENTO DE COMUNICAÇÃO SOCIAL
51497566;COMUNICAÇÃO E EDUCAÇÃO;140;DEPARTAMENTO DE COMUNICAÇÃO SOCIAL
2000016;COMUNICAÇÃO SOCIAL;442;CENTRO DE CIÊNCIAS HUMANAS, LETRAS E ARTES
119512361;COMUNICAÇÃO SOCIAL - AUDIOVISUAL;442;CENTRO DE CIÊNCIAS HUMANAS, LETRAS E ARTES
118834827;COMUNICAÇÃO SOCIAL- PUBLICIDADE E PROPAGANDA;442;CENTRO DE CIÊNCIAS HUMANAS, LETRAS E ARTES
141014211;CONTABILIDADE E GESTÃO EMPRESARIAL;163;DEPARTAMENTO DE CIÊNCIAS CONTÁBEIS - DCC
6633740;CURSO DE APERFEIÇOAMENTO EM ENDOCRINOLOGIA PEDIÁTRICA;193;DEPARTAMENTO DE PEDIATRIA
51003665;CURSO DE APERFEIÇOAMENTO EM ENDOCRINOLOGIA PEDIÁTRICA;193;DEPARTAMENTO DE PEDIATRIA
115828700;CURSO DE APERFEIÇOAMENTO SOBRE GESTÃO DA POLÍTICA EM DST, AIDS, HEPATITES VIRAIS;409;NÚCLEO DE ESTUDOS EM SAÚDE COLETIVA
87094038;CURSO DE CONVERSAÇÃO EM LÍNGUA ALEMÃ;6042;INSTITUTO ÁGORA - LÍNGUAS, LITERATURAS E CULTURAS ESTRANGEIRAS MODERNAS
133458885;CURSO DE CONVERSAÇÃO EM LÍNGUA BRASILEIRA DE SINAIS;6042;INSTITUTO ÁGORA - LÍNGUAS, LITERATURAS E CULTURAS ESTRANGEIRAS MODERNAS
87093989;CURSO DE CONVERSAÇÃO EM LÍNGUA ESPANHOLA;6042;INSTITUTO ÁGORA - LÍNGUAS, LITERATURAS E CULTURAS ESTRANGEIRAS MODERNAS
86980267;CURSO DE CONVERSAÇÃO EM LÍNGUA FRANCESA;6042;INSTITUTO ÁGORA - LÍNGUAS, LITERATURAS E CULTURAS ESTRANGEIRAS MODERNAS
87093970;CURSO DE CONVERSAÇÃO EM LÍNGUA INGLESA;6042;INSTITUTO ÁGORA - LÍNGUAS, LITERATURAS E CULTURAS ESTRANGEIRAS MODERNAS
86981390;Curso de Conversação em Língua Japonesa;6042;INSTITUTO ÁGORA - LÍNGUAS, LITERATURAS E CULTURAS ESTRANGEIRAS MODERNAS
87093990;CURSO DE CONVERSAÇÃO EM LÍNGUA PORTUGUESA PARA ESTRANGEIROS;6042;INSTITUTO ÁGORA - LÍNGUAS, LITERATURAS E CULTURAS ESTRANGEIRAS MODERNAS
175787885;CURSO DE ESPECIALIZAÇÃO DE GESTÃO EM SAÚDE MODALIDADE A DISTÂNCIA;205;ESCOLA DE SAÚDE
4711440;CURSO DE  ESPECIALIZAÇÃO EM ADMINISTRAÇÃO PÚBLICA;3202;FUNPEC/PPGAD
3161570;CURSO DE ESPECIALIZAÇÃO EM ANÁLISES CLÍNICAS;117;DEPARTAMENTO DE ANÁLISES CLÍNICAS E TOXICOLÓGICAS
2527490;CURSO DE ESPECIALIZAÇÃO EM AUDITORIA E CONTROLE INTERNO;443;CENTRO DE CIÊNCIAS SOCIAIS APLICADAS
1080250;CURSO DE ESPECIALIZAÇÃO EM AUDITORIA E PERÍCIA;2856;CERES - SECRETARIA DO DCEA
3179270;CURSO DE ESPECIALIZAÇÃO EM CIÊNCIAS MORFOLÓGICAS - INTERDISCIPLINARIDADE NO ENSI;177;DEPARTAMENTO DE MORFOLOGIA
8234990;CURSO DE ESPECIALIZAÇÃO EM CONTROLADORIA PARA GESTÃO PÚBLICA E TERCEIRO SETOR;163;DEPARTAMENTO DE CIÊNCIAS CONTÁBEIS - DCC
1085930;CURSO DE ESPECIALIZAÇÃO EM DIREITO CIVIL E PROCESSUAL CIVIL;404;PROGRAMA DE PÓS-GRADUAÇÃO EM DIREITO
162847957;CURSO DE ESPECIALIZAÇÃO EM DIREITO DA INCLUSÃO E COMBATE À DISCRIMINAÇÃO;9750;DEPARTAMENTO DE DIREITO PROCESSUAL E PROPEDÊUTICA - DEPRO
6165401;CURSO DE ESPECIALIZAÇÃO EM EDUCAÇÃO E SUSTENTABILIDADE AMBIENTAL;159;DEPARTAMENTO DE EDUCAÇÃO
7008210;CURSO DE ESPECIALIZAÇÃO EM EDUCAÇÃO E SUSTENTABILIDADE AMBIENTAL;159;DEPARTAMENTO DE EDUCAÇÃO
7612820;Curso de Especialização em Elaboração e Avaliação de Projetos Turísticos;4652;PÓS-GRADUAÇÃO EM TURISMO
1308470;CURSO DE ESPECIALIZAÇÃO EM ENDODONTIA;195;DEPARTAMENTO DE ODONTOLOGIA
124758134;CURSO DE ESPECIALIZAÇÃO EM ENFERMAGEM OBSTÉTRICA III - REDE CEGONHA;205;ESCOLA DE SAÚDE
124522223;CURSO DE ESPECIALIZAÇÃO EM ENFERMAGEM OBSTÉTRICA - REDE CEGONHA III;205;ESCOLA DE SAÚDE
7634140;CURSO DE ESPECIALIZAÇÃO EM ENSINO DE EDUCAÇÃO FÍSICA;199;DEPARTAMENTO DE EDUCAÇÃO FÍSICA
906290;CURSO DE ESPECIALIZAÇÃO EM EPIDEMIOLOGIA PARA SERVIÇOS HOSPITALARES;1609;NESC - NÚCLEO DE ESTUDOS EM SAÚDE COLETIVA (ADM. CENTRAL)
5622610;CURSO DE ESPECIALIZAÇÃO EM FINANÇAS E CONTROLADORIA PARA NEGÓCIOS EMPRESARIAIS;163;DEPARTAMENTO DE CIÊNCIAS CONTÁBEIS - DCC
13486010;CURSO DE ESPECIALIZAÇÃO EM GEOPROCESAMENTO E CARTOGRAFIA DIGITAL;142;DEPARTAMENTO DE GEOGRAFIA/CCHLA
2665390;CURSO DE ESPECIALIZAÇÃO EM GEOPROCESSAMENTO E CARTOGRAFIA DIGITAL;142;DEPARTAMENTO DE GEOGRAFIA/CCHLA
1152410;CURSO DE ESPECIALIZAÇÃO EM GEOPROCESSAMENTO E CARTOGRAFIA DIGITAL;142;DEPARTAMENTO DE GEOGRAFIA/CCHLA
5505370;CURSO DE ESPECIALIZAÇÃO EM GESTÃO DA QUALIDADE EM SERVIÇOS DE SAÚDE;115;DEPARTAMENTO DE ENGENHARIA PRODUÇÃO
899332;CURSO DE ESPECIALIZAÇÃO EM GESTÃO DE HOSPITAIS PÚBLICOS;202;DEPARTAMENTO DE SAÚDE COLETIVA
1384330;CURSO DE ESPECIALIZAÇÃO EM GESTÃO DE HOSPITAIS PÚBLICOS;441;CENTRO DE CIÊNCIAS DA SAÚDE
2558520;Curso de Especialização em Gestão de Qualidade de Vida e Saúde no Trabalho;1618;COORD. DO PROGRAMA DE POS-GRAD. EM ADMINISTRACAO
129738043;CURSO DE ESPECIALIZAÇÃO EM GESTÃO EM SAÚDE / MODALIDADE À DISTÂNCIA - UAB;205;ESCOLA DE SAÚDE
2365305;CURSO DE ESPECIALIZAÇÃO EM GESTÃO ESTRATÉGICA DE NEGÓCIOS;105;PROGRAMA DE PÓS-GRADUAÇÃO EM ENGENHARIA DE PRODUÇÃO
908980;CURSO DE ESPECIALIZAÇÃO EM GESTÃO ESTRATÉGICA EM MARKETING;161;DEPARTAMENTO DE CIÊNCIAS ADMINISTRATIVAS - DEPAD
123432493;CURSO DE ESPECIALIZAÇÃO EM LIBRAS;7847;DEPARTAMENTO DE LETRAS - CERES
9299260;CURSO DE ESPECIALIZAÇÃO EM LÍNGUA PORTUGUESA E ENSINO - CELPE;138;DEPARTAMENTO DE LETRAS
2669130;CURSO DE ESPECIALIZAÇÃO EM LÍNGUA PORTUGUESA: LEITURA, PRODUÇÃO DE TEXTOS E GRAM;138;DEPARTAMENTO DE LETRAS
5405880;CURSO DE ESPECIALIZAÇÃO EM MATEMÁTICA DO ENSINO FUNDAMENTAL;120;DEPARTAMENTO DE MATEMÁTICA
4170990;CURSO DE ESPECIALIZAÇÃO EM ORTODONTIA E ORTOPEDIA FACIAL;195;DEPARTAMENTO DE ODONTOLOGIA
905860;CURSO DE ESPECIALIZAÇÃO EM PSICOPEDAGOGIA;143;DEPARTAMENTO DE PSICOLOGIA
20214620;CURSO DE ESPECIALIZAÇÃO EM QUALIDADE DE VIDA E SAÚDE NO TRABALHO;74;PROGRAMA DE PÓS-GRADUAÇÃO EM ADMINISTRAÇÃO
912010;CURSO DE ESPECIALIZAÇÃO EM VIGILÂNCIA EPIDEMIOLÓGICA DAS DOENÇAS TRANSMISSÍVEIS;412;PROGRAMA DE PÓS-GRADUAÇÃO EM ENFERMAGEM
120187299;CURSO DE ESPECIALIZAÇÃO TÉCNICA EM INSTRUMENTAÇÃO CIRÚRGICA;205;ESCOLA DE SAÚDE
2252975;CURSO DE ESPECILIZAÇÃO EM PERFORMANCE ORQUESTRAL EM REGÊNCIA E VIOLONCELO;284;ESCOLA DE MÚSICA
13085351;Curso de férias - Noções Básicas de Implantodontia;195;DEPARTAMENTO DE ODONTOLOGIA
2247254;CURSO DE FORMAÇÃO DE PROGRAMADORES DA METRÓPOLE DIGITAL;125;DEPARTAMENTO DE INFORMÁTICA E MATEMÁTICA APLICADA
11521680;CURSO DE FORMAÇÃO INICIAL E CONTINUADA EM CANTO CORAL - PROEJA;284;ESCOLA DE MÚSICA
2818700;CURSO DE FORMAÇÃO INICIAL E CONTINUADA EM VIOLÃO POPULAR - PROEJA;284;ESCOLA DE MÚSICA
140211655;CURSO DE INICIAÇÃO ARTÍSTICA - CIART;284;ESCOLA DE MÚSICA
86980604;CURSO DE LÍNGUA ALEMÃ - BÁSICO;6042;INSTITUTO ÁGORA - LÍNGUAS, LITERATURAS E CULTURAS ESTRANGEIRAS MODERNAS
86980718;CURSO DE LÍNGUA ALEMÃ PARA FINS ACADÊMICOS;6042;INSTITUTO ÁGORA - LÍNGUAS, LITERATURAS E CULTURAS ESTRANGEIRAS MODERNAS
112718836;CURSO DE LÍNGUA BRASILEIRA DE SINAIS (LIBRAS);6042;INSTITUTO ÁGORA - LÍNGUAS, LITERATURAS E CULTURAS ESTRANGEIRAS MODERNAS
116158046;CURSO DE LÍNGUA E CULTURA HEBRAICA - BÁSICO;6042;INSTITUTO ÁGORA - LÍNGUAS, LITERATURAS E CULTURAS ESTRANGEIRAS MODERNAS
86980317;CURSO DE LÍNGUA ESPANHOLA - BÁSICO;6042;INSTITUTO ÁGORA - LÍNGUAS, LITERATURAS E CULTURAS ESTRANGEIRAS MODERNAS
86980325;CURSO DE LÍNGUA ESPANHOLA PARA FINS ACADÊMICOS;6042;INSTITUTO ÁGORA - LÍNGUAS, LITERATURAS E CULTURAS ESTRANGEIRAS MODERNAS
86979859;CURSO DE LÍNGUA FRANCESA  BÁSICO;6042;INSTITUTO ÁGORA - LÍNGUAS, LITERATURAS E CULTURAS ESTRANGEIRAS MODERNAS
86979912;CURSO DE LÍNGUA FRANCESA PARA FINS ACADÊMICOS;6042;INSTITUTO ÁGORA - LÍNGUAS, LITERATURAS E CULTURAS ESTRANGEIRAS MODERNAS
119249870;CURSO DE LÍNGUA GREGA CLÁSSICA;6042;INSTITUTO ÁGORA - LÍNGUAS, LITERATURAS E CULTURAS ESTRANGEIRAS MODERNAS
119250014;CURSO DE LÍNGUA GREGA MODERNA;6042;INSTITUTO ÁGORA - LÍNGUAS, LITERATURAS E CULTURAS ESTRANGEIRAS MODERNAS
86979169;CURSO DE LÍNGUA INGLESA  BÁSICO;6042;INSTITUTO ÁGORA - LÍNGUAS, LITERATURAS E CULTURAS ESTRANGEIRAS MODERNAS
86979728;CURSO DE LÍNGUA INGLESA PARA FINS ACADÊMICOS;6042;INSTITUTO ÁGORA - LÍNGUAS, LITERATURAS E CULTURAS ESTRANGEIRAS MODERNAS
121650822;CURSO DE LÍNGUA INGLESA  SINFO;6042;INSTITUTO ÁGORA - LÍNGUAS, LITERATURAS E CULTURAS ESTRANGEIRAS MODERNAS
86981150;CURSO DE LÍNGUA JAPONESA - BÁSICO;6042;INSTITUTO ÁGORA - LÍNGUAS, LITERATURAS E CULTURAS ESTRANGEIRAS MODERNAS
86981352;CURSO DE LÍNGUA JAPONESA PARA FINS ACADÊMICOS;6042;INSTITUTO ÁGORA - LÍNGUAS, LITERATURAS E CULTURAS ESTRANGEIRAS MODERNAS
119248706;CURSO DE LÍNGUA LATINA;6042;INSTITUTO ÁGORA - LÍNGUAS, LITERATURAS E CULTURAS ESTRANGEIRAS MODERNAS
86980533;CURSO DE LÍNGUA PORTUGUESA PARA ESTRANGEIROS COM FINS ACADÊMICOS;6042;INSTITUTO ÁGORA - LÍNGUAS, LITERATURAS E CULTURAS ESTRANGEIRAS MODERNAS
96690272;CURSO DE PLURILINGUISMO E INTERCULTURALIDADE: FRANCÊS, ESPANHOL, ITALI;6042;INSTITUTO ÁGORA - LÍNGUAS, LITERATURAS E CULTURAS ESTRANGEIRAS MODERNAS
176715640;CURSO DE PORTUGUÊS COMO LÍNGUA DE ACOLHIMENTO;6042;INSTITUTO ÁGORA - LÍNGUAS, LITERATURAS E CULTURAS ESTRANGEIRAS MODERNAS
140780735;CURSO DE PORTUGUÊS LÍNGUA ESTRANGEIRA - AVANÇADO;6042;INSTITUTO ÁGORA - LÍNGUAS, LITERATURAS E CULTURAS ESTRANGEIRAS MODERNAS
99449969;CURSO DE PORTUGUÊS LÍNGUA ESTRANGEIRA - BÁSICO;6042;INSTITUTO ÁGORA - LÍNGUAS, LITERATURAS E CULTURAS ESTRANGEIRAS MODERNAS
86980524;CURSO DE PORTUGUÊS LÍNGUA ESTRANGEIRA - BÁSICO;6042;INSTITUTO ÁGORA - LÍNGUAS, LITERATURAS E CULTURAS ESTRANGEIRAS MODERNAS
129346781;CURSO DE PÓS-GRADUAÇÃO LATO SENSU EM GESTÃO MUNICIPAL - MODALIDADE A DISTÂNCIA;5679;PROGRAMA DE PÓS-GRADUAÇÃO EM GESTÃO PÚBLICA
129614610;CURSO DE PÓS-GRADUAÇÃO LATO SENSU EM GESTÃO PÚBLICA MUNICIPAL DISTÂNCIA;5679;PROGRAMA DE PÓS-GRADUAÇÃO EM GESTÃO PÚBLICA
129593359;CURSO DE PÓS-GRADUAÇÃO LATO SENSU EM GESTÃO PÚBLICA MUNICIPAL - EAD;5679;PROGRAMA DE PÓS-GRADUAÇÃO EM GESTÃO PÚBLICA
134940269;CURSO DE PRÁTICA DE LEITURA E ESCRITA DO PORTUGUÊS PARA ESTRANGEIROS;6042;INSTITUTO ÁGORA - LÍNGUAS, LITERATURAS E CULTURAS ESTRANGEIRAS MODERNAS
119186158;CURSO DE PRONÚNCIA EM LÍNGUA INGLESA;6042;INSTITUTO ÁGORA - LÍNGUAS, LITERATURAS E CULTURAS ESTRANGEIRAS MODERNAS
135192457;CURSO EM LITERATURA INFANTIL NEGRA NA ESCOLA;363;PROGRAMA DE PÓS-GRADUAÇÃO EM EDUCAÇÃO
1101030;CURSO ESPECIALIZAÇÃO EM SAÚDE COLETIVA;1591;PROG. POS-GRADUACAO EM ODONTOLOGIA SOCIAL
151748706;CURSO PREPARATÓRIO CELPE-BRAS AVANÇADO (PCB-A);6042;INSTITUTO ÁGORA - LÍNGUAS, LITERATURAS E CULTURAS ESTRANGEIRAS MODERNAS
134965261;CURSO PREPARATÓRIO CELPE-BRAS [PCB];6042;INSTITUTO ÁGORA - LÍNGUAS, LITERATURAS E CULTURAS ESTRANGEIRAS MODERNAS
88353771;CURSO TÉCNICO DA METRÓPOLE DIGITAL;351;ESCOLA AGRÍCOLA DE JUNDIAÍ
96054058;CURSO TÉCNICO DA METRÓPOLE DIGITAL;6069;INSTITUTO METROPOLE DIGITAL
1086003;CURSO TÉCNICO EM ENFERMAGEM;205;ESCOLA DE SAÚDE
1086001;CURSO TÉCNICO EM ENFERMAGEM;205;ESCOLA DE SAÚDE
1086002;CURSO TÉCNICO EM ENFERMAGEM;205;ESCOLA DE SAÚDE
115285617;CURSO TÉCNICO EM ESTÉTICA;205;ESCOLA DE SAÚDE
126501266;CURSO TÉCNICO EM ESTÉTICA;205;ESCOLA DE SAÚDE
125823462;CURSO TÉCNICO EM GERÊNCIA DE SAÚDE;205;ESCOLA DE SAÚDE
108837709;CURSO TÉCNICO EM MANUTENÇÃO E SUPORTE EM INFORMÁTICA;205;ESCOLA DE SAÚDE
104411100;CURSO TÉCNICO EM MASSOTERAPIA;205;ESCOLA DE SAÚDE
2624567;CURSO TÉCNICO EM PRÁTICAS INTEGRATIVAS E COMPLEMENTARES EM SAÚDE;205;ESCOLA DE SAÚDE
10598020;CURSO TÉCNICO EM REGISTROS E INFORMAÇÕES EM SAÚDE;205;ESCOLA DE SAÚDE
100892419;CURSO TÉCNICO EM SEGURANÇA DO TRABALHO;205;ESCOLA DE SAÚDE
7264330;DANÇA;442;CENTRO DE CIÊNCIAS HUMANAS, LETRAS E ARTES
106619252;DDF;236;CERES - DEPTO CIÊNCIAS SOCIAIS E HUMANAS
2894320;DESENVOLVIMENTO GERENCIAL DOS SERVIDORES DO TRIBUNAL DE CONTAS DO ESTADO DO RN;3202;FUNPEC/PPGAD
6992521;DESIGN;442;CENTRO DE CIÊNCIAS HUMANAS, LETRAS E ARTES
122921357;DESIGN DE INOVAÇÃO;9109;PROGRAMA DE PÓS-GRADUAÇÃO EM CIÊNCIA, TECNOLOGIA E INOVAÇÃO
168489371;DIDÁTICA E MÉTODO MULTISSENSORIAL NO ENSINO A ESTUDANTES COM DEFICIÊNCIA VISUAL;30546;PROGRAMA DE PÓS-GRADUAÇÃO EM EDUCAÇÃO ESPECIAL
2000019;DIREITO;1482;CENTRO DE  ENSINO SUPERIOR DO SERIDÓ
2000018;DIREITO;443;CENTRO DE CIÊNCIAS SOCIAIS APLICADAS
130602745;DIREITO ADMINISTRATIVO;84;DEPARTAMENTO DE DIREITO PUBLICO - DIPUB
130399494;DIREITO ADMINISTRATIVO;84;DEPARTAMENTO DE DIREITO PUBLICO - DIPUB
130598333;DIREITO ADMINISTRATIVO;84;DEPARTAMENTO DE DIREITO PUBLICO - DIPUB
143107647;DIREITO CIVIL E PROCESSO CIVIL;4881;DEPARTAMENTO DE DIREITO - CERES
120645059;DIREITO CIVIL E PROCESSUAL CIVIL;404;PROGRAMA DE PÓS-GRADUAÇÃO EM DIREITO
141046982;DIREITO DO TRABALHO E SEGURIDADE SOCIAL;79;DEPARTAMENTO DE DIREITO PRIVADO - DIPRI
184650161;DIREITO E GESTÃO PÚBLICA;4881;DEPARTAMENTO DE DIREITO - CERES
170540665;DIREITO INTERNACIONAL;404;PROGRAMA DE PÓS-GRADUAÇÃO EM DIREITO
170538250;DIREITO INTERNACIONAL;404;PROGRAMA DE PÓS-GRADUAÇÃO EM DIREITO
170586916;DIREITO INTERNACIONAL;404;PROGRAMA DE PÓS-GRADUAÇÃO EM DIREITO
120202645;DIREITO LATO SENSU;404;PROGRAMA DE PÓS-GRADUAÇÃO EM DIREITO
2211049;DIREITO, MEIO AMBIENTE E DESENVOLVIMENTO SUSTENTÁVEL;404;PROGRAMA DE PÓS-GRADUAÇÃO EM DIREITO
183098648;DIREITO MILITAR;9750;DEPARTAMENTO DE DIREITO PROCESSUAL E PROPEDÊUTICA - DEPRO
183356231;DIREITO MILITAR;9750;DEPARTAMENTO DE DIREITO PROCESSUAL E PROPEDÊUTICA - DEPRO
117508551;DIREITO PROCESSUAL CIVIL;404;PROGRAMA DE PÓS-GRADUAÇÃO EM DIREITO
113661131;DOCÊNCIA NA EDUCAÇÃO INFANTIL;1452;NÚCLEO DE EDUCAÇÃO DA INFÂNCIA
315765;DOUTORADO EM ADMINISTRAÇÃO;74;PROGRAMA DE PÓS-GRADUAÇÃO EM ADMINISTRAÇÃO
108227148;DOUTORADO EM ANTROPOLOGIA SOCIAL;1442;PROGRAMA DE PÓS-GRADUAÇÃO EM ANTROPOLOGIA SOCIAL
315767;DOUTORADO EM ARQUITETURA E URBANISMO;102;PROGRAMA DE PÓS-GRADUAÇÃO EM ARQUITETURA E URBANISMO
177608894;DOUTORADO EM ARTES CÊNICAS;4073;PROGRAMA DE PÓS-GRADUAÇÃO EM ARTES CÊNICAS
164535795;DOUTORADO EM ASSISTÊNCIA FARMACÊUTICA EM REDE;31835;PROGRAMA DE PÓS GRADUAÇÃO EM ASSISTÊNCIA FARMACÊUTICA EM REDE
115845494;DOUTORADO EM BIOINFORMÁTICA;9814;PROGRAMA DE PÓS-GRADUAÇÃO EM BIOINFORMÁTICA
172254760;DOUTORADO EM BIOLOGIA ESTRUTURAL E FUNCIONAL;7805;PROGRAMA DE PÓS-GRADUAÇÃO EM BIOLOGIA ESTRUTURAL E FUNCIONAL
178355478;DOUTORADO EM BIOLOGIA PARASITÁRIA;8085;PROGRAMA DE PÓS-GRADUAÇÃO EM BIOLOGIA PARASITÁRIA
9285380;DOUTORADO EM BIOQUÍMICA E BIOLOGIA MOLECULAR;31300;PROGRAMA DE PÓS-GRADUAÇÃO EM BIOQUÍMICA E BIOLOGIA MOLECULAR
315788;DOUTORADO EM BIOTECNOLOGIA;3014;PROGRAMA DE PÓS-GRADUAÇÃO EM BIOTECNOLOGIA
315743;DOUTORADO EM CIÊNCIA DA COMPUTAÇÃO;73;PROGRAMA DE PÓS-GRADUAÇÃO EM SISTEMAS E COMPUTAÇÃO
177609429;DOUTORADO EM CIÊNCIA DA INFORMAÇÃO;32531;PROGRAMA DE PÓS-GRADUAÇÃO EM CIÊNCIA DA INFORMAÇÃO
315771;DOUTORADO EM CIÊNCIA E ENGENHARIA DE MATERIAIS;68;PROGRAMA DE PÓS-GRADUAÇÃO EM CIÊNCIA E ENGENHARIA DE MATERIAIS
315787;DOUTORADO EM CIÊNCIA E ENGENHARIA DE PETRÓLEO;2598;PROGRAMA DE PÓS-GRADUAÇÃO EM CIÊNCIA E ENGENHARIA DE PETRÓLEO
17975012;DOUTORADO EM CIÊNCIAS CLIMÁTICAS;5211;PROGRAMA DE PÓS-GRADUAÇÃO EM CIÊNCIAS CLIMÁTICAS
315774;DOUTORADO EM CIÊNCIAS DA SAÚDE;66;PROGRAMA DE PÓS-GRADUAÇÃO EM CIÊNCIAS DA SAÚDE
110710810;DOUTORADO EM CIÊNCIAS FARMACÊUTICAS;366;PROGRAMA DE PÓS-GRADUAÇÃO EM CIÊNCIAS FARMACÊUTICAS
168173029;DOUTORADO EM CIÊNCIAS FISIOLÓGICAS;32254;PROGRAMA DE PÓS-GRADUAÇÃO MULTICÊNTRICO EM CIÊNCIAS FISIOLÓGICAS (CCS/FACISA)
130260440;DOUTORADO EM CIÊNCIAS ODONTOLÓGICAS;11354;PROGRAMA DE PÓS-GRADUAÇÃO EM CIÊNCIAS ODONTOLÓGICAS
315777;DOUTORADO EM CIÊNCIAS SOCIAIS;360;PROGRAMA DE PÓS-GRADUAÇÃO EM CIÊNCIAS SOCIAIS
132958656;DOUTORADO EM DEMOGRAFIA;5570;PROGRAMA DE PÓS-GRADUAÇÃO EM DEMOGRAFIA
9300591;DOUTORADO EM DESENVOLVIMENTO E INOVAÇÃO TECNOLÓGICA EM MEDICAMENTOS;4847;PROGRAMA DE PÓS-GRADUAÇÃO EM DESENVOLVIMENTO E INOVAÇÃO TECNOLÓGICA EM MEDICAMENTOS
19018260;DOUTORADO EM DESENVOLVIMENTO E MEIO AMBIENTE;5237;PROGRAMA DE PÓS-GRADUAÇÃO EM DESENVOLVIMENTO E MEIO AMBIENTE - PRODEMA
9300592;DOUTORADO EM ECOLOGIA;4846;PROGRAMA DE PÓS-GRADUAÇÃO EM ECOLOGIA
170068950;DOUTORADO EM ECONOMIA;434;PROGRAMA DE PÓS-GRADUAÇÃO EM ECONOMIA
315746;DOUTORADO EM EDUCAÇÃO;363;PROGRAMA DE PÓS-GRADUAÇÃO EM EDUCAÇÃO
170670143;DOUTORADO EM EDUCAÇÃO FISICA;5591;PROGRAMA DE PÓS-GRADUAÇÃO EM EDUCAÇÃO FÍSICA
50903134;DOUTORADO EM ENFERMAGEM NA ATENÇÃO À SAÚDE;412;PROGRAMA DE PÓS-GRADUAÇÃO EM ENFERMAGEM
178227870;DOUTORADO EM ENGENHARIA CIVIL E AMBIENTAL;31338;PROGRAMA DE PÓS-GRADUAÇÃO EM ENGENHARIA CIVIL E AMBIENTAL
315750;DOUTORADO EM ENGENHARIA ELÉTRICA E DE COMPUTAÇÃO;103;PROGRAMA DE PÓS-GRADUAÇÃO EM ENGENHARIA ELÉTRICA E DE COMPUTAÇÃO
315752;DOUTORADO EM ENGENHARIA MECÂNICA;104;PROGRAMA DE PÓS-GRADUAÇÃO EM ENGENHARIA MECÂNICA
315754;DOUTORADO EM ENGENHARIA QUÍMICA;106;PROGRAMA DE PÓS-GRADUAÇÃO EM ENGENHARIA QUÍMICA
108847150;DOUTORADO EM ENSINO DE CIÊNCIAS E MATEMÁTICA;9111;PROGRAMA DE PÓS-GRADUAÇÃO EM ENSINO DE CIÊNCIAS E MATEMÁTICA
315758;DOUTORADO EM ESTUDOS DA LINGUAGEM;65;PROGRAMA DE PÓS-GRADUAÇÃO EM ESTUDOS DA LINGUAGEM
115789633;DOUTORADO EM ESTUDOS DA MÍDIA;4893;PROGRAMA DE PÓS-GRADUAÇÃO EM ESTUDOS DA MÍDIA
132958781;DOUTORADO EM ESTUDOS URBANOS E REGIONAIS;5254;PROGRAMA DE PÓS-GRADUAÇÃO EM ESTUDOS URBANOS E REGIONAIS
115789618;DOUTORADO EM FILOSOFIA;364;PROGRAMA DE PÓS-GRADUAÇÃO EM FILOSOFIA
315728;DOUTORADO EM FÍSICA;388;PROGRAMA DE PÓS-GRADUAÇÃO EM FÍSICA
95726200;DOUTORADO EM FISIOTERAPIA;4072;PROGRAMA DE PÓS-GRADUAÇÃO EM FISIOTERAPIA
171468995;DOUTORADO EM FONOAUDIOLOGIA;10490;PROGRAMA DE PÓS-GRADUAÇÃO EM FONOAUDIOLOGIA
315763;DOUTORADO EM GEODINÂMICA E GEOFÍSICA;325;PROGRAMA DE PÓS-GRADUAÇÃO EM GEODINÂMICA E GEOFÍSICA
95953799;DOUTORADO EM GEOGRAFIA;315;PROGRAMA DE PÓS-GRADUAÇÃO EM GEOGRAFIA
178227782;DOUTORADO EM GEOGRAFIA;9110;PROGRAMA DE PÓS-GRADUAÇÃO EM GEOGRAFIA - GEOPROF - CERES
177612850;DOUTORADO EM GESTÃO E INOVAÇÃO EM SAÚDE;10482;PROGRAMA DE PÓS-GRADUAÇÃO EM GESTÃO E INOVAÇÃO EM SAÚDE
133179605;DOUTORADO EM HISTÓRIA;435;PROGRAMA DE PÓS-GRADUAÇÃO EM HISTÓRIA
98462514;DOUTORADO EM NANOTECNOLOGIA FARMACÊUTICA;6030;PROGRAMA DE PÓS-GRADUAÇÃO EM NANOTECNOLOGIA FARMACÊUTICA
17565631;DOUTORADO EM NEUROCIÊNCIAS;5207;PROGRAMA DE PÓS-GRADUAÇÃO EM NEUROCIÊNCIAS
171307246;DOUTORADO EM NUTRIÇÃO;8191;PROGRAMA DE PÓS-GRADUAÇÃO EM NUTRIÇÃO
315734;DOUTORADO EM PATOLOGIA ORAL;1760;PROGRAMA DE PÓS-GRADUAÇÃO EM PATOLOGIA ORAL
315736;DOUTORADO EM PSICOBIOLOGIA;367;PROGRAMA DE PÓS-GRADUAÇÃO EM PSICOBIOLOGIA
17275730;DOUTORADO EM PSICOLOGIA;64;PROGRAMA DE PÓS-GRADUAÇÃO EM PSICOLOGIA
315740;DOUTORADO EM QUÍMICA;85;PROGRAMA DE PÓS-GRADUAÇÃO EM QUÍMICA
84739891;DOUTORADO EM SAÚDE COLETIVA;5670;PROGRAMA DE PÓS-GRADUAÇÃO EM SAÚDE COLETIVA
117229950;DOUTORADO EM SERVIÇO SOCIAL;376;PROGRAMA DE PÓS-GRADUAÇÃO EM SERVIÇO SOCIAL
96146345;DOUTORADO EM SISTEMÁTICA E EVOLUÇÃO;5579;PROGRAMA DE PÓS-GRADUAÇÃO EM SISTEMÁTICA E EVOLUÇÃO
104910434;DOUTORADO EM TURISMO;4295;PROGRAMA DE PÓS-GRADUAÇÃO EM TURISMO
177835234;DOUTORADO PROFISSIONAL EM ENSINO DE HISTÓRIA - PROFHISTORIA;9395;PROGRAMA DE PÓS-GRADUAÇÃO EM ENSINO DE HISTÓRIA - REDE NACIONAL
172269300;DOUTORADO PROFISSIONAL EM INOVAÇÃO EM TECNOLOGIAS EDUCACIONAIS;10481;PROGRAMA DE PÓS-GRADUAÇÃO EM INOVAÇÃO EM TECNOLOGIAS EDUCACIONAIS
147308656;DOUTORADO PROFISSIONAL EM SAÚDE DA FAMÍLIA;6135;PROGRAMA DE PÓS-GRADUAÇÃO EM SAÚDE DA FAMÍLIA NO NORDESTE
177385128;DOUTORADO PROFISSIONAL EM TECNOLOGIA DA INFORMAÇÃO;7872;PROGRAMA DE PÓS-GRADUAÇÃO EM TECNOLOGIA DA INFORMAÇÃO
2000121;ECOLOGIA;440;CENTRO DE BIOCIÊNCIAS
127242379;EDUCAÇÃO A DISTÂNCIA;351;ESCOLA AGRÍCOLA DE JUNDIAÍ
175519413;EDUCAÇÃO BILÍNGUE PARA SURDOS;4880;DEPARTAMENTO DE EDUCAÇÃO - CERES
182472899;EDUCAÇÃO DO CAMPO;5968;DEPARTAMENTO DE PRÁTICAS EDUCACIONAIS E CURRÍCULO
101012784;EDUCAÇÃO EM DIREITOS HUMANOS;4880;DEPARTAMENTO DE EDUCAÇÃO - CERES
175224989;EDUCAÇÃO ESPECIAL INCLUSIVA;5965;CENTRO DE EDUCAÇÃO
168323829;EDUCAÇÃO ESPECIAL/INCLUSIVA NA EDUCAÇÃO BÁSICA;30546;PROGRAMA DE PÓS-GRADUAÇÃO EM EDUCAÇÃO ESPECIAL
2000022;EDUCAÇÃO FÍSICA;441;CENTRO DE CIÊNCIAS DA SAÚDE
85436676;EDUCAÇÃO FÍSICA;441;CENTRO DE CIÊNCIAS DA SAÚDE
111635041;EDUCAÇÃO FÍSICA;441;CENTRO DE CIÊNCIAS DA SAÚDE
50688664;EDUCAÇÃO FÍSICA;441;CENTRO DE CIÊNCIAS DA SAÚDE
177115407;EDUCAÇÃO MIDIÁTICA;140;DEPARTAMENTO DE COMUNICAÇÃO SOCIAL
176994916;EDUCAÇÃO MIDIÁTICA;140;DEPARTAMENTO DE COMUNICAÇÃO SOCIAL
177104498;EDUCAÇÃO MIDIÁTICA;140;DEPARTAMENTO DE COMUNICAÇÃO SOCIAL
130816499;EDUCAÇÃO POBREZA E DESIGUALDADE SOCIAL;5967;DEPARTAMENTO DE FUNDAMENTOS E POLÍTICAS DA EDUCAÇÃO
123036166;EEE;199;DEPARTAMENTO DE EDUCAÇÃO FÍSICA
13027790;ENFERMAGEM;4890;FACULDADE DE CIÊNCIAS DA SAÚDE DO TRAIRI - FACISA
2000023;ENFERMAGEM;441;CENTRO DE CIÊNCIAS DA SAÚDE
979300;ENFERMAGEM  EM SAÚDE DA  CRIANÇA;198;DEPARTAMENTO DE ENFERMAGEM
163821950;ENFERMAGEM EM TERAPIA INTENSIVA;198;DEPARTAMENTO DE ENFERMAGEM
181080339;ENFERMAGEM EM URGÊNCIA E EMERGÊNCIA;4890;FACULDADE DE CIÊNCIAS DA SAÚDE DO TRAIRI - FACISA
177837702;ENFERMAGEM NEONATAL E PEDIÁTRICA;198;DEPARTAMENTO DE ENFERMAGEM
163759026;ENFERMAGEM NEONATAL E PEDIÁTRICA;198;DEPARTAMENTO DE ENFERMAGEM
177848129;ENFERMAGEM NEONATAL E PEDIÁTRICA;198;DEPARTAMENTO DE ENFERMAGEM
177822729;ENFERMAGEM NEONATAL E PEDIÁTRICA;198;DEPARTAMENTO DE ENFERMAGEM
177846796;ENFERMAGEM NEONATAL E PEDIÁTRICA;198;DEPARTAMENTO DE ENFERMAGEM
124763322;ENFERMAGEM OBSTÉTRICA III - REDE CEGONHA;205;ESCOLA DE SAÚDE
2576632;ENGENHARIA AGRONÔMICA;351;ESCOLA AGRÍCOLA DE JUNDIAÍ
85322571;ENGENHARIA AMBIENTAL;445;CENTRO DE TECNOLOGIA
85341136;ENGENHARIA BIOMÉDICA;445;CENTRO DE TECNOLOGIA
2000025;ENGENHARIA CIVIL;445;CENTRO DE TECNOLOGIA
2000150;ENGENHARIA DE ALIMENTOS;445;CENTRO DE TECNOLOGIA
2576623;ENGENHARIA DE AQUICULTURA;440;CENTRO DE BIOCIÊNCIAS
181657650;ENGENHARIA DE COMPUTAÇÃO;1482;CENTRO DE  ENSINO SUPERIOR DO SERIDÓ
2000026;ENGENHARIA DE COMPUTAÇÃO;445;CENTRO DE TECNOLOGIA
178696492;ENGENHARIA DE ENERGIA;445;CENTRO DE TECNOLOGIA
2000027;ENGENHARIA DE MATERIAIS;445;CENTRO DE TECNOLOGIA
2071220;ENGENHARIA DE PETRÓLEO;445;CENTRO DE TECNOLOGIA
150738818;ENGENHARIA DE PRODUÇÃO;31011;FACULDADE DE ENGENHARIA, LETRAS E CIÊNCIAS SOCIAIS DO SERIDÓ - FELCS
2000029;ENGENHARIA DE PRODUÇÃO;445;CENTRO DE TECNOLOGIA
140694375;ENGENHARIA DE SEGURANCA DO TRABALHO;115;DEPARTAMENTO DE ENGENHARIA PRODUÇÃO
100339822;ENGENHARIA DE SEGURANÇA DO TRABALHO;52;DEPARTAMENTO DE ENGENHARIA CIVIL E AMBIENTAL
149832890;ENGENHARIA DE SEGURANÇA DO TRABALHO;115;DEPARTAMENTO DE ENGENHARIA PRODUÇÃO
17848940;ENGENHARIA DE SOFTWARE;439;CENTRO DE CIÊNCIAS EXATAS E DA TERRA
85322080;ENGENHARIA DE TELECOMUNICAÇÕES;445;CENTRO DE TECNOLOGIA
2000030;ENGENHARIA ELÉTRICA;445;CENTRO DE TECNOLOGIA
8068230;ENGENHARIA FLORESTAL;351;ESCOLA AGRÍCOLA DE JUNDIAÍ
2000031;ENGENHARIA MECÂNICA;445;CENTRO DE TECNOLOGIA
85437055;ENGENHARIA MECATRÔNICA;445;CENTRO DE TECNOLOGIA
2000032;ENGENHARIA QUÍMICA;445;CENTRO DE TECNOLOGIA
2000033;ENGENHARIA TÊXTIL;445;CENTRO DE TECNOLOGIA
16685330;ENSINO-APRENDIZAGEM DE INGLÊS COMO LÍNGUA ESTRANGEIRA;138;DEPARTAMENTO DE LETRAS
2667700;ENSINO-APRENDIZAGEM DE LÍNGUA PORTUGUESA:ASPECTOS TEÓRICOS E PRÁTICOS;159;DEPARTAMENTO DE EDUCAÇÃO
122659999;ENSINO/APRENDIZAGEM DE PORTUGUÊS LÍNGUA NÃO MATERNA;5206;DEPARTAMENTO DE LINGUAS E LITERATURAS ESTRANGEIRAS MODERNAS
123345257;ENSINO/APRENDIZAGEM DE PORTUGUÊS LÍNGUA NÃO MATERNA;5206;DEPARTAMENTO DE LINGUAS E LITERATURAS ESTRANGEIRAS MODERNAS
1398140;ENSINO DE ARTE NA ESCOLA;139;DEPARTAMENTO DE ARTES
6182540;ENSINO DE ARTE NA ESCOLA COM APROFUNDAMENTO E ARTES VISUAIS, DANÇA, MÚSICA E TEA;139;DEPARTAMENTO DE ARTES
162992509;ENSINO DE CIÊNCIAS;134;PROGRAMA DE PÓS-GRADUAÇÃO EM ENSINO DE CIÊNCIAS NATURAIS E MATEMÁTICA
180768457;ENSINO DE CIÊNCIAS - ?CIÊNCIA É 10!?;134;PROGRAMA DE PÓS-GRADUAÇÃO EM ENSINO DE CIÊNCIAS NATURAIS E MATEMÁTICA
180806611;ENSINO DE CIÊNCIAS - CIÊNCIA É 10!;134;PROGRAMA DE PÓS-GRADUAÇÃO EM ENSINO DE CIÊNCIAS NATURAIS E MATEMÁTICA
130050604;ENSINO DE GEOGRAFIA;234;CERES - DEPARTAMENTO DE GEOGRAFIA
89444585;ENSINO DE LÍNGUA PORTUGUESA: GRAMÁTICA, TEXTO E DISCURSO;138;DEPARTAMENTO DE LETRAS
135288404;ENSINO DE MUSICA EM MULTIPLOS CONTEXTOS;284;ESCOLA DE MÚSICA
135294364;ENSINO DE MUSICA EM MULTIPLOS CONTEXTOS;284;ESCOLA DE MÚSICA
122072767;ENSINO DE MÚSICA EM MÚLTIPLOS CONTEXTOS;284;ESCOLA DE MÚSICA
121636855;ENSINO DE MÚSICA EM MÚLTIPLOS CONTEXTOS;7261;PROGRAMA DE PÓS-GRADUAÇÃO EM MÚSICA
123354684;ENSINO DE MÚSICA EM MÚLTIPLOS CONTEXTOS;284;ESCOLA DE MÚSICA
103978381;ENSINO FUNDAMENTAL;1452;NÚCLEO DE EDUCAÇÃO DA INFÂNCIA
1998296;ENSINO INFANTIL;1452;NÚCLEO DE EDUCAÇÃO DA INFÂNCIA
89232622;ENSINO MEDIO;351;ESCOLA AGRÍCOLA DE JUNDIAÍ
2628340;Especializaão em Avaliação Psicológica;442;CENTRO DE CIÊNCIAS HUMANAS, LETRAS E ARTES
51277174;ESPECIALIZAÇÃO;159;DEPARTAMENTO DE EDUCAÇÃO
132080053;ESPECIALIZAÇÃO EM AAA;234;CERES - DEPARTAMENTO DE GEOGRAFIA
126907290;ESPECIALIZAÇÃO EM ADMINISTRAÇÃO HOTELEIRA, BARES E RESTAURANTES;4295;PROGRAMA DE PÓS-GRADUAÇÃO EM TURISMO
137488470;ESPECIALIZAÇÃO EM ADMINISTRAÇÃO PÚBLICA;236;CERES - DEPTO CIÊNCIAS SOCIAIS E HUMANAS
137496442;ESPECIALIZAÇÃO EM ADMINISTRAÇÃO PÚBLICA;236;CERES - DEPTO CIÊNCIAS SOCIAIS E HUMANAS
115295700;ESPECIALIZAÇÃO EM ADMINISTRAÇÃO PÚBLICA;236;CERES - DEPTO CIÊNCIAS SOCIAIS E HUMANAS
143293289;ESPECIALIZAÇÃO EM ADVOCACIA EMPRESARIAL;4881;DEPARTAMENTO DE DIREITO - CERES
170532537;ESPECIALIZAÇÃO EM ALFABETIZAÇÃO E MULTILETRAMENTO NA ESCOLA DA(S) INFÂNCIA(S);1452;NÚCLEO DE EDUCAÇÃO DA INFÂNCIA
127791717;ESPECIALIZAÇÃO EM ALFABETIZAÇÃO E NEUROCIÊNCIAS: INTERFACES NA EDUCAÇÃO INTEGRAL;4880;DEPARTAMENTO DE EDUCAÇÃO - CERES
106245618;ESPECIALIZAÇÃO EM ALFABETIZAÇÃO E NEUROCIÊNCIAS: INTERFACES NA EDUCAÇÃO INTEGRAL;4880;DEPARTAMENTO DE EDUCAÇÃO - CERES
138139175;ESPECIALIZAÇÃO EM ALFABETIZAÇÃO + NEUROCIÊNCIAS: INTERFACES NA EDUCAÇÃO INTEGRAL;4880;DEPARTAMENTO DE EDUCAÇÃO - CERES
171963293;ESPECIALIZAÇÃO EM ALFABETIZAÇÃO + NEUROCIÊNCIAS NA EDUCAÇÃO INTEGRAL;4880;DEPARTAMENTO DE EDUCAÇÃO - CERES
163957655;ESPECIALIZAÇÃO EM ANÁLISES CLÍNICAS;117;DEPARTAMENTO DE ANÁLISES CLÍNICAS E TOXICOLÓGICAS
106660409;ESPECIALIZAÇÃO EM ANÁLISES CLÍNICAS;117;DEPARTAMENTO DE ANÁLISES CLÍNICAS E TOXICOLÓGICAS
130618653;ESPECIALIZAÇÃO EM ANÁLISES CLÍNICAS E MEDICAMENTOS;117;DEPARTAMENTO DE ANÁLISES CLÍNICAS E TOXICOLÓGICAS
118076413;ESPECIALIZAÇÃO EM ANÁLISES CLÍNICAS E MEDICAMENTOS;117;DEPARTAMENTO DE ANÁLISES CLÍNICAS E TOXICOLÓGICAS
97262498;ESPECIALIZAÇÃO EM ANÁLISES CLÍNICAS E TOXICOLÓGICAS;117;DEPARTAMENTO DE ANÁLISES CLÍNICAS E TOXICOLÓGICAS
131890753;ESPECIALIZAÇÃO EM ANÁLISES CLÍNICAS E TOXICOLÓGICAS;117;DEPARTAMENTO DE ANÁLISES CLÍNICAS E TOXICOLÓGICAS
4742984;ESPECIALIZAÇÃO EM ANÁLISES CLÍNICAS E TOXICOLÓGICAS;117;DEPARTAMENTO DE ANÁLISES CLÍNICAS E TOXICOLÓGICAS
163914345;ESPECIALIZAÇÃO EM ANATOMIA, DISSECAÇÃO E PLASTINAÇÃO;177;DEPARTAMENTO DE MORFOLOGIA
126255120;ESPECIALIZAÇÃO EM APRENDIZAGEM COLABORATIVA E INTERCULTURAL DE LÍNGUA PORTUGUESA POR SURDOS;4880;DEPARTAMENTO DE EDUCAÇÃO - CERES
124347948;ESPECIALIZAÇÃO EM AROMATERAPIA;198;DEPARTAMENTO DE ENFERMAGEM
115402519;ESPECIALIZAÇÃO EM ARQUEOLOGIA DO NORDESTE BRASILEIRO;141;DEPARTAMENTO DE HISTÓRIA
95771235;ESPECIALIZAÇÃO EM ARQUEOLOGIA DO NORDESTE BRASILEIRO;141;DEPARTAMENTO DE HISTÓRIA
96076672;ESPECIALIZAÇÃO EM ARQUITETURA DE NUVEM;161;DEPARTAMENTO DE CIÊNCIAS ADMINISTRATIVAS - DEPAD
168972160;ESPECIALIZAÇÃO EM ARTE PELOS SENTIDOS: AROMAS, PROCESSOS CRIATIVOS E TERAPÊUTICOS;139;DEPARTAMENTO DE ARTES
3578460;ESPECIALIZAÇÃO EM ARTETERAPIA E EDUCAÇÃO DO SER;363;PROGRAMA DE PÓS-GRADUAÇÃO EM EDUCAÇÃO
4878604;ESPECIALIZAÇÃO EM ARTETERAPIA E EDUCAÇÃO DO SER;363;PROGRAMA DE PÓS-GRADUAÇÃO EM EDUCAÇÃO
114762632;ESPECIALIZAÇÃO EM ATENÇÃO BÁSICA COM ÊNFASE NA ESTRATÉGIA SAÚDE DA FAMÍLIA;205;ESCOLA DE SAÚDE
101359674;ESPECIALIZAÇÃO EM AUDIOLOGIA;5610;DEPARTAMENTO DE FONOAUDIOLOGIA
165852759;ESPECIALIZAÇÃO EM AUDITORIA DO SUS;205;ESCOLA DE SAÚDE
173541499;ESPECIALIZAÇÃO EM AUDITORIA DO SUS;205;ESCOLA DE SAÚDE
129767318;ESPECIALIZAÇÃO EM AUDITORIA E CONTROLADORIA;395;PROGRAMA REGIONAL DE PÓS-GRADUAÇÃO EM CIÊNCIAS CONTÁBEIS
149870604;ESPECIALIZAÇÃO EM AUDITORIA E CONTROLADORIA;395;PROGRAMA REGIONAL DE PÓS-GRADUAÇÃO EM CIÊNCIAS CONTÁBEIS
97598424;ESPECIALIZAÇÃO EM AUDITORIA E CONTROLADORIA;395;PROGRAMA REGIONAL DE PÓS-GRADUAÇÃO EM CIÊNCIAS CONTÁBEIS
130422199;ESPECIALIZAÇÃO EM AUDITORIA E CONTROLADORIA;395;PROGRAMA REGIONAL DE PÓS-GRADUAÇÃO EM CIÊNCIAS CONTÁBEIS
151607054;ESPECIALIZAÇÃO EM AUDITORIA E CONTROLADORIA CONTÁBIL;163;DEPARTAMENTO DE CIÊNCIAS CONTÁBEIS - DCC
116474785;ESPECIALIZAÇÃO EM AUDITORIA E CONTROLADORIA CONTÁBIL;9066;PROGRAMA DE PÓS-GRADUAÇÃO EM CIÊNCIAS CONTÁBEIS
87272466;ESPECIALIZAÇÃO EM AUDITORIA E CONTROLES;395;PROGRAMA REGIONAL DE PÓS-GRADUAÇÃO EM CIÊNCIAS CONTÁBEIS
156794536;ESPECIALIZAÇÃO EM AUDITORIA EM SAÚDE;205;ESCOLA DE SAÚDE
127931091;ESPECIALIZAÇÃO EM AUDITORIA EM SAÚDE;205;ESCOLA DE SAÚDE
107259247;ESPECIALIZAÇÃO EM AUDITORIA E PERÍCIA CONTÁBIL;395;PROGRAMA REGIONAL DE PÓS-GRADUAÇÃO EM CIÊNCIAS CONTÁBEIS
89558214;ESPECIALIZAÇÃO EM AUDITORIA GOVERNAMENTAL;163;DEPARTAMENTO DE CIÊNCIAS CONTÁBEIS - DCC
91384307;ESPECIALIZAÇÃO EM AUTOMAÇÃO DE PROCESSOS INDUSTRIAIS;56;DEPARTAMENTO DE ENGENHARIA DE COMPUTACAO E AUTOMACAO
105643188;ESPECIALIZAÇÃO EM AUTOMAÇÃO DE PROCESSOS INDUSTRIAIS;56;DEPARTAMENTO DE ENGENHARIA DE COMPUTACAO E AUTOMACAO
95740299;ESPECIALIZAÇÃO EM BASES FISIOLÓGICAS PARA AVALIAÇÃO E PRESCRIÇÃO DE EXERCÍCIOS FÍSICOS;199;DEPARTAMENTO DE EDUCAÇÃO FÍSICA
50659936;ESPECIALIZAÇÃO EM BASES FISIOL PARA AVALIAÇÃO E PRESCRIÇÃO DE EXERCÍCIOS FÍSICOS;199;DEPARTAMENTO DE EDUCAÇÃO FÍSICA
118173593;ESPECIALIZAÇÃO EM BIG DATA;6069;INSTITUTO METROPOLE DIGITAL
105720615;ESPECIALIZAÇÃO EM BIOLOGIA MOLECULAR APLICADA À SAÚDE HUMANA;366;PROGRAMA DE PÓS-GRADUAÇÃO EM CIÊNCIAS FARMACÊUTICAS
125323179;ESPECIALIZAÇÃO EM BIOLOGIA MOLECULAR APLICADA À SAÚDE HUMANA;366;PROGRAMA DE PÓS-GRADUAÇÃO EM CIÊNCIAS FARMACÊUTICAS
133999743;ESPECIALIZAÇÃO EM BIOMECÂNICA;199;DEPARTAMENTO DE EDUCAÇÃO FÍSICA
133952812;ESPECIALIZAÇÃO EM BIOMECÂNICA;199;DEPARTAMENTO DE EDUCAÇÃO FÍSICA
133995445;ESPECIALIZAÇÃO EM BIOMECÂNICA;199;DEPARTAMENTO DE EDUCAÇÃO FÍSICA
134010679;ESPECIALIZAÇÃO EM BIOMECÂNICA;199;DEPARTAMENTO DE EDUCAÇÃO FÍSICA
133963580;ESPECIALIZAÇÃO EM BIOMECÂNICA;199;DEPARTAMENTO DE EDUCAÇÃO FÍSICA
133960235;ESPECIALIZAÇÃO EM BIOMECÂNICA;199;DEPARTAMENTO DE EDUCAÇÃO FÍSICA
133957713;ESPECIALIZAÇÃO EM BIOMECÂNICA;199;DEPARTAMENTO DE EDUCAÇÃO FÍSICA
95197392;ESPECIALIZAÇÃO EM BIOTERISMO E EXPERIMENTAÇÃO COM ANIMAIS;192;DEPARTAMENTO DE CIRURGIA
171669500;ESPECIALIZAÇÃO EM CIBERSEGURANÇA E GESTÃO DA INFORMAÇÃO;9726;DEPARTAMENTO DE COMPUTAÇÃO E TECNOLOGIA
138156167;ESPECIALIZAÇÃO EM CIÊNCIA DE DADOS;47;DEPARTAMENTO DE ESTATISTICA
98708953;ESPECIALIZAÇÃO EM CIÊNCIAS ATUARIAIS E DEMOGRAFIA;5570;PROGRAMA DE PÓS-GRADUAÇÃO EM DEMOGRAFIA
84903718;ESPECIALIZAÇÃO EM CIÊNCIAS MORFOLÓGICAS APLICADAS A SAÚDE E AO AMBIENTE;177;DEPARTAMENTO DE MORFOLOGIA
115259542;ESPECIALIZAÇÃO EM CINEMA;139;DEPARTAMENTO DE ARTES
99697792;ESPECIALIZAÇÃO EM CINEMA;139;DEPARTAMENTO DE ARTES
141222876;ESPECIALIZAÇÃO EM CITOLOGIA GINECOLÓGICA ONCÓTICA;30544;PROGRAMA DE PÓS-GRADUAÇÃO EM CIÊNCIAS APLICADAS À SAÚDE DA MULHER
173985910;ESPECIALIZAÇÃO EM CITOLOGIA GINECOLÓGICA ONCÓTICA: DO DIAGNÓSTICO CITOLÓGICO AO RASTREIO MOLECULAR (DNA/HPV);30544;PROGRAMA DE PÓS-GRADUAÇÃO EM CIÊNCIAS APLICADAS À SAÚDE DA MULHER
136737916;ESPECIALIZAÇÃO EM COMPOSIÇÃO MUSICAL;284;ESCOLA DE MÚSICA
90334354;ESPECIALIZAÇÃO EM CONSCIÊNCIA CORPORAL;199;DEPARTAMENTO DE EDUCAÇÃO FÍSICA
128388032;ESPECIALIZAÇÃO EM CONSCIÊNCIA CORPORAL;199;DEPARTAMENTO DE EDUCAÇÃO FÍSICA
166091734;ESPECIALIZAÇÃO EM CONSCIÊNCIA CORPORAL, SAÚDE E QUALIDADE DE VIDA;199;DEPARTAMENTO DE EDUCAÇÃO FÍSICA
147179803;ESPECIALIZAÇÃO EM CONSCIÊNCIA CORPORAL, SAÚDE E QUALIDADE DE VIDA;199;DEPARTAMENTO DE EDUCAÇÃO FÍSICA
154868710;ESPECIALIZAÇÃO EM CONTABILIDADE, CONTROLADORIA E GESTÃO DE CUSTOS NO SETOR PÚBLICO;9066;PROGRAMA DE PÓS-GRADUAÇÃO EM CIÊNCIAS CONTÁBEIS
164549360;ESPECIALIZAÇÃO EM CONTABILIDADE E CONTROLADORIA;235;CERES - DEPTO CIÊNCIAS EXATAS E APLICADAS
140931176;ESPECIALIZAÇÃO EM CONTABILIDADE E GESTÃO EMPRESARIAL;163;DEPARTAMENTO DE CIÊNCIAS CONTÁBEIS - DCC
85078961;ESPECIALIZAÇÃO EM CONTROLADORIA GOVERNAMENTAL;163;DEPARTAMENTO DE CIÊNCIAS CONTÁBEIS - DCC
92587939;ESPECIALIZAÇÃO EM COORDENAÇÃO PEDAGÓGICA;363;PROGRAMA DE PÓS-GRADUAÇÃO EM EDUCAÇÃO
17519780;ESPECIALIZAÇÃO EM CORPO, SAÚDE E SOCIEDADE;199;DEPARTAMENTO DE EDUCAÇÃO FÍSICA
5173860;ESPECIALIZAÇÃO EM CRIANÇA E ADOLESCENTE: ASPECTOS LEGAIS E SOCIAIS;143;DEPARTAMENTO DE PSICOLOGIA
121637007;ESPECIALIZAÇÃO EM CUIDADOS E PRÁTICAS INTEGRATIVAS EM SAÚDE;205;ESCOLA DE SAÚDE
120050084;ESPECIALIZAÇÃO EM DANÇA;139;DEPARTAMENTO DE ARTES
101023063;ESPECIALIZAÇÃO EM DENTÍSTICA;195;DEPARTAMENTO DE ODONTOLOGIA
127547347;ESPECIALIZAÇÃO EM DENTÍSTICA;195;DEPARTAMENTO DE ODONTOLOGIA
150984778;ESPECIALIZAÇÃO EM DERMATOLOGIA EM ENFERMAGEM;198;DEPARTAMENTO DE ENFERMAGEM
134355614;ESPECIALIZAÇÃO EM DERMATOLOGIA EM ENFERMAGEM;198;DEPARTAMENTO DE ENFERMAGEM
115769184;ESPECIALIZAÇÃO EM DESENVOLVIMENTO DE APLICAÇÕES PARA DISPOSITIVOS MÓVEIS;6069;INSTITUTO METROPOLE DIGITAL
100300443;ESPECIALIZAÇÃO EM DESENVOLVIMENTO DE SISTEMAS UFRN;2;SUPERINTENDÊNCIA DE TECNOLOGIA DA INFORMAÇÃO
116365925;ESPECIALIZAÇÃO EM DESENVOLVIMENTO DE SOFTWARE;56;DEPARTAMENTO DE ENGENHARIA DE COMPUTACAO E AUTOMACAO
107751989;ESPECIALIZAÇÃO EM DESENVOLVIMENTO PARA DISPOSITIVOS MÓVEIS;6069;INSTITUTO METROPOLE DIGITAL
141073002;ESPECIALIZAÇÃO EM DESENVOLVIMENTO PARA DISPOSITIVOS MÓVEIS;6069;INSTITUTO METROPOLE DIGITAL
152574803;ESPECIALIZAÇÃO EM DESENVOLVIMENTO PARA DISPOSITIVOS MÓVEIS;6069;INSTITUTO METROPOLE DIGITAL
126860757;ESPECIALIZAÇÃO EM DESENVOLVIMENTO PARA DISPOSITIVOS MÓVEIS;6069;INSTITUTO METROPOLE DIGITAL
118720334;ESPECIALIZAÇÃO EM DESIGN DE INOVAÇÃO;9109;PROGRAMA DE PÓS-GRADUAÇÃO EM CIÊNCIA, TECNOLOGIA E INOVAÇÃO
164504160;ESPECIALIZAÇÃO EM DESIGN DE INTERIORES;6968;PROGRAMA DE PÓS-GRADUAÇÃO EM DESIGN
85075974;ESPECIALIZAÇÃO EM DESIGN GRÁFICO;139;DEPARTAMENTO DE ARTES
130606851;ESPECIALIZAÇÃO EM DIREITO ADMINISTRATIVO;84;DEPARTAMENTO DE DIREITO PUBLICO - DIPUB
115114859;ESPECIALIZAÇÃO EM DIREITO ADMINISTRATIVO;404;PROGRAMA DE PÓS-GRADUAÇÃO EM DIREITO
91310418;ESPECIALIZAÇÃO EM DIREITO CIVIL E PROCESSO CIVIL;404;PROGRAMA DE PÓS-GRADUAÇÃO EM DIREITO
120655249;ESPECIALIZAÇÃO EM DIREITO CIVIL E PROCESSUAL CIVIL;404;PROGRAMA DE PÓS-GRADUAÇÃO EM DIREITO
107590635;ESPECIALIZAÇÃO EM DIREITO CIVIL E PROCESSUAL CIVIL;404;PROGRAMA DE PÓS-GRADUAÇÃO EM DIREITO
129678016;ESPECIALIZAÇÃO EM DIREITO CIVIL E PROCESSUAL CIVIL;404;PROGRAMA DE PÓS-GRADUAÇÃO EM DIREITO
179520297;ESPECIALIZAÇÃO EM DIREITO CIVIL E PROCESSUAL CIVIL;404;PROGRAMA DE PÓS-GRADUAÇÃO EM DIREITO
90239418;ESPECIALIZAÇÃO EM DIREITO CIVIL E PROCESSUAL CIVIL - CURSO III;84;DEPARTAMENTO DE DIREITO PUBLICO - DIPUB
98721418;ESPECIALIZAÇÃO EM DIREITO CONSTITUCIONAL;404;PROGRAMA DE PÓS-GRADUAÇÃO EM DIREITO
85378701;ESPECIALIZAÇÃO EM DIREITO CONSTITUCIONAL - CURSO IV;404;PROGRAMA DE PÓS-GRADUAÇÃO EM DIREITO
132991240;ESPECIALIZAÇÃO EM DIREITO DA INOVAÇÃO TECNOLÓGICA;6069;INSTITUTO METROPOLE DIGITAL
154752432;ESPECIALIZAÇÃO EM DIREITO DAS RELAÇÕES DE CONSUMO;404;PROGRAMA DE PÓS-GRADUAÇÃO EM DIREITO
155279230;ESPECIALIZAÇÃO EM DIREITO EMPRESARIAL;9750;DEPARTAMENTO DE DIREITO PROCESSUAL E PROPEDÊUTICA - DEPRO
140971846;ESPECIALIZAÇÃO EM DIREITO E PROCESSO DO TRABALHO;79;DEPARTAMENTO DE DIREITO PRIVADO - DIPRI
109727524;ESPECIALIZAÇÃO EM DIREITO INTERNACIONAL;404;PROGRAMA DE PÓS-GRADUAÇÃO EM DIREITO
134776267;ESPECIALIZAÇÃO EM DIREITO INTERNACIONAL;404;PROGRAMA DE PÓS-GRADUAÇÃO EM DIREITO
170779597;ESPECIALIZAÇÃO EM DIREITO INTERNACIONAL;404;PROGRAMA DE PÓS-GRADUAÇÃO EM DIREITO
100365235;ESPECIALIZAÇÃO EM DIREITO INTERNACIONAL;404;PROGRAMA DE PÓS-GRADUAÇÃO EM DIREITO
170800744;ESPECIALIZAÇÃO EM DIREITO INTERNACIONAL;84;DEPARTAMENTO DE DIREITO PUBLICO - DIPUB
5032219;ESPECIALIZAÇÃO EM DIREITO INTERNACIONAL;404;PROGRAMA DE PÓS-GRADUAÇÃO EM DIREITO
90296038;ESPECIALIZAÇÃO EM DIREITO INTERNACIONAL - CURSO III;404;PROGRAMA DE PÓS-GRADUAÇÃO EM DIREITO
100368839;ESPECIALIZAÇÃO  EM DIREITO INTERNACIONAL - CURSO IV;404;PROGRAMA DE PÓS-GRADUAÇÃO EM DIREITO
2270667;ESPECIALIZAÇÃO EM DIREITO PROCESSUAL CIVIL;404;PROGRAMA DE PÓS-GRADUAÇÃO EM DIREITO
172241579;ESPECIALIZAÇÃO EM DIREITO PÚBLICO APLICADO À GESTÃO GOVERNAMENTAL;4881;DEPARTAMENTO DE DIREITO - CERES
146239656;ESPECIALIZAÇÃO EM DIREITO SOCIAL;79;DEPARTAMENTO DE DIREITO PRIVADO - DIPRI
146239795;ESPECIALIZAÇÃO EM DIREITO SOCIAL;79;DEPARTAMENTO DE DIREITO PRIVADO - DIPRI
95713894;ESPECIALIZAÇÃO EM DIREITO TRIBUTÁRIO;404;PROGRAMA DE PÓS-GRADUAÇÃO EM DIREITO
107607888;ESPECIALIZAÇÃO EM DIREITO TRIBUTÁRIO;404;PROGRAMA DE PÓS-GRADUAÇÃO EM DIREITO
128876049;ESPECIALIZAÇÃO EM DIREITO TRIBUTÁRIO;84;DEPARTAMENTO DE DIREITO PUBLICO - DIPUB
176101359;ESPECIALIZAÇÃO EM DIREITO TRIBUTÁRIO CONTEMPORÂNEO;84;DEPARTAMENTO DE DIREITO PUBLICO - DIPUB
160089006;ESPECIALIZAÇÃO EM DIREITO TRIBUTÁRIO CONTEMPORÂNEO;84;DEPARTAMENTO DE DIREITO PUBLICO - DIPUB
2821199;ESPECIALIZAÇÃO EM DIREITO TRIBUTÁRIO - CURSO IV;84;DEPARTAMENTO DE DIREITO PUBLICO - DIPUB
105104013;ESPECIALIZAÇÃO EM DOCÊNCIA NA EDUCAÇÃO INFANTIL;1452;NÚCLEO DE EDUCAÇÃO DA INFÂNCIA
91861738;ESPECIALIZAÇÃO EM DOCÊNCIA NA EDUCAÇÃO INFANTIL;1452;NÚCLEO DE EDUCAÇÃO DA INFÂNCIA
98042783;ESPECIALIZAÇÃO EM DOCÊNCIA NA EDUCAÇÃO INFANTIL;1452;NÚCLEO DE EDUCAÇÃO DA INFÂNCIA
96435811;ESPECIALIZAÇÃO EM ECONOMIA DO SETOR PÚBLICO;160;DEPARTAMENTO DE ECONOMIA - DEPEC
100183927;ESPECIALIZAÇÃO EM ECONOMIA DO SETOR PÚBLICO;160;DEPARTAMENTO DE ECONOMIA - DEPEC
96520440;ESPECIALIZAÇÃO EM ECONOMIA SOLIDÁRIA E DESENVOLVIMENTO TERRITORIAL;74;PROGRAMA DE PÓS-GRADUAÇÃO EM ADMINISTRAÇÃO
146981951;ESPECIALIZAÇÃO EM ECONOMIA SOLIDÁRIA E DESENVOLVIMENTO TERRITORIAL;74;PROGRAMA DE PÓS-GRADUAÇÃO EM ADMINISTRAÇÃO
5277960;ESPECIALIZAÇÃO EM ECONOMIA SOLIDÁRIA E DESENVOLVIMENTO TERRITORIAL;74;PROGRAMA DE PÓS-GRADUAÇÃO EM ADMINISTRAÇÃO
100115448;ESPECIALIZAÇÃO EM EDUCAÇÃO AMBIENTAL PARA ESCOLAS SUSTENTÁVEIS;181;DEPARTAMENTO DE MICROBIOLOGIA E PARASITOLOGIA
173034771;ESPECIALIZAÇÃO EM EDUCAÇÃO BILÍNGUE PARA SURDOS;4880;DEPARTAMENTO DE EDUCAÇÃO - CERES
88359602;ESPECIALIZAÇÃO EM EDUCAÇÃO E LINGUAGEM;236;CERES - DEPTO CIÊNCIAS SOCIAIS E HUMANAS
101013233;ESPECIALIZAÇÃO EM EDUCAÇÃO EM DIREITOS HUMANOS;5967;DEPARTAMENTO DE FUNDAMENTOS E POLÍTICAS DA EDUCAÇÃO
107183983;ESPECIALIZAÇÃO EM EDUCAÇÃO EM ESPAÇOS DE PRIVAÇÃO DE LIBERDADE;5968;DEPARTAMENTO DE PRÁTICAS EDUCACIONAIS E CURRÍCULO
137776743;ESPECIALIZAÇÃO EM EDUCAÇÃO ESPECIAL NA EDUCAÇÃO BÁSICA: O AEE EM FOCO;363;PROGRAMA DE PÓS-GRADUAÇÃO EM EDUCAÇÃO
95796201;ESPECIALIZAÇÃO EM EDUCAÇÃO FÍSICA ESCOLAR;199;DEPARTAMENTO DE EDUCAÇÃO FÍSICA
2062116;ESPECIALIZAÇÃO EM EDUCAÇÃO INFANTIL;363;PROGRAMA DE PÓS-GRADUAÇÃO EM EDUCAÇÃO
98461888;ESPECIALIZAÇÃO EM EDUCAÇÃO INFANTIL;4880;DEPARTAMENTO DE EDUCAÇÃO - CERES
2249855;ESPECIALIZAÇÃO EM EDUCAÇÃO INFANTIL;1452;NÚCLEO DE EDUCAÇÃO DA INFÂNCIA
3410226;ESPECIALIZAÇÃO EM EDUCAÇÃO MUSICAL NA EDUCAÇÃO BÁSICA;284;ESCOLA DE MÚSICA
89918597;ESPECIALIZAÇÃO EM EDUCAÇÃO MUSICAL NA EDUCAÇÃO BÁSICA;284;ESCOLA DE MÚSICA
108087170;ESPECIALIZAÇÃO EM EDUCAÇÃO NA CULTURA DIGITAL;6069;INSTITUTO METROPOLE DIGITAL
109917488;ESPECIALIZAÇÃO EM EDUCAÇÃO NA CULTURA DIGITAL;6069;INSTITUTO METROPOLE DIGITAL
98759568;ESPECIALIZAÇÃO EM EDUCAÇÃO, RELIGIÃO E MITO;136;DEPARTAMENTO DE CIÊNCIAS SOCIAIS
154924977;ESPECIALIZAÇÃO EM EM EXECUÇÃO PENAL;9750;DEPARTAMENTO DE DIREITO PROCESSUAL E PROPEDÊUTICA - DEPRO
51004048;ESPECIALIZAÇÃO EM ENDOCRINOLOGIA PEDIÁTRICA;193;DEPARTAMENTO DE PEDIATRIA
6546980;ESPECIALIZAÇÃO EM ENDOCRINOLOGIA PEDIÁTRICA;193;DEPARTAMENTO DE PEDIATRIA
11345120;ESPECIALIZAÇÃO EM ENDODONTIA;195;DEPARTAMENTO DE ODONTOLOGIA
95872651;ESPECIALIZAÇÃO EM ENDODONTIA;195;DEPARTAMENTO DE ODONTOLOGIA
17975011;ESPECIALIZAÇÃO EM ENERGIA EÓLICA;115;DEPARTAMENTO DE ENGENHARIA PRODUÇÃO
84696044;ESPECIALIZAÇÃO EM ENERGIA EÓLICA - CURSO II;115;DEPARTAMENTO DE ENGENHARIA PRODUÇÃO
118269716;ESPECIALIZAÇÃO EM ENFERMAGEM EM NEFROLOGIA;198;DEPARTAMENTO DE ENFERMAGEM
163763313;ESPECIALIZAÇÃO EM ENFERMAGEM EM NEONATOLOGIA E PEDIATRIA;198;DEPARTAMENTO DE ENFERMAGEM
175957626;ESPECIALIZAÇÃO EM ENFERMAGEM EM TERAPIA INTENSIVA;4890;FACULDADE DE CIÊNCIAS DA SAÚDE DO TRAIRI - FACISA
163893127;ESPECIALIZAÇÃO EM ENFERMAGEM EM TERAPIA INTENSIVA;198;DEPARTAMENTO DE ENFERMAGEM
166993847;ESPECIALIZAÇÃO EM ENFERMAGEM EM TERAPIA INTENSIVA;4890;FACULDADE DE CIÊNCIAS DA SAÚDE DO TRAIRI - FACISA
128551505;ESPECIALIZAÇÃO EM ENFERMAGEM EM TERAPIA INTENSIVA NEONATAL E PEDIÁTRICA;205;ESCOLA DE SAÚDE
171602634;ESPECIALIZAÇÃO EM ENFERMAGEM EM URGÊNCIA E EMERGÊNCIA;4890;FACULDADE DE CIÊNCIAS DA SAÚDE DO TRAIRI - FACISA
164213451;ESPECIALIZAÇÃO EM ENFERMAGEM NEONATAL E PEDIÁTRICA;198;DEPARTAMENTO DE ENFERMAGEM
125694869;ESPECIALIZAÇÃO EM ENFERMAGEM OBSTÉTRICA - TURMA III - REDE CEGONHA;205;ESCOLA DE SAÚDE
165945996;ESPECIALIZAÇÃO EM ENGENHARIA AUTOMOTIVA;104;PROGRAMA DE PÓS-GRADUAÇÃO EM ENGENHARIA MECÂNICA
135222431;ESPECIALIZAÇÃO EM ENGENHARIA DE NEGÓCIOS NO SETOR DE SUPERMERCADOS;115;DEPARTAMENTO DE ENGENHARIA PRODUÇÃO
117430697;ESPECIALIZAÇÃO EM ENGENHARIA DE OPERAÇÕES;115;DEPARTAMENTO DE ENGENHARIA PRODUÇÃO
138719355;ESPECIALIZAÇÃO EM ENGENHARIA DE OPERAÇÕES;115;DEPARTAMENTO DE ENGENHARIA PRODUÇÃO
165452252;ESPECIALIZAÇÃO EM ENGENHARIA DE OPERAÇÕES E GESTÃO DE ATIVOS;115;DEPARTAMENTO DE ENGENHARIA PRODUÇÃO
184622307;ESPECIALIZAÇÃO EM ENGENHARIA DE OPERAÇÕES E GESTÃO DE ATIVOS;115;DEPARTAMENTO DE ENGENHARIA PRODUÇÃO
149769620;ESPECIALIZAÇÃO EM ENGENHARIA DE SEGURANÇA DO TRABALHO;115;DEPARTAMENTO DE ENGENHARIA PRODUÇÃO
170436900;ESPECIALIZAÇÃO EM ENGENHARIA DE SEGURANÇA DO TRABALHO;115;DEPARTAMENTO DE ENGENHARIA PRODUÇÃO
117439917;ESPECIALIZAÇÃO EM ENGENHARIA DE SEGURANÇA DO TRABALHO;115;DEPARTAMENTO DE ENGENHARIA PRODUÇÃO
129021225;ESPECIALIZAÇÃO EM ENGENHARIA DE SEGURANÇA DO TRABALHO;115;DEPARTAMENTO DE ENGENHARIA PRODUÇÃO
1087370;ESPECIALIZAÇÃO EM ENGENHARIA E SEGURANÇA DO TRABALHO;52;DEPARTAMENTO DE ENGENHARIA CIVIL E AMBIENTAL
91506283;ESPECIALIZAÇÃO EM ENSINO-APRENDIZAGEM DE INGLÊS COMO LÍNGUA ESTRANGEIRA;5206;DEPARTAMENTO DE LINGUAS E LITERATURAS ESTRANGEIRAS MODERNAS
93999856;ESPECIALIZAÇÃO EM ENSINO-APRENDIZAGEM DE INGLÊS COMO LÍNGUA ESTRANGEIRA;5206;DEPARTAMENTO DE LINGUAS E LITERATURAS ESTRANGEIRAS MODERNAS
117709917;ESPECIALIZAÇÃO EM ENSINO-APRENDIZAGEM DE INGLÊS COMO LÍNGUA ESTRANGEIRA;5206;DEPARTAMENTO DE LINGUAS E LITERATURAS ESTRANGEIRAS MODERNAS
101197753;ESPECIALIZAÇÃO EM ENSINO-APRENDIZAGEM DE LÍNGUA PORTUGUESA;5968;DEPARTAMENTO DE PRÁTICAS EDUCACIONAIS E CURRÍCULO
96030942;ESPECIALIZAÇÃO EM ENSINO DE ARTES NA EDUCAÇÃO BÁSICA: MÚSICA;284;ESCOLA DE MÚSICA
166552734;ESPECIALIZAÇÃO EM ENSINO DE CIÊNCIAS - ANOS FINAIS DO ENSINO FUNDAMENTAL;134;PROGRAMA DE PÓS-GRADUAÇÃO EM ENSINO DE CIÊNCIAS NATURAIS E MATEMÁTICA
2684664;ESPECIALIZAÇÃO EM ENSINO DE EDUCAÇÃO FÍSICA ESCOLAR;199;DEPARTAMENTO DE EDUCAÇÃO FÍSICA
117478974;ESPECIALIZAÇÃO EM ENSINO DE ESPANHOL COMO LÍNGUA ESTRANGEIRA;7847;DEPARTAMENTO DE LETRAS - CERES
171990846;ESPECIALIZAÇÃO EM ENSINO DE ESPANHOL COMO LÍNGUA ESTRANGEIRA;31011;FACULDADE DE ENGENHARIA, LETRAS E CIÊNCIAS SOCIAIS DO SERIDÓ - FELCS
50663976;ESPECIALIZAÇÃO EM ENSINO DE FILOSOFIA NO ENSINO MÉDIO;137;DEPARTAMENTO DE FILOSOFIA
104438498;ESPECIALIZAÇÃO EM ENSINO DE FILOSOFIA NO ENSINO MÉDIO;137;DEPARTAMENTO DE FILOSOFIA
130644624;ESPECIALIZAÇÃO EM ENSINO DE GEOGRAFIA;234;CERES - DEPARTAMENTO DE GEOGRAFIA
97989821;ESPECIALIZAÇÃO EM ENSINO DE LÍNGUAS E CULTURAS HISPÂNICAS;5206;DEPARTAMENTO DE LINGUAS E LITERATURAS ESTRANGEIRAS MODERNAS
106836176;ESPECIALIZAÇÃO EM ENSINO DE LÍNGUAS E CULTURAS HISPÂNICAS;5206;DEPARTAMENTO DE LINGUAS E LITERATURAS ESTRANGEIRAS MODERNAS
104463617;ESPECIALIZAÇÃO EM ENSINO DE MATEMÁTICA;120;DEPARTAMENTO DE MATEMÁTICA
130962291;ESPECIALIZAÇÃO EM ENSINO DE MATEMÁTICA;120;DEPARTAMENTO DE MATEMÁTICA
153694412;ESPECIALIZAÇÃO EM ENSINO DE MATEMÁTICA NOS ANOS INICIAIS DO FUNDAMENTAL;31011;FACULDADE DE ENGENHARIA, LETRAS E CIÊNCIAS SOCIAIS DO SERIDÓ - FELCS
123381093;ESPECIALIZAÇÃO EM ENSINO DE MÚSICA EM MÚLTIPLOS CONTEXTOS;284;ESCOLA DE MÚSICA
135424522;ESPECIALIZAÇÃO EM ENSINO DE MÚSICA EM MÚLTIPLOS CONTEXTOS;284;ESCOLA DE MÚSICA
111285585;ESPECIALIZAÇÃO EM ENSINO DE MÚSICA NA EDUCAÇÃO BÁSICA;284;ESCOLA DE MÚSICA
103878435;ESPECIALIZAÇÃO EM ENSINO DE PORTUGUÊS E LINGUÍSTICA;138;DEPARTAMENTO DE LETRAS
104439089;ESPECIALIZAÇÃO EM ENSINO DE SOCIOLOGIA NO ENSINO MÉDIO;136;DEPARTAMENTO DE CIÊNCIAS SOCIAIS
174944795;ESPECIALIZAÇÃO EM ENSINO DE SOCIOLOGIA NO ENSINO MÉDIO;136;DEPARTAMENTO DE CIÊNCIAS SOCIAIS
117783900;ESPECIALIZAÇÃO EM ENSINO E APRENDIZAGEM DE INGLÊS COMO LÍNGUA ESTRANGEIRA;5206;DEPARTAMENTO DE LINGUAS E LITERATURAS ESTRANGEIRAS MODERNAS
94372864;ESPECIALIZAÇÃO EM ENSINO E APRENDIZAGEM DE LÍNGUAS;236;CERES - DEPTO CIÊNCIAS SOCIAIS E HUMANAS
127324390;ESPECIALIZAÇÃO EM EQUIDEOCULTURA;351;ESCOLA AGRÍCOLA DE JUNDIAÍ
139789133;ESPECIALIZAÇÃO EM ESINO DE CIÊNCIAS;9111;PROGRAMA DE PÓS-GRADUAÇÃO EM ENSINO DE CIÊNCIAS E MATEMÁTICA
109957345;ESPECIALIZAÇÃO EM ESTRATÉGIAS LINGUÍSTICO-DISCURSIVAS DE AVALIAÇÃO;138;DEPARTAMENTO DE LETRAS
117700770;ESPECIALIZAÇÃO EM ESTUDOS DA ESCRITA E ENSINO;138;DEPARTAMENTO DE LETRAS
97258649;ESPECIALIZAÇÃO EM ESTUDOS SOBRE A LINGUAGEM: TEORIAS E ENSINO (ESTEIO);138;DEPARTAMENTO DE LETRAS
171128656;ESPECIALIZAÇÃO EM EXECUÇÃO PENAL;9750;DEPARTAMENTO DE DIREITO PROCESSUAL E PROPEDÊUTICA - DEPRO
155777712;ESPECIALIZAÇÃO EM FARMÁCIA CLÍNICA COMUNITÁRIA E HOSPITALAR;30544;PROGRAMA DE PÓS-GRADUAÇÃO EM CIÊNCIAS APLICADAS À SAÚDE DA MULHER
14172150;ESPECIALIZAÇÃO EM FARMÁCIA HOSPITALAR COM ÊNFASE EM ONCOLOGIA;196;DEPARTAMENTO DE FARMACIA
90275796;ESPECIALIZAÇÃO EM FINANÇAS;74;PROGRAMA DE PÓS-GRADUAÇÃO EM ADMINISTRAÇÃO
123686055;ESPECIALIZAÇÃO EM FINANÇAS CORPORATIVAS;161;DEPARTAMENTO DE CIÊNCIAS ADMINISTRATIVAS - DEPAD
85417248;ESPECIALIZAÇÃO EM FINANÇAS CORPORATIVAS;236;CERES - DEPTO CIÊNCIAS SOCIAIS E HUMANAS
129053738;ESPECIALIZAÇÃO EM FINANÇAS CORPORATIVAS;236;CERES - DEPTO CIÊNCIAS SOCIAIS E HUMANAS
103323466;ESPECIALIZAÇÃO EM FISIOLOGIA CLÍNICA DO EXERCÍCIO;199;DEPARTAMENTO DE EDUCAÇÃO FÍSICA
132254127;ESPECIALIZAÇÃO EM FISIOLOGIA CLÍNICA DO EXERCÍCIO;4890;FACULDADE DE CIÊNCIAS DA SAÚDE DO TRAIRI - FACISA
115839556;ESPECIALIZAÇÃO EM FISIOLOGIA CLÍNICA DO EXERCÍCIO;199;DEPARTAMENTO DE EDUCAÇÃO FÍSICA
130093645;ESPECIALIZAÇÃO EM FISIOLOGIA CLÍNICA DO EXERCÍCIO;199;DEPARTAMENTO DE EDUCAÇÃO FÍSICA
121430691;ESPECIALIZAÇÃO EM FISIOLOGIA DO EXERCÍCIO: BASES TEÓRICAS PRÁTICAS FITNESS E PERSONAL TRAINER;199;DEPARTAMENTO DE EDUCAÇÃO FÍSICA
140530028;ESPECIALIZAÇÃO EM FISIOTERAPIA CARDIORRESPIRATÓRIA;201;DEPARTAMENTO DE FISIOTERAPIA
89971045;ESPECIALIZAÇÃO EM FISIOTERAPIA CARDIORRESPIRATÓRIA;201;DEPARTAMENTO DE FISIOTERAPIA
140517691;ESPECIALIZAÇÃO EM FISIOTERAPIA CARDIORRESPIRATÓRIA;201;DEPARTAMENTO DE FISIOTERAPIA
104177648;ESPECIALIZAÇÃO EM FISIOTERAPIA CARDIORRESPIRATÓRIA;201;DEPARTAMENTO DE FISIOTERAPIA
140497113;ESPECIALIZAÇÃO EM FISIOTERAPIA CARDIORRESPIRATÓRIA;201;DEPARTAMENTO DE FISIOTERAPIA
123701410;ESPECIALIZAÇÃO EM FISIOTERAPIA CARDIORRESPIRATÓRIA;201;DEPARTAMENTO DE FISIOTERAPIA
140505695;ESPECIALIZAÇÃO EM FISIOTERAPIA CARDIORRESPIRATÓRIA;201;DEPARTAMENTO DE FISIOTERAPIA
140504576;ESPECIALIZAÇÃO EM FISIOTERAPIA CARDIORRESPIRATÓRIA;201;DEPARTAMENTO DE FISIOTERAPIA
17975010;ESPECIALIZAÇÃO EM FISIOTERAPIA CARDIORRESPIRATÓRIA;201;DEPARTAMENTO DE FISIOTERAPIA
97605312;ESPECIALIZAÇÃO EM FISIOTERAPIA MATERNO-INFANTIL;201;DEPARTAMENTO DE FISIOTERAPIA
125780737;ESPECIALIZAÇÃO EM FISIOTERAPIA MATERNO-INFANTIL;201;DEPARTAMENTO DE FISIOTERAPIA
175988412;ESPECIALIZAÇÃO EM FISIOTERAPIA NEONATAL;201;DEPARTAMENTO DE FISIOTERAPIA
85245427;ESPECIALIZAÇÃO EM FISIOTERAPIA TRAUMATO-ORTOPÉDICA E DESPORTIVA - TURMA I;201;DEPARTAMENTO DE FISIOTERAPIA
97260682;ESPECIALIZAÇÃO EM FISIOTERAPIA TRAUMATO-ORTOPÉDICA E DESPORTIVA - TURMA II;201;DEPARTAMENTO DE FISIOTERAPIA
106396861;ESPECIALIZAÇÃO EM FISIOTERAPIA TRAUMATO-ORTOPÉDICA E DESPORTIVA - TURMA III;201;DEPARTAMENTO DE FISIOTERAPIA
120250336;ESPECIALIZAÇÃO EM FISIOTERAPIA TRAUMATO-ORTOPÉDICA E DESPORTIVA - TURMA IV;201;DEPARTAMENTO DE FISIOTERAPIA
132295567;ESPECIALIZAÇÃO EM FISIOTERAPIA TRAUMATO-ORTOPÉDICA E ESPORTIVA;201;DEPARTAMENTO DE FISIOTERAPIA
160552386;ESPECIALIZAÇÃO EM FISIOTERAPIA TRAUMATO-ORTOPÉDICA E ESPORTIVA - TURMA 6;201;DEPARTAMENTO DE FISIOTERAPIA
127903565;ESPECIALIZAÇÃO EM FORMAÇÃO DE PROFESSORES DA ÁREA DA SAÚDE;195;DEPARTAMENTO DE ODONTOLOGIA
126152863;ESPECIALIZAÇÃO EM FRUTICULTURA IRRIGADA;351;ESCOLA AGRÍCOLA DE JUNDIAÍ
117829636;ESPECIALIZAÇÃO EM FUNDAMENTOS LINGUÍSTICOS PARA O ENSINO DA LEITURA E DA ESCRITA;138;DEPARTAMENTO DE LETRAS
130946437;ESPECIALIZAÇÃO EM FUNDAMENTOS LINGUÍSTICOS PARA O ENSINO DA LEITURA E DA ESCRITA;138;DEPARTAMENTO DE LETRAS
148595405;ESPECIALIZAÇÃO EM FUNDAMENTOS LINGUÍSTICOS PARA O ENSINO DA LEITURA E DA ESCRITA;138;DEPARTAMENTO DE LETRAS
103733017;ESPECIALIZAÇÃO EM FUNDAMENTOS LINGUÍSTICOS PARA O ENSINO DA LEITURA E DA ESCRITA;138;DEPARTAMENTO DE LETRAS
166665337;ESPECIALIZAÇÃO EM FUNDAMENTOS LINGUÍSTICOS PARA O ENSINO DA LEITURA E DA ESCRITA;138;DEPARTAMENTO DE LETRAS
118948921;ESPECIALIZAÇÃO EM GEOPROCESSAMENTO E ANÁLISE AMBIENTAL;234;CERES - DEPARTAMENTO DE GEOGRAFIA
106806058;ESPECIALIZAÇÃO EM GEOPROCESSAMENTO E CARTOGRAFIA DIGITAL;142;DEPARTAMENTO DE GEOGRAFIA/CCHLA
88414039;ESPECIALIZAÇÃO EM GEOPROCESSAMENTO E CARTOGRAFIA DIGITAL;142;DEPARTAMENTO DE GEOGRAFIA/CCHLA
161913712;ESPECIALIZAÇÃO EM GERONTOLOGIA;201;DEPARTAMENTO DE FISIOTERAPIA
121224303;ESPECIALIZAÇÃO EM GERONTOLOGIA;201;DEPARTAMENTO DE FISIOTERAPIA
133839306;ESPECIALIZAÇÃO EM GESTÃO AMBIENTAL;351;ESCOLA AGRÍCOLA DE JUNDIAÍ
2274700;ESPECIALIZAÇÃO EM GESTÃO AMBIENTAL;52;DEPARTAMENTO DE ENGENHARIA CIVIL E AMBIENTAL
95825620;ESPECIALIZAÇÃO EM GESTÃO AMBIENTAL COSTEIRA;180;DEPARTAMENTO DE OCEANOGRAFIA E LIMNOLOGIA
97911871;ESPECIALIZAÇÃO EM GESTÃO AMBIENTAL E DESENVOLVIMENTO SUSTENTÁVEL;235;CERES - DEPTO CIÊNCIAS EXATAS E APLICADAS
131154970;ESPECIALIZAÇÃO EM GESTÃO AMBIENTAL E INTELIGÊNCIA TERRITORIAL;315;PROGRAMA DE PÓS-GRADUAÇÃO EM GEOGRAFIA
15315771;ESPECIALIZAÇÃO EM GESTÃO AMBIENTAL URBANA - CURSO III;315;PROGRAMA DE PÓS-GRADUAÇÃO EM GEOGRAFIA
169608223;ESPECIALIZAÇÃO EM GESTÃO CULTURAL;284;ESCOLA DE MÚSICA
100665439;ESPECIALIZAÇÃO EM GESTÃO DA ASSISTÊNCIA FARMACÊUTICA;196;DEPARTAMENTO DE FARMACIA
158033736;ESPECIALIZAÇÃO EM GESTÃO DA INOVAÇÃO NA SEGURANÇA PÚBLICA;11612;DEPARTAMENTO DE ADMINISTRAÇÃO PUBLICA E GESTÃO SOCIAL
156500262;ESPECIALIZAÇÃO EM GESTÃO DA JURISDIÇÃO INOVADORA;161;DEPARTAMENTO DE CIÊNCIAS ADMINISTRATIVAS - DEPAD
110721137;ESPECIALIZAÇÃO EM GESTÃO DA TECNOLOGIA DA INFORMAÇÃO;74;PROGRAMA DE PÓS-GRADUAÇÃO EM ADMINISTRAÇÃO
90343896;ESPECIALIZAÇÃO EM GESTÃO DA TECNOLOGIA DA INFORMAÇÃO;74;PROGRAMA DE PÓS-GRADUAÇÃO EM ADMINISTRAÇÃO
168180388;ESPECIALIZAÇÃO EM GESTÃO DE BIBLIOTECAS ESCOLARES;63;DEPARTAMENTO DE CIÊNCIA DA INFORMAÇÃO
88376323;ESPECIALIZAÇÃO EM GESTÃO DE EVENTOS;236;CERES - DEPTO CIÊNCIAS SOCIAIS E HUMANAS
1213760;ESPECIALIZAÇÃO EM GESTÃO DE PESSOAS;74;PROGRAMA DE PÓS-GRADUAÇÃO EM ADMINISTRAÇÃO
115828584;ESPECIALIZAÇÃO EM GESTÃO DE POLÍTICA DE DST, AIDS HEPATITES VIRAIS E TUBERCULOSE;409;NÚCLEO DE ESTUDOS EM SAÚDE COLETIVA
98789276;ESPECIALIZAÇÃO EM GESTÃO DE POLÍTICAS PÚBLICAS;5679;PROGRAMA DE PÓS-GRADUAÇÃO EM GESTÃO PÚBLICA
121642348;ESPECIALIZAÇÃO EM GESTÃO DE PROCESSOS;161;DEPARTAMENTO DE CIÊNCIAS ADMINISTRATIVAS - DEPAD
174795943;ESPECIALIZAÇÃO EM GESTÃO DE PROCESSOS;11612;DEPARTAMENTO DE ADMINISTRAÇÃO PUBLICA E GESTÃO SOCIAL
136580718;ESPECIALIZAÇÃO EM GESTÃO DE PROCESSOS;11612;DEPARTAMENTO DE ADMINISTRAÇÃO PUBLICA E GESTÃO SOCIAL
117160376;ESPECIALIZAÇÃO EM GESTÃO DE PROJETOS;161;DEPARTAMENTO DE CIÊNCIAS ADMINISTRATIVAS - DEPAD
104720950;ESPECIALIZAÇÃO EM GESTÃO DE PROJETOS;74;PROGRAMA DE PÓS-GRADUAÇÃO EM ADMINISTRAÇÃO
100350606;ESPECIALIZAÇÃO EM GESTÃO DE TI;2;SUPERINTENDÊNCIA DE TECNOLOGIA DA INFORMAÇÃO
130729753;ESPECIALIZAÇÃO EM GESTÃO DINÂMICA DE PROJETOS;74;PROGRAMA DE PÓS-GRADUAÇÃO EM ADMINISTRAÇÃO
150765953;ESPECIALIZAÇÃO EM GESTÃO DINÂMICA DE PROJETOS 2023;161;DEPARTAMENTO DE CIÊNCIAS ADMINISTRATIVAS - DEPAD
169909955;ESPECIALIZAÇÃO EM GESTÃO DINÂMICA DE PROJETOS 2023.2;161;DEPARTAMENTO DE CIÊNCIAS ADMINISTRATIVAS - DEPAD
113505772;ESPECIALIZAÇÃO EM GESTÃO DOCUMENTAL;63;DEPARTAMENTO DE CIÊNCIA DA INFORMAÇÃO
166994580;ESPECIALIZAÇÃO EM GESTÃO DOCUMENTAL;63;DEPARTAMENTO DE CIÊNCIA DA INFORMAÇÃO
127034870;ESPECIALIZAÇÃO EM GESTÃO DOCUMENTAL;63;DEPARTAMENTO DE CIÊNCIA DA INFORMAÇÃO
104767988;ESPECIALIZAÇÃO EM GESTÃO DO TRABALHO E DA EDUCAÇÃO NA SAÚDE;202;DEPARTAMENTO DE SAÚDE COLETIVA
91779180;ESPECIALIZAÇÃO EM GESTÃO DO TRABALHO E DA EDUCAÇÃO NA SAÚDE;202;DEPARTAMENTO DE SAÚDE COLETIVA
126778707;ESPECIALIZAÇÃO EM GESTÃO DO TRABALHO E DA EDUCAÇÃO NA SAÚDE;202;DEPARTAMENTO DE SAÚDE COLETIVA
168784621;ESPECIALIZAÇÃO EM GESTÃO E INOVAÇÃO;31011;FACULDADE DE ENGENHARIA, LETRAS E CIÊNCIAS SOCIAIS DO SERIDÓ - FELCS
134583967;ESPECIALIZAÇÃO EM GESTÃO EM MICRO E PEQUENAS EMPRESAS COM FOCO NAS NORMAS INTERNACIONAIS;235;CERES - DEPTO CIÊNCIAS EXATAS E APLICADAS
91501784;ESPECIALIZAÇÃO EM GESTÃO EM SAÚDE;205;ESCOLA DE SAÚDE
129869375;ESPECIALIZAÇÃO EM GESTÃO EM SAÚDE;205;ESCOLA DE SAÚDE
178577556;ESPECIALIZAÇÃO EM GESTÃO EM SAÚDE;205;ESCOLA DE SAÚDE
175835924;ESPECIALIZAÇÃO EM GESTÃO EM SAÚDE MODALIDADE A DISTÂNCIA;205;ESCOLA DE SAÚDE
106519681;ESPECIALIZAÇÃO EM GESTÃO ESCOLAR;363;PROGRAMA DE PÓS-GRADUAÇÃO EM EDUCAÇÃO
975160;ESPECIALIZAÇÃO EM GESTÃO ESCOLAR;3592;UNIDADE CURRICULAR INTEGRADA
11642560;ESPECIALIZAÇÃO EM GESTÃO ESCOLAR;363;PROGRAMA DE PÓS-GRADUAÇÃO EM EDUCAÇÃO
175603400;ESPECIALIZAÇÃO EM GESTÃO ESCOLAR;5967;DEPARTAMENTO DE FUNDAMENTOS E POLÍTICAS DA EDUCAÇÃO
177007084;ESPECIALIZAÇÃO EM GESTÃO ESCOLAR MODALIDADE A DISTÂNCIA;5967;DEPARTAMENTO DE FUNDAMENTOS E POLÍTICAS DA EDUCAÇÃO
175333761;ESPECIALIZAÇÃO EM GESTÃO ESCOLAR MODALIDADE A DISTÂNCIA;363;PROGRAMA DE PÓS-GRADUAÇÃO EM EDUCAÇÃO
175414933;ESPECIALIZAÇÃO EM GESTÃO ESCOLAR MODALIDADE A DISTÂNCIA;5967;DEPARTAMENTO DE FUNDAMENTOS E POLÍTICAS DA EDUCAÇÃO
175248616;ESPECIALIZAÇÃO EM GESTÃO ESCOLAR MODALIDADE A DISTÂNCIA;363;PROGRAMA DE PÓS-GRADUAÇÃO EM EDUCAÇÃO
2236617;ESPECIALIZAÇÃO EM GESTÃO ESTRATÉGICA;74;PROGRAMA DE PÓS-GRADUAÇÃO EM ADMINISTRAÇÃO
98732812;ESPECIALIZAÇÃO EM GESTÃO ESTRATÉGICA;74;PROGRAMA DE PÓS-GRADUAÇÃO EM ADMINISTRAÇÃO
115749236;ESPECIALIZAÇÃO EM GESTÃO ESTRATÉGICA DE CUSTOS;163;DEPARTAMENTO DE CIÊNCIAS CONTÁBEIS - DCC
120660077;ESPECIALIZAÇÃO EM GESTÃO ESTRATÉGICA DE NEGÓCIOS;236;CERES - DEPTO CIÊNCIAS SOCIAIS E HUMANAS
120896111;ESPECIALIZAÇÃO EM GESTÃO ESTRATÉGICA DE NEGÓCIOS;236;CERES - DEPTO CIÊNCIAS SOCIAIS E HUMANAS
104367740;ESPECIALIZAÇÃO EM GESTÃO ESTRATÉGICA DE NEGÓCIOS;236;CERES - DEPTO CIÊNCIAS SOCIAIS E HUMANAS
96980770;ESPECIALIZAÇÃO EM GESTÃO ESTRATÉGICA DE NEGÓCIOS;161;DEPARTAMENTO DE CIÊNCIAS ADMINISTRATIVAS - DEPAD
94643896;ESPECIALIZAÇÃO EM GESTÃO ESTRATÉGICA DE PESSOAS;161;DEPARTAMENTO DE CIÊNCIAS ADMINISTRATIVAS - DEPAD
126991428;ESPECIALIZAÇÃO EM GESTÃO ESTRATÉGICA DE PESSOAS;161;DEPARTAMENTO DE CIÊNCIAS ADMINISTRATIVAS - DEPAD
150824032;ESPECIALIZAÇÃO EM GESTÃO ESTRATÉGICA DE PESSOAS;161;DEPARTAMENTO DE CIÊNCIAS ADMINISTRATIVAS - DEPAD
95236906;ESPECIALIZAÇÃO EM GESTÃO ESTRATÉGICA DE SISTEMAS DE INFORMAÇÃO;63;DEPARTAMENTO DE CIÊNCIA DA INFORMAÇÃO
109866665;ESPECIALIZAÇÃO EM GESTÃO ESTRATÉGICA DE SISTEMAS DE INFORMAÇÃO;63;DEPARTAMENTO DE CIÊNCIA DA INFORMAÇÃO
93657119;ESPECIALIZAÇÃO EM GESTÃO INDUSTRIAL;115;DEPARTAMENTO DE ENGENHARIA PRODUÇÃO
107074853;ESPECIALIZAÇÃO EM GESTÃO INTEGRADA DE CIDADES E DESENV DE PROJETOS SÓCIO-URBANOS;5254;PROGRAMA DE PÓS-GRADUAÇÃO EM ESTUDOS URBANOS E REGIONAIS
139037478;ESPECIALIZAÇÃO EM GESTÃO INTERNACIONAL EM TECNOLOGIA E INOVAÇÃO;6069;INSTITUTO METROPOLE DIGITAL
178732917;ESPECIALIZAÇÃO EM GESTÃO NA EDUCAÇÃO PROFISSIONAL E TECNOLÓGICA;205;ESCOLA DE SAÚDE
129304523;ESPECIALIZAÇÃO EM GESTÃO PÚBLICA;5679;PROGRAMA DE PÓS-GRADUAÇÃO EM GESTÃO PÚBLICA
175759534;ESPECIALIZAÇÃO EM GESTÃO PÚBLICA;161;DEPARTAMENTO DE CIÊNCIAS ADMINISTRATIVAS - DEPAD
16431542;ESPECIALIZAÇÃO EM GESTÃO PÚBLICA;161;DEPARTAMENTO DE CIÊNCIAS ADMINISTRATIVAS - DEPAD
133472833;ESPECIALIZAÇÃO EM GESTÃO PUBLICA, AUDITORIA E CONTROLADORIA;235;CERES - DEPTO CIÊNCIAS EXATAS E APLICADAS
172597625;ESPECIALIZAÇÃO EM GESTÃO PÚBLICA, AUDITORIA E CONTROLADORIA.;235;CERES - DEPTO CIÊNCIAS EXATAS E APLICADAS
149096769;ESPECIALIZAÇÃO EM GESTÃO PÚBLICA, AUDITORIA E CONTROLADORIA COM FOCO NAS NORMAS INTERNACIONAIS;235;CERES - DEPTO CIÊNCIAS EXATAS E APLICADAS
169001336;ESPECIALIZAÇÃO EM GESTÃO PÚBLICA E ESG;31011;FACULDADE DE ENGENHARIA, LETRAS E CIÊNCIAS SOCIAIS DO SERIDÓ - FELCS
129763788;ESPECIALIZAÇÃO EM GESTÃO PÚBLICA MUNICIPAL;5679;PROGRAMA DE PÓS-GRADUAÇÃO EM GESTÃO PÚBLICA
95590562;ESPECIALIZAÇÃO EM GESTÃO PÚBLICA MUNICIPAL;74;PROGRAMA DE PÓS-GRADUAÇÃO EM ADMINISTRAÇÃO
16431540;ESPECIALIZAÇÃO EM GESTÃO PÚBLICA MUNICIPAL;74;PROGRAMA DE PÓS-GRADUAÇÃO EM ADMINISTRAÇÃO
90409884;ESPECIALIZAÇÃO EM GESTÃO PÚBLICA PARA MINISTÉRIO PÚBLICO DO RIO GRANDE DO NORTE;74;PROGRAMA DE PÓS-GRADUAÇÃO EM ADMINISTRAÇÃO
171365982;ESPECIALIZAÇÃO EM GESTÃO QUANTITATIVA DE CARTEIRAS;161;DEPARTAMENTO DE CIÊNCIAS ADMINISTRATIVAS - DEPAD
11381370;ESPECIALIZAÇÃO EM GESTÃO UNIVERSITÁRIA;74;PROGRAMA DE PÓS-GRADUAÇÃO EM ADMINISTRAÇÃO
4847468;ESPECIALIZAÇÃO EM GESTÃO UNIVERSITÁRIA - CURSO II;74;PROGRAMA DE PÓS-GRADUAÇÃO EM ADMINISTRAÇÃO
156639466;ESPECIALIZAÇÃO EM GOVERNANÇA E GESTÃO ÁGIL DA JUSTIÇA FEDERAL (JF);161;DEPARTAMENTO DE CIÊNCIAS ADMINISTRATIVAS - DEPAD
156991213;ESPECIALIZAÇÃO EM GOVERNANÇA E GESTÃO ÁGIL NA JUSTIÇA FEDERAL;161;DEPARTAMENTO DE CIÊNCIAS ADMINISTRATIVAS - DEPAD
157002431;ESPECIALIZAÇÃO EM GOVERNANÇA E GESTÃO DE PESSOAS NA JUSTIÇA FEDERAL;161;DEPARTAMENTO DE CIÊNCIAS ADMINISTRATIVAS - DEPAD
99266675;ESPECIALIZAÇÃO EM GP;115;DEPARTAMENTO DE ENGENHARIA PRODUÇÃO
163813277;ESPECIALIZAÇÃO EM HEMATOLOGIA CLÍNICO-LABORATORIAL;117;DEPARTAMENTO DE ANÁLISES CLÍNICAS E TOXICOLÓGICAS
87357281;ESPECIALIZAÇÃO EM HISTÓRIA DO BRASIL;5486;CERES - DEPARTAMENTO DE HISTÓRIA
123983886;ESPECIALIZAÇÃO EM HISTÓRIA DOS SERTÕES;5486;CERES - DEPARTAMENTO DE HISTÓRIA
103333394;ESPECIALIZAÇÃO EM HISTÓRIA E CULTURA AFRICANA E AFRO-BRASILEIRA;5486;CERES - DEPARTAMENTO DE HISTÓRIA
100640964;ESPECIALIZAÇÃO EM HISTÓRIA E CULTURA AFRO-BRASILEIRA E AFRICANA;1488;NÚCLEO CÂMARA CASCUDO DE ESTUDOS
124986610;ESPECIALIZAÇÃO EM IMPLANTODONTIA;195;DEPARTAMENTO DE ODONTOLOGIA
130522731;ESPECIALIZAÇÃO EM IMPLANTODONTIA;195;DEPARTAMENTO DE ODONTOLOGIA
110468980;ESPECIALIZAÇÃO EM IMPLANTODONTIA;195;DEPARTAMENTO DE ODONTOLOGIA
103611582;ESPECIALIZAÇÃO EM INFORMÁTICA EM SAÚDE;5205;DEPARTAMENTO DE ENGENHARIA BIOMEDICA
139007453;ESPECIALIZAÇÃO EM INFORMÁTICA NA SAÚDE;9726;DEPARTAMENTO DE COMPUTAÇÃO E TECNOLOGIA
132256339;ESPECIALIZAÇÃO EM INFORMÁTICA NA SAÚDE;5205;DEPARTAMENTO DE ENGENHARIA BIOMEDICA
99065732;ESPECIALIZAÇÃO EM INTEGRAÇÃO DA EDUCAÇÃO PROFISSIONAL E DA EJA: PROEJA;5968;DEPARTAMENTO DE PRÁTICAS EDUCACIONAIS E CURRÍCULO
97936584;ESPECIALIZAÇÃO EM INTELIGÊNCIA E ANÁLISE ESTRATÉGICA DE NEGÓCIOS;74;PROGRAMA DE PÓS-GRADUAÇÃO EM ADMINISTRAÇÃO
91609267;ESPECIALIZAÇÃO EM INTELIGÊNCIA E ANÁLISE ESTRATÉGICA DE NEGÓCIOS;74;PROGRAMA DE PÓS-GRADUAÇÃO EM ADMINISTRAÇÃO
115841925;ESPECIALIZAÇÃO EM LEITURA E PRODUÇÃO DE TEXTOS;138;DEPARTAMENTO DE LETRAS
91709533;ESPECIALIZAÇÃO EM LEITURA E PRODUÇÃO DE TEXTOS;138;DEPARTAMENTO DE LETRAS
2682408;ESPECIALIZAÇÃO EM LEITURA E PRODUÇÃO DE TEXTOS;138;DEPARTAMENTO DE LETRAS
124691014;ESPECIALIZAÇÃO EM LIBRAS;7847;DEPARTAMENTO DE LETRAS - CERES
118952993;ESPECIALIZAÇÃO EM LÍNGUA ESPANHOLA, LITERATURA E TRADUÇÃO;5206;DEPARTAMENTO DE LINGUAS E LITERATURAS ESTRANGEIRAS MODERNAS
160511529;ESPECIALIZAÇÃO EM LINGUAGEM;5610;DEPARTAMENTO DE FONOAUDIOLOGIA
1228840;ESPECIALIZAÇÃO EM LÍNGUA INGLESA;236;CERES - DEPTO CIÊNCIAS SOCIAIS E HUMANAS
133274041;ESPECIALIZAÇÃO EM LÍNGUA LATINA;138;DEPARTAMENTO DE LETRAS
9240410;ESPECIALIZAÇÃO EM LÍNGUA PORGUESA: GRAMÁTICA, TEXTO E DISCURSO;138;DEPARTAMENTO DE LETRAS
106300063;ESPECIALIZAÇÃO EM LÍNGUA PORTUGUESA, GRAMÁTICA, TEXTO E DISCURSO;138;DEPARTAMENTO DE LETRAS
90314721;ESPECIALIZAÇÃO EM LÍNGUA PORTUGUESA: GRAMÁTICA, TEXTO E DISCURSO;65;PROGRAMA DE PÓS-GRADUAÇÃO EM ESTUDOS DA LINGUAGEM
152153755;ESPECIALIZAÇÃO EM LINGUAS ESTRANGEIRAS;5206;DEPARTAMENTO DE LINGUAS E LITERATURAS ESTRANGEIRAS MODERNAS
150841326;ESPECIALIZAÇÃO EM LÍNGUAS ESTRANGEIRAS PARA INTERNACIONALIZAÇÃO;11;DDP/PROGESP - DIRETORIA DE DESENVOLVIMENTO DE PESSOAS
20380590;ESPECIALIZAÇÃO EM LINGUÍSTICA E ENSINO DA LÍNGUA MATERNA (ELINGEM);236;CERES - DEPTO CIÊNCIAS SOCIAIS E HUMANAS
98466314;ESPECIALIZAÇÃO EM LINGUÍSTICA E ENSINO DE LÍNGUA MATERNA - ELINGEM;7847;DEPARTAMENTO DE LETRAS - CERES
2177613;ESPECIALIZAÇÃO EM LINGUÍSTICA E ENSINO DE LÍNGUA PORTUGUESA;138;DEPARTAMENTO DE LETRAS
89255875;ESPECIALIZAÇÃO EM LINGUÍSTICA E ENSINO DE LÍNGUA PORTUGUESA;138;DEPARTAMENTO DE LETRAS
108183561;ESPECIALIZAÇÃO EM LINGUÍSTICA E ENSINO DE TEXTO;7847;DEPARTAMENTO DE LETRAS - CERES
130370088;ESPECIALIZAÇÃO EM LINGUÍSTICA E ENSINO DE TEXTO;7847;DEPARTAMENTO DE LETRAS - CERES
174378596;ESPECIALIZAÇÃO EM LINGUISTICA FORENSE;31011;FACULDADE DE ENGENHARIA, LETRAS E CIÊNCIAS SOCIAIS DO SERIDÓ - FELCS
153066241;ESPECIALIZAÇÃO EM LINGUÍSTICA FORENSE;31011;FACULDADE DE ENGENHARIA, LETRAS E CIÊNCIAS SOCIAIS DO SERIDÓ - FELCS
163623053;ESPECIALIZAÇÃO EM LINGUÍSTICA TEXTUAL E ENSINO;31011;FACULDADE DE ENGENHARIA, LETRAS E CIÊNCIAS SOCIAIS DO SERIDÓ - FELCS
142173884;ESPECIALIZAÇÃO EM LINGUÍSTICA TEXTUAL E ENSINO;7847;DEPARTAMENTO DE LETRAS - CERES
162075968;ESPECIALIZAÇÃO EM LINGUÍSTICA TEXTUAL E ENSINO;31011;FACULDADE DE ENGENHARIA, LETRAS E CIÊNCIAS SOCIAIS DO SERIDÓ - FELCS
164903531;ESPECIALIZAÇÃO EM LINGUÍSTICA TEXTUAL E ENSINO;31011;FACULDADE DE ENGENHARIA, LETRAS E CIÊNCIAS SOCIAIS DO SERIDÓ - FELCS
163576989;ESPECIALIZAÇÃO EM LINGUÍSTICA TEXTUAL E ENSINO;31011;FACULDADE DE ENGENHARIA, LETRAS E CIÊNCIAS SOCIAIS DO SERIDÓ - FELCS
98807653;ESPECIALIZAÇÃO EM LITERATURA AFRO-BRASILEIRA;138;DEPARTAMENTO DE LETRAS
84750896;ESPECIALIZAÇÃO EM LITERATURA BRASILEIRA - CELB;138;DEPARTAMENTO DE LETRAS
159681651;ESPECIALIZAÇÃO EM LITERATURA CLÁSSICA;138;DEPARTAMENTO DE LETRAS
123848930;ESPECIALIZAÇÃO EM LITERATURA E CULTURA DO RIO GRANDE DO NORTE;1488;NÚCLEO CÂMARA CASCUDO DE ESTUDOS
86837680;ESPECIALIZAÇÃO EM LITERATURA E CULTURA DO RIO GRANDE DO NORTE;1488;NÚCLEO CÂMARA CASCUDO DE ESTUDOS
127378593;ESPECIALIZAÇÃO EM LITERATURA E ENSINO;7847;DEPARTAMENTO DE LETRAS - CERES
147797021;ESPECIALIZAÇÃO EM LITERATURA E ENSINO;31011;FACULDADE DE ENGENHARIA, LETRAS E CIÊNCIAS SOCIAIS DO SERIDÓ - FELCS
169069256;ESPECIALIZAÇÃO EM LITERATURA E ENSINO;31011;FACULDADE DE ENGENHARIA, LETRAS E CIÊNCIAS SOCIAIS DO SERIDÓ - FELCS
109150298;ESPECIALIZAÇÃO EM LITERATURA NA ESCOLA;363;PROGRAMA DE PÓS-GRADUAÇÃO EM EDUCAÇÃO
95817352;ESPECIALIZAÇÃO EM LOGÍSTICA;161;DEPARTAMENTO DE CIÊNCIAS ADMINISTRATIVAS - DEPAD
151397123;ESPECIALIZAÇÃO EM LOGÍSTICA;161;DEPARTAMENTO DE CIÊNCIAS ADMINISTRATIVAS - DEPAD
87338446;ESPECIALIZAÇÃO EM MANEJO SUSTENTÁVEL DO SEMIÁRIDO;351;ESCOLA AGRÍCOLA DE JUNDIAÍ
109093416;ESPECIALIZAÇÃO EM MANEJO SUSTENTÁVEL DO SEMIÁRIDO;351;ESCOLA AGRÍCOLA DE JUNDIAÍ
106102854;ESPECIALIZAÇÃO EM MANEJO SUSTENTÁVEL DO SEMIÁRIDO;351;ESCOLA AGRÍCOLA DE JUNDIAÍ
124439078;ESPECIALIZAÇÃO EM MARKETING;161;DEPARTAMENTO DE CIÊNCIAS ADMINISTRATIVAS - DEPAD
91612391;ESPECIALIZAÇÃO EM MARKETING;161;DEPARTAMENTO DE CIÊNCIAS ADMINISTRATIVAS - DEPAD
176414250;ESPECIALIZAÇÃO EM MARKETING II;161;DEPARTAMENTO DE CIÊNCIAS ADMINISTRATIVAS - DEPAD
155131556;ESPECIALIZAÇÃO EM MARKETING II;161;DEPARTAMENTO DE CIÊNCIAS ADMINISTRATIVAS - DEPAD
175054673;ESPECIALIZAÇÃO EM MARKETING II;161;DEPARTAMENTO DE CIÊNCIAS ADMINISTRATIVAS - DEPAD
170263394;ESPECIALIZAÇÃO EM MBA EM INTELIGÊNCIA DE DADOS;6069;INSTITUTO METROPOLE DIGITAL
172621810;ESPECIALIZAÇÃO EM MEDICINA PSICODÉLICA: ABORDAGENS AVANÇADAS NO TRATAMENTO DA SAÚDE MENTAL;6026;INSTITUTO DO CÉREBRO
131056481;ESPECIALIZAÇÃO EM MEIO AMBIENTE, SAÚDE E DESENVOLVIMENTO;181;DEPARTAMENTO DE MICROBIOLOGIA E PARASITOLOGIA
98662431;ESPECIALIZAÇÃO EM MERCADO DE CAPITAIS;74;PROGRAMA DE PÓS-GRADUAÇÃO EM ADMINISTRAÇÃO
4875449;ESPECIALIZAÇÃO EM MERCADO DE CAPITAIS;161;DEPARTAMENTO DE CIÊNCIAS ADMINISTRATIVAS - DEPAD
91908159;ESPECIALIZAÇÃO EM METALURGIA DA FUNDIÇÃO;1589;DEPARTAMENTO DE ENGENHARIA DE MATERIAIS
171594951;ESPECIALIZAÇÃO EM METODOLOGIA CIENTÍFICA PARA FORMAÇÃO DE PROFESSORES;9726;DEPARTAMENTO DE COMPUTAÇÃO E TECNOLOGIA
90531398;ESPECIALIZAÇÃO EM METODOLOGIA PARA AÇÕES TRANSFORMADORAS;54;DEPARTAMENTO DE ARQUITETURA
154269994;ESPECIALIZAÇÃO EM METODOLOGIAS ATIVAS DE APRENDIZAGEM;6069;INSTITUTO METROPOLE DIGITAL
96204672;ESPECIALIZAÇÃO EM MÉTODOS E TÉCNICAS DE ENSINO;4880;DEPARTAMENTO DE EDUCAÇÃO - CERES
96151812;ESPECIALIZAÇÃO EM MÉTODOS E TÉCNICAS DE ENSINO;4880;DEPARTAMENTO DE EDUCAÇÃO - CERES
118365771;ESPECIALIZAÇÃO EM MÉTODOS QUANTITATIVOS APLICADOS AO CONTROLE EXTERNO;161;DEPARTAMENTO DE CIÊNCIAS ADMINISTRATIVAS - DEPAD
134262252;ESPECIALIZAÇÃO EM MICROBIOLOGIA CLÍNICA;181;DEPARTAMENTO DE MICROBIOLOGIA E PARASITOLOGIA
50623435;ESPECIALIZAÇÃO EM MÍDIAS NA EDUCAÇÃO;1480;SECRETARIA DE EDUCAÇÃO A DISTÂNCIA
128400568;ESPECIALIZAÇÃO EM MÚSICA POPULAR;284;ESCOLA DE MÚSICA
2561057;ESPECIALIZAÇÃO EM MÚSICA - PRÁTICAS INTERPRETATIVAS;284;ESCOLA DE MÚSICA
90661871;ESPECIALIZAÇÃO EM MÚSICA - PRÁTICAS INTERPRETATIVAS DO SÉC. XX E XXI - CURSO II;284;ESCOLA DE MÚSICA
2561053;ESPECIALIZAÇÃO EM MÚSICA - PRÁTICAS INTERPRETATIVAS DOS SÉCULOS XX E XXI;284;ESCOLA DE MÚSICA
129222849;ESPECIALIZAÇÃO EM NEGOCIAÇÃO, CONCILIAÇÃO, MEDIAÇÃO E ARBITRAGEM;79;DEPARTAMENTO DE DIREITO PRIVADO - DIPRI
165508257;ESPECIALIZAÇÃO EM NEUROCIÊNCIAS APLICADA AOS NEGÓCIOS;31011;FACULDADE DE ENGENHARIA, LETRAS E CIÊNCIAS SOCIAIS DO SERIDÓ - FELCS
178785132;ESPECIALIZAÇÃO EM NEUROCIÊNCIAS APLICADAS AOS NEGÓCIOS;31011;FACULDADE DE ENGENHARIA, LETRAS E CIÊNCIAS SOCIAIS DO SERIDÓ - FELCS
151588349;ESPECIALIZAÇÃO EM NEUROPSICOLOGIA CLÍNICA;143;DEPARTAMENTO DE PSICOLOGIA
100318441;ESPECIALIZAÇÃO EM NEUROPSICOLOGIA CLÍNICA;143;DEPARTAMENTO DE PSICOLOGIA
124710767;ESPECIALIZAÇÃO EM NEUROPSICOLOGIA CLÍNICA;143;DEPARTAMENTO DE PSICOLOGIA
178585325;ESPECIALIZAÇÃO EM NEUROPSICOLOGIA CLÍNICA;143;DEPARTAMENTO DE PSICOLOGIA
137985568;ESPECIALIZAÇÃO EM NEUROPSICOPEDAGOGIA INSTIT E EDUC ESPEC NA PERSPEC DA INCLUSÃO;4880;DEPARTAMENTO DE EDUCAÇÃO - CERES
141022112;ESPECIALIZAÇÃO EM NEURORREABILITAÇÃO;201;DEPARTAMENTO DE FISIOTERAPIA
100386226;ESPECIALIZAÇÃO EM NEURORREABILITAÇÃO;201;DEPARTAMENTO DE FISIOTERAPIA
125943880;ESPECIALIZAÇÃO EM NEURORREABILITAÇÃO;201;DEPARTAMENTO DE FISIOTERAPIA
111254589;ESPECIALIZAÇÃO EM NEURORREABILITAÇÃO;201;DEPARTAMENTO DE FISIOTERAPIA
51331647;ESPECIALIZAÇÃO EM NEURORREABILITAÇÃO;201;DEPARTAMENTO DE FISIOTERAPIA
95554398;ESPECIALIZAÇÃO EM ORTODONTIA;195;DEPARTAMENTO DE ODONTOLOGIA
171384792;ESPECIALIZAÇÃO EM PERIODONTIA;195;DEPARTAMENTO DE ODONTOLOGIA
128032227;ESPECIALIZAÇÃO EM PERIODONTIA;195;DEPARTAMENTO DE ODONTOLOGIA
94648773;ESPECIALIZAÇÃO EM PERIODONTIA;195;DEPARTAMENTO DE ODONTOLOGIA
109704237;ESPECIALIZAÇÃO EM PERIODONTIA;195;DEPARTAMENTO DE ODONTOLOGIA
2205363;ESPECIALIZAÇÃO EM PLANEJAMENTO TRIBUTÁRIO;163;DEPARTAMENTO DE CIÊNCIAS CONTÁBEIS - DCC
114555079;ESPECIALIZAÇÃO EM PLANEJAMENTO TRIBUTÁRIO;9066;PROGRAMA DE PÓS-GRADUAÇÃO EM CIÊNCIAS CONTÁBEIS
96684274;ESPECIALIZAÇÃO EM PLANEJAMENTO TRIBUTÁRIO - CURSO II;163;DEPARTAMENTO DE CIÊNCIAS CONTÁBEIS - DCC
906780;ESPECIALIZAÇÃO EM POLÍTICAS PÚBLICAS;2773;NÚCLEO AVANÇADO DE POLÍTICAS PÚBLICAS
128492008;ESPECIALIZAÇÃO EM PRECEPTORIA EM SAÚDE;205;ESCOLA DE SAÚDE
16513390;ESPECIALIZAÇÃO EM PREVENÇÃO AO USO DO ÁLCOOL E OUTRAS DROGAS;162;DEPARTAMENTO DE SERVIÇO SOCIAL - DESSO
9209950;ESPECIALIZAÇÃO EM PROCESSO DE CUIDAR EM SAÚDE;412;PROGRAMA DE PÓS-GRADUAÇÃO EM ENFERMAGEM
105684527;ESPECIALIZAÇÃO EM PROCESSOS E PRODUTOS TÊXTEIS;424;DEPARTAMENTO DE ENGENHARIA TÊXTIL
105685071;ESPECIALIZAÇÃO EM PROCESSOS E PRODUTOS TÊXTEIS;424;DEPARTAMENTO DE ENGENHARIA TÊXTIL
124724483;ESPECIALIZAÇÃO EM PRODUÇÃO DE DOCUMENTÁRIOS;140;DEPARTAMENTO DE COMUNICAÇÃO SOCIAL
106564940;ESPECIALIZAÇÃO EM PROGRAMA NACIONAL DE EDUCAÇÃO, POBREZA E DESIGUALDADE SOCIAL;5967;DEPARTAMENTO DE FUNDAMENTOS E POLÍTICAS DA EDUCAÇÃO
93825928;ESPECIALIZAÇÃO EM PROPAGANDA E MARKETING NA GESTÃO DE MARCAS;140;DEPARTAMENTO DE COMUNICAÇÃO SOCIAL
105623475;ESPECIALIZAÇÃO EM PROPAGANDA E MARKETING NA GESTÃO DE MARCAS;140;DEPARTAMENTO DE COMUNICAÇÃO SOCIAL
116663609;ESPECIALIZAÇÃO EM PRÓTESE DENTÁRIA;195;DEPARTAMENTO DE ODONTOLOGIA
128410588;ESPECIALIZAÇÃO EM PRÓTESE DENTÁRIA;195;DEPARTAMENTO DE ODONTOLOGIA
128027353;ESPECIALIZAÇÃO EM PRÓTESE DENTÁRIA;195;DEPARTAMENTO DE ODONTOLOGIA
89523094;ESPECIALIZAÇÃO EM PRÓTESE DENTÁRIA;195;DEPARTAMENTO DE ODONTOLOGIA
98547467;ESPECIALIZAÇÃO EM PRÓTESE DENTÁRIA;195;DEPARTAMENTO DE ODONTOLOGIA
13085350;ESPECIALIZAÇÃO EM PRÓTESE DENTÁRIA;195;DEPARTAMENTO DE ODONTOLOGIA
113807871;ESPECIALIZAÇÃO EM PSICOLOGIA CLÍNICA FENOMENOLÓGICA;143;DEPARTAMENTO DE PSICOLOGIA
2642948;ESPECIALIZAÇÃO EM PSICOLOGIA CLÍNICA HUMANISTA-EXISTENCIAL - CURSO IV;143;DEPARTAMENTO DE PSICOLOGIA
6992520;ESPECIALIZAÇÃO EM PSICOLOGIA CLÍNICA NA ABORDAGEM HUMANISTA-EXISTENCIAL-CURSO 3;143;DEPARTAMENTO DE PSICOLOGIA
89384131;ESPECIALIZAÇÃO EM PSICOLOGIA DA SAÚDE: DESENVOLVIMENTO E HOSPITALIZAÇÃO;143;DEPARTAMENTO DE PSICOLOGIA
107445010;ESPECIALIZAÇÃO EM PSICOLOGIA DA SAÚDE: DESENVOLVIMENTO E HOSPITALIZAÇÃO;143;DEPARTAMENTO DE PSICOLOGIA
124403674;ESPECIALIZAÇÃO EM PSICOLOGIA DA SAÚDE: DESENVOLVIMENTO E HOSPITALIZAÇÃO;143;DEPARTAMENTO DE PSICOLOGIA
96006290;ESPECIALIZAÇÃO EM PSICOLOGIA DO TRABALHO E DAS ORGANIZAÇÕES;143;DEPARTAMENTO DE PSICOLOGIA
174898777;ESPECIALIZAÇÃO EM PSICOMOTRICIDADE;199;DEPARTAMENTO DE EDUCAÇÃO FÍSICA
150553641;ESPECIALIZAÇÃO EM PSICOMOTRICIDADE;199;DEPARTAMENTO DE EDUCAÇÃO FÍSICA
119899375;ESPECIALIZAÇÃO EM PSICOMOTRICIDADE CLÍNICA E ESCOLAR;199;DEPARTAMENTO DE EDUCAÇÃO FÍSICA
18284011;ESPECIALIZAÇÃO EM PSICOPEDAGOGIA;143;DEPARTAMENTO DE PSICOLOGIA
94649779;ESPECIALIZAÇÃO EM RECUPERAÇÃO DE ÁREAS DEGRADADAS;6381;PROGRAMA DE PÓS-GRADUAÇÃO EM CIÊNCIAS FLORESTAIS
159721419;ESPECIALIZAÇÃO EM REUMATOLOGIA PARA FISIOTERAPEUTAS;201;DEPARTAMENTO DE FISIOTERAPIA
115236835;ESPECIALIZAÇÃO EM SAÚDE COLETIVA COM ÊNFASE EM SAÚDE DA FAMÍLIA;4890;FACULDADE DE CIÊNCIAS DA SAÚDE DO TRAIRI - FACISA
172402417;ESPECIALIZAÇÃO EM SAÚDE DA FAMÍLIA;202;DEPARTAMENTO DE SAÚDE COLETIVA
157291286;ESPECIALIZAÇÃO EM SAÚDE DA FAMÍLIA;1480;SECRETARIA DE EDUCAÇÃO A DISTÂNCIA
116293682;ESPECIALIZAÇÃO EM SAÚDE DA FAMÍLIA;4890;FACULDADE DE CIÊNCIAS DA SAÚDE DO TRAIRI - FACISA
125011124;ESPECIALIZAÇÃO EM SAÚDE DA MULHER COM ÊNFASE NA ATENÇÃO BÁSICA;205;ESCOLA DE SAÚDE
115483198;ESPECIALIZAÇÃO EM SAÚDE DA MULHER COM ÊNFASE NA ATENÇÃO BÁSICA;205;ESCOLA DE SAÚDE
135632698;ESPECIALIZAÇÃO EM SAÚDE PÚBLICA;205;ESCOLA DE SAÚDE
160303174;ESPECIALIZAÇÃO EM SISTEMAS ALIMENTARES, SUSTENTABILIDADE E BIODIVERSIDADE;203;DEPARTAMENTO DE NUTRIÇÃO
125048719;ESPECIALIZAÇÃO EM SISTEMAS EMBARCADOS PARA INTERNET DAS COISAS;6069;INSTITUTO METROPOLE DIGITAL
50634872;ESPECIALIZAÇÃO EM SOCIOLOGIA NO ENSINO MÉDIO;1480;SECRETARIA DE EDUCAÇÃO A DISTÂNCIA
167319350;ESPECIALIZAÇÃO EM SONO;367;PROGRAMA DE PÓS-GRADUAÇÃO EM PSICOBIOLOGIA
137506645;ESPECIALIZAÇÃO EM SONO;367;PROGRAMA DE PÓS-GRADUAÇÃO EM PSICOBIOLOGIA
4669920;ESPECIALIZAÇÃO EM SUPERVISÃO EDUCACIONAL;236;CERES - DEPTO CIÊNCIAS SOCIAIS E HUMANAS
166951851;ESPECIALIZAÇÃO EM TECNOLOGIA DA INFORMAÇÃO;6069;INSTITUTO METROPOLE DIGITAL
148895937;ESPECIALIZAÇÃO EM TECNOLOGIA DA INFORMAÇÃO - TCE/RN;6069;INSTITUTO METROPOLE DIGITAL
184261826;ESPECIALIZAÇÃO EM TECNOLOGIA DA INFORMAÇÃO - TRE/RN - TURMA 4;6069;INSTITUTO METROPOLE DIGITAL
143304572;ESPECIALIZAÇÃO EM TECNOLOGIA DA INFORMAÇÃO - TURMA TRE/RN;6069;INSTITUTO METROPOLE DIGITAL
130230224;ESPECIALIZAÇÃO EM TECNOLOGIAS EDUCACIONAIS;351;ESCOLA AGRÍCOLA DE JUNDIAÍ
51323178;ESPECIALIZAÇÃO EM TEORIA E ESTUDOS SOBRE A LINGUAGEM;138;DEPARTAMENTO DE LETRAS
124294922;ESPECIALIZAÇÃO EM TERAPIA COGNITIVO-COMPORTAMENTAL;143;DEPARTAMENTO DE PSICOLOGIA
91702313;ESPECIALIZAÇÃO EM TERAPIA COGNITIVO-COMPORTAMENTAL;143;DEPARTAMENTO DE PSICOLOGIA
108221947;ESPECIALIZAÇÃO EM TERAPIA COGNITIVO-COMPORTAMENTAL;143;DEPARTAMENTO DE PSICOLOGIA
115051086;ESPECIALIZAÇÃO EM TERAPIA INTENSIVA EM ENFERMAGEM;205;ESCOLA DE SAÚDE
136927939;ESPECIALIZAÇÃO EM TREINAMENTO DE FORÇA;5591;PROGRAMA DE PÓS-GRADUAÇÃO EM EDUCAÇÃO FÍSICA
108920134;ESPECIALIZAÇÃO EM TREINAMENTO DE FORÇA;199;DEPARTAMENTO DE EDUCAÇÃO FÍSICA
168425670;ESPECIALIZAÇÃO EM TREINAMENTO DE FORÇA;5591;PROGRAMA DE PÓS-GRADUAÇÃO EM EDUCAÇÃO FÍSICA
121221352;ESPECIALIZAÇÃO EM TREINAMENTO DE FORÇA - 2ª TURMA;199;DEPARTAMENTO DE EDUCAÇÃO FÍSICA
121413932;ESPECIALIZAÇÃO EM TREINAMENTO DE FORÇA  TURMA II;199;DEPARTAMENTO DE EDUCAÇÃO FÍSICA
112435050;ESPECIALIZAÇÃO EM TURISMO;236;CERES - DEPTO CIÊNCIAS SOCIAIS E HUMANAS
135835524;ESPECIALIZAÇÃO EM TURISMO E DESENVOLVIMENTO REGIONAL;236;CERES - DEPTO CIÊNCIAS SOCIAIS E HUMANAS
169515331;ESPECIALIZAÇÃO EM TURISMO RESPONSÁVEL;4295;PROGRAMA DE PÓS-GRADUAÇÃO EM TURISMO
162925787;ESPECIALIZAÇÃO EM URGÊNCIA E EMERGÊNCIA EM ENFERMAGEM;4890;FACULDADE DE CIÊNCIAS DA SAÚDE DO TRAIRI - FACISA
128572087;ESPECIALIZAÇÃO EM URGÊNCIA E EMERGÊNCIA EM ENFERMAGEM;205;ESCOLA DE SAÚDE
3430702;ESPECIALIZAÇÃO EM VIGILÂNCIA SANITÁRIA;205;ESCOLA DE SAÚDE
96911886;ESPECIALIZAÇÃO INIC. ESPORTIVA:BASES FISIOLÓGICAS PEDAGÓGICAS NO DESENV. HUMANO;199;DEPARTAMENTO DE EDUCAÇÃO FÍSICA
117029625;ESPECIALIZAÇÃO MBA EM CONTROLADORIA, FINANÇAS E CONTABILIDADE NO SETOR PÚBLICO;163;DEPARTAMENTO DE CIÊNCIAS CONTÁBEIS - DCC
125826893;ESPECIALIZAÇÃO MBA EM DESIGN DE INOVAÇÃO;9109;PROGRAMA DE PÓS-GRADUAÇÃO EM CIÊNCIA, TECNOLOGIA E INOVAÇÃO
127177289;ESPECIALIZAÇÃO MBA EM DESIGN: INDUSTRIA 4.0;9109;PROGRAMA DE PÓS-GRADUAÇÃO EM CIÊNCIA, TECNOLOGIA E INOVAÇÃO
174265470;ESPECIALIZAÇÃO NEUROPSICOPEDAGOGIA INSTIT. E EDU. ESPECIAL NA PERSP. DA INCLUSÃO;4880;DEPARTAMENTO DE EDUCAÇÃO - CERES
160271099;ESPECIALIZAÇÃO NEUROPSICOPEDAGOGIA INSTIT. E EDU. ESPECIAL NA PERSP. DA INCLUSÃO;4880;DEPARTAMENTO DE EDUCAÇÃO - CERES
1403270;ESPECIALIZAÇÃO TÉCNICA DE ENFERMAGEM EM UNIDADE DE TERAPIA INTENSIVA;205;ESCOLA DE SAÚDE
18054220;ESPECIALIZAÇÃO TECNICA EM ENFERMAGEM DO TRABALHO;205;ESCOLA DE SAÚDE
2000034;ESTATÍSTICA;439;CENTRO DE CIÊNCIAS EXATAS E DA TERRA
4808457;ESTUDOS TRANSDISCIPLINARES DO TEXTO;138;DEPARTAMENTO DE LETRAS
10601100;Etica Profissional;1698;COOPERATIVA CULTURAL DA UFRN
2000039;FARMÁCIA;441;CENTRO DE CIÊNCIAS DA SAÚDE
111635047;FILOSOFIA;442;CENTRO DE CIÊNCIAS HUMANAS, LETRAS E ARTES
2000040;FILOSOFIA;442;CENTRO DE CIÊNCIAS HUMANAS, LETRAS E ARTES
89826704;FINANÇAS;74;PROGRAMA DE PÓS-GRADUAÇÃO EM ADMINISTRAÇÃO
90021814;FINANÇAS;74;PROGRAMA DE PÓS-GRADUAÇÃO EM ADMINISTRAÇÃO
90045186;FINANÇAS;74;PROGRAMA DE PÓS-GRADUAÇÃO EM ADMINISTRAÇÃO
90057719;FINANÇAS;74;PROGRAMA DE PÓS-GRADUAÇÃO EM ADMINISTRAÇÃO
90028754;FINANÇAS;74;PROGRAMA DE PÓS-GRADUAÇÃO EM ADMINISTRAÇÃO
90051524;FINANÇAS;74;PROGRAMA DE PÓS-GRADUAÇÃO EM ADMINISTRAÇÃO
90051527;FINANÇAS;74;PROGRAMA DE PÓS-GRADUAÇÃO EM ADMINISTRAÇÃO
90026936;FINANÇAS;74;PROGRAMA DE PÓS-GRADUAÇÃO EM ADMINISTRAÇÃO
90023843;FINANÇAS;74;PROGRAMA DE PÓS-GRADUAÇÃO EM ADMINISTRAÇÃO
164198531;FINANÇAS CORPORATIVAS;9066;PROGRAMA DE PÓS-GRADUAÇÃO EM CIÊNCIAS CONTÁBEIS
111635050;FÍSICA;439;CENTRO DE CIÊNCIAS EXATAS E DA TERRA
2000124;FÍSICA;439;CENTRO DE CIÊNCIAS EXATAS E DA TERRA
2000041;FÍSICA;439;CENTRO DE CIÊNCIAS EXATAS E DA TERRA
2000042;FISIOTERAPIA;441;CENTRO DE CIÊNCIAS DA SAÚDE
10345860;FISIOTERAPIA;4890;FACULDADE DE CIÊNCIAS DA SAÚDE DO TRAIRI - FACISA
89970992;FISIOTERAPIA CARDIORRESPIRATORIA;201;DEPARTAMENTO DE FISIOTERAPIA
2689633;FISIOTERAPIA MATERNOINFANTIL;201;DEPARTAMENTO DE FISIOTERAPIA
85898233;FISIOTERAPIA TRAUMATO-ORTOPÉDICA E DESPORTIVA;201;DEPARTAMENTO DE FISIOTERAPIA
131773400;FISIOTERAPIA TRAUMATO-ORTOPÉDICA E ESPORTIVA - TURMA 5;201;DEPARTAMENTO DE FISIOTERAPIA
176643956;FISIOTERAPIA TRAUMATO-ORTOPÉDICA E ESPORTIVA - TURMA 7;201;DEPARTAMENTO DE FISIOTERAPIA
7386870;fonoaudiologia;2828;HUOL - DEPARTAMENTO DE CIRURGIA
7410980;FONOAUDIOLOGIA;441;CENTRO DE CIÊNCIAS DA SAÚDE
89983484;FORMAÇÃO DE ESTAGIÁRIOS DE LÍNGUA INGLESA;6042;INSTITUTO ÁGORA - LÍNGUAS, LITERATURAS E CULTURAS ESTRANGEIRAS MODERNAS
89983502;FORMAÇÃO DE ESTAGIÁRIOS EM LÍNGUA ALEMÃ;6042;INSTITUTO ÁGORA - LÍNGUAS, LITERATURAS E CULTURAS ESTRANGEIRAS MODERNAS
89983497;FORMAÇÃO DE ESTAGIÁRIOS EM LÍNGUA ESPANHOLA;6042;INSTITUTO ÁGORA - LÍNGUAS, LITERATURAS E CULTURAS ESTRANGEIRAS MODERNAS
89983491;FORMAÇÃO DE ESTAGIÁRIOS EM LÍNGUA FRANCESA;6042;INSTITUTO ÁGORA - LÍNGUAS, LITERATURAS E CULTURAS ESTRANGEIRAS MODERNAS
89983505;FORMAÇÃO DE ESTAGIÁRIOS EM LÍNGUA JAPONESA;6042;INSTITUTO ÁGORA - LÍNGUAS, LITERATURAS E CULTURAS ESTRANGEIRAS MODERNAS
89983500;FORMAÇÃO DE ESTAGIÁRIOS EM LÍNGUA PORTUGUESA;6042;INSTITUTO ÁGORA - LÍNGUAS, LITERATURAS E CULTURAS ESTRANGEIRAS MODERNAS
127903029;FORMAÇÃO DE PROFESSORES DA ÁREA DA SAÚDE;195;DEPARTAMENTO DE ODONTOLOGIA
16850590;FRANCISCA SUELI MONTE;196;DEPARTAMENTO DE FARMACIA
117828098;FUNDAMENTOS LINGUÍSTICOS PARA O ENSINO DA LEITURA E DA ESCRITA;138;DEPARTAMENTO DE LETRAS
165779587;FUNDAMENTOS LINGUÍSTICOS PARA O ENSINO DA LEITURA E DA ESCRITA;138;DEPARTAMENTO DE LETRAS
148577263;FUNDAMENTOS LINGUÍSTICOS PARA O ENSINO DA LEITURA E DA ESCRITA;138;DEPARTAMENTO DE LETRAS
166405055;FUNDAMENTOS LINGUÍSTICOS PARA O ENSINO DA LEITURA E DA ESCRITA;138;DEPARTAMENTO DE LETRAS
148590813;FUNDAMENTOS LINGUÍSTICOS PARA O ENSINO DA LEITURA E DA ESCRITA;138;DEPARTAMENTO DE LETRAS
182162639;FUNDAMENTOS LINGUÍTICOS PARA O ENSINO DA LEITURA E DA ESCRITA;138;DEPARTAMENTO DE LETRAS
182316245;FUNDAMENTOS LINGUÍTICOS PARA O ENSINO DA LEITURA E DA ESCRITA;138;DEPARTAMENTO DE LETRAS
2936390;GEOFÍSICA;439;CENTRO DE CIÊNCIAS EXATAS E DA TERRA
2000044;GEOGRAFIA;1482;CENTRO DE  ENSINO SUPERIOR DO SERIDÓ
2671321;GEOGRAFIA;442;CENTRO DE CIÊNCIAS HUMANAS, LETRAS E ARTES
111635053;GEOGRAFIA;442;CENTRO DE CIÊNCIAS HUMANAS, LETRAS E ARTES
111635055;GEOGRAFIA;1482;CENTRO DE  ENSINO SUPERIOR DO SERIDÓ
2000043;GEOGRAFIA;442;CENTRO DE CIÊNCIAS HUMANAS, LETRAS E ARTES
2000045;GEOLOGIA;439;CENTRO DE CIÊNCIAS EXATAS E DA TERRA
106263062;GEOTECNIA-FUNDAÇÕES;52;DEPARTAMENTO DE ENGENHARIA CIVIL E AMBIENTAL
177131387;GERONTOLOGIA;198;DEPARTAMENTO DE ENFERMAGEM
115231399;GERONTOLOGIA;201;DEPARTAMENTO DE FISIOTERAPIA
95652568;GESTAO AMBIENTAL COSTEIRA;180;DEPARTAMENTO DE OCEANOGRAFIA E LIMNOLOGIA
2513900;GESTÃO AMBIENTAL URBANA;142;DEPARTAMENTO DE GEOGRAFIA/CCHLA
2279476; GESTÃO CONTÁBIL GOVERNAMENTAL;163;DEPARTAMENTO DE CIÊNCIAS CONTÁBEIS - DCC
14026060;GESTÃO DA TECNOLOGIA DA INFORMAÇÃO;74;PROGRAMA DE PÓS-GRADUAÇÃO EM ADMINISTRAÇÃO
96726786;GESTÃO DE COOPERATIVAS;443;CENTRO DE CIÊNCIAS SOCIAIS APLICADAS
156984071;GESTÃO DE INOVAÇÃO JUDICIAL;161;DEPARTAMENTO DE CIÊNCIAS ADMINISTRATIVAS - DEPAD
156991186;GESTÃO DE INOVAÇÃO JUDICIAL;161;DEPARTAMENTO DE CIÊNCIAS ADMINISTRATIVAS - DEPAD
156492636;GESTÃO DE INOVAÇÃO JUDICIAL;74;PROGRAMA DE PÓS-GRADUAÇÃO EM ADMINISTRAÇÃO
156492495;GESTÃO DE INOVAÇÃO JUDICIAL;74;PROGRAMA DE PÓS-GRADUAÇÃO EM ADMINISTRAÇÃO
182903730;GESTÃO DE PESSOAS E INOVAÇÃO NA SEGURANÇA PÚBLICA;11612;DEPARTAMENTO DE ADMINISTRAÇÃO PUBLICA E GESTÃO SOCIAL
10426760;GESTÃO DE POLÍTICAS PÚBLICAS;442;CENTRO DE CIÊNCIAS HUMANAS, LETRAS E ARTES
121196477;GESTÃO DE PROCESSOS;161;DEPARTAMENTO DE CIÊNCIAS ADMINISTRATIVAS - DEPAD
121301194;GESTÃO DE PROCESSOS;161;DEPARTAMENTO DE CIÊNCIAS ADMINISTRATIVAS - DEPAD
121608550;GESTÃO DE PROCESSOS;161;DEPARTAMENTO DE CIÊNCIAS ADMINISTRATIVAS - DEPAD
121621462;GESTÃO DE PROCESSOS;161;DEPARTAMENTO DE CIÊNCIAS ADMINISTRATIVAS - DEPAD
115153604;GESTÃO DE PROCESSOS;74;PROGRAMA DE PÓS-GRADUAÇÃO EM ADMINISTRAÇÃO
130598383;GESTÃO DINÂMICA DE PROJETOS;161;DEPARTAMENTO DE CIÊNCIAS ADMINISTRATIVAS - DEPAD
130644692;GESTÃO DINÂMICA DE PROJETOS;161;DEPARTAMENTO DE CIÊNCIAS ADMINISTRATIVAS - DEPAD
126757910;GESTÃO DO TRABALHO E DA EDUCAÇÃO NA SAÚDE;202;DEPARTAMENTO DE SAÚDE COLETIVA
3095921;GESTÃO DO TRABALHO E DA EDUCAÇÃO NA SAÚDE.;202;DEPARTAMENTO DE SAÚDE COLETIVA
129707729;GESTÃO EM SAÚDE;205;ESCOLA DE SAÚDE
180970037;GESTÃO ESCOLAR NA PERSPECTIVA DA EDUCAÇÃO ESPECIAL INCLUSIVA;30546;PROGRAMA DE PÓS-GRADUAÇÃO EM EDUCAÇÃO ESPECIAL
178749418;GESTÃO ESCOLAR NA PERSPECTIVA DA EDUCAÇÃO ESPECIAL INCLUSIVA;1483;PRÓ-REITORIA DE PÓS GRADUAÇÃO
98732711;GESTÃO ESTRATÉGICA;74;PROGRAMA DE PÓS-GRADUAÇÃO EM ADMINISTRAÇÃO
120659688;GESTÃO ESTRATÉGICA DE NEGÓCIOS;236;CERES - DEPTO CIÊNCIAS SOCIAIS E HUMANAS
151328159;GESTÃO ESTRATÉGICA DE PESSOAS;161;DEPARTAMENTO DE CIÊNCIAS ADMINISTRATIVAS - DEPAD
151215366;GESTÃO ESTRATÉGICA DE PESSOAS;161;DEPARTAMENTO DE CIÊNCIAS ADMINISTRATIVAS - DEPAD
904142;GESTÃO ESTRATÉGICA DE SISTEMAS DE INFORMAÇÃO;63;DEPARTAMENTO DE CIÊNCIA DA INFORMAÇÃO
14940010;GESTÃO ESTRATÉGICA DE SISTEMAS DE INFORMAÇÃO;63;DEPARTAMENTO DE CIÊNCIA DA INFORMAÇÃO
84933830;GESTÃO ESTRATÉGICA DO TURISMO;4295;PROGRAMA DE PÓS-GRADUAÇÃO EM TURISMO
2000159;GESTÃO HOSPITALAR;205;ESCOLA DE SAÚDE
139036600;GESTÃO INTERNACIONAL DA TECNOLOGIA E DA INOVAÇÃO;6069;INSTITUTO METROPOLE DIGITAL
167875361;GESTÃO MUNICIPAL (N);1824;INSTITUTO DE POLÍTICAS PÚBLICAS
167875360;GESTÃO MUNICIPAL (T);1824;INSTITUTO DE POLÍTICAS PÚBLICAS
167875323;GESTÃO PARTICIPATIVA E CONTROLE SOCIAL (N);1824;INSTITUTO DE POLÍTICAS PÚBLICAS
167854642;GESTÃO PARTICIPATIVA E CONTROLE SOCIAL (T);1824;INSTITUTO DE POLÍTICAS PÚBLICAS
175758291;GESTÃO PÚBLICA;161;DEPARTAMENTO DE CIÊNCIAS ADMINISTRATIVAS - DEPAD
168783720;GESTÃO PÚBLICA E ESG;31011;FACULDADE DE ENGENHARIA, LETRAS E CIÊNCIAS SOCIAIS DO SERIDÓ - FELCS
177216087;GESTÃO PÚBLICA MUNICIPAL;31011;FACULDADE DE ENGENHARIA, LETRAS E CIÊNCIAS SOCIAIS DO SERIDÓ - FELCS
94304911;GESTÃO PÚBLICA MUNICIPAL;74;PROGRAMA DE PÓS-GRADUAÇÃO EM ADMINISTRAÇÃO
132256356;GGG;5205;DEPARTAMENTO DE ENGENHARIA BIOMEDICA
179849477;GRUPO ESPERANÇA VIVA;284;ESCOLA DE MÚSICA
98984072;HIS;5486;CERES - DEPARTAMENTO DE HISTÓRIA
111635060;HISTÓRIA;1482;CENTRO DE  ENSINO SUPERIOR DO SERIDÓ
2000047;HISTÓRIA;1482;CENTRO DE  ENSINO SUPERIOR DO SERIDÓ
2000046;HISTÓRIA;442;CENTRO DE CIÊNCIAS HUMANAS, LETRAS E ARTES
111635057;HISTÓRIA;442;CENTRO DE CIÊNCIAS HUMANAS, LETRAS E ARTES
50913238;HISTÓRIA;442;CENTRO DE CIÊNCIAS HUMANAS, LETRAS E ARTES
98907860;HISTÓRIA DA ÁFRICA, DA CULTURA AFRO-BRASILEIRA E AFRICANA;363;PROGRAMA DE PÓS-GRADUAÇÃO EM EDUCAÇÃO
183809936;HISTÓRIA E VIOLÊNCIA NAS SOCIEDADES CONTEMPORÂNEAS;30304;INSTITUTO HUMANITAS DE ESTUDOS INTEGRADOS
2794100;I CURSO DE ESPECIALização em crianças e adolescentes: aspectos legais e sociais;143;DEPARTAMENTO DE PSICOLOGIA
8293230;I CURSO DE ESPECIALIZAÇÃO EM DIREITO ADMINISTRATIVO;84;DEPARTAMENTO DE DIREITO PUBLICO - DIPUB
18284012;I CURSO DE ESPECIALIZAÇÃO EM DIREITO INTERNACIONAL;404;PROGRAMA DE PÓS-GRADUAÇÃO EM DIREITO
16802810;I Curso de Especialização em Terapia Cognitivo Comportamental;143;DEPARTAMENTO DE PSICOLOGIA
117810389;II CEFLE- FUNDAMENTOS LINGUÍSTICOS PARA O ENSINO DA LEITURA E ESCRITA;138;DEPARTAMENTO DE LETRAS
89308464;II EDIÇÃO - PÓS-GRADUAÇÃO EM MÚSICA: PRÁTICAS INTERPRETATIVAS DO SÉC. XX E XXI;284;ESCOLA DE MÚSICA
151606964;III CURSO DE ESPECIALIZAÇÃO EM AUDITORIA E CONTROLADORIA CONTÁBIL;163;DEPARTAMENTO DE CIÊNCIAS CONTÁBEIS - DCC
14060530;III CURSO DE ESPECIALIZAÇÃO EM DIREITO CONSTITUCIONAL;404;PROGRAMA DE PÓS-GRADUAÇÃO EM DIREITO
8302660;III CURSO DE ESPECIALIZAÇÃO EM DIREITO TRIBUTÁRIO;84;DEPARTAMENTO DE DIREITO PUBLICO - DIPUB
129786422;IMPLANTODONTIA;195;DEPARTAMENTO DE ODONTOLOGIA
129786738;IMPLANTODONTIA;195;DEPARTAMENTO DE ODONTOLOGIA
130254049;IMPLANTODONTIA;195;DEPARTAMENTO DE ODONTOLOGIA
129141688;INFORMÁTICA NA SAÚDE;5205;DEPARTAMENTO DE ENGENHARIA BIOMEDICA
169264532;INTELIGÊNCIA DE DADOS;6069;INSTITUTO METROPOLE DIGITAL
169264924;INTELIGÊNCIA DE DADOS;6069;INSTITUTO METROPOLE DIGITAL
169238920;INTELIGÊNCIA DE DADOS;6069;INSTITUTO METROPOLE DIGITAL
1205190;IV CURSO DE ESPECIALIZAÇÃO EM PSICOLOGIA DA SAÚDE: DESENVOLVIMENTO E HOSPITALIZA;143;DEPARTAMENTO DE PSICOLOGIA
118835329;JORNALISMO;442;CENTRO DE CIÊNCIAS HUMANAS, LETRAS E ARTES
130272217;LEITURA, ESCRITA E REVISÃO DE TEXTOS;138;DEPARTAMENTO DE LETRAS
50852239;LETRAS;442;CENTRO DE CIÊNCIAS HUMANAS, LETRAS E ARTES
118836561;LETRAS - FRANCÊS;442;CENTRO DE CIÊNCIAS HUMANAS, LETRAS E ARTES
118840295;LETRAS - INGLÊS;442;CENTRO DE CIÊNCIAS HUMANAS, LETRAS E ARTES
118922026;LETRAS - LÍNGUA ESPANHOLA;31011;FACULDADE DE ENGENHARIA, LETRAS E CIÊNCIAS SOCIAIS DO SERIDÓ - FELCS
118880834;LETRAS- LÍNGUA ESPANHOLA E LITERATURAS;442;CENTRO DE CIÊNCIAS HUMANAS, LETRAS E ARTES
118922626;LETRAS - LÍNGUA PORTUGUESA;31011;FACULDADE DE ENGENHARIA, LETRAS E CIÊNCIAS SOCIAIS DO SERIDÓ - FELCS
118921874;LETRAS - LÍNGUA PORTUGUESA E LIBRAS;442;CENTRO DE CIÊNCIAS HUMANAS, LETRAS E ARTES
118881115;LETRAS - LÍNGUA PORTUGUESA E LITERATURAS;442;CENTRO DE CIÊNCIAS HUMANAS, LETRAS E ARTES
133175344;LETRAS - PORTUGUÊS E INGLÊS;31011;FACULDADE DE ENGENHARIA, LETRAS E CIÊNCIAS SOCIAIS DO SERIDÓ - FELCS
141357107;LIBRAS;7847;DEPARTAMENTO DE LETRAS - CERES
120034266;LIBRAS;7847;DEPARTAMENTO DE LETRAS - CERES
174979631;LICENCIATURA EM EDUCAÇÃO INTERCULTURAL INDÍGENA;442;CENTRO DE CIÊNCIAS HUMANAS, LETRAS E ARTES
136088918;LIN;363;PROGRAMA DE PÓS-GRADUAÇÃO EM EDUCAÇÃO
90311125;LINGUA PORTUGUESA: GRAMÁTICA, TEXTO E DISCURSO;65;PROGRAMA DE PÓS-GRADUAÇÃO EM ESTUDOS DA LINGUAGEM
89444835;LÍNGUA PORTUGUESA: GRAMÁTICA, TEXTO E DISCURSO;138;DEPARTAMENTO DE LETRAS
90310685;LÍNGUA PORTUGUESA: GRAMÁTICA, TEXTO E DISCURSO;65;PROGRAMA DE PÓS-GRADUAÇÃO EM ESTUDOS DA LINGUAGEM
153326400;LÍNGUAS ESTRANGEIRAS PARA INTERNACIONALIZAÇÃO;5206;DEPARTAMENTO DE LINGUAS E LITERATURAS ESTRANGEIRAS MODERNAS
151267858;LINGUISTICA FORENSE;31011;FACULDADE DE ENGENHARIA, LETRAS E CIÊNCIAS SOCIAIS DO SERIDÓ - FELCS
174378552;LINGUISTICA FORENSE;31011;FACULDADE DE ENGENHARIA, LETRAS E CIÊNCIAS SOCIAIS DO SERIDÓ - FELCS
171622659;LINGUISTICA TEXTUAL;31011;FACULDADE DE ENGENHARIA, LETRAS E CIÊNCIAS SOCIAIS DO SERIDÓ - FELCS
164579173;LINGUISTICA TEXTUAL;31011;FACULDADE DE ENGENHARIA, LETRAS E CIÊNCIAS SOCIAIS DO SERIDÓ - FELCS
164130705;LINGUISTICA TEXTUAL;31011;FACULDADE DE ENGENHARIA, LETRAS E CIÊNCIAS SOCIAIS DO SERIDÓ - FELCS
164579401;LINGUISTICA TEXTUAL;31011;FACULDADE DE ENGENHARIA, LETRAS E CIÊNCIAS SOCIAIS DO SERIDÓ - FELCS
164355622;LINGUISTICA TEXTUAL E ENSINO;31011;FACULDADE DE ENGENHARIA, LETRAS E CIÊNCIAS SOCIAIS DO SERIDÓ - FELCS
164522666;LINGUISTICA TEXTUAL E ENSINO;31011;FACULDADE DE ENGENHARIA, LETRAS E CIÊNCIAS SOCIAIS DO SERIDÓ - FELCS
164599623;LINGUISTICA TEXTUAL E ENSINO;31011;FACULDADE DE ENGENHARIA, LETRAS E CIÊNCIAS SOCIAIS DO SERIDÓ - FELCS
164725014;LINGUISTICA TEXTUAL E ENSINO;31011;FACULDADE DE ENGENHARIA, LETRAS E CIÊNCIAS SOCIAIS DO SERIDÓ - FELCS
135464408;LITERATURA INFANTIL NEGRA NA ESCOLA;363;PROGRAMA DE PÓS-GRADUAÇÃO EM EDUCAÇÃO
135463721;LITERATURA INFANTIL NEGRA NA ESCOLA;363;PROGRAMA DE PÓS-GRADUAÇÃO EM EDUCAÇÃO
135464822;LITERATURA INFANTIL NEGRA NA ESCOLA;363;PROGRAMA DE PÓS-GRADUAÇÃO EM EDUCAÇÃO
135449709;LITERATURA INFNATIL NEGRA NA ESCOLA;363;PROGRAMA DE PÓS-GRADUAÇÃO EM EDUCAÇÃO
135342715;LITERATURA INFNATIL NEGRA NA ESCOLA;363;PROGRAMA DE PÓS-GRADUAÇÃO EM EDUCAÇÃO
124439083;MARKETING;161;DEPARTAMENTO DE CIÊNCIAS ADMINISTRATIVAS - DEPAD
169152475;MARKETING E COMUNICAÇÃO ESTRATÉGICA;31011;FACULDADE DE ENGENHARIA, LETRAS E CIÊNCIAS SOCIAIS DO SERIDÓ - FELCS
120996572;MARKETING ESTRATÉGICO;136;DEPARTAMENTO DE CIÊNCIAS SOCIAIS
85436489;MATEMÁTICA;439;CENTRO DE CIÊNCIAS EXATAS E DA TERRA
111635066;MATEMÁTICA;439;CENTRO DE CIÊNCIAS EXATAS E DA TERRA
2000055;MATEMÁTICA;1482;CENTRO DE  ENSINO SUPERIOR DO SERIDÓ
2000054;MATEMÁTICA;439;CENTRO DE CIÊNCIAS EXATAS E DA TERRA
2000134;MATEMÁTICA;439;CENTRO DE CIÊNCIAS EXATAS E DA TERRA
127083477;MBA DESIGN: INDUSTRIA 4.0;9109;PROGRAMA DE PÓS-GRADUAÇÃO EM CIÊNCIA, TECNOLOGIA E INOVAÇÃO
16365610;MBA em Gestão de Cooperativas;161;DEPARTAMENTO DE CIÊNCIAS ADMINISTRATIVAS - DEPAD
155261296;MBA EM GESTÃO DE MPE;31011;FACULDADE DE ENGENHARIA, LETRAS E CIÊNCIAS SOCIAIS DO SERIDÓ - FELCS
170249297;MBA EM INTELIGÊNCIA DE DADOS;6069;INSTITUTO METROPOLE DIGITAL
104831949;MEDICINA;7278;ESCOLA MULTICAMPI DE CIÊNCIAS MÉDICAS DO RIO GRANDE DO NORTE
2000056;MEDICINA;441;CENTRO DE CIÊNCIAS DA SAÚDE
172033985;MEDICINA PSICODÉLICA;6026;INSTITUTO DO CÉREBRO
131039818;MEIO AMBIENTE, SAÚDE E DESENVOLVIMENTO;181;DEPARTAMENTO DE MICROBIOLOGIA E PARASITOLOGIA
315764;MESTRADO EM ADMINISTRAÇÃO;74;PROGRAMA DE PÓS-GRADUAÇÃO EM ADMINISTRAÇÃO
315784;MESTRADO EM ANTROPOLOGIA SOCIAL;1442;PROGRAMA DE PÓS-GRADUAÇÃO EM ANTROPOLOGIA SOCIAL
315766;MESTRADO EM ARQUITETURA E URBANISMO;102;PROGRAMA DE PÓS-GRADUAÇÃO EM ARQUITETURA E URBANISMO
507420;MESTRADO EM ARTES CÊNICAS;4073;PROGRAMA DE PÓS-GRADUAÇÃO EM ARTES CÊNICAS
177654352;MESTRADO EM ARTES VISUAIS;32957;PROGRAMA DE PÓS-GRADUAÇÃO EM ARTES VISUAIS
164535758;MESTRADO EM ASSISTÊNCIA FARMACÊUTICA EM REDE;31835;PROGRAMA DE PÓS GRADUAÇÃO EM ASSISTÊNCIA FARMACÊUTICA EM REDE
115845492;MESTRADO EM BIOINFORMÁTICA;9814;PROGRAMA DE PÓS-GRADUAÇÃO EM BIOINFORMÁTICA
98469607;MESTRADO EM BIOLOGIA ESTRUTURAL E FUNCIONAL;7805;PROGRAMA DE PÓS-GRADUAÇÃO EM BIOLOGIA ESTRUTURAL E FUNCIONAL
101050284;MESTRADO EM BIOLOGIA PARASITÁRIA;8085;PROGRAMA DE PÓS-GRADUAÇÃO EM BIOLOGIA PARASITÁRIA
315769;MESTRADO EM BIOQUÍMICA E BIOLOGIA MOLECULAR;31300;PROGRAMA DE PÓS-GRADUAÇÃO EM BIOQUÍMICA E BIOLOGIA MOLECULAR
173546000;MESTRADO EM CIÊNCIA DA INFORMAÇÃO;32531;PROGRAMA DE PÓS-GRADUAÇÃO EM CIÊNCIA DA INFORMAÇÃO
315770;MESTRADO EM CIÊNCIA E ENGENHARIA DE MATERIAIS;68;PROGRAMA DE PÓS-GRADUAÇÃO EM CIÊNCIA E ENGENHARIA DE MATERIAIS
315786;MESTRADO EM CIÊNCIA E ENGENHARIA DE PETRÓLEO;2598;PROGRAMA DE PÓS-GRADUAÇÃO EM CIÊNCIA E ENGENHARIA DE PETRÓLEO
140178600;MESTRADO EM CIÊNCIAS APLICADAS À SAÚDE DA MULHER;30544;PROGRAMA DE PÓS-GRADUAÇÃO EM CIÊNCIAS APLICADAS À SAÚDE DA MULHER
315782;MESTRADO EM CIÊNCIAS BIOLÓGICAS;431;PROGRAMA DE PÓS-GRADUAÇÃO EM CIÊNCIAS BIOLÓGICAS
91805256;MESTRADO EM CIÊNCIAS CLIMÁTICAS;5211;PROGRAMA DE PÓS-GRADUAÇÃO EM CIÊNCIAS CLIMÁTICAS
108416320;MESTRADO EM CIÊNCIAS CONTÁBEIS;9066;PROGRAMA DE PÓS-GRADUAÇÃO EM CIÊNCIAS CONTÁBEIS
118768231;MESTRADO EM CIÊNCIAS DA REABILITAÇÃO;10117;PROGRAMA DE PÓS-GRADUAÇÃO EM CIÊNCIAS DA REABILITAÇÃO
315773;MESTRADO EM CIÊNCIAS DA SAÚDE;66;PROGRAMA DE PÓS-GRADUAÇÃO EM CIÊNCIAS DA SAÚDE
315775;MESTRADO EM CIÊNCIAS FARMACÊUTICAS;366;PROGRAMA DE PÓS-GRADUAÇÃO EM CIÊNCIAS FARMACÊUTICAS
168173013;MESTRADO EM CIÊNCIAS FISIOLÓGICAS;32254;PROGRAMA DE PÓS-GRADUAÇÃO MULTICÊNTRICO EM CIÊNCIAS FISIOLÓGICAS (CCS/FACISA)
90156472;MESTRADO EM CIÊNCIAS FLORESTAIS;6381;PROGRAMA DE PÓS-GRADUAÇÃO EM CIÊNCIAS FLORESTAIS
130260333;MESTRADO EM CIÊNCIAS ODONTOLÓGICAS;11354;PROGRAMA DE PÓS-GRADUAÇÃO EM CIÊNCIAS ODONTOLÓGICAS
315776;MESTRADO EM CIÊNCIAS SOCIAIS;360;PROGRAMA DE PÓS-GRADUAÇÃO EM CIÊNCIAS SOCIAIS
50798281;MESTRADO EM DEMOGRAFIA;5570;PROGRAMA DE PÓS-GRADUAÇÃO EM DEMOGRAFIA
315781;MESTRADO EM DESENVOLVIMENTO E MEIO AMBIENTE;423;PROGRAMA REGIONAL DE PÓS-GRADUAÇÃO EM DESENVOLVIMENTO E MEIO AMBIENTE - PRODEMA
315779;MESTRADO EM DIREITO;404;PROGRAMA DE PÓS-GRADUAÇÃO EM DIREITO
9513330;MESTRADO EM ECOLOGIA;4846;PROGRAMA DE PÓS-GRADUAÇÃO EM ECOLOGIA
315744;MESTRADO EM ECONOMIA;434;PROGRAMA DE PÓS-GRADUAÇÃO EM ECONOMIA
315745;MESTRADO EM EDUCAÇÃO;363;PROGRAMA DE PÓS-GRADUAÇÃO EM EDUCAÇÃO
50980468;MESTRADO EM EDUCAÇÃO FÍSICA;5591;PROGRAMA DE PÓS-GRADUAÇÃO EM EDUCAÇÃO FÍSICA
175720345;MESTRADO EM ENERGIA E PETRÓLEO;32914;PROGRAMA DE PÓS-GRADUAÇÃO EM ENERGIA E PETRÓLEO
315747;MESTRADO EM ENFERMAGEM;412;PROGRAMA DE PÓS-GRADUAÇÃO EM ENFERMAGEM
134097165;MESTRADO EM ENGENHARIA AEROESPACIAL;30029;PROGRAMA DE PÓS-GRADUAÇÃO EM ENGENHARIA AEROESPACIAL
9300330;MESTRADO EM ENGENHARIA CIVIL;4845;PROGRAMA DE PÓS-GRADUAÇÃO EM ENGENHARIA CIVIL
157075615;MESTRADO EM ENGENHARIA CIVIL E AMBIENTAL;31338;PROGRAMA DE PÓS-GRADUAÇÃO EM ENGENHARIA CIVIL E AMBIENTAL
315748;MESTRADO EM ENGENHARIA DE PRODUÇÃO;105;PROGRAMA DE PÓS-GRADUAÇÃO EM ENGENHARIA DE PRODUÇÃO
315749;MESTRADO EM ENGENHARIA ELÉTRICA E DE COMPUTAÇÃO;103;PROGRAMA DE PÓS-GRADUAÇÃO EM ENGENHARIA ELÉTRICA E DE COMPUTAÇÃO
315751;MESTRADO EM ENGENHARIA MECÂNICA;104;PROGRAMA DE PÓS-GRADUAÇÃO EM ENGENHARIA MECÂNICA
101050293;MESTRADO EM ENGENHARIA MECATRÔNICA;8086;PROGRAMA DE PÓS-GRADUAÇÃO EM ENGENHARIA MECATRÔNICA
315753;MESTRADO EM ENGENHARIA QUÍMICA;106;PROGRAMA DE PÓS-GRADUAÇÃO EM ENGENHARIA QUÍMICA
315755;MESTRADO EM ENGENHARIA SANITÁRIA E AMBIENTAL;107;PROGRAMA DE PÓS-GRADUAÇÃO EM ENGENHARIA SANITÁRIA E AMBIENTAL
121507754;MESTRADO EM ENGENHARIA TÊXTIL;10480;PROGRAMA DE PÓS-GRADUAÇÃO EM ENGENHARIA TÊXTIL
123079207;MESTRADO EM ENSINO DE CIÊNCIAS E MATEMÁTICA;9111;PROGRAMA DE PÓS-GRADUAÇÃO EM ENSINO DE CIÊNCIAS E MATEMÁTICA
182735059;MESTRADO EM ENSINO DE COMPUTAÇÃO;33438;PROGRAMA DE PÓS-GRADUAÇÃO EM ENSINO DE COMPUTAÇÃO PARA EDUCAÇÃO BÁSICA EM REDE NACIONAL
315757;MESTRADO EM ESTUDOS DA LINGUAGEM;65;PROGRAMA DE PÓS-GRADUAÇÃO EM ESTUDOS DA LINGUAGEM
11519550;MESTRADO EM ESTUDOS DA MÍDIA;4893;PROGRAMA DE PÓS-GRADUAÇÃO EM ESTUDOS DA MÍDIA
19106930;MESTRADO EM ESTUDOS URBANOS E REGIONAIS;5254;PROGRAMA DE PÓS-GRADUAÇÃO EM ESTUDOS URBANOS E REGIONAIS
315759;MESTRADO EM FILOSOFIA;364;PROGRAMA DE PÓS-GRADUAÇÃO EM FILOSOFIA
315727;MESTRADO EM FÍSICA;388;PROGRAMA DE PÓS-GRADUAÇÃO EM FÍSICA
315789;MESTRADO EM FISIOTERAPIA;4072;PROGRAMA DE PÓS-GRADUAÇÃO EM FISIOTERAPIA
121804772;MESTRADO EM FONOAUDIOLOGIA;10490;PROGRAMA DE PÓS-GRADUAÇÃO EM FONOAUDIOLOGIA
315761;MESTRADO EM GEODINÂMICA E GEOFÍSICA;325;PROGRAMA DE PÓS-GRADUAÇÃO EM GEODINÂMICA E GEOFÍSICA
315731;MESTRADO EM GEOGRAFIA;315;PROGRAMA DE PÓS-GRADUAÇÃO EM GEOGRAFIA
134098682;MESTRADO EM GEOGRAFIA - CERES;30030;PROGRAMA DE PÓS-GRADUAÇÃO EM GEOGRAFIA - CERES
177654439;MESTRADO EM GESTÃO, INOVAÇÃO E SUSTENTABILIDADE;32958;PROGRAMA DE PÓS-GRADUAÇÃO EM GESTÃO, INOVAÇÃO E SUSTENTABILIDADE
315780;MESTRADO EM HISTÓRIA;435;PROGRAMA DE PÓS-GRADUAÇÃO EM HISTÓRIA
133255800;MESTRADO EM HISTÓRIA / CERES;11655;PROGRAMA DE PÓS-GRADUAÇÃO EM HISTÓRIA - CERES
315785;MESTRADO EM MATEMÁTICA APLICADA E ESTATÍSTICA;2595;PROGRAMA DE PÓS-GRADUAÇÃO EM MATEMÁTICA APLICADA E ESTATÍSTICA
178237854;MESTRADO EM METODOLOGIAS DE ENSINO E PROCESSSOS DE APRENDIZAGEM;32980;PROGRAMA DE PÓS-GRADUAÇÃO EM METODOLOGIAS DE ENSINO E PROCESSOS DE APRENDIZAGEM
95868917;MESTRADO EM MÚSICA;7261;PROGRAMA DE PÓS-GRADUAÇÃO EM MÚSICA
17565630;MESTRADO EM NEUROCIÊNCIAS;5207;PROGRAMA DE PÓS-GRADUAÇÃO EM NEUROCIÊNCIAS
103197769;MESTRADO EM NUTRIÇÃO;8191;PROGRAMA DE PÓS-GRADUAÇÃO EM NUTRIÇÃO
315733;MESTRADO EM PATOLOGIA ORAL;1760;PROGRAMA DE PÓS-GRADUAÇÃO EM PATOLOGIA ORAL
9300590;MESTRADO EM PRODUÇÃO ANIMAL;4848;PROGRAMA DE PÓS-GRADUAÇÃO EM PRODUÇÃO ANIMAL
315735;MESTRADO EM PSICOBIOLOGIA;367;PROGRAMA DE PÓS-GRADUAÇÃO EM PSICOBIOLOGIA
315737;MESTRADO EM PSICOLOGIA;64;PROGRAMA DE PÓS-GRADUAÇÃO EM PSICOLOGIA
315739;MESTRADO EM QUÍMICA;85;PROGRAMA DE PÓS-GRADUAÇÃO EM QUÍMICA
84739860;MESTRADO EM SAÚDE COLETIVA;5670;PROGRAMA DE PÓS-GRADUAÇÃO EM SAÚDE COLETIVA
115830568;MESTRADO EM SAÚDE COLETIVA - FACISA;9816;PROGRAMA DE PÓS-GRADUAÇÃO EM SAÚDE COLETIVA - FACISA
315741;MESTRADO EM SERVIÇO SOCIAL;376;PROGRAMA DE PÓS-GRADUAÇÃO EM SERVIÇO SOCIAL
315742;MESTRADO EM SISTEMAS E COMPUTAÇÃO;73;PROGRAMA DE PÓS-GRADUAÇÃO EM SISTEMAS E COMPUTAÇÃO
50839645;MESTRADO EM SISTEMÁTICA E EVOLUÇÃO;5579;PROGRAMA DE PÓS-GRADUAÇÃO EM SISTEMÁTICA E EVOLUÇÃO
507421;MESTRADO EM TURISMO;4295;PROGRAMA DE PÓS-GRADUAÇÃO EM TURISMO
174097013;MESTRADO PROFISSIONAL EM ADMINISTRAÇÃO PÚBLICA EM REDE NACIONAL;32782;PROGRAMA DE PÓS GRADUAÇÃO EM ADMINISTRAÇÃO PÚBLICA EM REDE NACIONAL - PROFIAP
91477182;MESTRADO PROFISSIONAL EM ARQUITETURA, PROJETO E MEIO AMBIENTE;6967;PROGRAMA DE PÓS-GRADUAÇÃO EM ARQUITETURA, PROJETO E MEIO AMBIENTE
106146377;MESTRADO PROFISSIONAL EM ARTES - PROFARTES;8871;PROGRAMA DE PÓS-GRADUAÇÃO EM ARTES - REDE NACIONAL
108846991;MESTRADO PROFISSIONAL EM CIÊNCIA, TECNOLOGIA E INOVAÇÃO;9109;PROGRAMA DE PÓS-GRADUAÇÃO EM CIÊNCIA, TECNOLOGIA E INOVAÇÃO
91346221;MESTRADO PROFISSIONAL EM DESIGN;6968;PROGRAMA DE PÓS-GRADUAÇÃO EM DESIGN
140178590;MESTRADO PROFISSIONAL EM EDUCAÇÃO ESPECIAL;30546;PROGRAMA DE PÓS-GRADUAÇÃO EM EDUCAÇÃO ESPECIAL
117880399;MESTRADO PROFISSIONAL EM EDUCAÇÃO FÍSICA EM REDE NACIONAL;10050;PROGRAMA DE PÓS-GRADUAÇÃO EM EDUCAÇÃO FÍSICA EM REDE NACIONAL
119342264;MESTRADO PROFISSIONAL EM EDUCAÇÃO, TRABALHO E INOVAÇÃO EM MEDICINA;10129;PROGRAMA DE PÓS-GRADUAÇÃO EM EDUCAÇÃO, TRABALHO E INOVAÇÃO EM MEDICINA
96067713;MESTRADO PROFISSIONAL EM ENERGIA ELÉTRICA;7268;PROGRAMA DE PÓS-GRADUAÇÃO EM ENERGIA ELÉTRICA
315756;MESTRADO PROFISSIONAL EM ENSINO DE CIÊNCIAS NATURAIS E MATEMÁTICA;134;PROGRAMA DE PÓS-GRADUAÇÃO EM ENSINO DE CIÊNCIAS NATURAIS E MATEMÁTICA
114941932;MESTRADO PROFISSIONAL EM ENSINO DE FÍSICA EM REDE NACIONAL;9742;PROGRAMA DE PÓS-GRADUAÇÃO EM ENSINO DE FÍSICA - REDE NACIONAL
113759737;MESTRADO PROFISSIONAL EM ENSINO DE HISTÓRIA - PROFHISTORIA;9395;PROGRAMA DE PÓS-GRADUAÇÃO EM ENSINO DE HISTÓRIA - REDE NACIONAL
96067701;MESTRADO PROFISSIONAL EM ENSINO NA SAÚDE;7267;PROGRAMA DE PÓS-GRADUAÇÃO EM ENSINO NA SAÚDE
108847073;MESTRADO PROFISSIONAL EM GEOGRAFIA;9110;PROGRAMA DE PÓS-GRADUAÇÃO EM GEOGRAFIA - GEOPROF - CERES
155194753;MESTRADO PROFISSIONAL EM GESTÃO DA INFORMAÇÃO E DO CONHECIMENTO;1617;PROGRAMA DE PÓS-GRADUAÇÃO EM GESTÃO DA INFORMAÇÃO E DO CONHECIMENTO - PPGIC
113140463;MESTRADO PROFISSIONAL EM GESTÃO DA INFORMAÇÃO E DO CONHECIMENTO;9196;PROGRAMA DE PÓS-GRADUAÇÃO EM GESTÃO DA INFORMAÇÃO E DO CONHECIMENTO
101050603;MESTRADO PROFISSIONAL EM GESTÃO DA QUALIDADE EM SERVIÇOS DE SAÚDE;8084;PROGRAMA DE PÓS-GRADUAÇÃO EM GESTÃO DA QUALIDADE EM SERVIÇOS DE SAÚDE
97339504;MESTRADO PROFISSIONAL EM GESTÃO DE PROCESSOS INSTITUCIONAIS;7513;PROGRAMA DE PÓS-GRADUAÇÃO EM GESTÃO DE PROCESSOS INSTITUCIONAIS
121508483;MESTRADO PROFISSIONAL EM GESTÃO E INOVAÇÃO EM SAÚDE;10482;PROGRAMA DE PÓS-GRADUAÇÃO EM GESTÃO E INOVAÇÃO EM SAÚDE
84798578;MESTRADO PROFISSIONAL EM GESTÃO PÚBLICA;5679;PROGRAMA DE PÓS-GRADUAÇÃO EM GESTÃO PÚBLICA
133255820;MESTRADO PROFISSIONAL EM GESTÃO, TRABALHO, EDUCAÇÃO E SAÚDE;11656;PROGRAMA DE PÓS-GRADUAÇÃO EM GESTÃO, TRABALHO, EDUCAÇÃO E SAÚDE
121508460;MESTRADO PROFISSIONAL EM INOVAÇÃO EM TECNOLOGIAS EDUCACIONAIS;10481;PROGRAMA DE PÓS-GRADUAÇÃO EM INOVAÇÃO EM TECNOLOGIAS EDUCACIONAIS
98200045;MESTRADO PROFISSIONAL EM LETRAS;7762;PROGRAMA DE PÓS-GRADUAÇÃO EM LETRAS - PROFLETRAS NATAL
98199604;MESTRADO PROFISSIONAL EM LETRAS;7763;PROGRAMA DE PÓS-GRADUAÇÃO EM LETRAS - PROFLETRAS CURRAIS NOVOS
84739892;MESTRADO PROFISSIONAL EM MATEMÁTICA EM REDE NACIONAL;5671;PROGRAMA DE PÓS-GRADUAÇÃO EM MATEMÁTICA - REDE NACIONAL
121875454;MESTRADO PROFISSIONAL EM PRÁTICAS DE SAÚDE E EDUCAÇÃO;10489;PROGRAMA DE PÓS-GRADUAÇÃO EM SAÚDE E SOCIEDADE
114310260;MESTRADO PROFISSIONAL EM QUÍMICA - PROFQUI;9493;PROGRAMA DE PÓS-GRADUAÇÃO EM QUÍMICA - REDE NACIONAL
88211810;MESTRADO PROFISSIONAL EM SAÚDE DA FAMÍLIA;6135;PROGRAMA DE PÓS-GRADUAÇÃO EM SAÚDE DA FAMÍLIA NO NORDESTE
100181629;MESTRADO PROFISSIONAL EM TECNOLOGIA DA INFORMAÇÃO;7872;PROGRAMA DE PÓS-GRADUAÇÃO EM TECNOLOGIA DA INFORMAÇÃO
101644626;METEOROLOGIA;439;CENTRO DE CIÊNCIAS EXATAS E DA TERRA
90519113;METODOLOGIAS PARA AÇÕES TRANSFORMADORAS;54;DEPARTAMENTO DE ARQUITETURA
106959927;METROLOGIA E CONTROLE DE QUALIDADE DE LABORATÓRIOS QUÍMICOS;121;DEPARTAMENTO DE FÍSICA TEÓRICA E EXPERIMENTAL
171676800;MINISTERIO PUBLICO;1589;DEPARTAMENTO DE ENGENHARIA DE MATERIAIS
166650199;MUNDO DIGITAL PARA A EDUCAÇÃO DE SURDO;7052;CAENE
111635069;MÚSICA;284;ESCOLA DE MÚSICA
2000057;MÚSICA;284;ESCOLA DE MÚSICA
88752182;MUSICALIZAÇÃO PARA PESSOAS COM NECESSIDADES ESPECÍFICAS;284;ESCOLA DE MÚSICA
128399752;MÚSICA POPULAR;284;ESCOLA DE MÚSICA
120996533;NEGÓCIOS DIGITAIS;161;DEPARTAMENTO DE CIÊNCIAS ADMINISTRATIVAS - DEPAD
165507661;NEUROCIÊNCIAS APLICADAS AOS NEGÓCIOS;31011;FACULDADE DE ENGENHARIA, LETRAS E CIÊNCIAS SOCIAIS DO SERIDÓ - FELCS
150725131;NEUROPSICOLOGIA CLÍNICA;143;DEPARTAMENTO DE PSICOLOGIA
184905124;NEUROPSICOPEDAGOGIA CLÍNICA;9197;PROGRAMA DE FORMAÇÃO CONTINUADA
159805542;NEUROPSICOPEDAGOGIA INSTITUCIONAL E EDUCAÇÃO ESPECIAL NA PERSPECTIVA DA INCLUSÃO;4880;DEPARTAMENTO DE EDUCAÇÃO - CERES
10317040;NUTRIÇÃO;4890;FACULDADE DE CIÊNCIAS DA SAÚDE DO TRAIRI - FACISA
2000058;NUTRIÇÃO;441;CENTRO DE CIÊNCIAS DA SAÚDE
129001038;NUTRIÇÃO MATERNO-INFANTIL;4890;FACULDADE DE CIÊNCIAS DA SAÚDE DO TRAIRI - FACISA
2228067;NUTRIGENÔMICA;182;DEPARTAMENTO DE BIOQUÍMICA
2000059;ODONTOLOGIA;441;CENTRO DE CIÊNCIAS DA SAÚDE
184597147;OPERADOR DE COMPUTADOR - EJA EPT - BOA SAÚDE;351;ESCOLA AGRÍCOLA DE JUNDIAÍ
183038271;OPERADOR DE COMPUTADOR - EJA EPT - CANGUARETAMA;351;ESCOLA AGRÍCOLA DE JUNDIAÍ
174826493;OPERADOR DE COMPUTADOR - EJA EPT - LAGOA DE PEDRAS;351;ESCOLA AGRÍCOLA DE JUNDIAÍ
185144514;OPERADOR DE COMPUTADOR - EJA EPT - LAGOA SALGADA;351;ESCOLA AGRÍCOLA DE JUNDIAÍ
178819691;OPERADOR DE COMPUTADOR - EJA EPT - PARNAMIRIM;351;ESCOLA AGRÍCOLA DE JUNDIAÍ
178869140;OPERADOR DE COMPUTADOR - EJA EPT - SENADOR GEORGINO AVELINO;351;ESCOLA AGRÍCOLA DE JUNDIAÍ
182771805;OPERADOR DE COMPUTADOR - EJA EPT - TIBAU DO SUL;351;ESCOLA AGRÍCOLA DE JUNDIAÍ
50799262;PEDAGOGIA;5965;CENTRO DE EDUCAÇÃO
2000063;PEDAGOGIA;5965;CENTRO DE EDUCAÇÃO
2000064;PEDAGOGIA;1482;CENTRO DE  ENSINO SUPERIOR DO SERIDÓ
171381955;PERIODONTIA;195;DEPARTAMENTO DE ODONTOLOGIA
127907607;PERIODONTIA;1483;PRÓ-REITORIA DE PÓS GRADUAÇÃO
171385574;PERIODONTIA;195;DEPARTAMENTO DE ODONTOLOGIA
171384853;PERIODONTIA;195;DEPARTAMENTO DE ODONTOLOGIA
185173184;PERIODONTIA;195;DEPARTAMENTO DE ODONTOLOGIA
127562866;PERIODONTIA;195;DEPARTAMENTO DE ODONTOLOGIA
140414275;PLANEJAMENTO TERRITORIAL APLICADO AO SANEAMENTO;142;DEPARTAMENTO DE GEOGRAFIA/CCHLA
171122879;POLÍTICAS PÚBLICAS E INOVAÇÃO;1824;INSTITUTO DE POLÍTICAS PÚBLICAS
105113657;PÓS-GRADUAÇÃO LATO SENSU EM PROCESSOS E PRODUTOS TÊXTEIS;424;DEPARTAMENTO DE ENGENHARIA TÊXTIL
174996402;PP;5486;CERES - DEPARTAMENTO DE HISTÓRIA
175966586;PRESCRIÇÃO DE EXERCÍCIO E TREINAMENTO DE FORÇA PARA REABILITAÇÃO E DESEMPENHO;4890;FACULDADE DE CIÊNCIAS DA SAÚDE DO TRAIRI - FACISA
134682488;PRINT/UFRN;30040;PRÓ-REITORIA DE PÓS-GRADUAÇÃO - PRINT
93455349;PRODUÇÃO;115;DEPARTAMENTO DE ENGENHARIA PRODUÇÃO
90764358;PROEJA- ENSINO MEDIO COM QUALIFICACAO EM MONTAGEM E MANUTENCAO DE COMPUTADORES;351;ESCOLA AGRÍCOLA DE JUNDIAÍ
89969827;PROEJA- ENSINO MEDIO COM QUALIFICACAO EM PROCESSAMENTO DE ALIMENTOS;351;ESCOLA AGRÍCOLA DE JUNDIAÍ
133081614;PROFLETRAS COORDENAÇÃO NACIONAL;11619;PROFLETRAS - COORDENAÇÃO NACIONAL - MESTRADO
101080278;PROGRAMA DE CAPACITAÇÃO E QUALIFICAÇÃO;11;DDP/PROGESP - DIRETORIA DE DESENVOLVIMENTO DE PESSOAS
135938122;PROGRAMA DE ESTUDOS SECUNDÁRIOS;6069;INSTITUTO METROPOLE DIGITAL
135035650;PROGRAMA DE RESIDÊNCIA EM ATENÇÃO PSICOSSOCIAL;30044;PROGRAMA DE RESIDÊNCIA EM ATENÇÃO PSICOSSOCIAL
117632336;PROGRAMA DE RESIDÊNCIA JUDICIAL- 3ª TURMA;404;PROGRAMA DE PÓS-GRADUAÇÃO EM DIREITO
116740135;PROGRAMA DE RESIDÊNCIA JUDICIAL- 3ª TURMA;404;PROGRAMA DE PÓS-GRADUAÇÃO EM DIREITO
140690440;PROGRAMA DE RESIDÊNCIA MÉDICA EM CLÍNICA MÉDICA;7835;PROGRAMA DE RESIDÊNCIA MÉDICA EM CLÍNICA MÉDICA
93262777;PROGRAMA DE RESIDÊNCIA MÉDICA EM MEDICINA DA FAMÍLIA E COMUNIDADE;7066;PROGRAMA DE RESIDÊNCIA MÉDICA EM MEDICINA DA FAMÍLIA E COMUNIDADE
93262776;PROGRAMA DE RESIDÊNCIA MÉDICA EM PEDIATRIA;7065;PROGRAMA DE RESIDÊNCIA MÉDICA EM PEDIATRIA
118776383;PROGRAMA DE RESIDÊNCIA MÉDICA EM REUMATOLOGIA/RESREUM/HUOL;10120;PROGRAMA DE RESIDÊNCIA MÉDICA EM REUMATOLOGIA
173511588;PROGRAMA DE RESIDÊNCIA UNIPROFISSIONAL EM ENFERMAGEM OBSTÉTRICA;32462;PROGRAMA DE RESIDÊNCIA UNIPROFISSIONAL EM ENFERMAGEM OBSTÉTRICA
904141;PROJETO 1;144;DEPARTAMENTO DE ANTROPOLOGIA
90937674;PROPAGANDA E MARKETING;140;DEPARTAMENTO DE COMUNICAÇÃO SOCIAL
105602524;PROPAGANDA E MARKETING NA GESTÃO DE MARCAS;140;DEPARTAMENTO DE COMUNICAÇÃO SOCIAL
90609271;PRÓ-REITORIA DE PÓS-GRADUAÇÃO;1483;PRÓ-REITORIA DE PÓS GRADUAÇÃO
127888738;PRÓTESE DENTÁRIA;195;DEPARTAMENTO DE ODONTOLOGIA
127915115;PRÓTESE DENTÁRIA;195;DEPARTAMENTO DE ODONTOLOGIA
140425273;PRÓTESE DENTÁRIA;195;DEPARTAMENTO DE ODONTOLOGIA
2000066;PSICOLOGIA;442;CENTRO DE CIÊNCIAS HUMANAS, LETRAS E ARTES
102160763;PSICOLOGIA;4890;FACULDADE DE CIÊNCIAS DA SAÚDE DO TRAIRI - FACISA
89384045;PSICOLOGIA DA SAÚDE: DESENVOLVIMENTO E HOSPITALIZAÇÃO;143;DEPARTAMENTO DE PSICOLOGIA
124336554;PSICOLOGIA DA SAÚDE: DESENVOLVIMENTO E HOSPITALIZAÇÃO;143;DEPARTAMENTO DE PSICOLOGIA
89384114;PSICOLOGIA DA SAÚDE: DESENVOLVIMENTO E HOSPITALIZAÇÃO;143;DEPARTAMENTO DE PSICOLOGIA
129109516;QQQQQQQQQQQQQQQQ;1452;NÚCLEO DE EDUCAÇÃO DA INFÂNCIA
2000067;QUÍMICA;439;CENTRO DE CIÊNCIAS EXATAS E DA TERRA
111635075;QUÍMICA;439;CENTRO DE CIÊNCIAS EXATAS E DA TERRA
2000144;QUÍMICA;439;CENTRO DE CIÊNCIAS EXATAS E DA TERRA
3156200;QUÍMICA DO PETRÓLEO;439;CENTRO DE CIÊNCIAS EXATAS E DA TERRA
2499607;REGÊNCIA;284;ESCOLA DE MÚSICA
170595750;RELAÇÕES INTERNACIONAIS;443;CENTRO DE CIÊNCIAS SOCIAIS APLICADAS
130026449;RESIDÊNCIA ALUNOS ESPECIAIS PPG;11351;ALUNOS ESPECIAIS PPG - RESIDENCIA
117522695;RESIDENCIA EM ANESTESIOLOGIA/RESANES/HUAB;10006;PROGRAMA DE RESIDÊNCIA MÉDICA EM ANESTESIOLOGIA
5036021;RESIDÊNCIA EM ASSISTÊNCIA MATERNO-INFANTIL;5506;PROGRAMA DE RESIDÊNCIA EM ASSISTÊNCIA MATERNOINFANTIL
5036022;RESIDÊNCIA EM ATENÇÃO À SAÚDE DA CRIANÇA;5503;PROGRAMA DE RESIDÊNCIA EM ATENÇÃO À SAÚDE DA CRIANÇA
116724075;RESIDÊNCIA EM ATENÇÃO BÁSICA/RESATBAS/EMCM;9930;PROGRAMA DE RESIDÊNCIA EM ATENÇÃO BÁSICA-EMCM
116724070;RESIDÊNCIA EM CARDIOLOGIA/RESCARD/HUOL;9925;PROGRAMA DE RESIDÊNCIA EM CARDIOLOGIA-HUOL
5036023;RESIDÊNCIA EM CIRURGIA E TRAUMATOLOGIA BUCO-MAXILO-FACIAIS;5502;PROGRAMA DE RESIDÊNCIA EM CIRURGIA E TRAUMATOLOGIA BUCO-MAXILO-FACIAIS
117972362;RESIDÊNCIA EM ENDOCRINOLOGIA PEDIÁTRICA;193;DEPARTAMENTO DE PEDIATRIA
94676386;RESIDÊNCIA EM ENGENHARIA DE SOFTWARE;6069;INSTITUTO METROPOLE DIGITAL
116724074;RESIDÊNCIA EM SAÚDE MATERNO-INFANTIL/RESSMI/EMCM;9929;PROGRAMA DE RESIDÊNCIA EM SAÚDE MATERNO-INFANTIL-EMCM
172040560;RESIDÊNCIA EM TECNOLOGIA DA INFORMAÇÃO;6069;INSTITUTO METROPOLE DIGITAL
159559573;RESIDÊNCIA EM TECNOLOGIA DA INFORMAÇÃO;6069;INSTITUTO METROPOLE DIGITAL
154673097;RESIDÊNCIA EM TECNOLOGIA DA INFORMAÇÃO;6069;INSTITUTO METROPOLE DIGITAL
166950278;RESIDÊNCIA EM TECNOLOGIA DA INFORMAÇÃO;6069;INSTITUTO METROPOLE DIGITAL
121327189;RESIDÊNCIA EM TECNOLOGIA DA INFORMAÇÃO APLICADA À ÁREA JURÍDICA;6069;INSTITUTO METROPOLE DIGITAL
132855180;RESIDÊNCIA EM TECNOLOGIA DA INFORMAÇÃO APLICADA À ÁREA JURÍDICA;6069;INSTITUTO METROPOLE DIGITAL
125496087;RESIDÊNCIA EM TECNOLOGIA DA INFORMAÇÃO APLICADA À ÁREA JURÍDICA - TURMA JF;6069;INSTITUTO METROPOLE DIGITAL
125109770;RESIDÊNCIA EM TECNOLOGIA DA INFORMAÇÃO APLICADA À ÁREA JURÍDICA - TURMA TCE/RN;6069;INSTITUTO METROPOLE DIGITAL
158398788;RESIDÊNCIA EM TECNOLOGIA DA INFORMAÇÃO - JFRN;6069;INSTITUTO METROPOLE DIGITAL
136188561;RESIDÊNCIA EM TECNOLOGIA DA INFORMAÇÃO - JFRN;6069;INSTITUTO METROPOLE DIGITAL
158396400;RESIDÊNCIA EM TECNOLOGIA DA INFORMAÇÃO - JUSTIÇA FEDERAL DO RN (JFRN) - TURMA 4;6069;INSTITUTO METROPOLE DIGITAL
160690850;RESIDÊNCIA EM TECNOLOGIA DA INFORMAÇÃO NA ÁREA DA SAÚDE PARA A LIGA CONTRA O CÂNCER;6069;INSTITUTO METROPOLE DIGITAL
136204657;RESIDÊNCIA EM TECNOLOGIA DA INFORMAÇÃO - SECRETARIA DE ESTADO DA ADMINISTRAÇÃO DO RN;6069;INSTITUTO METROPOLE DIGITAL
135098790;RESIDÊNCIA EM TECNOLOGIA DA INFORMAÇÃO - TCE/RN;6069;INSTITUTO METROPOLE DIGITAL
161026300;RESIDÊNCIA EM TECNOLOGIA DA INFORMAÇÃO - TCMRJ/IMD;6069;INSTITUTO METROPOLE DIGITAL
161008105;RESIDÊNCIA EM TECNOLOGIA DA INFORMAÇÃO - TCMRJ/IMD;6069;INSTITUTO METROPOLE DIGITAL
160967303;RESIDÊNCIA EM TECNOLOGIA DA INFORMAÇÃO - TCMRJ/IMD;6069;INSTITUTO METROPOLE DIGITAL
161033950;RESIDÊNCIA EM TECNOLOGIA DA INFORMAÇÃO - TCMRJ/IMD;6069;INSTITUTO METROPOLE DIGITAL
161009948;RESIDÊNCIA EM TECNOLOGIA DA INFORMAÇÃO - TCMRJ/IMD;6069;INSTITUTO METROPOLE DIGITAL
161029663;RESIDÊNCIA EM TECNOLOGIA DA INFORMAÇÃO - TCMRJ/IMD;6069;INSTITUTO METROPOLE DIGITAL
160965162;RESIDÊNCIA EM TECNOLOGIA DA INFORMAÇÃO - TCMRJ/IMD;6069;INSTITUTO METROPOLE DIGITAL
161011685;RESIDÊNCIA EM TECNOLOGIA DA INFORMAÇÃO - TCMRJ/IMD;6069;INSTITUTO METROPOLE DIGITAL
175479476;RESIDÊNCIA EM TECNOLOGIA DA INFORMAÇÃO - TJAC;6069;INSTITUTO METROPOLE DIGITAL
143918659;RESIDÊNCIA EM TECNOLOGIA DA INFORMAÇÃO - TRE/RN - TURMA 2;6069;INSTITUTO METROPOLE DIGITAL
159369037;RESIDÊNCIA EM TECNOLOGIA DA INFORMAÇÃO - TRE/RN - TURMA 3;6069;INSTITUTO METROPOLE DIGITAL
170327662;RESIDÊNCIA EM TECNOLOGIA DA INFORMAÇÃO - TRE/RN - TURMA 4;6069;INSTITUTO METROPOLE DIGITAL
165219373;RESIDÊNCIA EM TECNOLOGIA DA INFORMAÇÃO - TRF5;6069;INSTITUTO METROPOLE DIGITAL
136947895;RESIDÊNCIA EM TECNOLOGIA DA INFORMAÇÃO - TURMA LAIS;6069;INSTITUTO METROPOLE DIGITAL
133771177;RESIDÊNCIA EM TECNOLOGIA DA INFORMAÇÃO - TURMA NUPLAM;6069;INSTITUTO METROPOLE DIGITAL
136093029;RESIDÊNCIA EM TECNOLOGIA DA INFORMAÇÃO - TURMA SEBRAE;6069;INSTITUTO METROPOLE DIGITAL
132855229;RESIDÊNCIA EM TECNOLOGIA DA INFORMAÇÃO - TURMA TRE/RN;6069;INSTITUTO METROPOLE DIGITAL
5036024;RESIDÊNCIA EM TERAPIA INTENSIVA ADULTO;5504;PROGRAMA DE RESIDÊNCIA EM TERAPIA INTENSIVA ADULTO
5036025;RESIDÊNCIA EM TERAPIA INTENSIVA NEONATAL;5505;PROGRAMA DE RESIDÊNCIA EM TERAPIA INTENSIVA NEONATAL
176189793;RESIDENCIA JUDICIAL;236;CERES - DEPTO CIÊNCIAS SOCIAIS E HUMANAS
97144789;RESIDÊNCIA JUDICIAL;404;PROGRAMA DE PÓS-GRADUAÇÃO EM DIREITO
108428903;RESIDÊNCIA JUDICIAL;404;PROGRAMA DE PÓS-GRADUAÇÃO EM DIREITO
176336866;RESIDÊNCIA JUDICIAL 1;404;PROGRAMA DE PÓS-GRADUAÇÃO EM DIREITO
176371155;RESIDÊNCIA JUDICIAL 2 - PRÁTICA JURISDICIONAL TUTELADA;404;PROGRAMA DE PÓS-GRADUAÇÃO EM DIREITO
176373029;RESIDÊNCIA JUDICIAL 3 - PRÁTICA JURISDICIONAL TUTELADA;404;PROGRAMA DE PÓS-GRADUAÇÃO EM DIREITO
123924877;RESIDÊNCIA JUDICIAL (MÓDULO R1);404;PROGRAMA DE PÓS-GRADUAÇÃO EM DIREITO
156535967;RESIDÊNCIA JUDICIAL (MÓDULO R1 E R2);404;PROGRAMA DE PÓS-GRADUAÇÃO EM DIREITO
116285516;RESIDÊNCIA MÉDICA DA ESCOLA MULTICAMPI DE CIÊNCIAS MÉDICAS;7278;ESCOLA MULTICAMPI DE CIÊNCIAS MÉDICAS DO RIO GRANDE DO NORTE
148242149;RESIDÊNCIA MÉDICA DA MATERNIDADE ESCOLA JANUÁRIO CICCO;1483;PRÓ-REITORIA DE PÓS GRADUAÇÃO
148241386;RESIDÊNCIA MÉDICA DO HOSPITAL UNIVERSITÁRIO ANA BEZERRA;1483;PRÓ-REITORIA DE PÓS GRADUAÇÃO
147998485;RESIDÊNCIA MÉDICA DO HOSPITAL UNIVERSITÁRIO ONOFRE LOPES;1483;PRÓ-REITORIA DE PÓS GRADUAÇÃO
5036027;RESIDÊNCIA MÉDICA EM ANESTESIOLOGIA;5507;PROGRAMA DE RESIDÊNCIA MÉDICA EM ANESTESIOLOGIA
5036026;RESIDÊNCIA MÉDICA EM CARDIOLOGIA;5508;PROGRAMA DE RESIDÊNCIA MÉDICA EM CARDIOLOGIA
5036028;RESIDÊNCIA MÉDICA EM CIRURGIA GERAL;5509;PROGRAMA DE RESIDÊNCIA MÉDICA EM CIRURGIA GERAL
116724072;RESIDÊNCIA MÉDICA EM CIRURGIA GERAL/RESCIRG/EMCM;9927;PROGRAMA DE RESIDÊNCIA MÉDICA EM CIRURGIA GERAL-EMCM
88337492;RESIDÊNCIA MÉDICA EM CIRURGIA VIDEOLAPAROSCÓPICA;6075;PROGRAMA DE RESIDÊNCIA MÉDICA EM CIRURGIA VIDEOLAPAROSCÓPICA
5036029;RESIDÊNCIA MÉDICA EM CLÍNICA MÉDICA;5520;PROGRAMA DE RESIDÊNCIA MÉDICA EM CIRURGIA DO APARELHO DIGESTIVO
116724073;RESIDÊNCIA MÉDICA EM CLÍNICA MÉDICA/RESCLMED/EMCM;9928;PROGRAMA DE RESIDÊNCIA MÉDICA EM CLÍNICA MÉDICA-EMCM
5036030;RESIDÊNCIA MÉDICA EM DERMATOLOGIA;5510;PROGRAMA DE RESIDÊNCIA MÉDICA EM DERMATOLOGIA
157663602;RESIDÊNCIA MÉDICA EM ECOCARDIOGRAFIA;31354;PROGRAMA DE RESIDÊNCIA MÉCIDA EM ECOCARDIOGRAFIA
5036031;RESIDÊNCIA MÉDICA EM ENDOCRINOLOGIA;5511;PROGRAMA DE RESIDÊNCIA MÉDICA EM ENDOCRINOLOGIA
5036032;RESIDÊNCIA MÉDICA EM ENDOCRINOLOGIA PEDIÁTRICA;5512;PROGRAMA DE RESIDÊNCIA MÉDICA EM ENDOCRINOLOGIA PEDIÁTRICA
5036033;RESIDÊNCIA MÉDICA EM ENDOSCOPIA GINECOLÓGICA;5513;PROGRAMA DE RESIDÊNCIA MÉDICA EM ENDOSCOPIA GINECOLÓGICA
134975375;RESIDÊNCIA MÉDICA EM GASTROENTEROLOGIA;5521;PROGRAMA DE RESIDÊNCIA MÉDICA EM GASTROENTEROLOGIA
88337493;RESIDÊNCIA MÉDICA EM GASTROENTEROLOGIA - ENDOSCOPIA DIGESTIVA;6076;PROGRAMA DE RESIDÊNCIA MÉDICA EM GASTROENTEROLOGIA - ENDOSCOPIA DIGESTIVA
88337494;RESIDÊNCIA MÉDICA EM GASTROENTEROLOGIA - HEPATOLOGIA;6077;PROGRAMA DE RESIDÊNCIA MÉDICA EM GASTROENTEROLOGIA - HEPATOLOGIA
167991689;RESIDÊNCIA MÉDICA EM GASTROENTEROLOGIA PEDIÁTRICA;5522;PROGRAMA DE RESIDÊNCIA MÉDICA EM GASTROENTEROLOGIA PEDIÁTRICA
110378615;RESIDÊNCIA MÉDICA EM GINECOLOGIA E OBSTETRÍCIA;9137;PROGRAMA DE RESIDÊNCIA MÉDICA EM GINECOLOGIA E OBSTETRÍCIA
5036038;RESIDÊNCIA MÉDICA EM GINECOLOGIA E OBSTETRÍCIA;5523;PROGRAMA DE RESIDÊNCIA MÉDICA EM GINECOLOGIA E OBSTETRÍCIA
5036039;RESIDÊNCIA MÉDICA EM INFECTOLOGIA;5524;PROGRAMA DE RESIDÊNCIA MÉDICA EM INFECTOLOGIA
5036040;RESIDÊNCIA MÉDICA EM MEDICINA DE FAMÍLIA E COMUNIDADE;5525;PROGRAMA DE RESIDÊNCIA MÉDICA EM MEDICINA DE FAMÍLIA E COMUNIDADE
116724071;RESIDÊNCIA MÉDICA EM MEDICINA DE FAMÍLIA E COMUNIDADE/RESMMFC/EMCM;9926;PROGRAMA DE RESIDÊNCIA MÉDICA EM MEDICINA DE FAMÍLIA E COMUNIDADE-EMCM
158680993;RESIDÊNCIA MÉDICA EM MEDICINA INTENSIVA;7759;PROGRAMA DE RESIDÊNCIA MÉDICA EM MEDICINA INTENSIVA
140686470;RESIDÊNCIA MÉDICA EM NEFROLOGIA;7760;PROGRAMA DE RESIDÊNCIA MÉDICA EM NEFROLOGIA
5036041;RESIDÊNCIA MÉDICA EM NEONATOLOGIA;5526;PROGRAMA DE RESIDÊNCIA MÉDICA EM NEONATOLOGIA
5036042;RESIDÊNCIA MÉDICA EM NEUROCIRURGIA;5527;PROGRAMA DE RESIDÊNCIA MÉDICA EM NEUROCIRURGIA
5036043;RESIDÊNCIA MÉDICA EM NEUROLOGIA;5528;PROGRAMA DE RESIDÊNCIA MÉDICA EM NEUROLOGIA
88337495;RESIDÊNCIA MÉDICA EM NEUROLOGIA;6078;PROGRAMA DE RESIDÊNCIA MÉDICA EM NEUROLOGIA
5036044;RESIDÊNCIA MÉDICA EM NEUROLOGIA PEDIÁTRICA;5529;PROGRAMA DE RESIDÊNCIA MÉDICA EM NEUROLOGIA PEDIÁTRICA
5036045;RESIDÊNCIA MÉDICA EM OFTALMOLOGIA;5530;PROGRAMA DE RESIDÊNCIA MÉDICA EM OFTALMOLOGIA
5036046;RESIDÊNCIA MÉDICA EM OTORRINOLARINGOLOGIA;5531;PROGRAMA DE RESIDÊNCIA MÉDICA EM OTORRINOLARINGOLOGIA
5048042;RESIDÊNCIA MÉDICA EM PATOLOGIA;5514;PROGRAMA DE RESIDÊNCIA MÉDICA EM PATOLOGIA
5036034;RESIDÊNCIA MÉDICA EM PEDIATRIA;5516;PROGRAMA DE RESIDÊNCIA MÉDICA EM PEDIATRIA
5036035;RESIDÊNCIA MÉDICA EM PSIQUIATRIA;5517;PROGRAMA DE RESIDÊNCIA MÉDICA EM PSIQUIATRIA
5036036;RESIDÊNCIA MÉDICA EM RADIOLOGIA;5518;PROGRAMA DE RESIDÊNCIA MÉDICA EM RADIOLOGIA
5036037;RESIDÊNCIA MÉDICA EM UROLOGIA;5519;PROGRAMA DE RESIDÊNCIA MÉDICA EM UROLOGIA
2060661;RESIDÊNCIA MÉDICA EM UROLOGIA;5277;COREME - UROLOGIA
148382970;RESIDÊNCIA MULTIPROFISSIONAL DA ESCOLA MULTICAMPI DE CIÊNCIAS MÉDICAS;1483;PRÓ-REITORIA DE PÓS GRADUAÇÃO
148247441;RESIDÊNCIA MULTIPROFISSIONAL DA MATERNIDADE ESCOLA JANUÁRIO CICCO;1483;PRÓ-REITORIA DE PÓS GRADUAÇÃO
148241986;RESIDÊNCIA MULTIPROFISSIONAL DO HOSPITAL UNIVERSITÁRIO ANA BEZERRA;1483;PRÓ-REITORIA DE PÓS GRADUAÇÃO
148255261;RESIDÊNCIA MULTIPROFISSIONAL DO HOSPITAL UNIVERSITÁRIO ONOFRE LOPES;1483;PRÓ-REITORIA DE PÓS GRADUAÇÃO
115820116;RESIDÊNCIA MULTIPROFISSIONAL EM ATENÇÃO BÁSICA E EM SAÚDE MATERNO-INFANTIL;7278;ESCOLA MULTICAMPI DE CIÊNCIAS MÉDICAS DO RIO GRANDE DO NORTE
172798318;RESIDÊNCIA UNIPROFISSIONAL EM CIRURGIA BUCO-MAXILO-FACIAL DO HOSPITAL UNIVERSITÁRIO ONOFRE LOPES;1483;PRÓ-REITORIA DE PÓS GRADUAÇÃO
7252420;SAÚDE COLETIVA;441;CENTRO DE CIÊNCIAS DA SAÚDE
157289885;SAÚDE DA FAMÍLIA;205;ESCOLA DE SAÚDE
2000068;SERVIÇO SOCIAL;443;CENTRO DE CIÊNCIAS SOCIAIS APLICADAS
141479960;SIGAA;1589;DEPARTAMENTO DE ENGENHARIA DE MATERIAIS
2069728;SIMPÓSIO DE DST E AIDS;197;DEPARTAMENTO DE TOCO-GINECOLOGIA
7191770;SISTEMAS DE INFORMAÇÃO;1482;CENTRO DE  ENSINO SUPERIOR DO SERIDÓ
104281175;SOCIOLOGIA;136;DEPARTAMENTO DE CIÊNCIAS SOCIAIS
155160517;SSS;161;DEPARTAMENTO DE CIÊNCIAS ADMINISTRATIVAS - DEPAD
127662526;SSSS;195;DEPARTAMENTO DE ODONTOLOGIA
117859096;SUPERVISÃO EAD;8919;ESCOLA AGRICOLA DE JUNDIAI - PRONATEC
2000158;TEATRO;442;CENTRO DE CIÊNCIAS HUMANAS, LETRAS E ARTES
5400;TÉCNICO DE MÚSICA (CANTO);284;ESCOLA DE MÚSICA
4970;TÉCNICO DE MÚSICA (INSTRUMENTO);284;ESCOLA DE MÚSICA
5402;TÉCNICO DE MÚSICA (PROCESSOS FONOGRÁFICOS);284;ESCOLA DE MÚSICA
5401;TÉCNICO DE MÚSICA (REGÊNCIA);284;ESCOLA DE MÚSICA
127877945;TECNICO EM ADMINISTRAÇÃO;351;ESCOLA AGRÍCOLA DE JUNDIAÍ
125836332;TÉCNICO EM ADMINISTRAÇÃO - MEDIOTEC - 2017.2 - MOSSORÓ;8919;ESCOLA AGRICOLA DE JUNDIAI - PRONATEC
125836370;TÉCNICO EM ADMINISTRAÇÃO - MEDIOTEC - 2017.2 - PATÚ;8919;ESCOLA AGRICOLA DE JUNDIAI - PRONATEC
94763016;TÉCNICO EM AGENTE COMUNITÁRIO DE SAÚDE;205;ESCOLA DE SAÚDE
89236703;TECNICO EM AGRICULTURA CORRESPONDENTE AO ENSINO MEDIO;351;ESCOLA AGRÍCOLA DE JUNDIAÍ
125836411;TÉCNICO EM AGRICULTURA - MEDIOTEC - 2017.2 - MACAÍBA;8919;ESCOLA AGRICOLA DE JUNDIAI - PRONATEC
125836381;TÉCNICO EM AGRICULTURA - MEDIOTEC - 2017.2 - PASSA E FICA;8919;ESCOLA AGRICOLA DE JUNDIAI - PRONATEC
125836390;TÉCNICO EM AGRICULTURA - MEDIOTEC - 2017.2 - SENADOR ELÓI DE SOUZA;8919;ESCOLA AGRICOLA DE JUNDIAI - PRONATEC
125836386;TÉCNICO EM AGRICULTURA - MEDIOTEC - 2017.2 - VERA CRUZ;8919;ESCOLA AGRICOLA DE JUNDIAI - PRONATEC
106084697;TÉCNICO EM AGROECOLOGIA CONCOMITANTE - APODI - PRONATEC;8919;ESCOLA AGRICOLA DE JUNDIAI - PRONATEC
115305660;TÉCNICO EM AGROECOLOGIA CONCOMITANTE - SÃO JOSÉ DO MIPIBÚ - 2015.3;8919;ESCOLA AGRICOLA DE JUNDIAI - PRONATEC
115305659;TÉCNICO EM AGROECOLOGIA CONCOMITANTE - TOUROS - 2015.3;8919;ESCOLA AGRICOLA DE JUNDIAI - PRONATEC
104829374;TÉCNICO EM AGROECOLOGIA - EAJ - PRONATEC;8919;ESCOLA AGRICOLA DE JUNDIAI - PRONATEC
106575692;TÉCNICO EM AGROECOLOGIA - JOÃO CÂMARA - PRONATEC;8919;ESCOLA AGRICOLA DE JUNDIAI - PRONATEC
125836160;TÉCNICO EM AGROECOLOGIA - MEDIOTEC - 2017.2 - ASSÚ;8919;ESCOLA AGRICOLA DE JUNDIAI - PRONATEC
107700152;TÉCNICO EM AGROECOLOGIA - PEDRO AVELINO;8919;ESCOLA AGRICOLA DE JUNDIAI - PRONATEC
91131594;TÉCNICO EM AGROINDÚSTRIA A DISTÂNCIA - E-TEC;351;ESCOLA AGRÍCOLA DE JUNDIAÍ
128442084;TECNICO EM AGROINDUSTRIA A DISTÂNCIA ETEC SUBSEQUENTE 1200HS;351;ESCOLA AGRÍCOLA DE JUNDIAÍ
89566524;TECNICO EM AGROINDUSTRIA CONCOMITANTE;351;ESCOLA AGRÍCOLA DE JUNDIAÍ
89236989;TECNICO EM AGROINDUSTRIA CORRESPONDENTE AO ENSINO MEDIO;351;ESCOLA AGRÍCOLA DE JUNDIAÍ
104830980;TÉCNICO EM AGROINDÚSTRIA - EAJ - PRONATEC;8919;ESCOLA AGRICOLA DE JUNDIAI - PRONATEC
128154178;TÉCNICO EM AGROINDÚSTRIA ETEC MEDIOTEC;351;ESCOLA AGRÍCOLA DE JUNDIAÍ
4746394;TECNICO EM AGROINDUSTRIA SUBSEQUENTE;351;ESCOLA AGRÍCOLA DE JUNDIAÍ
113586412;TÉCNICO EM AGRONEGÓCIO 2015.2 - EAJ - PRONATEC;8919;ESCOLA AGRICOLA DE JUNDIAI - PRONATEC
127812701;TÉCNICO EM AGRONEGÓCIO A DISTANCIA ETEC;351;ESCOLA AGRÍCOLA DE JUNDIAÍ
106116814;TÉCNICO EM AGRONEGÓCIO SUBS. - EAJ - PRONATEC;8919;ESCOLA AGRICOLA DE JUNDIAI - PRONATEC
106573674;TÉCNICO EM AGRONEGÓCIO SUBS. - TOUROS - PRONATEC;8919;ESCOLA AGRICOLA DE JUNDIAI - PRONATEC
107700157;TÉCNICO EM AGRONEGÓCIO - TOUROS;8919;ESCOLA AGRICOLA DE JUNDIAI - PRONATEC
108814299;TÉCNICO EM AGROPECUÁRIA A DISTÂNCIA - E-TEC;351;ESCOLA AGRÍCOLA DE JUNDIAÍ
4746305;TECNICO EM AGROPECUARIA CONCOMITANTE;351;ESCOLA AGRÍCOLA DE JUNDIAÍ
97201468;TECNICO EM AGROPECUÁRIA CORRESPONDENTE AO ENSINO MÉDIO;351;ESCOLA AGRÍCOLA DE JUNDIAÍ
107700482;TÉCNICO EM AGROPECUÁRIA - JOÃO CÂMARA;8919;ESCOLA AGRICOLA DE JUNDIAI - PRONATEC
125836415;TÉCNICO EM AGROPECUÁRIA - MEDIOTEC - 2017.2 - MACAÍBA;8919;ESCOLA AGRICOLA DE JUNDIAI - PRONATEC
125836420;TÉCNICO EM AGROPECUÁRIA - MEDIOTEC - 2017.2 - MONTE ALEGRE;8919;ESCOLA AGRICOLA DE JUNDIAI - PRONATEC
125836360;TÉCNICO EM AGROPECUÁRIA - MEDIOTEC - 2017.2 - MOSSORÓ;8919;ESCOLA AGRICOLA DE JUNDIAI - PRONATEC
125836427;TÉCNICO EM AGROPECUÁRIA - MEDIOTEC - 2017.2 - SANTO ANTÔNIO;8919;ESCOLA AGRICOLA DE JUNDIAI - PRONATEC
4746233;TECNICO EM AGROPECUARIA SUBSEQUENTE;351;ESCOLA AGRÍCOLA DE JUNDIAÍ
106116842;TÉCNICO EM AGROPECUÁRIA SUBS. - TOUROS - PRONATEC;8919;ESCOLA AGRICOLA DE JUNDIAI - PRONATEC
106573659;TÉCNICO EM AGROPECUÁRIA SUBS. - VERA CRUZ - PRON;8919;ESCOLA AGRICOLA DE JUNDIAI - PRONATEC
107700483;TÉCNICO EM AGROPECUÁRIA - VERA CRUZ;8919;ESCOLA AGRICOLA DE JUNDIAI - PRONATEC
110000708;TÉCNICO EM ALIMENTAÇÃO ESCOLAR A DISTÂNCIA E-TEC;351;ESCOLA AGRÍCOLA DE JUNDIAÍ
94760623;TÉCNICO EM ANÁLISES CLÍNICAS;205;ESCOLA DE SAÚDE
116206366;TÉCNICO EM APICULTURA A DISTÂNCIA - E-TEC;351;ESCOLA AGRÍCOLA DE JUNDIAÍ
106084762;TÉCNICO EM APICULTURA CONCOMITANTE - SERRA DO MEL - PRONATEC;8919;ESCOLA AGRICOLA DE JUNDIAI - PRONATEC
110392658;TÉCNICO EM AQUICULTURA A DISTÂNCIA E-TEC;351;ESCOLA AGRÍCOLA DE JUNDIAÍ
89569923;TECNICO EM AQUICULTURA CONCOMITANTE;351;ESCOLA AGRÍCOLA DE JUNDIAÍ
97294724;TÉCNICO EM AQUICULTURA CORRESPONDENTE AO ENSINO MÉDIO;351;ESCOLA AGRÍCOLA DE JUNDIAÍ
104828480;TÉCNICO EM AQUICULTURA - EAJ - PRONATEC;8919;ESCOLA AGRICOLA DE JUNDIAI - PRONATEC
4769895;TECNICO EM AQUICULTURA SUBSEQUENTE;351;ESCOLA AGRÍCOLA DE JUNDIAÍ
179237291;TÉCNICO EM ÁUDIO;284;ESCOLA DE MÚSICA
104855616;TÉCNICO EM AUTOMAÇÃO INDUSTRIAL - IMD - PRONATEC;8919;ESCOLA AGRICOLA DE JUNDIAI - PRONATEC
104855742;TÉCNICO EM CERÂMICA - NATAL - PRONATEC;8919;ESCOLA AGRICOLA DE JUNDIAI - PRONATEC
104855224;TÉCNICO EM CITOPATOLOGIA - NATAL - PRONATEC;8919;ESCOLA AGRICOLA DE JUNDIAI - PRONATEC
107700266;TÉCNICO EM COMÉRCIO - CAICÓ;8919;ESCOLA AGRICOLA DE JUNDIAI - PRONATEC
100755713;TÉCNICO EM COMÉRCIO EXTERIOR A DISTÂNCIA E-TEC;351;ESCOLA AGRÍCOLA DE JUNDIAÍ
127876144;TECNICO EM CONTABILIDADE;351;ESCOLA AGRÍCOLA DE JUNDIAÍ
100755694;TÉCNICO EM COOPERATIVISMO A DISTÂNCIA E-TEC;351;ESCOLA AGRÍCOLA DE JUNDIAÍ
132439864;TÉCNICO EM COOPERATIVISMO A DISTANCIA ETEC MEDIOTEC;351;ESCOLA AGRÍCOLA DE JUNDIAÍ
170723080;TÉCNICO EM CUIDADOS DE IDOSOS;205;ESCOLA DE SAÚDE
106575702;TÉCNICO EM EDIFICAÇÕES - 2013.2 - EAJ - PRONATEC;8919;ESCOLA AGRICOLA DE JUNDIAI - PRONATEC
104855238;TÉCNICO EM EDIFICAÇÕES - 2014.1 - EAJ - PRONATEC;8919;ESCOLA AGRICOLA DE JUNDIAI - PRONATEC
113586304;TÉCNICO EM EDIFICAÇÕES 2015.2 - EAJ - PRONATEC;8919;ESCOLA AGRICOLA DE JUNDIAI - PRONATEC
115305806;TÉCNICO EM EDIFICAÇÕES CONCOMITANTE - NATAL - 2015.3;8919;ESCOLA AGRICOLA DE JUNDIAI - PRONATEC
115305770;TÉCNICO EM ELETROMECÂNICA CONCOMITANTE - MOSSORÓ - 2015.3;8919;ESCOLA AGRICOLA DE JUNDIAI - PRONATEC
125836299;TÉCNICO EM ELETROMECÂNICA - MEDIOTEC - 2017.2 - MOSSORÓ;8919;ESCOLA AGRICOLA DE JUNDIAI - PRONATEC
104855738;TÉCNICO EM ELETRÔNICA - IMD - PRONATEC;8919;ESCOLA AGRICOLA DE JUNDIAI - PRONATEC
128872362;TÉCNICO EM FINANÇAS;351;ESCOLA AGRÍCOLA DE JUNDIAÍ
125836165;TÉCNICO EM FRUTICULTURA - MEDIOTEC - 2017.2 - ASSÚ;8919;ESCOLA AGRICOLA DE JUNDIAI - PRONATEC
125836168;TÉCNICO EM FRUTICULTURA - MEDIOTEC - 2017.2 - GOV. DIX-SEPT ROSADO;8919;ESCOLA AGRICOLA DE JUNDIAI - PRONATEC
125836183;TÉCNICO EM FRUTICULTURA - MEDIOTEC - 2017.2 - IPANGUAÇU;8919;ESCOLA AGRICOLA DE JUNDIAI - PRONATEC
107700459;TÉCNICO EM FRUTICULTURA - TIBAU;8919;ESCOLA AGRICOLA DE JUNDIAI - PRONATEC
146100906;TÉCNICO EM GASTRONOMIA SUBSEQUENTE;351;ESCOLA AGRÍCOLA DE JUNDIAÍ
115305821;TÉCNICO EM GUIA DE TURISMO CONCOMITANTE - EXTREMOZ - 2015.3;8919;ESCOLA AGRICOLA DE JUNDIAI - PRONATEC
106084853;TÉCNICO EM GUIA DE TURISMO CONCOMITANTE - SANTA CRUZ - PRONATEC;8919;ESCOLA AGRICOLA DE JUNDIAI - PRONATEC
106573371;TÉCNICO  EM GUIA DE TURISMO-CURRAIS NOVOS-PRONATEC;8919;ESCOLA AGRICOLA DE JUNDIAI - PRONATEC
104814850;TÉCNICO EM GUIA DE TURISMO - EAJ - PRONATEC;8919;ESCOLA AGRICOLA DE JUNDIAI - PRONATEC
107700435;TÉCNICO EM GUIA DE TURISMO - MARTINS;8919;ESCOLA AGRICOLA DE JUNDIAI - PRONATEC
125836435;TÉCNICO EM GUIA DE TURISMO - MEDIOTEC - 2017.2 - PRESIDENTE JUSCELINO;8919;ESCOLA AGRICOLA DE JUNDIAI - PRONATEC
106573006;TÉCNICOEM GUIA DE TURISMO-PAU DOS FERROS-PRONATEC;8919;ESCOLA AGRICOLA DE JUNDIAI - PRONATEC
107700437;TÉCNICO EM GUIA DE TURISMO - TOUROS;8919;ESCOLA AGRICOLA DE JUNDIAI - PRONATEC
106573440;TÉCNICO EM GUIA DE TURISMO - TOUROS - PRONATEC;8919;ESCOLA AGRICOLA DE JUNDIAI - PRONATEC
107700474;TÉCNICO EM HOSPEDAGEM - NATAL;8919;ESCOLA AGRICOLA DE JUNDIAI - PRONATEC
110897348;TÉCNICO EM INFORMÁTICA 2012;8919;ESCOLA AGRICOLA DE JUNDIAI - PRONATEC
90566270;TÉCNICO EM INFORMÁTICA A DISTÂNCIA - E-TEC;351;ESCOLA AGRÍCOLA DE JUNDIAÍ
89569829;TECNICO EM INFORMATICA CONCOMITANTE;351;ESCOLA AGRÍCOLA DE JUNDIAÍ
106084882;TÉCNICO EM INFORMÁTICA CONCOMITANTE - CARAÚBAS - PRONATEC;8919;ESCOLA AGRICOLA DE JUNDIAI - PRONATEC
106572709;TÉCNICO EM INFORMÁTICA CONCOMITANTE - JARDIM DO SERIDÓ - PRONATEC;8919;ESCOLA AGRICOLA DE JUNDIAI - PRONATEC
115305699;TÉCNICO EM INFORMÁTICA CONCOMITANTE - MOSSORÓ - 2015.3;8919;ESCOLA AGRICOLA DE JUNDIAI - PRONATEC
115305698;TÉCNICO EM INFORMÁTICA CONCOMITANTE - SÃO GONÇALO DO AMARANTE - 2015.3;8919;ESCOLA AGRICOLA DE JUNDIAI - PRONATEC
89237318;TECNICO EM INFORMATICA CORRESPONDENTE AO ENSINO MEDIO;351;ESCOLA AGRÍCOLA DE JUNDIAÍ
104855831;TÉCNICO EM INFORMÁTICA - EAJ - PRONATEC;8919;ESCOLA AGRICOLA DE JUNDIAI - PRONATEC
104855737;TÉCNICO EM INFORMÁTICA PARA INTERNET - IMD - PRON;8919;ESCOLA AGRICOLA DE JUNDIAI - PRONATEC
107700457;TÉCNICO EM INFORMÁTICA - PENDÊNCIAS;8919;ESCOLA AGRICOLA DE JUNDIAI - PRONATEC
11286670;TECNICO EM INFORMATICA SUBSEQUENTE;351;ESCOLA AGRÍCOLA DE JUNDIAÍ
106545595;TÉCNICO EM INSTRUMENTO MUSICAL - PRONATEC 2014.2;284;ESCOLA DE MÚSICA
94730684;TÉCNICO EM INSTRUMENTO - PRONATEC 2012.2 - CRUZETA/RN;284;ESCOLA DE MÚSICA
128856859;TECNICO EM LOGISTICA;351;ESCOLA AGRÍCOLA DE JUNDIAÍ
113586418;TÉCNICO EM LOGÍSTICA 2015.2 - EAJ - PRONATEC;8919;ESCOLA AGRICOLA DE JUNDIAI - PRONATEC
115305682;TÉCNICO EM LOGÍSTICA CONCOMITANTE - MACAÍBA - 2015.3;8919;ESCOLA AGRICOLA DE JUNDIAI - PRONATEC
106109510;TÉCNICO EM LOGÍSTICA - EAJ - PRONATEC;8919;ESCOLA AGRICOLA DE JUNDIAI - PRONATEC
125836375;TÉCNICO EM LOGÍSTICA - MEDIOTEC - 2017.2 - PATÚ;8919;ESCOLA AGRICOLA DE JUNDIAI - PRONATEC
107700419;TÉCNICO EM LOGÍSTICA - NATAL;8919;ESCOLA AGRICOLA DE JUNDIAI - PRONATEC
107700415;TÉCNICO EM LOGÍSTICA - PARNAMIRIM;8919;ESCOLA AGRICOLA DE JUNDIAI - PRONATEC
106573525;TÉCNICO EM LOGÍSTICA - PAU DOS FERROS - PRONATEC;8919;ESCOLA AGRICOLA DE JUNDIAI - PRONATEC
107700423;TÉCNICO EM LOGÍSTICA - SÃO GONÇALO DO AMARANTE;8919;ESCOLA AGRICOLA DE JUNDIAI - PRONATEC
107700398;TÉCNICO EM LOGÍSTICA - SERRA DO SÃO BENTO;8919;ESCOLA AGRICOLA DE JUNDIAI - PRONATEC
107700325;TÉCNICO EM LOGÍSTICA - TOUROS;8919;ESCOLA AGRICOLA DE JUNDIAI - PRONATEC
127305577;TÉCNICO EM MANUTENÇÃO DE SUPORTE EM INFORMÁTICA (ETEC);351;ESCOLA AGRÍCOLA DE JUNDIAÍ
128436578;TÉCNICO EM MANUTENÇÃO E SUPORTE EM INFORMÁTICA A DISTANCIA ETEC;351;ESCOLA AGRÍCOLA DE JUNDIAÍ
116228370;TÉCNICO EM MANUTENÇÃO E SUPORTE EM INFORMÁTICA A DISTÂNCIA - E-TEC;351;ESCOLA AGRÍCOLA DE JUNDIAÍ
115305686;TÉCNICO EM MANUTENÇÃO E SUPORTE EM INFORMÁTICA - APODI - 2015.3;8919;ESCOLA AGRICOLA DE JUNDIAI - PRONATEC
121703517;TÉCNICO EM MANUTENÇÃO E SUPORTE EM INFORMÁTICA - ETEC - AREIA BRANCA;351;ESCOLA AGRÍCOLA DE JUNDIAÍ
121704768;TÉCNICO EM MANUTENÇÃO E SUPORTE EM INFORMÁTICA - ETEC - ASSÚ;351;ESCOLA AGRÍCOLA DE JUNDIAÍ
127866117;TÉCNICO EM MANUTENÇÃO E SUPORTE EM INFORMATICA ETEC MEDIOTEC MACAIBA;351;ESCOLA AGRÍCOLA DE JUNDIAÍ
121707115;TÉCNICO EM MANUTENÇÃO E SUPORTE EM INFORMÁTICA - ETEC - SÃO P. POTENGI;351;ESCOLA AGRÍCOLA DE JUNDIAÍ
121706234;TÉCNICO EM MANUTENÇÃO E SUPORTE EM INFORMÁTICA - ETEC - TOUROS;351;ESCOLA AGRÍCOLA DE JUNDIAÍ
106084908;TÉCNICO EM MANUT. E SUPORTE EM INFORMÁTICA CONC. - ASSU - PRONATEC;8919;ESCOLA AGRICOLA DE JUNDIAI - PRONATEC
106575543;TÉCNICO EM MANUT. E SUPORTE EM INFORMÁTICA CONC. - PARELHAS - PRONATEC;8919;ESCOLA AGRICOLA DE JUNDIAI - PRONATEC
115305805;TÉCNICO EM MECÂNICA CONCOMITANTE - NATAL - 2015.3;8919;ESCOLA AGRICOLA DE JUNDIAI - PRONATEC
125836293;TÉCNICO EM MECÂNICA - MEDIOTEC - 2017.2 - MOSSORÓ;8919;ESCOLA AGRICOLA DE JUNDIAI - PRONATEC
125836227;TÉCNICO EM MECÂNICA - MEDIOTEC - 2017.2 - NATAL;8919;ESCOLA AGRICOLA DE JUNDIAI - PRONATEC
113586316;TÉCNICO EM MEIO AMBIENTE 2015.2 - EAJ - PRONATEC;8919;ESCOLA AGRICOLA DE JUNDIAI - PRONATEC
115305620;TÉCNICO EM MEIO AMBIENTE CONCOMITANTE - CAICÓ - 2015.3;8919;ESCOLA AGRICOLA DE JUNDIAI - PRONATEC
115305623;TÉCNICO EM MEIO AMBIENTE CONCOMITANTE - NATAL - 2015.3;8919;ESCOLA AGRICOLA DE JUNDIAI - PRONATEC
104855459;TÉCNICO EM MEIO AMBIENTE - NATAL - PRONATEC;8919;ESCOLA AGRICOLA DE JUNDIAI - PRONATEC
115305771;TÉCNICO EM METALÚRGICA CONCOMITANTE - MOSSORÓ - 2015.3;8919;ESCOLA AGRICOLA DE JUNDIAI - PRONATEC
107700489;TÉCNICO EM MINERAÇÃO - CURRAIS NOVOS;8919;ESCOLA AGRICOLA DE JUNDIAI - PRONATEC
125836192;TÉCNICO EM MODELAGEM DO VESTUÁRIO - MEDIOTEC - 2017.2 - NATAL;8919;ESCOLA AGRICOLA DE JUNDIAI - PRONATEC
112694962;TÉCNICO EM MULTIMEIOS DIDÁTICOS E-TEC;351;ESCOLA AGRÍCOLA DE JUNDIAÍ
104855357;TÉCNICO EM PLÁSTICOS - NATAL - PRONATEC;8919;ESCOLA AGRICOLA DE JUNDIAI - PRONATEC
125836198;TÉCNICO EM PRODUÇÃO DE MODA - MEDIOTEC - 2017.2 - NATAL;8919;ESCOLA AGRICOLA DE JUNDIAI - PRONATEC
104855686;TÉCNICO EM PROGRAMAÇÃO DE JOGOS DIGITAIS IMD PRON;8919;ESCOLA AGRICOLA DE JUNDIAI - PRONATEC
128876059;TECNICO EM QUALIDADE;351;ESCOLA AGRÍCOLA DE JUNDIAÍ
127875623;TECNICO EM QUIMICA;351;ESCOLA AGRÍCOLA DE JUNDIAÍ
125836189;TÉCNICO EM QUÍMICA - MEDIOTEC - 2017.2 - NATAL;8919;ESCOLA AGRICOLA DE JUNDIAI - PRONATEC
128435821;TÉCNICO EM REDES DE COMPUTADORES A DISTANCIA ETEC;351;ESCOLA AGRÍCOLA DE JUNDIAÍ
127861721;TÉCNICO EM REDES DE COMPUTADORES A DISTANCIA ETEC MEDIOTEC MACAIBA;351;ESCOLA AGRÍCOLA DE JUNDIAÍ
104855624;TÉCNICOEM REDES DE COMPUTADORES - IMD - PRONATEC;8919;ESCOLA AGRICOLA DE JUNDIAI - PRONATEC
109365626;TÉCNICO EM SAÚDE BUCAL;205;ESCOLA DE SAÚDE
116210422;TÉCNICO EM SECRETARIA ESCOLAR A DISTÂNCIA - E-TEC;351;ESCOLA AGRÍCOLA DE JUNDIAÍ
106084911;TÉCNICO EM SEGURANÇA DO TRABALHO - 2013.2 - EAJ - PRONATEC;8919;ESCOLA AGRICOLA DE JUNDIAI - PRONATEC
106575712;TÉCNICO EM SEGURANÇA DO TRABALHO - 2014.1 - EAJ - PRONATEC;8919;ESCOLA AGRICOLA DE JUNDIAI - PRONATEC
106580135;TÉCNICO EM SEGURANÇA DO TRABALHO - 2014.1 - NATAL - PRONATEC;8919;ESCOLA AGRICOLA DE JUNDIAI - PRONATEC
106575489;TÉCNICO EM SEGURANÇA DO TRABALHO CONC. - APODI - PRONATEC;8919;ESCOLA AGRICOLA DE JUNDIAI - PRONATEC
106575481;TÉCNICO EM SEGURANÇA DO TRABALHO CONC. - JUCURUTU - PRONATEC;8919;ESCOLA AGRICOLA DE JUNDIAI - PRONATEC
106575478;TÉCNICO EM SEGURANÇA DO TRABALHO CONC. - MOSSORÓ - PRONATEC;8919;ESCOLA AGRICOLA DE JUNDIAI - PRONATEC
106575473;TÉCNICO EM SEGURANÇA DO TRABALHO CONC. - NATAL - PRONATEC;8919;ESCOLA AGRICOLA DE JUNDIAI - PRONATEC
107700463;TÉCNICO EM SERVIÇOS JURÍDICOS - NATAL;8919;ESCOLA AGRICOLA DE JUNDIAI - PRONATEC
107700468;TÉCNICO EM SERVIÇOS JURÍDICOS - PARNAMIRIM;8919;ESCOLA AGRICOLA DE JUNDIAI - PRONATEC
107700465;TÉCNICO EM SERVIÇOS JURÍDICOS - TOUROS;8919;ESCOLA AGRICOLA DE JUNDIAI - PRONATEC
105096598;TÉCNICO EM SISTEMAS DE ENERGIAS RENOVÁVEIS-NATAL-PRONATEC;8919;ESCOLA AGRICOLA DE JUNDIAI - PRONATEC
104855366;TÉCNICO EM TÊXTIL - NATAL - PRONATEC;8919;ESCOLA AGRICOLA DE JUNDIAI - PRONATEC
115305815;TÉCNICO EM VESTUÁRIO CONCOMITANTE - EXTREMOZ - 2015.3;8919;ESCOLA AGRICOLA DE JUNDIAI - PRONATEC
104855557;TÉCNICO EM VESTUÁRIO - NATAL - PRONATEC;8919;ESCOLA AGRICOLA DE JUNDIAI - PRONATEC
115439980;TÉCNICO EM VESTUÁRIO SUBSEQUENTE - EXTREMOZ - 2015.3;8919;ESCOLA AGRICOLA DE JUNDIAI - PRONATEC
165679324;TÉCNICO EM VETERINÁRIA;351;ESCOLA AGRÍCOLA DE JUNDIAÍ
168398850;TÉCNICO EM VIGILÂNCIA EM SAÚDE;205;ESCOLA DE SAÚDE
50566677;TÉCNICO EM VIGILÂNCIA EM SAÚDE;205;ESCOLA DE SAÚDE
89233245;TECNICO EM ZOOTECNIA CORRESPONDENTE AO ENSINO MEDIO;351;ESCOLA AGRÍCOLA DE JUNDIAÍ
87773846;TECNICO  EM ZOOTECNIA SUBSEQUENTE;351;ESCOLA AGRÍCOLA DE JUNDIAÍ
92127264;TECNOLOGIA DA INFORMAÇÃO;6069;INSTITUTO METROPOLE DIGITAL
152053943;TECNOLOGIA DA INFORMAÇÃO;6069;INSTITUTO METROPOLE DIGITAL
152561491;TECNOLOGIA DA INFORMAÇÃO;6069;INSTITUTO METROPOLE DIGITAL
154672095;TECNOLOGIA DA INFORMAÇÃO;6069;INSTITUTO METROPOLE DIGITAL
154671325;TECNOLOGIA DA INFORMAÇÃO;6069;INSTITUTO METROPOLE DIGITAL
158226509;TECNOLOGIA DA INFORMAÇÃO;6069;INSTITUTO METROPOLE DIGITAL
154342282;TECNOLOGIA DA INFORMAÇÃO;6069;INSTITUTO METROPOLE DIGITAL
143917969;TECNOLOGIA DA INFORMAÇÃO - TRE/RN - TURMA 02;6069;INSTITUTO METROPOLE DIGITAL
91383229;TECNOLOGIA EDUCACIOONAL;5968;DEPARTAMENTO DE PRÁTICAS EDUCACIONAIS E CURRÍCULO
118244598;TESTE;7847;DEPARTAMENTO DE LETRAS - CERES
105492472;TESTE;144;DEPARTAMENTO DE ANTROPOLOGIA
183577738;TESTE;11655;PROGRAMA DE PÓS-GRADUAÇÃO EM HISTÓRIA - CERES
168239346;TESTE;30546;PROGRAMA DE PÓS-GRADUAÇÃO EM EDUCAÇÃO ESPECIAL
166647574;TRATAMENTO DE MATERIAIS ARQUEOLÓGICOS EM LABORATÓRIO;141;DEPARTAMENTO DE HISTÓRIA
136180327;TREINAMENTO DE FORÇA - TURMA 3;5591;PROGRAMA DE PÓS-GRADUAÇÃO EM EDUCAÇÃO FÍSICA
136921336;TREINAMENTO DE FORÇA - TURMA 3;5591;PROGRAMA DE PÓS-GRADUAÇÃO EM EDUCAÇÃO FÍSICA
2000071;TURISMO;31011;FACULDADE DE ENGENHARIA, LETRAS E CIÊNCIAS SOCIAIS DO SERIDÓ - FELCS
2000069;TURISMO;443;CENTRO DE CIÊNCIAS SOCIAIS APLICADAS
169482632;TURISMO RESPONSÁVEL;4295;PROGRAMA DE PÓS-GRADUAÇÃO EM TURISMO
128571097;URGÊNCIA E EMERGÊNCIA EM ENFERMAGEM;205;ESCOLA DE SAÚDE
18284010;V CURSO DE ESPECIALIZAÇÃO EM PSICOLOGIA DA SAÚDE: DESENVOLVIMENTO E HOSPITALIZA;143;DEPARTAMENTO DE PSICOLOGIA
906781;V CURSO DE ESPECIALIZAÇÃO EM SAÚDE DA FAMILIA;193;DEPARTAMENTO DE PEDIATRIA
124211342;VIII CURSO DE ESPECIALIZAÇÃO EM PSICOLOGIA DA SAUDE: DESENVOLVIMENTO E HOSPITALI;143;DEPARTAMENTO DE PSICOLOGIA
165876010;VV;139;DEPARTAMENTO DE ARTES
117515580;XX CCCC;6069;INSTITUTO METROPOLE DIGITAL
117512222;XX DO CC;6069;INSTITUTO METROPOLE DIGITAL
116634010;XXXX;1589;DEPARTAMENTO DE ENGENHARIA DE MATERIAIS
134723981;XXXXXXXXXXXXX;3586;DEPARTAMENTO DE BIOLOGIA
6358080;ZOOTECNIA;351;ESCOLA AGRÍCOLA DE JUNDIAÍ
97114483;Z- OUTROS;11;DDP/PROGESP - DIRETORIA DE DESENVOLVIMENTO DE PESSOAS
